32762
1014799
1016798
1048448
1162729
1162846
1170767
1171380
1174839
1175274
1176763
1177541
1178269
1178482
1228559
1228753
1236087
1236856
1240475
1240556
1242685
1243046
1243875
1260727
1261514
1269403
1269605
1273330
1273437
1275230
1275817
1276207
1276660
1285837
1285939
1292743
1292986
1298262
1303915
1304476
1307061
1307246
1359063
1359608
1367835
1368012
1371261
1372006
1373598
1373667
1374767
1375153
1392187
1392556
1400029
1400550
1404702
1404867
1406063
1406833
1407383
1407480
1420764
1423251
1431342
1432185
1435879
1457501
1458098
1465662
1466089
1469615
1470420
1472151
1472362
1472997
1473115
1486649
1488487
1496316
1497555
1502094
1514923
1515132
1522038
1522585
1527246
1527477
1533658
1533735
1536243
1536845
1543653
1543838
1545969
1546013
1546429
1547114
1549711
1550188
1550555
1551267
1552699
1553364
1558095
1558450
1558654
1559512
1561062
1561143
1565015
1565417
1621307
1621733
1629373
1630162
1633950
1634153
1635828
1635919
1636695
1637290
1654173
1654246
1662526
1662883
1666255
1666801
1668887
1669080
1669243
1669996
1678709
1685756
1686347
1691066
1691239
1697453
1700566
1700665
1719422
1720163
1727887
1727985
1732151
1732536
1733851
1734380
1735453
1735622
1748211
1750478
1759129
1760039
1763964
1781639
1783612
1791603
1792238
1796569
1805659
1806068
1807767
1808230
1808983
1809321
1811677
1812401
1812591
1813452
1815026
1815183
1819965
1820618
1821155
1821243
1823480
1823518
1827006
1827685
1851023
1859050
1859159
1863003
1863589
1865021
1865458
1865918
1866697
1875638
1882541
1882739
1887947
1893614
1896826
1897351
1912430
1914105
1922503
1923996
1927987
1936559
1937266
1938654
1939384
1939774
1940421
1942647
1943494
1944049
1944125
1945949
1946346
1951209
1951383
1952492
1952527
1954203
1954659
1958491
1958836
1974106
1981141
1981230
1985901
1992118
1992313
1995228
1995435
2002858
2004091
2004931
2005492
2005659
2008568
2008638
2009830
2009879
2011319
2012009
2016606
2016997
2017693
2018161
2019535
2020268
2023727
2024402
2034999
2035657
2037228
2037295
2038095
2038514
2041571
2041627
2042270
2042744
2044510
2044837
2049211
2049908
2050263
2050982
2052221
2053073
2056682
2056861
2211163
2211749
2219325
2219762
2223294
2224073
2225807
2226036
2226666
2226775
2276477
2277222
2284958
2285027
2289199
2289585
2290903
2291448
2292507
2292684
2309790
2309993
2317812
2317903
2321751
2322346
2323771
2324197
2324669
2325458
2334549
2341579
2346362
2346887
2352557
2355673
2355894
2408222
2408387
2415727
2416497
2420119
2420216
2422331
2422700
2423005
2423526
2440399
2440945
2449175
2449368
2452603
2453356
2454941
2455014
2456126
2456483
2469683
2471534
2479353
2480583
2485148
2506039
2506474
2514107
2514885
2518685
2518898
2520553
2520670
2521423
2534631
2536924
2545555
2546478
2550393
2563539
2563757
2570682
2570855
2576086
2576185
2581756
2582347
2584949
2585486
2592347
2592692
2593911
2594758
2595305
2595479
2598385
2598461
2599660
2599695
2601135
2601842
2606429
2606826
2607515
2607971
2609374
2610104
2613566
2614213
2669743
2670548
2678423
2678634
2682341
2682459
2684253
2684850
2685246
2685673
2702903
2703288
2710747
2711276
2715421
2715590
2716798
2717539
2718095
2718193
2727350
2734445
2734995
2739883
2746069
2746158
2749274
2768283
2768364
2776637
2776998
2780382
2780899
2782991
2783185
2783351
2784120
2797454
2799417
2807399
2808060
2812371
2829948
2831603
2840014
2841497
2845479
2854191
2854866
2856440
2856510
2857310
2857701
2860774
2860823
2861469
2863709
2864042
2868407
2869097
2869455
2870188
2871419
2872259
2875892
2876059
2899442
2899549
2907486
2908073
2911535
2911988
2913463
2914250
2914971
2915173
2924250
2924327
2931150
2931381
2936051
2936653
2942326
2942873
2945451
2945660
2960857
2963335
2971452
2972275
2975982
2985450
2985629
2987747
2987803
2988219
2988916
2991518
2992343
2993062
2994487
2995145
2999902
3000229
3000445
3001297
3002860
3002927
3006799
3007218
3022187
3022748
3029241
3029846
3034549
3034734
3040711
3040954
3044045
3044147
3050839
3051241
3052943
3053420
3054159
3054514
3056859
3057571
3057790
3058648
3060197
3060382
3065147
3065812
3066342
3066423
3068657
3068701
3072189
3072874
3084133
3085533
3086257
3086653
3087306
3089519
3090380
3090915
3091003
3092827
3093236
3098098
3099384
3099422
3101079
3105367
3105705
3184574
3188695
3189245
3194523
3197679
3199867
3202653
3206494
3208495
3209399
3217271
3221437
3222479
3226942
3230203
3232510
3234991
3239575
3241563
3242333
3247327
3248108
3250751
3257329
3268735
3275875
3276177
3276344
3282685
3286895
3287995
3292759
3296222
3297783
3300699
3304765
3306686
3308175
3311099
3312503
3314639
3317173
3318526
3324267
3325864
3326909
3329722
3333860
3335885
3338178
3339094
3340129
3340784
3355628
3360753
3374296
3381082
3384758
3386069
3393901
3396267
3413487
3417851
3419006
3423421
3427255
3429341
3432094
3436111
3437911
3438907
3443675
3445495
3448186
3449775
3455829
3456484
3457534
3460525
3465122
3466934
3469025
3470027
3471312
3472232
3475422
3476221
3478459
3481421
3482103
3488474
3489634
3490671
3493238
3497441
3499435
3502000
3502773
3503848
3505092
3517767
3518068
3519730
3520156
3527987
3528138
3529294
3529609
3532985
3533605
3542815
3545311
3546097
3557356
3570796
3571078
3571235
3583278
3583433
3585625
3585925
3593383
3594036
3594588
3594866
3598570
3598995
3610294
3614549
3615149
3623627
3625338
3639209
3639794
3642213
3642523
3646410
3646558
3647543
3652897
3653138
3654388
3656221
3657999
3660873
3660976
3665172
3665544
3666986
3667524
3668101
3668290
3676123
3679742
3681015
3685711
3689341
3691439
3693879
3697851
3700381
3701342
3728364
3737327
3738558
3740157
3743446
3744635
3750573
3751873
3752919
3755851
3759984
3761525
3763688
3764666
3766180
3767010
3773867
3778266
3778934
3787445
3789645
3803063
3803631
3806078
3808939
3810269
3815862
3817200
3818235
3821269
3825608
3829604
3830125
3831266
3832737
3845308
3845938
3847507
3847786
3855593
3856014
3856697
3856837
3861063
3861396
3878117
3878553
3880231
3880404
3888732
3889042
3889331
3889962
3893582
3893865
3901381
3902186
3904436
3904591
3908073
3908667
3910174
3915018
3915396
3916658
3918103
3920029
3922981
3923522
3927186
3927361
3929392
3929609
3930196
3930280
3939308
3944575
3964099
3964689
3970765
3974507
3975866
3984214
3985845
4009555
4009866
4011182
4011817
4019545
4019813
4020468
4020871
4024636
4024786
4031988
4033385
4035538
4035645
4039397
4040207
4040987
4045961
4046160
4047786
4049054
4051031
4054312
4054548
4058276
4060421
4060802
4061234
4061761
4068725
4073133
4074315
4082106
4084438
4097778
4098981
4100586
4101655
4105076
4105501
4106383
4111429
4111522
4113353
4114523
4116542
4119826
4120193
4123689
4124240
4125844
4126024
4127012
4127242
4130666
4131796
4133609
4134174
4137906
4138135
4139101
4144180
4144712
4145637
4147247
4149787
4152458
4152644
4156706
4156933
4158546
4158625
4159753
4160144
4164721
4164812
4168451
4174022
4179718
4186211
4186328
4186897
4308271
4308724
4316343
4317130
4320923
4321125
4322909
4323678
4324265
4373911
4374008
4382636
4386013
4386534
4388638
4388803
4388975
4389745
4406757
4406875
4414813
4415410
4418878
4419305
4420783
4421588
4422295
4422506
4431222
4438861
4443563
4443772
4449973
4453082
4453159
4505452
4513181
4513254
4517438
4517795
4519119
4519665
4520727
4520920
4538141
4538310
4545662
4546403
4550031
4550129
4552247
4552632
4552923
4553452
4566254
4568537
4577159
4578108
4582003
4603070
4603849
4611727
4615658
4615767
4617563
4618149
4618557
4618994
4632476
4634419
4642414
4643065
4660949
4661038
4667868
4668075
4672743
4673370
4679021
4679571
4682166
4689231
4689650
4691358
4691832
4692574
4692901
4695255
4695974
4696189
4697041
4698602
4698781
4703543
4704201
4704748
4704815
4707043
4707099
4710587
4711284
4767389
4767602
4775401
4775518
4779343
4779956
4781367
4781802
4782267
4783045
4799710
4800227
4808463
4808657
4811895
4812664
4814235
4814316
4815421
4815782
4824519
4824762
4831669
4831854
4837069
4837171
4842745
4843350
4846492
4865583
4865969
4873431
4873976
4878107
4878284
4879485
4880230
4880798
4880867
4894329
4895975
4904412
4905875
4909870
4926931
4929422
4937529
4938343
4942076
4951229
4951914
4953307
4954019
4954427
4955092
4957310
4958168
4958694
4958775
4960599
4961001
4965861
4966046
4967153
4967197
4968847
4969324
4973135
4973490
4996439
4997034
5004603
5005029
5008573
5009362
5011102
5011305
5011956
5012047
5020924
5021515
5028566
5033333
5033870
5039546
5042643
5042861
5058343
5060220
5068019
5069262
5073817
5082711
5083049
5084271
5085132
5085682
5085839
5088739
5088827
5090040
5090078
5091518
5092197
5096795
5097204
5097879
5098342
5099741
5103933
5104586
5119405
5119603
5126522
5127047
5131737
5131958
5138123
5138236
5140718
5141333
5147966
5148613
5150193
5150269
5151069
5151466
5154575
5155227
5155683
5157467
5157812
5162159
5162866
5163230
5163960
5165175
5166022
5169641
5180916
5183206
5183255
5183671
5184361
5186973
5187441
5187791
5188524
5189935
5190610
5195357
5195690
5195899
5196739
5198328
5198398
5202270
5202661
5279215
5282686
5288925
5291575
5294007
5299419
5300987
5304093
5305470
5306767
5312475
5315319
5321647
5323901
5326717
5333502
5336623
5338327
5339931
5342974
5344189
5345787
5350263
5353159
5354940
5357474
5358543
5363539
5364398
5365473
5368185
5369808
5371752
5377982
5380605
5387131
5389519
5392111
5398295
5399511
5401723
5404061
5405246
5417970
5425343
5438793
5441015
5442415
5444574
5448445
5451193
5453639
5455728
5456827
5461692
5462387
5463528
5466830
5468068
5469922
5471169
5484314
5486123
5493869
5494997
5499286
5508983
5512143
5518078
5520795
5522939
5529149
5530557
5532894
5535503
5535863
5556575
5570122
5570196
5580777
5590002
5607021
5610394
5610929
5615861
5618019
5621206
5623480
5628715
5629644
5632838
5638109
5638907
5641143
5644783
5648206
5650105
5652196
5653374
5657959
5659356
5660610
5663155
5664609
5666288
5667752
5672410
5675637
5676707
5682059
5683622
5687085
5689041
5693686
5695320
5697900
5713462
5715066
5723339
5724557
5729045
5737414
5737531
5739244
5740823
5743544
5746767
5749841
5750532
5751281
5758050
5758232
5759518
5762092
5762433
5764230
5764656
5765320
5765635
5771005
5774267
5779959
5783326
5785566
5790831
5792623
5795223
5797435
5798109
5801851
5802967
5804783
5809086
5811580
5813971
5816264
5816829
5821870
5823321
5824356
5827239
5828066
5830561
5838834
5843263
5853791
5864778
5877131
5879565
5887541
5888118
5892314
5908458
5917684
5930629
5934901
5937611
5938886
5943926
5946028
5948666
5951299
5956493
5956977
5960120
5967083
5970742
5971788
5976525
5978840
5982101
5983590
5988986
5989795
5993137
5998508
5999096
6000143
6001521
6002846
6005699
6008893
6011942
6012304
6013670
6014039
6020227
6020648
6021403
6024388
6024721
6026328
6027010
6027361
6027532
6031279
6031870
6034301
6038491
6041267
6042990
6045153
6046455
6051545
6052263
6053808
6056796
6057704
6059972
6060898
6073549
6075797
6084374
6085178
6088811
6098838
6101229
6102392
6107962
6110033
6112875
6114732
6119893
6121126
6124227
6129617
6130403
6130973
6132646
6133851
6136300
6140439
6143170
6143512
6144888
6145086
6151244
6151937
6152335
6155376
6155526
6157347
6157704
6158481
6158884
6171765
6173910
6182298
6183691
6187565
6194662
6196076
6196375
6198232
6202097
6205726
6208616
6208771
6210467
6211099
6216753
6217092
6217821
6220952
6221346
6223041
6223372
6223942
6224656
6227704
6228913
6229086
6230499
6232605
6234982
6238363
6241420
6241825
6243276
6243599
6249680
6249990
6250551
6253635
6254344
6255716
6255889
6256696
6257026
6264394
6268197
6269513
6277298
6277445
6279828
6330107
6334334
6335415
6340175
6343645
6345199
6348119
6352187
6354109
6355614
6362622
6366967
6368125
6372539
6376367
6378459
6381213
6385246
6387023
6388023
6421900
6428631
6432253
6433519
6438238
6441851
6443966
6446383
6450359
6452891
6453853
6457263
6457854
6460285
6463158
6464475
6470061
6471393
6472439
6475467
6479824
6481749
6483816
6484346
6485476
6486946
6491711
6495224
6505695
6506470
6513439
6530746
6531926
6539701
6542029
6559677
6563791
6564347
6569623
6577755
6581597
6583614
6584495
6587895
6589295
6591454
6593963
6595325
6601078
6602672
6603707
6606517
6610664
6612698
6614980
6615885
6616930
6617569
6621051
6622167
6623983
6626677
6628286
6634315
6634984
6639034
6643620
6645421
6647522
6648534
6649793
6650736
6663484
6663634
6665811
6666122
6673582
6674217
6674777
6675045
6678772
6679175
6688739
6710264
6716984
6728889
6729509
6731079
6731380
6739186
6739612
6740275
6740426
6744654
6744969
6756058
6759798
6761141
6769485
6771115
6784741
6785962
6787572
6788623
6792041
6792475
6793374
6798410
6798500
6800338
6801495
6803517
6806789
6807170
6810674
6811201
6812809
6813008
6813992
6821743
6825915
6826974
6831421
6834679
6836989
6839486
6844047
6846039
6846811
6854879
6861816
6866915
6880803
6883293
6884091
6886327
6889306
6889967
6896341
6897508
6898558
6901101
6905314
6907318
6909857
6910635
6911728
6912968
6919853
6924107
6924730
6933206
6934901
6948606
6949821
6951419
6954701
6955895
6961850
6963138
6964175
6967126
6971233
6972779
6974960
6975925
6977448
6978276
6991082
6991507
6993198
6993353
7001689
7001989
7002279
7002932
7006556
7006834
7024199
7025852
7026482
7034195
7034474
7035113
7035534
7039289
7039429
7047028
7048137
7049970
7050525
7054245
7054479
7055451
7060521
7061072
7061994
7063614
7066135
7068820
7069000
7073060
7073290
7074885
7074978
7076114
7076481
7081976
7084607
7090591
7096095
7103462
7109848
7110412
7116629
7120301
7121611
7129466
7131830
7155022
7155305
7156965
7157401
7165223
7165396
7166556
7166866
7170227
7170858
7178162
7178725
7181162
7181463
7185364
7185501
7186479
7191842
7193321
7195163
7196958
7199826
7199905
7204105
7204496
7205940
7206472
7207050
7207236
7214518
7218901
7219565
7228075
7230298
7243722
7244532
7246761
7246942
7250418
7250999
7252509
7257364
7257736
7258981
7260431
7262363
7265322
7265860
7269509
7269698
7271713
7271954
7272521
7272624
7276009
7277426
7279557
7279675
7283434
7284254
7285015
7290002
7291828
7293085
7295055
7298352
7298569
7302228
7302312
7304458
7304836
7305253
7305794
7310726
7310892
7313816
7313969
7319939
7320102
7324792
7325073
7325219
7380871
7384796
7386547
7387374
7395150
7396025
7398873
7399783
7413561
7417255
7419740
7420371
7427763
7428462
7432921
7434855
7449962
7452361
7460261
7461716
7465650
7478894
7483225
7485095
7486364
7491015
7492988
7494355
7497523
7498158
7500025
7515254
7517402
7525771
7527181
7531061
7548626
7550378
7558985
7559845
7563636
7571065
7572371
7573735
7576636
7580749
7582869
7584025
7584356
7589006
7589665
7591190
7592474
7595248
7596075
7598163
7598984
7609587
7614126
7615865
7622553
7624391
7625148
7628412
7629651
7631310
7646987
7648813
7656565
7657686
7661978
7679189
7681430
7690010
7690795
7694445
7701965
7703162
7703734
7705493
7705958
7706925
7708356
7708907
7710385
7711564
7713114
7715496
7717686
7718539
7719331
7720770
7721688
7725653
7726433
7729584
7744948
7747410
7755434
7756137
7760581
7767866
7768533
7769741
7770731
7771564
7772346
7774024
7775126
7775939
7776632
7778613
7781072
7782637
7784022
7785126
7785828
7787345
7790923
7792034
7795361
7800046
7801660
7803353
7806023
7806864
7807603
7810187
7812365
7813646
7816071
7818515
7818856
7820821
7821366
7824836
7825498
7827612
7828258
7871964
7875955
7878350
7884590
7886265
7887687
7891644
7893907
7909033
7910757
7919316
7920050
7924554
7941690
7943275
7951565
7952789
7957270
7964455
7965134
7970024
7971737
7973941
7976022
7977095
7977776
7982169
7982980
7984282
7985419
7988508
7988834
7989773
7991745
8007053
8009493
8017462
8018042
8022219
8029429
8031019
8031834
8032726
8033976
8034965
8035696
8036973
8038214
8038833
8040619
8043329
8045466
8045901
8047308
8048040
8048995
8053046
8054436
8062859
8063222
8064341
8065837
8066769
8067659
8068513
8069594
8070508
8071843
8073878
8075618
8077941
8078650
8080216
8081072
8081830
8085677
8087240
8090436
8138565
8140468
8148338
8149706
8153513
8161180
8161529
8164147
8166670
8167009
8167879
8171030
8172602
8176238
8178727
8180811
8181901
8185640
8186133
8188132
8188441
8193654
8194957
8196346
8197955
8198486
8199842
8201013
8201656
8202950
8204877
8206756
8208843
8209589
8210801
8212161
8213164
8217242
8218448
8221032
8259027
8264857
8265508
8265980
8269082
8271371
8271923
8272328
8274745
8277218
8277532
8280149
8284033
8284310
8286471
8286832
8502461
8503250
8511134
8511337
8515151
8516951
8517546
8517947
8518373
8568382
8568739
8576207
8576753
8580887
8581080
8582267
8583020
8583581
8583654
8600911
8601524
8609079
8609514
8613051
8613829
8615581
8615794
8616425
8616542
8625594
8625767
8632693
8633230
8637907
8638125
8644310
8644409
8646908
8647499
8699279
8699377
8707639
8708024
8711387
8711916
8714013
8714182
8714366
8715107
8731767
8732536
8740251
8740332
8744509
8744870
8746206
8746723
8747791
8747985
8761241
8763175
8771196
8771827
8776142
8797851
8798053
8805874
8805981
8809822
8810409
8811823
8812276
8812727
8826483
8828142
8836569
8838023
8842044
8854777
8855382
8862413
8867179
8873397
8876487
8876730
8883517
8884170
8885731
8885819
8886619
8887028
8890104
8890142
8890775
8891238
8893015
8893353
8897726
8898405
8898781
8899505
8900719
8901580
8905202
8905359
8961514
8961623
8969563
8970149
8973629
8974066
8975550
8976329
8977039
8977268
8994587
8994764
9002109
9002854
9006494
9006563
9008687
9009073
9009367
9009912
9019083
9019196
9026009
9026230
9030894
9031509
9037178
9037703
9040301
9040499
9059549
9060070
9068318
9068483
9071727
9072497
9074071
9074168
9075259
9075628
9088455
9090972
9099059
9099886
9103609
9121582
9123449
9131239
9132508
9137043
9145833
9146007
9148140
9148175
9148591
9149298
9151899
9152355
9152734
9154878
9155525
9160283
9160628
9160823
9161670
9163249
9163325
9167197
9167594
9190718
9191145
9198767
9199572
9203351
9203562
9205221
9205339
9206109
9206706
9215341
9215891
9222375
9223002
9227702
9227897
9233884
9234091
9237205
9237294
9252092
9254355
9262990
9263929
9267815
9276766
9277157
9278877
9279345
9280093
9280426
9282767
9283500
9283707
9284547
9286132
9286299
9291055
9292280
9292350
9294566
9294615
9298103
9298793
9313742
9313973
9320875
9326298
9326375
9332557
9335158
9342139
9342836
9344215
9344934
9345335
9345993
9348221
9349073
9349612
9349679
9351503
9351922
9356778
9356957
9358051
9358107
9359774
9360248
9364062
9364389
9375311
9375666
9376894
9377752
9378277
9378462
9381350
9381431
9382641
9382685
9384125
9384810
9389399
9389801
9390479
9390956
9392347
9393059
9396539
9397204
9474014
9476861
9483195
9485423
9488239
9495031
9498171
9499869
9501470
9506743
9509359
9515902
9518299
9520891
9527069
9528285
9530494
9532815
9534007
9537021
9538427
9540567
9544431
9547182
9549657
9551716
9552830
9557671
9558396
9559522
9562835
9564065
9565936
9567176
9572221
9575387
9581303
9584030
9586174
9592367
9593775
9596119
9598747
9599101
9606815
9632946
9635791
9636606
9638845
9642491
9645907
9647790
9649889
9651063
9655673
9657031
9658320
9660860
9662312
9663972
9665442
9678389
9679990
9688282
9689483
9693965
9703151
9706430
9712125
9715479
9717719
9723003
9724795
9727389
9729598
9730255
9738218
9742943
9743348
9786015
9796933
9800954
9804597
9805635
9810379
9812678
9815949
9817457
9822838
9823672
9826988
9832379
9832951
9835375
9839582
9844083
9846248
9847549
9852622
9853369
9854884
9857863
9858786
9861057
9862000
9867157
9869547
9870694
9876278
9878348
9881210
9883043
9888205
9889457
9892568
9907309
9909461
9917846
9919258
9923115
9930470
9931692
9933304
9935375
9937777
9941150
9944195
9944616
9946051
9946395
9952452
9952785
9956440
9957122
9958497
9958668
9959462
9959824
9965051
9968503
9974735
9977405
9979837
9985246
9986814
9989903
9991287
9992603
9996023
9997231
9998846
10003325
10006233
10007975
10010544
10011611
10016604
10017459
10018536
10021230
10022852
10024802
10025441
10032479
10036415
10048500
10058921
10071830
10073658
10081387
10082509
10086805
10103781
10111978
10113215
10124586
10124882
10129003
10132374
10132908
10137837
10140024
10143189
10145446
10150714
10151619
10154833
10161622
10164845
10165944
10171290
10172849
10176299
10178252
10182901
10184518
10187107
10192760
10193873
10193982
10195683
10197277
10199974
10203227
10206284
10206977
10207724
10208399
10214512
10214662
10215959
10218531
10218888
10220689
10221092
10221762
10222104
10225534
10226653
10228475
10232759
10235239
10237660
10239938
10240495
10245555
10246990
10248033
10250937
10251760
10254248
10255076
10268058
10270475
10278445
10279029
10283222
10293037
10295770
10297041
10302069
10304163
10306806
10309464
10314635
10315116
10318246
10323875
10324454
10325531
10326892
10328215
10331096
10334255
10337329
10337668
10339057
10339421
10345624
10346018
10346782
10349761
10350092
10351686
10352400
10352744
10352899
10366155
10368397
10376981
10377782
10381434
10389452
10390264
10390799
10392497
10393694
10396131
10400285
10403024
10403334
10404710
10404919
10411075
10411784
10412187
10415204
10415377
10417208
10417538
10418316
10418721
10423139
10423453
10425286
10426427
10429164
10432791
10435682
10435864
10437560
10438174
10443820
10444161
10444879
10448006
10448432
10450120
10450435
10451025
10451716
10458292
10462802
10463529
10463882
10471589
10473812
10522557
10525179
10531703
10534110
10536702
10542863
10544079
10546295
10548635
10549821
10555247
10558430
10564349
10567063
10569207
10575419
10576827
10579165
10581790
10582127
10586075
10586871
10589103
10592766
10596188
10598067
10600168
10601341
10605934
10607321
10608580
10611111
10614241
10620667
10623927
10629615
10632989
10635229
10640510
10642302
10644879
10647095
10647771
10659007
10659818
10669029
10670399
10681513
10681930
10684350
10684925
10687355
10691543
10694311
10696060
10698210
10699503
10704595
10705326
10706849
10709849
10710768
10713032
10713956
10726507
10728653
10737045
10738454
10742330
10751486
10754941
10761179
10763823
10766255
10771671
10773239
10776347
10777725
10779038
10786143
10812745
10813074
10822975
10824681
10834917
10849749
10852971
10854054
10859414
10860972
10864442
10866371
10872657
10880887
10881999
10883838
10888125
10890617
10892999
10895312
10895867
10900924
10902355
10903400
10906286
10907108
10909602
10910433
10915627
10918358
10919628
10924653
10926776
10929397
10932038
10937242
10937699
10940849
10955994
10958219
10966797
10967605
10971254
10978796
10980216
10980495
10982353
10983486
10986211
10989853
10992752
10992902
10994598
10995223
11000867
11001224
11001947
11005073
11005476
11007170
11007512
11008076
11008769
11014103
11016943
11023294
11025531
11028347
11034013
11035133
11038270
11039951
11041559
11044335
11045758
11047901
11051771
11054515
11056974
11059041
11060151
11065017
11065703
11066864
11070172
11071400
11073252
11074498
11081375
11085810
11094367
11107621
11107666
11107988
11120173
11121781
11130070
11131290
11135755
11147237
11151679
11162207
11177206
11180845
11181912
11186650
11188945
11192203
11193708
11199093
11199910
11203235
11210637
11213050
11214193
11219765
11221827
11224694
11226552
11231691
11232940
11236038
11241201
11242403
11242589
11244006
11246107
11248492
11251863
11254936
11255330
11257118
11263169
11263500
11264047
11267142
11267856
11269224
11269379
11270193
11270532
11273981
11275195
11276791
11281263
11284174
11285945
11288484
11289566
11294535
11295420
11296482
11299187
11300801
11302768
11303400
11317013
11318838
11326586
11327691
11331981
11341434
11344789
11345315
11350251
11352422
11355597
11357873
11363126
11364056
11367244
11372390
11373516
11373623
11375352
11376911
11379633
11382878
11385923
11386632
11387363
11388059
11394148
11394321
11395613
11398200
11398530
11400332
11400737
11401424
11401734
11414934
11417370
11425323
11425901
11430101
11438008
11438577
11439646
11440995
11442333
11445190
11448379
11451436
11451777
11453164
11453519
11459718
11460144
11460887
11463880
11464195
11465809
11466500
11466850
11467032
11470787
11471590
11472155
11473836
11475031
11477496
11481615
11484356
11484689
11486065
11486269
11492440
11493122
11493534
11496545
11496716
11498534
11498896
11499651
11500072
11506986
11507273
11511429
11511988
11520330
11520658
11522217
11574733
11582074
11587382
11592939
11596693
11607947
11614454
11619957
11625946
11629357
11638381
11640469
11642667
11643802
11647147
11651542
11652698
11653365
11658573
11661622
11673402
11680213
11685101
11691926
11694699
11701959
11705006
11710060
11710908
11711729
11716435
11720134
11721624
11723129
11725603
11736299
11738413
11740794
11742006
11745626
11750293
11750582
11751885
11757195
11760213
11765468
11766457
11767625
11768243
11770578
11772263
11775288
11775428
11776677
11777603
11777936
11780942
11781492
11785388
11786018
11786856
11788714
11790561
11790982
11804278
11811725
11816395
11822901
11825402
11833011
11835815
11841414
11841902
11843384
11847385
11851363
11852012
11854684
11856337
11865529
11868531
11873507
11875143
11875788
11880124
11884433
11885350
11887310
11889272
11900103
11902044
11902354
11904121
11905582
11909221
11909657
11914003
11914510
11914793
11915676
11920423
11920596
11923603
11924234
11933146
11937014
11938421
11942550
11946797
11947349
11948939
11953466
11956397
11966222
11967769
11968037
11969939
11970780
11974739
11975050
11978855
11979836
11979986
11981369
11986062
11986697
11989108
11989511
11994535
11995502
11996842
11998044
11999668
12002009
12004934
12005249
12005737
12006584
12007204
12010163
12011205
12014915
12015216
12015842
12016268
12018514
12020017
12020168
12066037
12073771
12079002
12084845
12087766
12097333
12098902
12101517
12102091
12106317
12110074
12111147
12112502
12120730
12127612
12131161
12136241
12137171
12138086
12141998
12145912
12147139
12149415
12151692
12158323
12159815
12160421
12161742
12163434
12165820
12168432
12168835
12170068
12170540
12170690
12173753
12175026
12179025
12179336
12179622
12180257
12182217
12183896
12184164
12193614
12196572
12201432
12202681
12203907
12207463
12212012
12212849
12214707
12216550
12227708
12229683
12229834
12232231
12233497
12237063
12237364
12241294
12242073
12242693
12243155
12248178
12248604
12251214
12251529
12260761
12262535
12263188
12264654
12265587
12269614
12269769
12274236
12274794
12275219
12276487
12280921
12281221
12284188
12284466
12326806
12328122
12330453
12331245
12335413
12339819
12340877
12342074
12346966
12349771
12355246
12356028
12357332
12358009
12360361
12362579
12365410
12366258
12367080
12367505
12370631
12371786
12375334
12375489
12376664
12376964
12378469
12380323
12380976
12391987
12393577
12393998
12396316
12396935
12400796
12401426
12404953
12405831
12406164
12406894
12412179
12412458
12415033
12415173
12453721
12454611
12455282
12456615
12458821
12460462
12463281
12463912
12464842
12465478
12465761
12468604
12469673
12473572
12474008
12474659
12474832
12477108
12479052
12479362
12621775
12625403
12626686
12631389
12634999
12637117
12639550
12643503
12646039
12647003
12654523
12658654
12659191
12664463
12667645
12669807
12672599
12676443
12678461
12679358
12684415
12688364
12699039
12706801
12713062
12719998
12724151
12725213
12729659
12732911
12735227
12737725
12742302
12744271
12745047
12748541
12749755
12751351
12754650
12755823
12761781
12763076
12764126
12767053
12771170
12772726
12774881
12775851
12777392
12778216
12792223
12792806
12797944
12811473
12811654
12817837
12822219
12822906
12831414
12833621
12850935
12855165
12856239
12861022
12864475
12866046
12868943
12873015
12874939
12876445
12879806
12882811
12885677
12886999
12892602
12893922
12894959
12898006
12902337
12904267
12906352
12906869
12908008
12909476
12912111
12913534
12915677
12918198
12919547
12925293
12926881
12927927
12930731
12934896
12936917
12939208
12940122
12941156
12941794
12954803
12955434
12957006
12957289
12965093
12965529
12966183
12966356
12970588
12970898
12979615
12980204
12982399
12994111
13000927
13001699
13008657
13020404
13020807
13022524
13022674
13030995
13031306
13031598
13032233
13035865
13047627
13051322
13052630
13060469
13062829
13076436
13077225
13079474
13079645
13083109
13083695
13085211
13090057
13090448
13091690
13093150
13095063
13098036
13098568
13102218
13102404
13104418
13105234
13105313
13112829
13117167
13118331
13122743
13126590
13128663
13131419
13135453
13137246
13138223
13152383
13153251
13172280
13174647
13175759
13177598
13180267
13181885
13187926
13188592
13189627
13192629
13197224
13199034
13201124
13202125
13203394
13204321
13211349
13215085
13216427
13224794
13226422
13240283
13241079
13246293
13246974
13253323
13254504
13255549
13258106
13262308
13264301
13266850
13267638
13268705
13269968
13282894
13283209
13284537
13285157
13292871
13293172
13293810
13294236
13297971
13298122
13315420
13315698
13317354
13317779
13325614
13325769
13326937
13327237
13330599
13331252
13338098
13339493
13341642
13341751
13345524
13346333
13347087
13352069
13352258
13353897
13355163
13357150
13360417
13360658
13364297
13364400
13366548
13366920
13367338
13367876
13387761
13401201
13401286
13407606
13412021
13413197
13420971
13423322
13446457
13446597
13448775
13449108
13456572
13457202
13457747
13458026
13461737
13462158
13469418
13470644
13472233
13476722
13477143
13478045
13483092
13483176
13484997
13486159
13488187
13491844
13495333
13495874
13497490
13497665
13498672
13498889
13506234
13510486
13511093
13519565
13521259
13535081
13536210
13538021
13538587
13542314
13542558
13543511
13548594
13549121
13550068
13551677
13554191
13556873
13557072
13561128
13561364
13562954
13563044
13564165
13564546
13567909
13568490
13570932
13571215
13575113
13575259
13576254
13581604
13581834
13583090
13584919
13586717
13589573
13589666
13593874
13594241
13595689
13596240
13596820
13597000
13602001
13602563
13605644
13616920
13623404
13623491
13623857
13624070
13671670
13679405
13684619
13690485
13693402
13704661
13711979
13717306
13722861
13726614
13735734
13737306
13739925
13740493
13744725
13748459
13749549
13750906
13755574
13759115
13770637
13777146
13782646
13788619
13792053
13798771
13802311
13807398
13808334
13809272
13813177
13817059
13818316
13820604
13822865
13833845
13835926
13838125
13839243
13842605
13847002
13848139
13848822
13854037
13857082
13862254
13863772
13864372
13865689
13867369
13869747
13872354
13872780
13874002
13874481
13874632
13877671
13878954
13882950
13883265
13883576
13884196
13886149
13887811
13888112
13901611
13908438
13913333
13920154
13922925
13930329
13933267
13938115
13939367
13940620
13944188
13948721
13951406
13953272
13962972
13966009
13971057
13971891
13972710
13977422
13981144
13982595
13984103
13986604
13997171
13999150
13999305
14001724
14002951
14006556
14006834
14010777
14011527
14012180
14012622
14017642
14018067
14020697
14020997
14030061
14032181
14034539
14039371
14044054
14044346
14045653
14050957
14053974
14062983
14064796
14065426
14066905
14067822
14071865
14072005
14076467
14077454
14078748
14083143
14083476
14086419
14086698
14091987
14092967
14094149
14094766
14097098
14098812
14101795
14101968
14103220
14104140
14104450
14107481
14108018
14111921
14112552
14113094
14113377
14115241
14117092
14117528
14163578
14171029
14175693
14182198
14184683
14194586
14195883
14198230
14199029
14203190
14207597
14209835
14214746
14217549
14225070
14227900
14233496
14233977
14235427
14239431
14243436
14244081
14246739
14248390
14255801
14256563
14257874
14258535
14260901
14263118
14265681
14265960
14266794
14267617
14268038
14271196
14272329
14275896
14276036
14277187
14277520
14279028
14280876
14281506
14290343
14293358
14298348
14299996
14300625
14304947
14309254
14310200
14312153
14314083
14325294
14326885
14327321
14329619
14330268
14334099
14334730
14338247
14339164
14339474
14340217
14345486
14345769
14348327
14348500
14357724
14359635
14359946
14361703
14363193
14366836
14367239
14371598
14372121
14372389
14373267
14378044
14378194
14381198
14381833
14423499
14425677
14427386
14428790
14432922
14437173
14437718
14439309
14443819
14446773
14452551
14453454
14454122
14455484
14457684
14459321
14462118
14462753
14463689
14464344
14464612
14467443
14468517
14472432
14472835
14473516
14473666
14475954
14477905
14478216
14489369
14490887
14491188
14493070
14493907
14497870
14498185
14502012
14502963
14503114
14504487
14509209
14509829
14512242
14512668
14550460
14551417
14552745
14553939
14555570
14557895
14560856
14561156
14561637
14563120
14566062
14567124
14570828
14571106
14571752
14572177
14574410
14575910
14576065
14720636
14724947
14726830
14728089
14734713
14736071
14739239
14739900
14741747
14752999
14757564
14759283
14760750
14767822
14768569
14771833
14773063
14774748
14790057
14792517
14800564
14801266
14805706
14822759
14825180
14826099
14833075
14834510
14836974
14838457
14855578
14857995
14865965
14866549
14870742
14888778
14890665
14898533
14899924
14903730
14910919
14912110
14914460
14916755
14917416
14917881
14920981
14923286
14923815
14924240
14926643
14929433
14931002
14932043
14935132
14935938
14936205
14938382
14950286
14954201
14955943
14956796
14962279
14964572
14965427
14968275
14969198
14971705
14986349
14988501
14996886
14998298
15002155
15021626
15029355
15030477
15034773
15042357
15043019
15044250
15045238
15046072
15046837
15048528
15049613
15050438
15051121
15053099
15055553
15057146
15058509
15059628
15060328
15061827
15065430
15066532
15069858
15085234
15086954
15095497
15096229
15100756
15107307
15108918
15109717
15110605
15111857
15112843
15113569
15114874
15116108
15116707
15121218
15123349
15123802
15125208
15125936
15126886
15130925
15132328
15135428
15140761
15143719
15146268
15146594
15147470
15150605
15152181
15153241
15154052
15155836
15158318
15158721
15160406
15161498
15164551
15165232
15165707
15167720
15168019
15212339
15216046
15218521
15219143
15224057
15226535
15227260
15230876
15231699
15233646
15249093
15250868
15259474
15260330
15264105
15281355
15283597
15292181
15292982
15296634
15303932
15305529
15307219
15310721
15311463
15314070
15316250
15317218
15317532
15319950
15322375
15322736
15324683
15325229
15328307
15329365
15331481
15332132
15347253
15348854
15357146
15358347
15362829
15370134
15370477
15371595
15373114
15374019
15374934
15375778
15376853
15377784
15379110
15381133
15382884
15385195
15385909
15387473
15388321
15389100
15392954
15394512
15397704
15402605
15403930
15404342
15405301
15406918
15407437
15408804
15409963
15410609
15411916
15413850
15415720
15418539
15419747
15421122
15422136
15426197
15427393
15430000
15478132
15480530
15488426
15489865
15493797
15502215
15506489
15506884
15508284
15510618
15512715
15514216
15518876
15519522
15521037
15522325
15525089
15525390
15525942
15528007
15528848
15533530
15534709
15535277
15537035
15537516
15538490
15539912
15540470
15541923
15543128
15544661
15547056
15549229
15550102
15550886
15552324
15553233
15557195
15557986
15561121
15599406
15600092
15602297
15604976
15605255
15606675
15608875
15610957
15612046
15612705
15614183
15617107
15617928
15619221
15620374
15623449
15623780
15624730
15626300
15626690
15765349
15767505
15768522
15771116
15772387
15774452
15776952
15777556
15779314
15780728
15782822
15785066
15785612
15786921
15789445
15789638
15791427
15791666
15792329
15792433
15797993
15800236
15801266
15804355
15806949
15809862
15810085
15812564
15813350
15815537
15817938
15818019
15819626
15822001
15822601
15823988
15824536
15825290
15825484
15828567
15829647
15831230
15832335
15832802
15835453
15836315
15837040
15837278
15838116
15842826
15843675
15845431
15846337
15847912
15847965
15850565
15854866
15856681
15863274
15865699
15866740
15869880
15870918
15872969
15875177
15875729
15878641
15880940
15883668
15883864
15885042
15887692
15887914
15889605
15889702
15890595
15891218
15894301
15894747
15895599
15896304
15897143
15898910
15899553
15901071
15904861
15905250
15907974
15908990
15910039
15910856
15916547
15917595
15917924
15920209
15922456
15923244
15926461
15927611
15929687
15930864
15930907
15934031
15935204
15935639
15936353
15940658
15942302
15943773
15944616
15945775
15946690
15948937
15953428
15955018
15956229
15994834
15996664
15997669
16000870
16001969
16004010
16006346
16006444
16009065
16010188
16011747
16014502
16015109
16015860
16018546
16020873
16021073
16021848
16022068
16024798
16026173
16026903
16027560
16028059
16029775
16030192
16031863
16036382
16036705
16038947
16040719
16041019
16047249
16048285
16049090
16053324
16054534
16057903
16058782
16059483
16059876
16060541
16062999
16063336
16065307
16068751
16069584
16071953
16072919
16074013
16074658
16079928
16080958
16081633
16084108
16086534
16123215
16126621
16127038
16127940
16130235
16131553
16131607
16132381
16132840
16137300
16138551
16140431
16141154
16142427
16143280
16145674
16149541
16151698
16153097
16221521
16221578
16222324
16222787
16223393
16224902
16225033
16225384
16226594
16228524
16228562
16229922
16231184
16232772
16236856
16237093
16238224
16238980
16240833
16245320
16256948
16258534
16259561
16262897
16264044
16266098
16268690
16268867
16271082
16272291
16274392
16276817
16277033
16278469
16280788
16280888
16282796
16283402
16283749
16287038
16288093
16290395
16290973
16291688
16294551
16294991
16295842
16295995
16296912
16301321
16302255
16304612
16304670
16306455
16306913
16309300
16313482
16315909
16316498
16319895
16320623
16322077
16322402
16323358
16324763
16325572
16326877
16330807
16331496
16333912
16335419
16335966
16336353
16342284
16343311
16343984
16346150
16348291
16349713
16385147
16386839
16387230
16388033
16388303
16390205
16390882
16392766
16396571
16397220
16399884
16400797
16401935
16402288
16407622
16408663
16411907
16413745
16414872
16483494
16483529
16484652
16484914
16485956
16486744
16486789
16487969
16489096
16490602
16491089
16492296
16492930
16494768
16499331
16499476
16500034
16500944
16502884
16507169
16516763
16517303
16521121
16523614
16524349
16525256
16525794
16525839
16530565
16532061
16533787
16534256
16535710
16536420
16539154
16542793
16545044
16545834
16614501
16615000
16616081
16616202
16616752
16617635
16617684
16619268
16619841
16621862
16622977
16623816
16626242
16630092
16630162
16630952
16631906
16634416
16638596
16680227
16680500
16681286
16681353
16682626
16683122
16683596
16684432
16685220
16687768
16687877
16688324
16689249
16691496
16695473
16695498
16696897
16697896
16700162
16703824
16713356
16713490
16713912
16713925
16715080
16716081
16716330
16716994
16718416
16720195
16720276
16721008
16722468
16724609
16728169
16728646
16729380
16730881
16732552
16736418
16891543
16891754
16899557
16899675
16903517
16904114
16905534
16905961
16906415
16907220
16956635
16957164
16965405
16965574
16968830
16969571
16971151
16971249
16972343
16972728
16989501
16989938
16997566
16998345
17002127
17002356
17004010
17004119
17004891
17014236
17014443
17021366
17021561
17026773
17026862
17032423
17033050
17035629
17036179
17088061
17088422
17095902
17096419
17100559
17100753
17101943
17102712
17103259
17103340
17120670
17120739
17129007
17129393
17132759
17133304
17135387
17135564
17135741
17136486
17149543
17151228
17159635
17161102
17165113
17186292
17186383
17194327
17194922
17198395
17198821
17200317
17201106
17201822
17202025
17214926
17217433
17225511
17226364
17230067
17243514
17244039
17250542
17251157
17255853
17256051
17262041
17262262
17265355
17265468
17271991
17272681
17274063
17274796
17275183
17275858
17278075
17279480
17279550
17281374
17281765
17286644
17286811
17287910
17287959
17289629
17290097
17293917
17294250
17349982
17350569
17358127
17358580
17362103
17362890
17364635
17364837
17365490
17365597
17382511
17383281
17390999
17391096
17395259
17395628
17396957
17397478
17398558
17398723
17407219
17407821
17414874
17419638
17420185
17425835
17426044
17428942
17429173
17448727
17448920
17456251
17457004
17460637
17460710
17462846
17463203
17463503
17464049
17477436
17479283
17487086
17488345
17492871
17509625
17511879
17520540
17521459
17525358
17534558
17534885
17536125
17536977
17537514
17537693
17540588
17540655
17541859
17541915
17543355
17544052
17548623
17549042
17549726
17550200
17551575
17552294
17555767
17556425
17579195
17579973
17587869
17588082
17591785
17591902
17593679
17594292
17594679
17595114
17604021
17611115
17611676
17616570
17622733
17622835
17625337
17625942
17641363
17643310
17651321
17651943
17656284
17665339
17666004
17667558
17667639
17668439
17668841
17671921
17671965
17672591
17673068
17674831
17675186
17679549
17680234
17680603
17681315
17682558
17683416
17687013
17687198
17702614
17702713
17709523
17709741
17715019
17720693
17721230
17723834
17724007
17731058
17731215
17733368
17733406
17733822
17734501
17737111
17737574
17737949
17738673
17740093
17740746
17745495
17745833
17746031
17746892
17748451
17748539
17752411
17752820
17763677
17764074
17765787
17766243
17767003
17767348
17769694
17770424
17770615
17771462
17773033
17773207
17778629
17779185
17779261
17781484
17781519
17785007
17785714
17864183
17868541
17869679
17874110
17877947
17880030
17882767
17886807
17888603
17889597
17897437
17901039
17902331
17907031
17910654
17912759
17915195
17919165
17921694
17922639
17928163
17930655
17949471
17949688
17955948
17962927
17967067
17972893
17976055
17978237
17981022
17984847
17986871
17987771
17992669
17997165
17998775
18004826
18005474
18006511
18009526
18014113
18015915
18018032
18019029
18020296
18021220
18026488
18035683
18040223
18054339
18054540
18054694
18054929
18061014
18064757
18066093
18074443
18076090
18093947
18098110
18099159
18103599
18106877
18109167
18111671
18116251
18118237
18119006
18122703
18123518
18125757
18128726
18129403
18135757
18136929
18137975
18140523
18144752
18146741
18149288
18150074
18151140
18152386
18155255
18156463
18158078
18161355
18162557
18168502
18169808
18170843
18173781
18177896
18179450
18181604
18182573
18184098
18184929
18198105
18198405
18199719
18200372
18208092
18208370
18209002
18209427
18213166
18213321
18223078
18225727
18232312
18243711
18250865
18263379
18263658
18265321
18265742
18273593
18273733
18274887
18275220
18278588
18279218
18290101
18294477
18295147
18303674
18305878
18318826
18320244
18322377
18322494
18326258
18327063
18327837
18332820
18333000
18334629
18335887
18337883
18341156
18341386
18345029
18345122
18347282
18347649
18348624
18355966
18360183
18361277
18366043
18369487
18371067
18373981
18378046
18379951
18381463
18386719
18414979
18415153
18417595
18418167
18420591
18423477
18424798
18430379
18431720
18432765
18435802
18440132
18442061
18444130
18444662
18445793
18447280
18453882
18458294
18459477
18467245
18469579
18482685
18484091
18486231
18488762
18490095
18495861
18497444
18498494
18501293
18505442
18507478
18509761
18510667
18511728
18512360
18525479
18525652
18527836
18528146
18535603
18536234
18536782
18537065
18540773
18541209
18558126
18558761
18560345
18560613
18568436
18568839
18569532
18569682
18573907
18574218
18581225
18582450
18584037
18585115
18588522
18588958
18589847
18594898
18594977
18596820
18597981
18599983
18603273
18603664
18607156
18607688
18609290
18609476
18610466
18610693
18625510
18630648
18650795
18655066
18655670
18664149
18665837
18689266
18689692
18691379
18691530
18699854
18700169
18700473
18701093
18704711
18705012
18712421
18713546
18715380
18715919
18719657
18719899
18720862
18725930
18726468
18727410
18729015
18731549
18734213
18734402
18738465
18738706
18740297
18740400
18741524
18741896
18749261
18752939
18754266
18762102
18764469
18778036
18778601
18781042
18781341
18785221
18785359
18786363
18791728
18791945
18793194
18795038
18796823
18799700
18799784
18803978
18804356
18805797
18806338
18806930
18807105
18810834
18811621
18813866
18814039
18817524
18818109
18819599
18824453
18824834
18826089
18827547
18829470
18832434
18832961
18836617
18836816
18838824
18839060
18839626
18839716
18847843
18847960
18848134
18853996
18859110
18859576
18911099
18914263
18920175
18922909
18925053
18931262
18932670
18934991
18937623
18937979
18943742
18947005
18952699
18956047
18958287
18963575
18965367
18967963
18970173
18970846
18974647
18975215
18977662
18981853
18984633
18986343
18988528
18989819
18994908
18995635
18997160
19000142
19001060
19003330
19004257
19009015
19012463
19018718
19021371
19023803
19029213
19030781
19033886
19035247
19036567
19048031
19059698
19070290
19070597
19072893
19074011
19075831
19080111
19082606
19087300
19087870
19092903
19094364
19095394
19098291
19099105
19101616
19102440
19117466
19126027
19126829
19130485
19140573
19143419
19149751
19151998
19154814
19160463
19161583
19164727
19166427
19168029
19175071
19180517
19188031
19201322
19201620
19208169
19221151
19221492
19222879
19233961
19234378
19238795
19241206
19242348
19247917
19250008
19252853
19254694
19259866
19261091
19264209
19269359
19270590
19272189
19276667
19279571
19281326
19283873
19284951
19289945
19290791
19291888
19294588
19296200
19298148
19298786
19304054
19307405
19307960
19312890
19315057
19318219
19320492
19325749
19326662
19329859
19344789
19347222
19355194
19355755
19359949
19367896
19368689
19369246
19372125
19374566
19378715
19381441
19381772
19383148
19383343
19389510
19390224
19390615
19393640
19393795
19395633
19395972
19396760
19397154
19402671
19405310
19411837
19414231
19416823
19423003
19424219
19426429
19428766
19429935
19433438
19434237
19436475
19440119
19443527
19445436
19447522
19448687
19453299
19454670
19458489
19461608
19463076
19474405
19475039
19484863
19508346
19510475
19518861
19520277
19524150
19535199
19540970
19561652
19561801
19562122
19566029
19569274
19570353
19575701
19577251
19580726
19582680
19587307
19588940
19591526
19599162
19601877
19603139
19608171
19610278
19612909
19615569
19620758
19621240
19624364
19629539
19630950
19631259
19633100
19634231
19636984
19640591
19643492
19643665
19645361
19645981
19651640
19651970
19652702
19655820
19656225
19657936
19658246
19658819
19659528
19662331
19663735
19665871
19669758
19672508
19674963
19677032
19678141
19682990
19683705
19684836
19688135
19691233
19692496
19705387
19706989
19715285
19716502
19720986
19729653
19733291
19734342
19739094
19741388
19744666
19746147
19751533
19752369
19755704
19760876
19762104
19762255
19763697
19765790
19768163
19771549
19774598
19775024
19776454
19776791
19782856
19783171
19783739
19786833
19787524
19788898
19789080
19789868
19790209
19803917
19805749
19813494
19814618
19818891
19826545
19827651
19827773
19829478
19831067
19833772
19837015
19840088
19840770
19841528
19842206
19848289
19848460
19849743
19852326
19852688
19854467
19854888
19855556
19855889
19859366
19859948
19861015
19862392
19863695
19866577
19869758
19872803
19873160
19874531
19874907
19881105
19881508
19882269
19885250
19885592
19887180
19887873
19888240
19888390
19895634
19899570
19899978
19900714
19901012
19908901
19910836
19963129
19967655
19969404
19970867
19977939
19978670
19983193
19984839
19996110
20000121
20002503
20003452
20010428
20011859
20014323
20015790
20018073
20033362
20035242
20043113
20044485
20048308
20062099
20065998
20067769
20068583
20074105
20076359
20077244
20080092
20081011
20083502
20098837
20100662
20108410
20109515
20113805
20131508
20133234
20141770
20142505
20147013
20154254
20154620
20157241
20159751
20160112
20164107
20165677
20166734
20169319
20171827
20172232
20173909
20174998
20178073
20178724
20179226
20181218
20181532
20193084
20196787
20199246
20199897
20204782
20207289
20207975
20211591
20212444
20229338
20231563
20240141
20240949
20244598
20262445
20264053
20272342
20273562
20278027
20285035
20286358
20286773
20287725
20289361
20291233
20292410
20293036
20294339
20296278
20298146
20300245
20300986
20302200
20303568
20304550
20308621
20309832
20312420
20327781
20330196
20338098
20339530
20343465
20350422
20351597
20352171
20353946
20354403
20355382
20356802
20357365
20358840
20360006
20361549
20363940
20366123
20366997
20367793
20369217
20370124
20374106
20374896
20378024
20383539
20384199
20386414
20389092
20389401
20393018
20395083
20396840
20402050
20403341
20404501
20407566
20407905
20408854
20410407
20410832
20455015
20459356
20461235
20462478
20469102
20470489
20474279
20476156
20491690
20494153
20502181
20502900
20507346
20524438
20526874
20534827
20535405
20539605
20547033
20548211
20550535
20552860
20553506
20557069
20559381
20559929
20560324
20562748
20565518
20567094
20568154
20571207
20572299
20574483
20589675
20591821
20600213
20601622
20605498
20612909
20613594
20614806
20615797
20616614
20617389
20619076
20620171
20621009
20621676
20627702
20629067
20630179
20630882
20632408
20635989
20637089
20640432
20645114
20646709
20647501
20648395
20649644
20650650
20651368
20652662
20653891
20654520
20656309
20659024
20661133
20661590
20662982
20663716
20664689
20668715
20670114
20673217
20721353
20723109
20731732
20732594
20736362
20743399
20745006
20746716
20749395
20750216
20753557
20755734
20756999
20759443
20761881
20762212
20764186
20764715
20767804
20768194
20768845
20770958
20771617
20776853
20777195
20778330
20779830
20780760
20781653
20782512
20783565
20784486
20785841
20787851
20789601
20791930
20792621
20794188
20795048
20795811
20799670
20801220
20804418
20842108
20843417
20844787
20847662
20848065
20849447
20851798
20853914
20855068
20855394
20857294
20860039
20862219
20863501
20866579
20867125
20869209
20870020
21008119
21011375
21017086
21020443
21022683
21027965
21029757
21032350
21034543
21035223
21040637
21044091
21050327
21052990
21055422
21060815
21062383
21065495
21066875
21068189
21071727
21072862
21074685
21078971
21081459
21083854
21086145
21086711
21091769
21093191
21094256
21097148
21097960
21100452
21101282
21106639
21109502
21115837
21118071
21120887
21126555
21127675
21130813
21132510
21134095
21141481
21145919
21169915
21171127
21172719
21177214
21180124
21181875
21184424
21185501
21190478
21191353
21192420
21195111
21196738
21212557
21214997
21222966
21223546
21227723
21237691
21240311
21246831
21249245
21251837
21258014
21259230
21261423
21263767
21264955
21275999
21277674
21287924
21298469
21309428
21309631
21320682
21331282
21335862
21338573
21339864
21344890
21349611
21352268
21357461
21357926
21361059
21366270
21367677
21369819
21373687
21376423
21378908
21380962
21382063
21386931
21387630
21388769
21392089
21393328
21395176
21396420
21400813
21404474
21405521
21410261
21412547
21415830
21417336
21422699
21423532
21426854
21442315
21444141
21451893
21453014
21457306
21465009
21465571
21466653
21468006
21469339
21472204
21475383
21478456
21478786
21480184
21480542
21486732
21487137
21490896
21491206
21492803
21493512
21493860
21494033
21499774
21502941
21508859
21513711
21519927
21521335
21523675
21526301
21526654
21530557
21531131
21533559
21537743
21540526
21542265
21544420
21545726
21550791
21551548
21553058
21556051
21556961
21559248
21560168
21566783
21572594
21580777
21593396
21605589
21607830
21616410
21617195
21620845
21637791
21645663
21658793
21663642
21666037
21667171
21672747
21674822
21677677
21679537
21684694
21685944
21689036
21699467
21700006
21704950
21707116
21710298
21712547
21717805
21718737
21721944
21727174
21727980
21730232
21731407
21733873
21738014
21740744
21741059
21742435
21742651
21748817
21749508
21749917
21752930
21753112
21754924
21755265
21756038
21756464
21759959
21760751
21763006
21766653
21770073
21771943
21774064
21775227
21779836
21781203
21782472
21785006
21786468
21788130
21789601
21802102
21812619
21814029
21817909
21827019
21830262
21831340
21836685
21838264
21841717
21843654
21848314
21849923
21852529
21857784
21859185
21859486
21861315
21862461
21865190
21868827
21871713
21871884
21873580
21874191
21879846
21880208
21880919
21884035
21884456
21886148
21886481
21887064
21887746
21900858
21902443
21910733
21911957
21916438
21923555
21924955
21926380
21928471
21930872
21934223
21937297
21937700
21939153
21939485
21945538
21945880
21949516
21950209
21951600
21951750
21952547
21952904
21956460
21957592
21957679
21959409
21960990
21963683
21966941
21969990
21970704
21971430
21972119
21978216
21978371
21979675
21982257
21982596
21984408
21984802
21985473
21985804
21992618
21993093
21996884
21997737
21998226
22006346
22008114
22008137
22060651
22068118
22072789
22079290
22081773
22093050
22100789
22105997
22111862
22114763
22124427
22125741
22128090
22128886
22133050
22137461
22138518
22139693
22144587
22147413
22158806
22166125
22171435
22177013
22180762
22187705
22190515
22196583
22198060
22202076
22206065
22206694
22209358
22211032
22222650
22224203
22226838
22227413
22231638
22235373
22236469
22237803
22242490
22246029
22251175
22251950
22253258
22253948
22256308
22258521
22261062
22261345
22262185
22263012
22263448
22266579
22267717
22271267
22271440
22272588
22272898
22274418
22276273
22276904
22290325
22296811
22302330
22308301
22311734
22318524
22321529
22326513
22328147
22328774
22333102
22337432
22338339
22340295
22351214
22354780
22359864
22360793
22361699
22365607
22369516
22370769
22373043
22375302
22386233
22387828
22388231
22390542
22391187
22395022
22395657
22399196
22400083
22400394
22401127
22406425
22406693
22409276
22409426
22419062
22421146
22423349
22424461
22427829
22432203
22433357
22434042
22439254
22442283
22451411
22453326
22453641
22455420
22456871
22460530
22460956
22465305
22465799
22466100
22466958
22471731
22471882
22474905
22475525
22480249
22481747
22482354
22483655
22485349
22487726
22490344
22491978
22492454
22492609
22495676
22496937
22500952
22501252
22501539
22502192
22504148
22505804
22506082
22552365
22559194
22564086
22570891
22573685
22582733
22584917
22586603
22588026
22592139
22596406
22596954
22598549
22603053
22606006
22613831
22616782
22621644
22622908
22624145
22627699
22632230
22633080
22634937
22636771
22644572
22645465
22646121
22647475
22649682
22651303
22654136
22654756
22655685
22656323
22656624
22659438
22660532
22664418
22664844
22665521
22665672
22667946
22669894
22670209
22679251
22682279
22687334
22688174
22689016
22697411
22698892
22700412
22702897
22714119
22715676
22715954
22717849
22718670
22722649
22722949
22726771
22727726
22727881
22729276
22733959
22734612
22737002
22737427
22746222
22748217
22748357
22750771
22752028
22755603
22755882
22759815
22760604
22761234
22761689
22766697
22767118
22769735
22770068
22811893
22814006
22816365
22817579
22821197
22825882
22826155
22827478
22832789
22835802
22840755
22841703
22843045
22844238
22845866
22848220
22851139
22851472
22852780
22853410
22856377
22857426
22861137
22861416
22862049
22862470
22864713
22866232
22866372
22877596
22879379
22880010
22881479
22882425
22886439
22886612
22891054
22891621
22892057
22893331
22897756
22898066
22901006
22901289
22939342
22940348
22941524
22942137
22944457
22946163
22949164
22949314
22950578
22951505
22951816
22954823
22955370
22959270
22959905
22960472
22960740
22962597
22964464
22964867
23109429
23116235
23121146
23127949
23130742
23141997
23149466
23154134
23160619
23163125
23172565
23174742
23176429
23177835
23181965
23186234
23186763
23192885
23195834
23207147
23214902
23220117
23225978
23228877
23236444
23239385
23244241
23245491
23246726
23250286
23254840
23255651
23257511
23259372
23271309
23272629
23274955
23275770
23279915
23284342
23285402
23286581
23291469
23294294
23299923
23300807
23301477
23302830
23305034
23306684
23309475
23310128
23311060
23311692
23311970
23314809
23315890
23319784
23320209
23320870
23321025
23323305
23325272
23325572
23338458
23345781
23351085
23356662
23360395
23367374
23370428
23375480
23376313
23377123
23381831
23385548
23387025
23388531
23391014
23400103
23402926
23408524
23409020
23410481
23414483
23418470
23419128
23421785
23423427
23435036
23436563
23436842
23438727
23439577
23443527
23443860
23447662
23448633
23448773
23450163
23454876
23455506
23457897
23458318
23467819
23469389
23472026
23472598
23476826
23480565
23481654
23482989
23487659
23491221
23499897
23501863
23502036
23504430
23505683
23509262
23509545
23513500
23514259
23514890
23515335
23520357
23520793
23523420
23523730
23529148
23529913
23531209
23531891
23534258
23536455
23539032
23539300
23540133
23540976
23541379
23544526
23545684
23549228
23549378
23550545
23550856
23552362
23554214
23554849
23601046
23607533
23613035
23619029
23622458
23631094
23633210
23635573
23636781
23640405
23645067
23645357
23646682
23651990
23654987
23662003
23664999
23669990
23671630
23672280
23676601
23680899
23681836
23683804
23685745
23692718
23693692
23695028
23696217
23697833
23700179
23703116
23703426
23703922
23704753
23705384
23708327
23709386
23713094
23713377
23714020
23714456
23716677
23718179
23718352
23727481
23731027
23736099
23737031
23737964
23741884
23745777
23747014
23749294
23751576
23762323
23764110
23764745
23766236
23767143
23771196
23771346
23775801
23776372
23778062
23782483
23782794
23785753
23786021
23795239
23796850
23797276
23799577
23800206
23804057
23804677
23808211
23809102
23809417
23815431
23815732
23818291
23818442
23860858
23862923
23865142
23866261
23869622
23873997
23875157
23875819
23881050
23884077
23889625
23890611
23891794
23892391
23894725
23896430
23899441
23899592
23900842
23901766
23902081
23905116
23905641
23909560
23910180
23910723
23911024
23912884
23914722
23915148
23925966
23927897
23928197
23929971
23931452
23935082
23935507
23939847
23940380
23940658
23941529
23946286
23946441
23949447
23950100
23987559
23989070
23989674
23991004
23995065
23997665
23998086
23999305
23999800
23999940
24002995
24004261
24008259
24008592
24008876
24009506
24011474
24013137
24013416
24154057
24155884
24156914
24160099
24161208
24163237
24165573
24165670
24168308
24169414
24170993
24173731
24174354
24177769
24178321
24180116
24181068
24181290
24186794
24188387
24189428
24192760
24193894
24195945
24198537
24198737
24200933
24202161
24204236
24206680
24206900
24208338
24210634
24210732
24212646
24213253
24213618
24214147
24217245
24217787
24219959
24220763
24221616
24224079
24224830
24225732
24226273
24226327
24231058
24232542
24234269
24234728
24236175
24236898
24239625
24243284
24245514
24252274
24254424
24255429
24258022
24259313
24261354
24263852
24264458
24266217
24267628
24269731
24271973
24272518
24273844
24276370
24276547
24278353
24278569
24279252
24279352
24282319
24283710
24284443
24285092
24285597
24287319
24287720
24289403
24293903
24294256
24296497
24298263
24298557
24299234
24304792
24305822
24306625
24309260
24310854
24312067
24315183
24316254
24318557
24319134
24319844
24322715
24323159
24324001
24324157
24325064
24329492
24330423
24332770
24332815
24334619
24335088
24337450
24341637
24344082
24344649
24383220
24385446
24386473
24389585
24390124
24392178
24395075
24395314
24397770
24398563
24400760
24403145
24403249
24404837
24407224
24407828
24409194
24409740
24410501
24410694
24413751
24414607
24415325
24415714
24416382
24418843
24419172
24421149
24424599
24425416
24427800
24428763
24429854
24430497
24436783
24437488
24439942
24442371
24442961
24446363
24447095
24448542
24448865
24449807
24451229
24452034
24453342
24457275
24457956
24460364
24461885
24462415
24462832
24468742
24469783
24470440
24472611
24474769
24476184
24512091
24513175
24514735
24515863
24516321
24518974
24520552
24520783
24521634
24526341
24527197
24528955
24529872
24531428
24531486
24534098
24538377
24540212
24541322
24609906
24610380
24611480
24612136
24613041
24613066
24614658
24615248
24617251
24617524
24618384
24619204
24621633
24625478
24625545
24626340
24627297
24629800
24633986
24645093
24647537
24648554
24651692
24652739
24654804
24657012
24657560
24659890
24660472
24662758
24665482
24665676
24666857
24669510
24669733
24671442
24671523
24672433
24673033
24675671
24676943
24679070
24679471
24680386
24682685
24684016
24684059
24684830
24685284
24689738
24691003
24692887
24693601
24694877
24695720
24698117
24702002
24704137
24705556
24708221
24709915
24710287
24711120
24711383
24713278
24713953
24715823
24719645
24720290
24723870
24725015
24725352
24730691
24731739
24732132
24734993
24736824
24737932
24774430
24774877
24775735
24776424
24777275
24779023
24779696
24781207
24784990
24785377
24788099
24789103
24790171
24790980
24796689
24797725
24798050
24800344
24802572
24803366
24872241
24872490
24873283
24874625
24875113
24875590
24876424
24877218
24879756
24879890
24880322
24881264
24883492
24887480
24887493
24888912
24889892
24892161
24895816
24904894
24906045
24908123
24909288
24909341
24912471
24913167
24913634
24914075
24914800
24919081
24920719
24922206
24923044
24924215
24925121
24927380
24931850
24933445
24934674
25003654
25003785
25004204
25004242
25005380
25006392
25006629
25007297
25008712
25010513
25010570
25011304
25012770
25014928
25018484
25018947
25019682
25022852
25026721
25068933
25069674
25070161
25070768
25072259
25072404
25072740
25073953
25075878
25075913
25077281
25078536
25080130
25084204
25084466
25085576
25086338
25088208
25092676
25101475
25101524
25102630
25102889
25103938
25104716
25104786
25105968
25107076
25108581
25109080
25110276
25110913
25112744
25117329
25117450
25118017
25118920
25120866
25125168
25204605
25208751
25209819
25214263
25217534
25219831
25222331
25226909
25228894
25229647
25237231
25241467
25242558
25247325
25250775
25252349
25255262
25259311
25261239
25262747
25271281
25288927
25289702
25295985
25296280
25296643
25302523
25306878
25308023
25312431
25316285
25318351
25321111
25325147
25326941
25327934
25331671
25332463
25334718
25337675
25338365
25344726
25345904
25346939
25349493
25353704
25355706
25358244
25359021
25360098
25361345
25366303
25375295
25379967
25380835
25394744
25401013
25405261
25405867
25414362
25416054
25434078
25437687
25438973
25443675
25449403
25451837
25455806
25458319
25459287
25462523
25465327
25468629
25475755
25477064
25478109
25481050
25485156
25486701
25488866
25489846
25491361
25492208
25495485
25496059
25498487
25501370
25502671
25508277
25509604
25510654
25513677
25518018
25519958
25522017
25522539
25523696
25525160
25537769
25538190
25539897
25540037
25548359
25548692
25548988
25549618
25553235
25553514
25563121
25584620
25591000
25591171
25603676
25603986
25605299
25605930
25613646
25613929
25614565
25615001
25618727
25618900
25630061
25634475
25635674
25643446
25645781
25659250
25660357
25662186
25662743
25666484
25666717
25667663
25672741
25673282
25674217
25675835
25678366
25681217
25685296
25685513
25687124
25687208
25688330
25688708
25696183
25700317
25700847
25706142
25709307
25711486
25714255
25720123
25721021
25735583
25736172
25755174
25757182
25758589
25760731
25763245
25764599
25770362
25771938
25772975
25775798
25779937
25781963
25784272
25785173
25786216
25786852
25794390
25798069
25799373
25807211
25809594
25823087
25824222
25826045
25828726
25830331
25836365
25837025
25838071
25841067
25845680
25847477
25849576
25850586
25851844
25852770
25865561
25865829
25867508
25867911
25875772
25875922
25877075
25880750
25881385
25898291
25898442
25900622
25908409
25909029
25909575
25909876
25913586
25914012
25921450
25922036
25924457
25924766
25928658
25928791
25929789
25935144
25935380
25936613
25938447
25940251
25943114
25943204
25947397
25949234
25949761
25950345
25950544
25959199
25959416
25970079
25970662
25977407
25984108
25984792
25990586
25994966
26004141
26006347
26029223
26029876
26031452
26031730
26039530
26039955
26040622
26040777
26045017
26045317
26052553
26053362
26055589
26055771
26059242
26059838
26061335
26066194
26066561
26067828
26069277
26071183
26074153
26074704
26078536
26080548
26080778
26081349
26081442
26089163
26092922
26094262
26102613
26104237
26117605
26119018
26121172
26121263
26125033
26125851
26126622
26131594
26131780
26133426
26134679
26136669
26139938
26140165
26143826
26146057
26146448
26146868
26147400
26150644
26151849
26153458
26154525
26157925
26158351
26159259
26164297
26164400
26166218
26167390
26169399
26172692
26173064
26176554
26177092
26178693
26178882
26179873
26180114
26184812
26185265
26188326
26194316
26194488
26194691
26199256
26199430
26206609
26255150
26258873
26261319
26261980
26266855
26269372
26270067
26273683
26274510
26276473
26292046
26293945
26295175
26299865
26301799
26303196
26306364
26306995
26308846
26324692
26326450
26335050
26335913
26339685
26352892
26357427
26359150
26360633
26365838
26367705
26368423
26371687
26372956
26389709
26391957
26400534
26401338
26404971
26422693
26425172
26433202
26433898
26438345
26445043
26446631
26451033
26451844
26452604
26455194
26457355
26458344
26458643
26461081
26463516
26465805
26466357
26469422
26469825
26470486
26488188
26490579
26491502
26496819
26498478
26499929
26502393
26503847
26521142
26522746
26531019
26532237
26536725
26553739
26556173
26564149
26564726
26568922
26576794
26577141
26578253
26579755
26580684
26581594
26582440
26583510
26584419
26585784
26587797
26589552
26591853
26592566
26594118
26594980
26595761
26599595
26601154
26604353
26619721
26621605
26629492
26630866
26634666
26642037
26643339
26643770
26644726
26646360
26646869
26648240
26649389
26650022
26651345
26653259
26655137
26657242
26657965
26659180
26660552
26661539
26665622
26666820
26669410
26674652
26675833
26678163
26680462
26681121
26681575
26684694
26687002
26687548
26687938
26690350
26692848
26693127
26694699
26695757
26698835
26699925
26702436
26746777
26750663
26752444
26753267
26758780
26761043
26761902
26765689
26768167
26783090
26785482
26793385
26794821
26798772
26815605
26826138
26827531
26831405
26838638
26839964
26841337
26844199
26844624
26846003
26848331
26850445
26851937
26853831
26856595
26857256
26858773
26860054
26862820
26863129
26863674
26865756
26866562
26881818
26883627
26891373
26892501
26896790
26904011
26905206
26905781
26907533
26908017
26908971
26910401
26910970
26912428
26913603
26915158
26917538
26919733
26920602
26921400
26922832
26923718
26928488
26931620
26937142
26937805
26939019
26940026
26940835
26941622
26943298
26944405
26945240
26945894
26947885
26950340
26951915
26953301
26954417
26955105
26956620
26960218
26961328
26964648
27012778
27014505
27023045
27023796
27028306
27035449
27036115
27040994
27042702
27044909
27046997
27048089
27048740
27053134
27053953
27055254
27056410
27059463
27059824
27060747
27062728
27067629
27069242
27070038
27070933
27072166
27073165
27073892
27075179
27076433
27077036
27078842
27081544
27083670
27084107
27085507
27086242
27087224
27091253
27092641
27095760
27133831
27134190
27136828
27139688
27140569
27143701
27145270
27146311
27147152
27148915
27151417
27153498
27154571
27157660
27158306
27158797
27160801
27303834
27310325
27315821
27321814
27325227
27336502
27343309
27348203
27355029
27357818
27366650
27368747
27371126
27372341
27375958
27380621
27380917
27382219
27387546
27390541
27401845
27409291
27413978
27420461
27422966
27430318
27433340
27438328
27439961
27440579
27449228
27450161
27452115
27454054
27465174
27467354
27469045
27470445
27474581
27478827
27479373
27480986
27485494
27488427
27493817
27494771
27496114
27497287
27498917
27501262
27504209
27504520
27505002
27505830
27506465
27509436
27510473
27514200
27514468
27515120
27515523
27517780
27519276
27519426
27532525
27540282
27545494
27551339
27554261
27561319
27564878
27569964
27570908
27571825
27575731
27579622
27580888
27583161
27585411
27594579
27597511
27602374
27603630
27604888
27608441
27612963
27613804
27615676
27617521
27630745
27631365
27632851
27633788
27637811
27637962
27642407
27642994
27643420
27644697
27649102
27649417
27652359
27652660
27662229
27663542
27665869
27666667
27670829
27675258
27676299
27677494
27682389
27685210
27694652
27696234
27696659
27698951
27699609
27703431
27704084
27707598
27708505
27708805
27709555
27714844
27715122
27717678
27717833
27723598
27724508
27725172
27726521
27728713
27730355
27733164
27733794
27734738
27735377
27735656
27738471
27739562
27743457
27743878
27744568
27744708
27746981
27748931
27749264
27794891
27802230
27807541
27813114
27816845
27825771
27827853
27830074
27831190
27834554
27838933
27840086
27840749
27845963
27856601
27859635
27864675
27865511
27866348
27871068
27874769
27876230
27877742
27880248
27887303
27888302
27889482
27890108
27892436
27894137
27897126
27897281
27898537
27899480
27899780
27902803
27903333
27907235
27907888
27908428
27908706
27910578
27912424
27912849
27922108
27924921
27930513
27930995
27932454
27936462
27940472
27941091
27943751
27945420
27956441
27958343
27958676
27960430
27961907
27965545
27965966
27970332
27970835
27971114
27971975
27976761
27976901
27979932
27980562
27989779
27991310
27991593
27993500
27994311
27998300
27998610
28002425
28003367
28003540
28004910
28009619
28010250
28012645
28013081
28055341
28056917
28059531
28060122
28064331
28068086
28069178
28078742
28083580
28085081
28085673
28086995
28088690
28091047
28093668
28094104
28095301
28095779
28095952
28098990
28100276
28104268
28104578
28104881
28105512
28107466
28109126
28109409
28120167
28122172
28122322
28124729
28125966
28129561
28129829
28133779
28134542
28135177
28135644
28140660
28141063
28143699
28144010
28182195
28182951
28184261
28184942
28187306
28189532
28192067
28192368
28193204
28194018
28194444
28197593
28198738
28202440
28203590
28203905
28205417
28207288
28207908
28348138
28350371
28351412
28354520
28355046
28357097
28360017
28360233
28362693
28363505
28365676
28368084
28368184
28369778
28372746
28374117
28374662
28375442
28375619
28380658
28383096
28384101
28387238
28388305
28390346
28392554
28393100
28395433
28396012
28398307
28401029
28401222
28402420
28405059
28405298
28406985
28407089
28407992
28408596
28411055
28412222
28414301
28415460
28415518
28418651
28419351
28419809
28420253
28420968
28425268
28426903
28428367
28429218
28430395
28431312
28433546
28438021
28439634
28440841
28446676
28448486
28449513
28452721
28453804
28455858
28458194
28458275
28460906
28462019
28463608
28466353
28466953
28467685
28470388
28470936
28472714
28472908
28473670
28473893
28476987
28477847
28478558
28478945
28479599
28482077
28482402
28484382
28487835
28488644
28491020
28491997
28493071
28493744
28498982
28500023
28500712
28503171
28505617
28506200
28509531
28510807
28512911
28513335
28514241
28516542
28517864
28517917
28518671
28519138
28523589
28524861
28527472
28528734
28529572
28531986
28535849
28538004
28539402
28577701
28579313
28580330
28583660
28584803
28586868
28589460
28589656
28591858
28593080
28595142
28597580
28597802
28599241
28601541
28603555
28604178
28604521
28605073
28607901
28608635
28610063
28610416
28611351
28612766
28613569
28614863
28618813
28619490
28621894
28623422
28623959
28624360
28631323
28631972
28634161
28636312
28637708
28640382
28642077
28642455
28643272
28643547
28645423
28646128
28647991
28651806
28652449
28655107
28656015
28657179
28657508
28662865
28663901
28664290
28668972
28670086
28706462
28707005
28709179
28709981
28710824
28713303
28714031
28714946
28715504
28715547
28720265
28721743
28723486
28723940
28725399
28726113
28728852
28732490
28734725
28735538
28804739
28804884
28805286
28805321
28806466
28807468
28807730
28808400
28809796
28811608
28811653
28812388
28813857
28816008
28819562
28820049
28820769
28822280
28823938
28827824
28839785
28841932
28842962
28845539
28846840
28848869
28851366
28851973
28853748
28855142
28857265
28859506
28860035
28861354
28863881
28864081
28865880
28866100
28866762
28866860
28870237
28871323
28872887
28874480
28877103
28877982
28878692
28878935
28879777
28884498
28885342
28887101
28888008
28889570
28889615
28892233
28896532
28898346
28899461
28903183
28903646
28904507
28905188
28906045
28907799
28908456
28909979
28913743
28916881
28917879
28918941
28925464
28926494
28926817
28929100
28931334
28932131
28968151
28969519
28970269
28970914
28971422
28973147
28973540
28975229
28979735
28980072
28982328
28984091
28984382
28985057
28990604
28991631
28992464
28995078
28996675
28997905
29066572
29066642
29067365
29067864
29068456
29069969
29070090
29070434
29071664
29073571
29073620
29074992
29076228
29077825
29081894
29082153
29083268
29084033
29085896
29090370
29099319
29100367
29102686
29103247
29103970
29107291
29108144
29108286
29109188
29113610
29114555
29116897
29116951
29118749
29119208
29121573
29125778
29128201
29128788
29197489
29197514
29198627
29198900
29199937
29200710
29200777
29201960
29203074
29204594
29205068
29206274
29206928
29208740
29213336
29213445
29214032
29214916
29216865
29221160
29262953
29263430
29264524
29264658
29265188
29266104
29266117
29268296
29270321
29270570
29271432
29272258
29274704
29278531
29278612
29279394
29280368
29282852
29287041
29295928
29296165
29296977
29297034
29298320
29298804
29299267
29300100
29300897
29303430
29303561
29304001
29304936
29307170
29311148
29311186
29312584
29313570
29315856
29319492
29400531
29404526
29406937
29407847
29413177
29414823
29416284
29418748
29420211
29422478
29433756
29437651
29439406
29445742
29448025
29448871
29451719
29452668
29470373
29472116
29480658
29481386
29485897
29502908
29505363
29505998
29510899
29513390
29514105
29518535
29520508
29535787
29537389
29545685
29546902
29551386
29568361
29570757
29578676
29580114
29584042
29594227
29596897
29597198
29598599
29600822
29602906
29603996
29604642
29606126
29609031
29611147
29612301
29615379
29615720
29616661
29618233
29618628
29630073
29634375
29636284
29637523
29642204
29644147
29645518
29648686
29649337
29651175
29666709
29669142
29677114
29677675
29681869
29699194
29701323
29709709
29711125
29714998
29721846
29723437
29724235
29725146
29726371
29727382
29728098
29729397
29730648
29733037
29735748
29737867
29738325
29739729
29740449
29741420
29745466
29746864
29749960
29765322
29767081
29775685
29776564
29780338
29788045
29788410
29789526
29791029
29791942
29792845
29793700
29794763
29795697
29797036
29800808
29803126
29803819
29805379
29806242
29807032
29810869
29812417
29815632
29820519
29821838
29823228
29826099
29826504
29827897
29830229
29832342
29833479
29833840
29835731
29838489
29839140
29840666
29841931
29844706
29845549
29847630
29848449
29891822
29896377
29898087
29904775
29906652
29907379
29910643
29911886
29913561
29929300
29931186
29939050
29940425
29944229
29961997
29963829
29971574
29972698
29984659
29984999
29987630
29990169
29990500
29991388
29994522
29996075
29997139
29997960
29999737
30002236
30002626
30004301
30005397
30009121
30009622
30011911
30026966
30029210
30037771
30038573
30042229
30049914
30051221
30051629
30052587
30054220
30054746
30056104
30057270
30057891
30059224
30061141
30063024
30065101
30065846
30067046
30068420
30069425
30073483
30074690
30077281
30082517
30083691
30084282
30086038
30086520
30087477
30088912
30089453
30090918
30092113
30093643
30096033
30098234
30099085
30099884
30101320
30102211
30106198
30106980
30110114
30158258
30160714
30168745
30173908
30180814
30182012
30184345
30187312
30187763
30190859
30193165
30193710
30196519
30199016
30199315
30200885
30201942
30205017
30205828
30206106
30208284
30208610
30213931
30214614
30215829
30216813
30217649
30218411
30220097
30221210
30222028
30222691
30224694
30227138
30228725
30230106
30231224
30231920
30233414
30237005
30238120
30241444
30280499
30282183
30284892
30285698
30286446
30289037
30291221
30292196
30292505
30294940
30297358
30297697
30299670
30300218
30303271
30303696
30304331
30306451
30307112
30445490
30447096
30448101
30451430
30452593
30454634
30457226
30459625
30460844
30462915
30465350
30465573
30467028
30469330
30469411
30471345
30471945
30472308
30472856
30478196
30480326
30481353
30483953
30485228
30487282
30489763
30490386
30492138
30493539
30495672
30497897
30498449
30499749
30502292
30502488
30504268
30504490
30505157
30505254
30508347
30509399
30511695
30512279
30512993
30515870
30516317
30517160
30517295
30518210
30522629
30523581
30525936
30525979
30527774
30528228
30530610
30534793
30537802
30543589
30545841
30546858
30549964
30550499
30552564
30555480
30555700
30558162
30558968
30563530
30563628
30565225
30567590
30568197
30569586
30570115
30570889
30571089
30573982
30574717
30576151
30576488
30577435
30578831
30579664
30580951
30584894
30585569
30587971
30589487
30590043
30590436
30596369
30597405
30598050
30600248
30602380
30603782
30606942
30608029
30609595
30610717
30611176
30613815
30614671
30615394
30615643
30616496
30621193
30622031
30623806
30624708
30626273
30626327
30628948
30633226
30635045
30636178
30674409
30676844
30677874
30680995
30682072
30684101
30686309
30686854
30689204
30689766
30692081
30694802
30694979
30696170
30698833
30699049
30700756
30700856
30701740
30702346
30704751
30706462
30706843
30707652
30707933
30709815
30710504
30712379
30716175
30716848
30719505
30720407
30721565
30721890
30727256
30728286
30731532
30733350
30734467
30738199
30738639
30739517
30740194
30741054
30742811
30743460
30744989
30748759
30749160
30751896
30752891
30753950
30754753
30760460
30761487
30761840
30766339
30767153
30803127
30804271
30806366
30807522
30807567
30810717
30811419
30811888
30812318
30813028
30817322
30818971
30820439
30821281
30822461
30823368
30825605
30830098
30831689
30832916
30901432
30901445
30902577
30903888
30904643
30904724
30905892
30907009
30908521
30908998
30910209
30910856
30912674
30917260
30917394
30917960
30918850
30920816
30925092
30937034
30938851
30939892
30943096
30944166
30946217
30948553
30948657
30951269
30952401
30953964
30956728
30957332
30958066
30960746
30961292
30963077
30963270
30964035
30964274
30967439
30967998
30970173
30970974
30971812
30974299
30975031
30975937
30976488
30976541
30981268
30982743
30984463
30984930
30986395
30987120
30989834
30993477
30995730
30996521
30999771
31001143
31001886
31002529
31003023
31004765
31005154
31006846
31011355
31011684
31013932
31015709
31015983
31022214
31023255
31024072
31026691
31028305
31029528
31065661
31066523
31067215
31067632
31068279
31070750
31071073
31073039
31076509
31077314
31079686
31080670
31081751
31082408
31087651
31088699
31089380
31091857
31094296
31094860
31163971
31165062
31165193
31165730
31166636
31168272
31168836
31170872
31171109
31171972
31172801
31175240
31179089
31179146
31179937
31180904
31183394
31187600
31196509
31197787
31199895
31200315
31201232
31203503
31204836
31204894
31205655
31206113
31210578
31211838
31213725
31214440
31215695
31216546
31218953
31222836
31224970
31226373
31294764
31295026
31295832
31295877
31297160
31297642
31298129
31298946
31299760
31302275
31302420
31302864
31306017
31310025
31311428
31312417
31314696
31318338
31360657
31360778
31361187
31361236
31362369
31363366
31363625
31364296
31365698
31367500
31368290
31369776
31371908
31375461
31375960
31376688
31378180
31379841
31383720
31393094
31393161
31393906
31394380
31394980
31396504
31396613
31396961
31398184
31400113
31400138
31401512
31402754
31404368
31408419
31408692
31409794
31410576
31412420
31416897
31493620
31496038
31497065
31500209
31501260
31503314
31505522
31506051
31508394
31508963
31511288
31513993
31514193
31515365
31518040
31519946
31520044
31520934
31521541
31526853
31528689
31529706
31532908
31533987
31536052
31538388
31538488
31541106
31542232
31543782
31546540
31547146
31547881
31550565
31551110
31552914
31553091
31553873
31554089
31556958
31558237
31560347
31560765
31561672
31563959
31565282
31565327
31566107
31566576
31571017
31572271
31574174
31574884
31576151
31576993
31579412
31583274
31585413
31586834
31592361
31593964
31594994
31598307
31599480
31601509
31604101
31604294
31606516
31607718
31609809
31612227
31612466
31613898
31616201
31616305
31618232
31618836
31619178
31622263
31623951
31624349
31625154
31625438
31627323
31628004
31629885
31633687
31634344
31637016
31637915
31639070
31639393
31644748
31645775
31646192
31649030
31650851
31651985
31655575
31656111
31658302
31659938
31663163
31664080
31664612
31664670
31669386
31670875
31672599
31673057
31674525
31675240
31677957
31681618
31683849
31684660
31725507
31726548
31729144
31730406
31732457
31734961
31735561
31737317
31738737
31740844
31743092
31743640
31744946
31747466
31747660
31749446
31749669
31750354
31750435
31754011
31754455
31755326
31756001
31756847
31758621
31759266
31760798
31764571
31764964
31768701
31769743
31770576
31776262
31777303
31777640
31779907
31782161
31782968
31786205
31787579
31788303
31788976
31789463
31791198
31793263
31797789
31800358
31802142
31802423
31803112
31808643
31809691
31810500
31813137
31814744
31815948
31851837
31852891
31855191
31855771
31856496
31859343
31859806
31860644
31860791
31861697
31866130
31867070
31869416
31869469
31871247
31871714
31874089
31878292
31880714
31881285
31950118
31950377
31951180
31952516
31952997
31953496
31954305
31955112
31957649
31957770
31958216
31959138
31961392
31965347
31966786
31967792
31970052
31973697
31985394
31988645
31991750
31992305
31994346
31997260
31997482
31999945
32000748
32002915
32005317
32005414
32007028
32009379
32010002
32011369
32011921
32012692
32012888
32015547
32016695
32018767
32019937
32019991
32023134
32024296
32024719
32025442
32029733
32031389
32032859
32033712
32034878
32035780
32038034
32042505
32044116
32045322
32048702
32049565
32050263
32051323
32053775
32054128
32056087
32059550
32060353
32062723
32063695
32064795
32065444
32070705
32071741
32072418
32074904
32077324
32077894
32114063
32114814
32116251
32116580
32117533
32118935
32119752
32121051
32124975
32125680
32128081
32129591
32130141
32130530
32136472
32137502
32140332
32142470
32143875
32212632
32212741
32213169
32213194
32214352
32215331
32215604
32216260
32217665
32219462
32219529
32220257
32221736
32223874
32227442
32227916
32228648
32230146
32231824
32235684
32245327
32246430
32247997
32249118
32249572
32252219
32253079
32253793
32254045
32254888
32259604
32260439
32262191
32263106
32264688
32267338
32271621
32273458
32274569
32343363
32343444
32344646
32345250
32346764
32346898
32347248
32348452
32350392
32351780
32353025
32354632
32358705
32360065
32360840
32362690
32367184
32408748
32408786
32409912
32410149
32411208
32411985
32412042
32414352
32415860
32416323
32417552
32418180
32420001
32424582
32425284
32426177
32432418
32441450
32441937
32443011
32443156
32443681
32444582
32444617
32446216
32446786
32448812
32449074
32449922
32450768
32453188
32457048
32457093
32457904
32458852
32461345
32465544
32506870
32522176
32529437
32607436
32608017
32610694
32610872
32616664
32621777
32622124
32628835
32629132
32675465
32679210
32679252
32680114
32688297
32688724
32690469
32690834
32705656
32706310
32709016
32714947
32720433
32727148
32806474
32810565
32810642
32811337
32821546
32838994
32839301
32842921
32844116
32844426
32852133
32852562
32854194
32854341
32902540
32905603
32905772
32911462
32912145
32916696
32923761
32924038
33066097
33066764
33069457
33069606
33075398
33075992
33080422
33080728
33087608
33087875
33101108
33101385
33105226
33105492
33106213
33114418
33116329
33116820
33166633
33166930
33171082
33171794
33172041
33179828
33182036
33295468
33296131
33298531
33304785
33305350
33309891
33310264
33317068
33317411
33521692
33522560
33548288
33570175
33587101
33717715
33726047
33738047
33744543
33750629
33750922
33791214
33791897
33795050
33798387
33798972
33803513
33805300
33809870
33810035
33842655
33878335
33881321
33881556
33881714
33895615
33897055
33914661
33914770
33926581
33926842
33928917
33936749
33936822
33937067
33937242
33938101
33941882
33942219
33942357
33994102
33994155
33994458
33994573
34003317
34003642
34003787
34007725
34007766
34019306
34023397
34028339
34032617
34033564
34039406
34042489
34045408
34087935
34134143
34143601
34143942
34164319
34170175
34173599
34176244
34176457
34184825
34185102
34187252
34192167
34196956
34203091
34205927
34208736
34224319
34238815
34241770
34242354
34254262
34254507
34254549
34254682
34264442
34264493
34264758
34264779
34264917
34269547
34279398
34286521
34289003
34289077
34289338
34289357
34289494
34298221
34298294
34298539
34298581
34298714
34362943
34381273
34381422
34387944
34388793
34393066
34393543
34393916
34399217
34399847
34409468
34418038
34418349
34418507
34428630
34432994
34433451
34433718
34440167
34446367
34478068
34479335
34483186
34486908
34491644
34492307
34497779
34501529
34570745
34575667
34575694
34576028
34577173
34579623
34580057
34580828
34581063
34584726
34587755
34589011
34589326
34591036
34591379
34595870
34599175
34602064
34643883
34647923
34649838
34650614
34655989
34657785
34659271
34662362
34663356
34665325
34676602
34680572
34682355
34683861
34688493
34691022
34692025
34695094
34696039
34697963
34742006
34745831
34748380
34749357
34754507
34756531
34757486
34760565
34761465
34763258
34789598
34834107
34834871
34836847
34841438
34848021
34849501
34855994
34860173
34862614
34863179
34872821
34877401
34879399
34885562
34887548
34888435
34891501
34892270
34894806
34965303
34965967
34968190
34972573
34977130
34978876
34980091
34986326
34987150
34991623
34993235
34994457
35031870
35034797
35037819
35044505
35046295
35051334
35053084
35056718
35059763
35063166
35064669
35066587
35070647
35077645
35078575
35089675
35091509
35092634
35102544
35106242
35108744
35109569
35114344
35116833
35117668
35120548
35121392
35123874
35135437
35139502
35141497
35142394
35147638
35149543
35150332
35153387
35154899
35156917
35227471
35228382
35230397
35234235
35242359
35253333
35255578
35256365
35293086
35293437
35296059
35299799
35307027
35308143
35314777
35319068
35320878
35321991
35325565
35328247
35332911
35334859
35339335
35340766
35347731
35351609
35353756
35355150
35364258
35368168
35370433
35371364
35376801
35379076
35380016
35382992
35383906
35386184
35405652
35412653
35416437
35423677
35424635
35427159
35431119
35437658
35439294
35446029
35448412
35449910
35452043
35453461
35456475
35457655
35459983
35463422
35470606
35472189
35478567
35482771
35485209
35485788
35495624
35499617
35501284
35502768
35508036
35509712
35511170
35515176
35516833
35521517
35522263
35525054
35535915
35537755
35544213
35548698
35550285
35551510
35556941
35560801
35565348
35567216
35568450
35573168
35575010
35576264
35579560
35580801
35582660
35593892
35598224
35600162
35600808
35606210
35608168
35608801
35612481
35613124
35615088
35696110
35698649
35699642
35704790
35706791
35707772
35710827
35711731
35713525
35724779
35729363
35731374
35732342
35737525
35739513
35740391
35743482
35744252
35790810
35794876
35796851
35797749
35802989
35804910
35805689
35808758
35810247
35812267
35815113
35882703
35883710
35885501
35889531
35896374
35898199
35904651
35909141
35910746
35911949
35921846
35925863
35927804
35933931
35935731
35937230
35941305
35943290
36007621
36013310
36014909
36016603
36018893
36020855
36027539
36029327
36036121
36039772
36041998
36042791
36079517
36079867
36082487
36086223
36089584
36093447
36094590
36101203
36104628
36105497
36107324
36108430
36111803
36112759
36115279
36119262
36125781
36127421
36134170
36136912
36138029
36140182
36141579
36150626
36155176
36157025
36158276
36162977
36164836
36166096
36170626
36172488
36183925
36187897
36189671
36191179
36195834
36198364
36199347
36203374
36205302
36275581
36277083
36278999
36283055
36290074
36291006
36297805
36302102
36303915
36305045
36333997
36341371
36342679
36344047
36348734
36350833
36355150
36356573
36363527
36367411
36369561
36370972
36373975
36375151
36377502
36380925
36388124
36389691
36393830
36396078
36397901
36400263
36402707
36403289
36417409
36419364
36420016
36425412
36427376
36428002
36431682
36432328
36434273
36472503
36473263
36475262
36479837
36487899
36494389
36498586
36500720
36501005
36501590
36505391
36508285
36512667
36513656
36516269
36517082
36518969
36520183
36521813
36527260
36531726
36533319
36534547
36544321
36548036
36550544
36551362
36556144
36558626
36559464
36562344
36563169
36565668
36570974
36571869
36573883
36577719
36584589
36585839
36593174
36595620
36596811
36599061
36599866
36609444
36615618
36616552
36621986
36624264
36625185
36628161
36629092
36631376
36637878
36642512
36646498
36649633
36652683
36654920
36656577
36658052
36662064
36663714
36676724
36680969
36725183
36732362
36746933
36804493
36805592
36808139
36808954
36810644
36811166
36812594
36816358
36816667
36817526
36819765
36820586
36821225
36823971
36825541
36828364
36829958
36854613
36867801
36870835
36871958
36876711
36878541
36882268
36883563
36888942
36890005
36893242
36900253
36900579
36902699
36903035
36906906
36907478
36908837
36909847
36910708
36914750
36915445
36917869
36918514
36920288
36921100
36921551
36922232
36924297
36924518
36926851
36928049
36935025
36939436
36940611
36940977
36943174
36948408
36950726
36951704
36952355
36956748
36969323
36996973
36998844
37001657
37002443
37007731
37009974
37013198
37015317
37020487
37020794
37024141
37031342
37034364
37035573
37040985
37042571
37045927
37047514
37053139
37054221
37056630
37064025
37067347
37068554
37071915
37073543
37075156
37078332
37080165
37085358
37086610
37089833
37096111
37096952
37099130
37103414
37105257
37106237
37106627
37106917
37110903
37112269
37114091
37115348
37116818
37118694
37120810
37121233
37123864
37129523
37132615
37133428
37134778
37139022
37141257
37143737
37145994
37151388
37152293
37153121
37155026
37164748
37168483
37169848
37170508
37172881
37178182
37179825
37180710
37182040
37185699
37195302
37198220
37204088
37209283
37260414
37261233
37262805
37263843
37264157
37266669
37268075
37268946
37269723
37270374
37271434
37273132
37275023
37275384
37276474
37278614
37279529
37280357
37282359
37284084
37285635
37288344
37293415
37296974
37297562
37303004
37304437
37307827
37309997
37315257
37315798
37319435
37328550
37332817
37333420
37334598
37336248
37341891
37343608
37344579
37345932
37349681
37359443
37362375
37362797
37368494
37370650
37373305
37375382
37381066
37381675
37384405
37391527
37394734
37395849
37400924
37402738
37406355
37408308
37413465
37417733
37420224
37424782
37427388
37428786
37433657
37435074
37435781
37439047
37440713
37445971
37447444
37449834
37457688
37460177
37466659
37471340
37478790
37490235
37490630
37491958
37493143
37496437
37497645
37498090
37499832
37500361
37504221
37504867
37505931
37507546
37508997
37509940
37510264
37511966
37513842
37514636
37516838
37525336
37528998
37530321
37530936
37533251
37538156
37540515
37541036
37542225
37546630
37555804
37558937
37559493
37564595
37567018
37569870
37572370
37576999
37577833
37581204
37588355
37591142
37597964
37602865
37611594
37627608
37628262
37629571
37631276
37636785
37638988
37639761
37640358
37644632
37657144
37663121
37686569
37701016
37708332
37789653
37793721
37795687
37796587
37801850
37803772
37804531
37807597
37809102
37811126
37822381
37826414
37828345
37829114
37834486
37836263
37837788
37840843
37841843
37843829
37877106
37887851
37891827
37893614
37895126
37899765
37902297
37903271
37906362
37907324
37909229
37934651
37979997
37980891
37982903
37986735
37993626
37994878
38002189
38005846
38008075
38008885
38018810
38022652
38025171
38026165
38031309
38033326
38034297
38037366
38038247
38040043
38055035
38058439
38111131
38111479
38117854
38125070
38126205
38132807
38137107
38138937
38140060
38166356
38176375
38177679
38179070
38183741
38184684
38190172
38191579
38198542
38202407
38204563
38205977
38209199
38209982
38211965
38216539
38223126
38224599
38231083
38235285
38237722
38238285
38247848
38251745
38254020
38254960
38260388
38262672
38263586
38266562
38267496
38269761
38280694
38285255
38287292
38288237
38293419
38296302
38299381
38300153
38302682
38304371
38372791
38373743
38376286
38380253
38386763
38388411
38395157
38399034
38400345
38401165
38402582
38438351
38439550
38441885
38445307
38452505
38454071
38460476
38464195
38464654
38467079
38471486
38472157
38474363
38478743
38485043
38486255
38493337
38497094
38497820
38499406
38501984
38510273
38515952
38517410
38522704
38524354
38525832
38528360
38529825
38531492
38569694
38570685
38572475
38576503
38583341
38585167
38591638
38596107
38597717
38598938
38601981
38603579
38605271
38609519
38616199
38618014
38622129
38623349
38624787
38628441
38630684
38631470
38640996
38645552
38647394
38648648
38653346
38655208
38656449
38659745
38660996
38662864
38667643
38669143
38671055
38675134
38682133
38683069
38689882
38694157
38695990
38697099
38703918
38706864
38711170
38713761
38719176
38721121
38721764
38724245
38725444
38726096
38728034
38735514
38739778
38743496
38745985
38746820
38751585
38754084
38757808
38758626
38761128
38802911
38807807
38816671
38829241
38829358
38829639
38886806
38903622
38907097
38909319
38910668
38915427
38917916
38918628
38918707
38921649
38922350
38924984
38943387
38967220
38970551
38971333
38971991
38972265
38975306
38980330
38982287
38982514
38984869
38989458
38992212
39001777
39005582
39008025
39008675
39014104
39015975
39016572
39020364
39020755
39022950
39028201
39029877
39031839
39033611
39039190
39044506
39051821
39058720
39093244
39097949
39100384
39101743
39102194
39103134
39111589
39112887
39113673
39116082
39119476
39120197
39122818
39130782
39130981
39134551
39136202
39140946
39144015
39145787
39146228
39148873
39149189
39152948
39154858
39161740
39164152
39168425
39170865
39175325
39175782
39182787
39198060
39202579
39204398
39205720
39210406
39212153
39213255
39216803
39217564
39219921
39227000
39229487
39230353
39235811
39241164
39245077
39248678
39259341
39262778
39266335
39268757
39274262
39280747
39290691
39298644
39307858
39309642
39361976
39365735
39367900
39374508
39376275
39377678
39381561
39383875
39392431
39396955
39398117
39403145
39405757
39405915
39408554
39411284
39417125
39417490
39418162
39423542
39426445
39432314
39437515
39445269
39453683
39458103
39458398
39458537
39462557
39463247
39473637
39476521
39476874
39479122
39483572
39483977
39488977
39492195
39498630
39503672
39508688
39510252
39522083
39524806
39526773
39531116
39535857
39543704
39560842
39561876
39571625
39591619
39595580
39597171
39598758
39604049
39605454
39606681
39609720
39611143
39612844
39620378
39622869
39629355
39634029
39637364
39641494
39648416
39652582
39656236
39662040
39667587
39674481
39687465
39703109
39718283
39721078
39727885
39732789
39735327
39739610
39746880
39757106
39757129
39757994
39765638
39785650
39785812
39790930
39799082
39813349
39813940
39814025
39827461
39832596
39841810
39947761
39948062
39949941
39951203
39954221
39955339
39956082
39957051
39957446
39957738
39961711
39962552
39963098
39964918
39966153
39967621
39968294
39969175
39969516
39971636
39972035
39974673
39975032
40004314
40013639
40016590
40017018
40022716
40024853
40027507
40029581
40034745
40035894
40038603
40046540
40047853
40049039
40052331
40053562
40054004
40054910
40055729
40056274
40058627
40061846
40063445
40064906
40065833
40066161
40067555
40069733
40070552
40072748
40073414
40080806
40085201
40085868
40087174
40088888
40094371
40096600
40097347
40097964
40102225
40127166
40129367
40144595
40147623
40148749
40150807
40153518
40155354
40159065
40160374
40165756
40166795
40170037
40177337
40180147
40180950
40186215
40188461
40191708
40193803
40198990
40199285
40202650
40209703
40212814
40213609
40219228
40220065
40221458
40223923
40226196
40231577
40232490
40235205
40242301
40244683
40245734
40246043
40248570
40249974
40250821
40251607
40252268
40253332
40256926
40257265
40258357
40260493
40261426
40262250
40262860
40264239
40265961
40267526
40268899
40270225
40275118
40278332
40279442
40284505
40286309
40291881
40297043
40297684
40301322
40310609
40314284
40315587
40316209
40318534
40323448
40325798
40326328
40327491
40331916
40340696
40355596
40360468
40362086
40397653
40403957
40406427
40406758
40408886
40410028
40413645
40415018
40416015
40416873
40418513
40421611
40424058
40424677
40425940
40427288
40427742
40430482
40430700
40433030
40439228
40442233
40443435
40448851
40450454
40453806
40455381
40460999
40462106
40464493
40474328
40478054
40479409
40480088
40482435
40487756
40489379
40490284
40491601
40495270
40504686
40508252
40508821
40514265
40515691
40519079
40521274
40526515
40527053
40530710
40537756
40540345
40541733
40546611
40548746
40552014
40553682
40555952
40558919
40560393
40562804
40570457
40573587
40574154
40579239
40581684
40584540
40587013
40591662
40592498
40595849
40602723
40606470
40609172
40612044
40624696
40635599
40638362
40639441
40642006
40642805
40644489
40645347
40646437
40647782
40650220
40651373
40653611
40654452
40655090
40656259
40657019
40659402
40660529
40670563
40675000
40676166
40676515
40678732
40683953
40686284
40687249
40687910
40692312
40701267
40704583
40705812
40710798
40712393
40715577
40717418
40722620
40723845
40727090
40742405
40743025
40748230
40755971
40769196
40773443
40774072
40775244
40776881
40782534
40784241
40785222
40786584
40790307
40800017
40802499
40821132
40835180
40842008
40842592
40853713
40895359
40900586
40905716
40909433
40909607
40913897
40914172
40914547
40920295
40920974
40923964
40938639
40940829
40943298
40949271
40949822
40951617
40953947
40955248
40957352
40958628
40968697
40971547
40973839
40975792
40981565
40982615
40984232
40986782
40990530
40991073
40996427
40996517
40999338
40999574
41005229
41005428
41010517
41010898
41017658
41018185
41037342
41038907
41041732
41047119
41048221
41049442
41052439
41053601
41055920
41070115
41071724
41080017
41081222
41085720
41094330
41097525
41098066
41103691
41104069
41108916
41109133
41116246
41116330
41124316
41124654
41131456
41149447
41154704
41167927
41170014
41172641
41178267
41179407
41180880
41183773
41185096
41186660
41187746
41201041
41211448
41212003
41216204
41221129
41222335
41233528
41235651
41244044
41245457
41249318
41256680
41257904
41260579
41263970
41264920
41265542
41272260
41273553
41275500
41291094
41291466
41294413
41294516
41296793
41305387
41305925
41312437
41312626
41322448
41323233
41325474
41325766
41329124
41329777
41331244
41337704
41339651
41341336
41367776
41378841
41387053
41388314
41390165
41394699
41402518
41430109
41432215
41434472
41440542
41441819
41442724
41445423
41447074
41447920
41449153
41454893
41455444
41458010
41458377
41464405
41464498
41469290
41476517
41476747
41496332
41498161
41505894
41507032
41511299
41517299
41517692
41524243
41545742
41561286
41563544
41566398
41572908
41576561
41584481
41585602
41587428
41588492
41591720
41592195
41593048
41601126
41603633
41616866
41618276
41620424
41620600
41624304
41625126
41626385
41632673
41634188
41636035
41649685
41650315
41652278
41656589
41664602
41684402
41684629
41687211
41687397
41693494
41694026
41698906
41698985
41705805
41706196
41728028
41728896
41733568
41739283
41748388
41748968
41751408
41751953
41755585
41755852
41756771
41763554
41765432
41767686
41780502
41781325
41783834
41787541
41795627
41812583
41812878
41837582
41840681
41841282
41845914
41846837
41849099
41853014
41861645
41878603
41880086
41881741
41885754
41894165
41919648
41929344
41931040
41983862
41987815
41991117
41995755
41998291
41999278
42002357
42003321
42005242
42016501
42020345
42022855
42023851
42029018
42031036
42031987
42035053
42035950
42037750
42055148
42069364
42081773
42086350
42088377
42089338
42094518
42096487
42097404
42100459
42103765
42161579
42173815
42175311
42177246
42181309
42188299
42196053
42200346
42201243
42202157
42213323
42217395
42219374
42220278
42225525
42227449
42228199
42232796
42234797
42305135
42306462
42307837
42317210
42318937
42320343
42327324
42331182
42333319
42334739
42363245
42367690
42370526
42371709
42374043
42377463
42384659
42386223
42390498
42392633
42396828
42399246
42399815
42403549
42404539
42406327
42417210
42419038
42425485
42429974
42431563
42432789
42442401
42444435
42446724
42448688
42449314
42454279
42454736
42457320
42461000
42461633
42463588
42475450
42479484
42481395
42482165
42487533
42489326
42490841
42493910
42494887
42496637
42499399
42567358
42568125
42570107
42574679
42581261
42582735
42583026
42589238
42593419
42595861
42596442
42625466
42628938
42633691
42635895
42646567
42647806
42654867
42658358
42659353
42660956
42662158
42665211
42666807
42668495
42672766
42679438
42681245
42688007
42691667
42694716
42704708
42708432
42710914
42711752
42716514
42719016
42719841
42722721
42723556
42726064
42752378
42764123
42765015
42767023
42770878
42779005
42786330
42789965
42792214
42793003
42796951
42797295
42799934
42803677
42810908
42812027
42812858
42818638
42822426
42824755
42825881
42835376
42839266
42842465
42847912
42850177
42851108
42853657
42854084
42855024
42857282
42861999
42865501
42869467
42875990
42877623
42884363
42888245
42890394
42891789
42901186
42902323
42905192
42906849
42908324
42913601
42915268
42916752
42919280
42922408
42933608
42935182
42938145
42940004
42941264
42945956
42947824
42949058
42955457
42959391
42961210
43001471
43012927
43023667
43023708
43024022
43048341
43097772
43101587
43104014
43104696
43110086
43111993
43112551
43116355
43116764
43118961
43160894
43161449
43165021
43165618
43165886
43171412
43174388
43174491
43174825
43176677
43179338
43183397
43185801
43200284
43202099
43203398
43208113
43209838
43210969
43214520
43217612
43224267
43227702
43233677
43239189
43245690
43287539
43291835
43292628
43296229
43297079
43297513
43302538
43305615
43307343
43309674
43310661
43314514
43316521
43317428
43320302
43324733
43329167
43329394
43329886
43334624
43334821
43337911
43338693
43340265
43340722
43347529
43349442
43349588
43350314
43355223
43355960
43358673
43364963
43369708
43376701
43377542
43392728
43394988
43396647
43398268
43399857
43405132
43407758
43410790
43412249
43413923
43420913
43424547
43430342
43435928
43438237
43442796
43453850
43456629
43463435
43468333
43474002
43475158
43488581
43504201
43556689
43560142
43562393
43563715
43568504
43570951
43571772
43574700
43575411
43578022
43582457
43587493
43592170
43592285
43597386
43600190
43601557
43601888
43617389
43621146
43626709
43632022
43634719
43639339
43646272
43653074
43656507
43656948
43657879
43662644
43662665
43665751
43675205
43676640
43676837
43683715
43686118
43692844
43693206
43697777
43701130
43704792
43719564
43722633
43725048
43730371
43734285
43735698
43737905
43763882
43764041
43764308
43785638
43789433
43791559
43792748
43796047
43798179
43799964
43801363
43804369
43805230
43807576
43814453
43817355
43820063
43823222
43828442
43836173
43847116
43850360
43856785
43861798
43868387
43875968
43882006
43885737
43885876
43887237
43909247
43912982
43915469
43921978
43934101
43962962
43976049
43980426
43984202
43985074
43993737
44008042
44008338
44009153
44014601
44032290
44033029
44050335
44059263
44061151
44072124
44072531
44095181
44129101
44146040
44150535
44152380
44153681
44158380
44160115
44161230
44161968
44164774
44165529
44165986
44167875
44205049
44209906
44214132
44214622
44219360
44222653
44223434
44228244
44234026
44234053
44244678
44248633
44250215
44251820
44257091
44258524
44259731
44262769
44264206
44265912
44273046
44275019
44275821
44282650
44287531
44294357
44316501
44341161
44344926
44345842
44350772
44353883
44354292
44356254
44358826
44361696
44365937
44366469
44369908
44373595
44377325
44378775
44383562
44383881
44387242
44388527
44391122
44391721
44395698
44404337
44413158
44418520
44426028
44441009
44444782
44446937
44448099
44453560
44455303
44456732
44459724
44460595
44462918
44469699
44472934
44479372
44484401
44491000
44505291
44511798
44516474
44517407
44523917
44537428
44541266
44550725
44578477
44595513
44605091
44608924
44611347
44612006
44617425
44619310
44623704
44624071
44626284
44635447
44636010
44639579
44641236
44645957
44648635
44648933
44651433
44654218
44655797
44657962
44666074
44669493
44673055
44675467
44680973
44687478
44694688
44696558
44700862
44703307
44705257
44705373
44711570
44714639
44714738
44716980
44726612
44732198
44734924
44741240
44745955
44753809
44764396
44768056
44773841
44779398
44786275
44803242
44804690
44810968
44812596
44814674
44814981
44834636
44838099
44840334
44841688
44846438
44848921
44849703
44852643
44853372
44855985
44862571
44866326
44871885
44877205
44884538
44891712
44896152
44898545
44905251
44910188
44917190
44930213
44935753
44937528
44945586
44945737
44961325
44964250
44970101
44975318
44983051
44989728
44995868
44999973
45000873
45033136
45033797
45044005
45044298
45056468
45056809
45070346
45084692
45091815
45100469
45100730
45100886
45110637
45110710
45110955
45111130
45111989
45114353
45115770
45128765
45133161
45136155
45137793
45141150
45145712
45147663
45150295
45152036
45152482
45161551
45169182
45170472
45174039
45178084
45179963
45182850
45183133
45184609
45185488
45192409
45194534
45196398
45197875
45201740
45206300
45206691
45207943
45210123
45213329
45216344
45227163
45230925
45234231
45235810
45238181
45239837
45243841
45245534
45247188
45248304
45248783
45249768
45256588
45259000
45265713
45270630
45277635
45290894
45293137
45294803
45295740
45297352
45300355
45304359
45305176
45306649
45311276
45314214
45320130
45320932
45321330
45323176
45325061
45326832
45330634
45335945
45343284
45358366
45364331
45365341
45366512
45370415
45375368
45376663
45379172
45380123
45382433
45386982
45390636
45396440
45401987
45411864
45420323
45421269
45423046
45429356
45430434
45434097
45441944
45447235
45449653
45449914
45450070
45462549
45463360
45470746
45471136
45475862
45476544
45477121
45482399
45484638
45487891
45489324
45492423
45493666
45496632
45500537
45502086
45503022
45504868
45508163
45510993
45515981
45516138
45517649
45531564
45535538
45536960
45537441
45539371
45550049
45550804
45552482
45554217
45556676
45560210
45564648
45565706
45572197
45581849
45582483
45584423
45588750
45596764
45620759
45622987
45627535
45628868
45632603
45636010
45638941
45640929
45641790
45643664
45644392
45648566
45651047
45653656
45655609
45656846
45660337
45664659
45665868
45666524
45674787
45677574
45682129
45685347
45691782
45692272
45696824
45699413
45703404
45712872
45714288
45714986
45716417
45717908
45720290
45723753
45728676
45728965
45736722
45747832
45751185
45756643
45761996
45769510
45777269
45777579
45777754
45785804
45788173
45788832
45798411
45798752
45799445
45799970
45803546
45804352
45810357
45812134
45812491
45814124
45831840
45843719
45844558
45847068
45850777
45858867
45879599
45880892
45882691
45885191
45885849
45890118
45893838
45894961
45895795
45900984
45904524
45911817
45912548
45914322
45918548
45920805
45925328
45925492
45932938
45941114
45941581
45942482
45943468
45952026
45967373
45967712
45975609
45977875
45981767
45990414
46008164
46009288
46009733
46011120
46012522
46015393
46019348
46023138
46024242
46031049
46040147
46041607
46043278
46047292
46055705
46072878
46074140
46075993
46080531
46088327
46155487
46216886
46239654
46241238
46242583
46245109
46246509
46247370
46248143
46248824
46249865
46251569
46253795
46254891
46257050
46257957
46258804
46259416
46260798
46262514
46264076
46266755
46280365
46295883
46304636
46308185
46308747
46314195
46315638
46319022
46321205
46326439
46327002
46330637
46337246
46337905
46339989
46340669
46341059
46343629
46344427
46346130
46348074
46349420
46352143
46353018
46355254
46356073
46356709
46358647
46359468
46361044
46362147
46365464
46372536
46376774
46377393
46378584
46380195
46385868
46387555
46388556
46389905
46393638
46434797
46436174
46439132
46439541
46445241
46447371
46450023
46452122
46457267
46458413
46461142
46468807
46471854
46472986
46477756
46479573
46483283
46484589
46489977
46491030
46494251
46501052
46504249
46505349
46509889
46510419
46512234
46515854
46517810
46522951
46523593
46527252
46536493
46537656
46540683
46541274
46542644
46543345
46543646
46544498
46546115
46548934
46549238
46551669
46552298
46553545
46554770
46558085
46558328
46560652
46561830
46567065
46569651
46571050
46575911
46578068
46581340
46582981
46588238
46589714
46592105
46601574
46607180
46607526
46614947
46617304
46618924
46623313
46635206
46641802
46642693
46646385
46653848
46698031
46698456
46699770
46700958
46701297
46704246
46705461
46705897
46708165
46710534
46712684
46713741
46715339
46716820
46717746
46718051
46719462
46719771
46721642
46722449
46725324
46730931
46733735
46734541
46737819
46739822
46742074
46747414
46752604
46752875
46756245
46765891
46769592
46770886
46771491
46773836
46778737
46781100
46781617
46782790
46787224
46796217
46797739
46799219
46800438
46805831
46807437
46810812
46812363
46817998
46819093
46821498
46829139
46829933
46832263
46832852
46837934
46840361
46842911
46845706
46850364
46851173
46854546
46856273
46861639
46864974
46866185
46871196
46871637
46872786
46875955
46877812
46883001
46884234
46887461
46894476
46897272
46904081
46908966
46927331
46927645
46929515
46930139
46930790
46933818
46934934
46935653
46936631
46937036
46937332
46939544
46941310
46942677
46944493
46945746
46947210
46947884
46948751
46949112
46951209
46954243
46962092
46966467
46967160
46968460
46970161
46975654
46977873
46978630
46979256
46983491
46992686
46995804
46996594
47001296
47002201
47004421
47006887
47009161
47014547
47015476
47018186
47028771
47034758
47043850
47060689
47064428
47065763
47066449
47068806
47074136
47075750
47076664
47077955
47081644
47090790
47100120
47101704
47105411
47121977
47126929
47132771
47137996
47199606
47199659
47200077
47208811
47209146
47209165
47209302
47212973
47226398
47230266
47233181
47234512
47238223
47243048
47244567
47246564
47247419
47250017
47266063
47267716
47271067
47275618
47277597
47279553
47280222
47281968
47282408
47285965
47289468
47292035
47293991
47295257
47298726
47303054
47304273
47304915
47310168
47313196
47324253
47333153
47336734
47340784
47342639
47345544
47345815
47347300
47348162
47353286
47356524
47362968
47367971
47374577
47387847
47390008
47391865
47393326
47397201
47401747
47402156
47403420
47408774
47411779
47418210
47418921
47420356
47421842
47427685
47432624
47432916
47455375
47459157
47462037
47462462
47464040
47468055
47472068
47473755
47476514
47477021
47477985
47479696
47484515
47487878
47493356
47498705
47500457
47506232
47517585
47519971
47526694
47531640
47535158
47536496
47538636
47541318
47549707
47551021
47568917
47569568
47573027
47584665
47586886
47588558
47589491
47594124
47598140
47598915
47600391
47605041
47607992
47612278
47612331
47612597
47612634
47612749
47623190
47623872
47625227
47625568
47634458
47635264
47638541
47638944
47646664
47647472
47649697
47651604
47653346
47657161
47661924
47662469
47669810
47678748
47679577
47682067
47685767
47693870
47713653
47717659
47723222
47725794
47734657
47735966
47738480
47739407
47740360
47741732
47741973
47743199
47748659
47750476
47752988
47753607
47756968
47757912
47759802
47761346
47762726
47763566
47768739
47772305
47779064
47782705
47788483
47794060
47800934
47811496
47812357
47813104
47817569
47826034
47833481
47845164
47847896
47852338
47853067
47854193
47858918
47866755
47879585
47885361
47895704
47898699
47907179
47907514
47907670
47918432
47920154
47929152
47929760
47933462
47934144
47940755
47941671
47943950
47947868
47956505
47978254
47979697
47981971
47982812
47986979
47990887
47992472
47993401
48001350
48007024
48008129
48008596
48009954
48011369
48014244
48018194
48023082
48029893
48038317
48038603
48043716
48051213
48051616
48057154
48060427
48071758
48073244
48079002
48080996
48087220
48087303
48105378
48106706
48108392
48110117
48112592
48116106
48120545
48121609
48128116
48138515
48140359
48144910
48170503
48171150
48173116
48177433
48185427
48214560
48218560
48242137
48244709
48245738
48254414
48254780
48254867
48255986
48264071
48279069
48280631
48283464
48288862
48289947
48291172
48294159
48295330
48297633
48298704
48308192
48311343
48321687
48322846
48327195
48328528
48330088
48331172
48336205
48336596
48339546
48339625
48345522
48345749
48350518
48351050
48357547
48357733
48376923
48379023
48381296
48387357
48388631
48389544
48392034
48392254
48399007
48409804
48412049
48420614
48421432
48425059
48430098
48434597
48434827
48437430
48437610
48443693
48444244
48449109
48449202
48456026
48456393
48463488
48483552
48493152
48508062
48510235
48512708
48518671
48519229
48521026
48523351
48524641
48526768
48528040
48529727
48541222
48551107
48552332
48556817
48572726
48573827
48576268
48584241
48584806
48589016
48593925
48597730
48599972
48600268
48603624
48604259
48605752
48612208
48614150
48615825
48631098
48631625
48634197
48640587
48640677
48645293
48645492
48652714
48652950
48663492
48665320
48669616
48670086
48670929
48677345
48679020
48681140
48681507
48693491
48726915
48727189
48728107
48730390
48734285
48742938
48770327
48772638
48774561
48780347
48781391
48783024
48785565
48787144
48789316
48789858
48794805
48794994
48797995
48798533
48804182
48809385
48809626
48816717
48816820
48835697
48837830
48846232
48847619
48851500
48861277
48864270
48883136
48901912
48903715
48906707
48911468
48916870
48921609
48924132
48925544
48927696
48927857
48931553
48932396
48933635
48939938
48941464
48943302
48957352
48957936
48960353
48960899
48964546
48964824
48965734
48972516
48974385
48976652
48989270
48990733
48992410
48996405
49004811
49024598
49024682
49027508
49027725
49033402
49033577
49038667
49039045
49045813
49046354
49053934
49054169
49054323
49068051
49083416
49089441
49091042
49092134
49095524
49096465
49097100
49103816
49105091
49107064
49120314
49121557
49127958
49135757
49186315
49186966
49193242
49201237
49218829
49219674
49222165
49225867
49233974
49243650
49251936
49260832
49273856
49317287
49317498
49318254
49318805
49320171
49320796
49324761
49324854
49332685
49332915
49349878
49350489
49351379
49351469
49353178
49353383
49357230
49357429
49365372
49365899
49384856
49387633
49394435
49406150
49415637
49415854
49416636
49416811
49418617
49419158
49422573
49423187
49431239
49431354
49452613
49456788
49457802
49465682
49486028
49489174
49492536
49497187
49504657
49523748
49525840
49534082
49535240
49546611
49547149
49547514
49550030
49550133
49553867
49554108
49562041
49562230
49572483
49583433
49588389
49596068
49597001
49620261
49629844
49650754
49658372
49669168
49672328
49679921
49681571
49685848
49701644
49716484
49723464
49728546
49734785
49738256
49744135
49753153
49755268
49763600
49764866
49768488
49809116
49809195
49809878
49810105
49811891
49812077
49815911
49816474
49823989
49824590
49830534
49836121
49843395
49852812
49858321
49882757
49883465
49891909
49893970
49917456
49919010
49927240
49928321
49932548
49946370
49947826
49957157
49963368
49978408
49985808
49990788
50003999
50011280
50018337
50023944
50029636
50032898
50074709
50076440
50087302
50113794
50123809
50124868
50127456
50129040
50142721
50143785
50149506
50154576
50160904
50163748
50211976
50214145
50222596
50223152
50227266
50372090
50376668
50379637
50384813
50386798
50387705
50388787
50390774
50391527
50394059
50405334
50409383
50411388
50412269
50417515
50419443
50420206
50423285
50424793
50426810
50470837
50474873
50476775
50477547
50482938
50484732
50489293
50490286
50492278
50559397
50562494
50563453
50565979
50569943
50576461
50578095
50584854
50588715
50590869
50592282
50601837
50605806
50607609
50609114
50613750
50616263
50617276
50620331
50621299
50623221
50693597
50694779
50697111
50700527
50702275
50707719
50709310
50714979
50719897
50722332
50722894
50736982
50759483
50760151
50762351
50766750
50769013
50773038
50774269
50779860
50781319
50785811
50787417
50788636
50793167
50795198
50799037
50805899
50807163
50814485
50818138
50820365
50821174
50824828
50836706
50838184
50843458
50845128
50846593
50849121
50850596
50852272
50863851
50867699
50870222
50871222
50876373
50878393
50879335
50882426
50883324
50885101
50887711
50955995
50956983
50958767
50962814
50969653
50971485
50982413
50984022
50985227
51021047
51022639
51024350
51028605
51035292
51037083
51043854
51047495
51049747
51050553
51054479
51054846
51057469
51061211
51064374
51068441
51069559
51076188
51079957
51080462
51082279
51083411
51092848
51099240
51100481
51105192
51107041
51108292
51111588
51114690
51153758
51155677
51159739
51166742
51167671
51174475
51178773
51180602
51181709
51187963
51192631
51193197
51194581
51199059
51200463
51206810
51206993
51211324
51213454
51214855
51224226
51228552
51230497
51231140
51236545
51238500
51239152
51242832
51243458
51245416
51251161
51251643
51253623
51258191
51264794
51266270
51272749
51276950
51279371
51279957
51289928
51293633
51296132
51296976
51301732
51304240
51305058
51307938
51308776
51311265
51322273
51326180
51328464
51329378
51332406
51334832
51337090
51338024
51341000
51341921
51344196
51364832
51468661
51482173
51483883
51485414
51488378
51489590
51490021
51490935
51491756
51492308
51494680
51496158
51496817
51497877
51499469
51500946
51501866
51505769
51506566
51508771
51509457
51521918
51545974
51547822
51548922
51550652
51551445
51556729
51558955
51562183
51564314
51569491
51569773
51573142
51580015
51582426
51583774
51586294
51587701
51588553
51589341
51591045
51594988
51596077
51598219
51599156
51599986
51601979
51602374
51603690
51606648
51615564
51619235
51620568
51621164
51623505
51628390
51630769
51631270
51632472
51636867
51678631
51681646
51682874
51688284
51689877
51693235
51694797
51700441
51701526
51703915
51711347
51715469
51720910
51722362
51725753
51727926
51733180
51733707
51737365
51743162
51744334
51747484
51748050
51753145
51755557
51758407
51760905
51765555
51766388
51769738
51776731
51779478
51780556
51783125
51783917
51785610
51786127
51787561
51791331
51791645
51792491
51794746
51795557
51796212
51797400
51798961
51800530
51801644
51803334
51804931
51809628
51812953
51819155
51820746
51823918
51825778
51830951
51832201
51835444
51839847
51844771
51849048
51849638
51852460
51854944
51858129
51859820
51860817
51862150
51865912
51875217
51884806
51894313
51896524
51940844
51943021
51943631
51944312
51947307
51948442
51949172
51950142
51950545
51950834
51954811
51955622
51956182
51958005
51959242
51960713
51962269
51962595
51964709
51965144
51967756
51968102
51973977
51976915
51977334
51983015
51985165
51987836
51989899
51995054
51996213
51998938
52008369
52012748
52013411
52014737
52016422
52021944
52024134
52024920
52025507
52029772
52039388
52042425
52043531
52048307
52050134
52053838
52055157
52060519
52061594
52064813
52071737
52074835
52075626
52081223
52083476
52085948
52088197
52093582
52094514
52097225
52104371
52107559
52108692
52113742
52115561
52117941
52119193
52121130
52122978
52123789
52126300
52126917
52130578
52137158
52140588
52146584
52152067
52158577
52170142
52170481
52172597
52172925
52176781
52177355
52178738
52179739
52180586
52182220
52185338
52187766
52188393
52189637
52190982
52191447
52192108
52194196
52194403
52196753
52197944
52205254
52209009
52210348
52211014
52213400
52218691
52220344
52221219
52222540
52226225
52235911
52238510
52239913
52244796
52246930
52249259
52250195
52251860
52257113
52258570
52260965
52268152
52271433
52277443
52282764
52290086
52303224
52307622
52308817
52309176
52311363
52316588
52318915
52319884
52320561
52324934
52334115
52337285
52343082
52348113
52355864
52367116
52376113
52388227
52434559
52439519
52460711
52534993
52538926
52540537
52542115
52547416
52548807
52550044
52553068
52554515
52556198
52567695
52598629
52602167
52602793
52603549
52611407
52613088
52613725
52616489
52622514
52631288
52633004
52636787
52638926
52640120
52645542
52647321
52648711
52651715
52652604
52654929
52662029
52664538
52669780
52671029
52675702
52683147
52690496
52715155
52724718
52729714
52733876
52734142
52739657
52742743
52743113
52749485
52754058
52766186
52766425
52767023
52767474
52770469
52780372
52786144
52786482
52787860
52792547
52796198
52801996
52807569
52811834
52814456
52829044
52830019
52833500
52835731
52837062
52841841
52844302
52845113
52848056
52848743
52851372
52858758
52861164
52867896
52872803
52879825
52891179
52892703
52894102
52899949
52905173
52912922
52924835
52925748
52930889
52941394
52993382
52997913
52999719
53001036
53005731
53007484
53008321
53008595
53012145
53012878
53015256
53024692
53028510
53029353
53034154
53037802
53039602
53039695
53042770
53042821
53046597
53047605
53048650
53054869
53057643
53063520
53064470
53069370
53076173
53089770
53093551
53094354
53094900
53099813
53102910
53103333
53105303
53114452
53120620
53123992
53129457
53134790
53142307
53153240
53155657
53162883
53167916
53174502
53177040
53188242
53192869
53193354
53201481
53203242
53221283
53223096
53226887
53229340
53230001
53235404
53237870
53241670
53242073
53242786
53244259
53251286
53254701
53260698
53266187
53268511
53272693
53284657
53287363
53293670
53298424
53303565
53306252
53334665
53349225
53349498
53356575
53358795
53364109
53371446
53384361
53389650
53398164
53399877
53421637
53430441
53445066
53445426
53445509
53451781
53464082
53482399
53485552
53490158
53497299
53497639
53497756
53498853
53503598
53503801
53506675
53523535
53531805
53532951
53534408
53537310
53538628
53540194
53541281
53554270
53556379
53558628
53564687
53565981
53566882
53569591
53571233
53573328
53574472
53579177
53579418
53582005
53582194
53588267
53588805
53593677
53593780
53600598
53600970
53619863
53622046
53623649
53623897
53630491
53631023
53636456
53638564
53639842
53641407
53652888
53655299
53663276
53663857
53668038
53672970
53677366
53677898
53680461
53680852
53686874
53686953
53691563
53691749
53698994
53699221
53707219
53721984
53737508
53751069
53753367
53755304
53761086
53762139
53763748
53766287
53767874
53770049
53770608
53772639
53783660
53785809
53794182
53795608
53799459
53817094
53818936
53826659
53827788
53832081
53839778
53840356
53842792
53843352
53846992
53847238
53848177
53854945
53856812
53859075
53874261
53874354
53877157
53883062
53888346
53888713
53895469
53896020
53905124
53906344
53907952
53909041
53913356
53913987
53920706
53922008
53923942
53936377
53937052
53950483
53955612
53970187
53971030
53973517
53985333
53995024
54002667
54013455
54015037
54017858
54023255
54024350
54025569
54028571
54029744
54032040
54033092
54037835
54038213
54041174
54041258
54047156
54047373
54052149
54052690
54059194
54059369
54067519
54078659
54080908
54089489
54090278
54093944
54098953
54100206
54119648
54126464
54129248
54133343
54144561
54146150
54154456
54155651
54160140
54167496
54168304
54170529
54170819
54174178
54174840
54176294
54182756
54184721
54186380
54201281
54204166
54207396
54207889
54208716
54215144
54216803
54219320
54232205
54233146
54235413
54239307
54247958
54267053
54267252
54270266
54276437
54276818
54281642
54281878
54288971
54289061
54297209
54311136
54312193
54330849
54332258
54334404
54334572
54338280
54339107
54340376
54346672
54348166
54350033
54363221
54364683
54366358
54370349
54378778
54409864
54415136
54420704
54426628
54428726
54429965
54431834
54436373
54444171
54461978
54462613
54464555
54468886
54476877
54498880
54504456
54511936
54535999
54546687
54558041
54558350
54631843
54635644
54637779
54638950
54644401
54646158
54647577
54650584
54651431
54653772
54676435
54690791
54695101
54699506
54700788
54708894
54710615
54713938
54718025
54719456
54719796
54720682
54730584
54734023
54736284
54736737
54737617
54742380
54744851
54745584
54745646
54748582
54749305
54751907
54761877
54772941
54780694
54826302
54826725
54826954
54830735
54830953
54831709
54839471
54840242
54841947
54845065
54848842
54854649
54859087
54859698
54864357
54865558
54872375
54874080
54874781
54877364
54881577
54883909
54889926
54893164
54899608
54900914
54904611
54911217
54911247
54927014
54930841
54933255
54933932
54941244
54941811
54945617
54945998
54948216
54955820
54958552
54964849
54969574
54970981
54976574
54977411
54987894
54991629
54997210
55002507
55009845
55021187
55023177
55036244
55038117
55065995
55082162
55090892
55094835
55096430
55098040
55103302
55104729
55105927
55108963
55110428
55112113
55121385
55125738
55126359
55129812
55135156
55136997
55139626
55139913
55143589
55152395
55154902
55161389
55166069
55167007
55173530
55180928
55182332
55187061
55187099
55189472
55190877
55191461
55192521
55197258
55199927
55200234
55202546
55202665
55205189
55205524
55212370
55217400
55217431
55221041
55226819
55227816
55232396
55239270
55250833
55253219
55259942
55264888
55267516
55271884
55289426
55290186
55298693
55300692
55319921
55324430
55326265
55327555
55332280
55333991
55335132
55338668
55339411
55341766
55348621
55351418
55358229
55358802
55363126
55369931
55381603
55384966
55387167
55388811
55390444
55395793
55398746
55403320
55405138
55417489
55446741
55450155
55456150
55461658
55463431
55468141
55478694
55481637
55485620
55494953
55497354
55518506
55519540
55542002
55545412
55567369
55581667
55586157
55586230
55586475
55586650
55596410
55596461
55596726
55596747
55596885
55601878
55614735
55621726
55622888
55626573
55626807
55630234
55631748
55632362
55633051
55635554
55636509
55637441
55638832
55642037
55647771
55655874
55659613
55664417
55665950
55667952
55668783
55670664
55671396
55678510
55680337
55682835
55683484
55687747
55691463
55692600
55693433
55698604
55702150
55712830
55719634
55720221
55725199
55729768
55731735
55734363
55736098
55736545
55741667
55745318
55751116
55754369
55756689
55763576
55776371
55778956
55780924
55782151
55785656
55789977
55791174
55791822
55797059
55800113
55805680
55806881
55807764
55808482
55810249
55812964
55816754
55821418
55828869
55843927
55848645
55851535
55852836
55856411
55860450
55862333
55865502
55866992
55873329
55882342
55887096
55893036
55894924
55905752
55908977
55915395
55920428
55927014
55933065
55935341
55935701
55935834
55946253
55946912
55948310
55956491
55956832
55961626
55962432
55973084
55975203
55977063
55978553
55982406
55986958
55988627
55994008
55997004
56006806
56012164
56014608
56022688
56034788
56036200
56036901
56038352
56039818
56042209
56045684
56050594
56050898
56058633
56067214
56068156
56070425
56074323
56082951
56105397
56113211
56114785
56118814
56122832
56124495
56127272
56127767
56128740
56130434
56138918
56141198
56142035
56143265
56146220
56148952
56150140
56151683
56152615
56157777
56165023
56168044
56171416
56176881
56180230
56182214
56186005
56189731
56199010
56200132
56200594
56201960
56203365
56206256
56210186
56213985
56215081
56221908
56233862
56236268
56243000
56247907
56254929
56263034
56263085
56263350
56263371
56263509
56273946
56274752
56275981
56284182
56285195
56285536
56289301
56289952
56296888
56300355
56303787
56306772
56309408
56322092
56329305
56330771
56332423
56344860
56362827
56366471
56368728
56370393
56371310
56379955
56380748
56382236
56386854
56389795
56395688
56396272
56397002
56398689
56400436
56402882
56406409
56410852
56411909
56418418
56426870
56429333
56438019
56440640
56449046
56449728
56453536
56460327
56461582
56463452
56467993
56475795
56494818
56495209
56497060
56498962
56500712
56504517
56509296
56509844
56517162
56526364
56527001
56528947
56533255
56541262
56559687
56562190
56565916
56574009
56597506
56636779
56636853
56637114
56637133
56637270
56645997
56646070
56646357
56646490
56650413
56663191
56670255
56671844
56675867
56679874
56681565
56683700
56684321
56684830
56687496
56690039
56693675
56696093
56700469
56703067
56704225
56708158
56710362
56713104
56714383
56716904
56717847
56718788
56720162
56727303
56728760
56731033
56731854
56736049
56739955
56741516
56742460
56747590
56750403
56768670
56769992
56772427
56773719
56778532
56782050
56782909
56784769
56785520
56790641
56793987
56796874
56799462
56804824
56808340
56812332
56813874
56827206
56829710
56830355
56834636
56838364
56839459
56840295
56849048
56854376
56855504
56855946
56857313
56857643
56858740
56861602
56865545
56869348
56870437
56877266
56889194
56892475
56899863
56901506
56904861
56909409
56911390
56913360
56913999
56915752
56916196
56922008
56924401
56931107
56933516
56936044
56943046
56954092
56957752
56963537
56967597
56969094
56975971
56986437
56992858
56995979
56997568
57005137
57006214
57010197
57010344
57021550
57024885
57027356
57028264
57030819
57035143
57036376
57037017
57042252
57045286
57049451
57049786
57049805
57049942
57060363
57060704
57062421
57070618
57071424
57071629
57072032
57076416
57083618
57084836
57085714
57086440
57088197
57094698
57099201
57099369
57106836
57113616
57115719
57117198
57118876
57122873
57131283
57154654
57162269
57163568
57167119
57171176
57172395
57173047
57175940
57177698
57178561
57180735
57185692
57187907
57189575
57190521
57195142
57196918
57199953
57201427
57206072
57209004
57216806
57219532
57225848
57230563
57238417
57247649
57248226
57248969
57250660
57252402
57254856
57262832
57263892
57270378
57281987
57285222
57291660
57296689
57300493
57303288
57337993
57343232
57344365
57344438
57344725
57349402
57350824
57355277
57355680
57361234
57366208
57366549
57370650
57377852
57379097
57380947
57385479
57393294
57414867
57417004
57418876
57420327
57424216
57429158
57430414
57432900
57435779
57438801
57444292
57445096
57445477
57447344
57449226
57450977
57454804
57460114
57467433
57475678
57476749
57477306
57480245
57483595
57488646
57496992
57497112
57497635
57501772
57509395
57511982
57516316
57527072
57542128
57545666
57547145
57549540
57553010
57557928
57558218
57574670
57575516
57578009
57579042
57581715
57589799
57593960
57608305
57617216
57653376
57686929
57698272
57703443
57705849
57706390
57706733
57707347
57709255
57709370
57713109
57713326
57718360
57721276
57721451
57738958
57739723
57739964
57741942
57746317
57754439
57773158
57776908
57787779
57795121
57804211
57804397
57805159
57805722
57807093
57807694
57811676
57811755
57819606
57819833
57840978
57869169
57871569
57874979
57880966
57886488
57909480
57912577
57914884
57922608
57923650
57935083
57935708
57936601
57936694
57938381
57938611
57942439
57942650
57950574
57951125
57971892
57977130
57985674
57987668
58008754
58020425
58038657
58039824
58051656
58057988
58060834
58068865
58071160
58074253
58082854
58089667
58098469
58104897
58112514
58117392
58123304
58126468
58143777
58149040
58152004
58157314
58197466
58197671
58198446
58198645
58200444
58201993
58204406
58205017
58213075
58213165
58232376
58241123
58246348
58254086
58266949
58271017
58272330
58280276
58280585
58298521
58305668
58307856
58316290
58316840
58320961
58336564
58337925
58345801
58347826
58362260
58374212
58379297
58385552
58389000
58399780
58407176
58412162
58418689
58421328
58464454
58470956
58475633
58483096
58502224
58504322
58512648
58513921
58517540
58530952
58538032
58543620
58549314
58552577
58590489
58600482
58602568
58610817
58616336
58727103
58752992
58822031
58822392
58824506
58824830
58828694
58829269
58830633
58831331
58831645
58832485
58834118
58836535
58836940
58837229
58839659
58840308
58841554
58846090
58849836
58875729
58890599
58891821
58897230
58898842
58902201
58903766
58909404
58910475
58912885
58922614
58923223
58923884
58926901
58928013
58928746
58930136
58930409
58932625
58935755
58935901
58937594
58938821
58940308
58941854
58942193
58944306
58944716
58947334
58947683
58950579
58955459
58959224
58960550
58961219
58963596
58970540
58971441
58972742
58976440
59001679
59007482
59018165
59018617
59022163
59022742
59024246
59028167
59029613
59033020
59035179
59040430
59040981
59044634
59051868
59054809
59055211
59060915
59063062
59065710
59067797
59072935
59074106
59076813
59087015
59088436
59089626
59093294
59095433
59098713
59100362
59105628
59107077
59109490
59117118
59118837
59120029
59120355
59123309
59124523
59124978
59125883
59126694
59127242
59129612
59131087
59131768
59132826
59134422
59135881
59136805
59137126
59138839
59140724
59143729
59149895
59153038
59153609
59158716
59161138
59163987
59166484
59171129
59171946
59174049
59175301
59184568
59188934
59189617
59190936
59192611
59198124
59200323
59201100
59201713
59205958
59218712
59224273
59233426
59236899
59280605
59281251
59283339
59284422
59287002
59287798
59289477
59291444
59292792
59295217
59295518
59296373
59298605
59299442
59300074
59301260
59301999
59302840
59304393
59307203
59308817
59313870
59318037
59324619
59324828
59328327
59329658
59335027
59336077
59339318
59352739
59353944
59354284
59356497
59361702
59364998
59365688
59370051
59379367
59382190
59383002
59388284
59390517
59393747
59395853
59401049
59401334
59404683
59411130
59411790
59412917
59415132
59416338
59421337
59422917
59426087
59427945
59433139
59434388
59436674
59437610
59443034
59444540
59447641
59448421
59454035
59456266
59458734
59461010
59466375
59467305
59470036
59480451
59486310
59499276
59509879
59510700
59512269
59516139
59517245
59517562
59518420
59519198
59519857
59520914
59522595
59525942
59528085
59529002
59529833
59530449
59532227
59533541
59537798
59545265
59549516
59550115
59551313
59552934
59558616
59560294
59561304
59562627
59567904
59575481
59578675
59579786
59584839
59586216
59586676
59590300
59592229
59597390
59598034
59601673
59608838
59611340
59631764
59643718
59647409
59648716
59649318
59651672
59658936
59659427
59660620
59665041
59674008
59676785
59688492
59695302
59706563
59721314
59721489
59727992
59730312
59736419
59769343
59776455
59776627
59779049
59780082
59790314
59794894
59797971
59798428
59800717
59815451
59817380
59823151
59824221
59825826
59828375
59829953
59832144
59832680
59846167
59850561
59855963
59857980
59861277
59862440
59864740
59865794
59870390
59870570
59873581
59874132
59879770
59880137
59884965
59885195
59892309
59892402
59911229
59913303
59915944
59921566
59922715
59924164
59927055
59928386
59929953
59931056
59944038
59946200
59954563
59955980
59959857
59968853
59969234
59972171
59972261
59973088
59978154
59978390
59983162
59983689
59990189
59990388
59998670
60018272
60026887
60027680
60042319
60046690
60052759
60054046
60054945
60057659
60059312
60061384
60062532
60075779
60077612
60085361
60086470
60090776
60097119
60107985
60118808
60119587
60123244
60130800
60132193
60134338
60134502
60138212
60139057
60140300
60146600
60148099
60149976
60165556
60165773
60168378
60168553
60174645
60175186
60180054
60180138
60186955
60187333
60196769
60197346
60199780
60200332
60203976
60204227
60205176
60211952
60213798
60216081
60254080
60256281
60261466
60262933
60264587
60268598
60277005
60292096
60304539
60306703
60309200
60315165
60315703
60317512
60321124
60323234
60324513
60326807
60329562
60329641
60332466
60338347
60338533
60343629
60344020
60350774
60351306
60368214
60370488
60372067
60380364
60381585
60386054
60390418
60405774
60435852
60438289
60446246
60446840
60451011
60458722
60459940
60461544
60462648
60466032
60466761
60466950
60467601
60474305
60475596
60477539
60491716
60492520
60494768
60495057
60498401
60499052
60500515
60508952
60510598
60523563
60524822
60526669
60531226
60558635
60559173
60561750
60562122
60568141
60568244
60572853
60573042
60580265
60580506
60588284
60588647
60595228
60616723
60622696
60623824
60625633
60626691
60629922
60630424
60631238
60637668
60639345
60641836
60655117
60657717
60662027
60670038
60693523
60706240
60715022
60720405
60721227
60727437
60735546
60753046
60753965
60756250
60760149
60790048
60795456
60805760
60826620
60829397
60829515
60836271
60839638
60840651
60844405
60844726
60849430
60857435
60861611
60863928
60865047
60866338
60869917
60873953
60875838
60877018
60878736
60878991
60880488
60881348
60887407
60890270
60897341
60898928
60902927
60906952
60911396
60911899
60912725
60912866
60914561
60917589
60921235
60923468
60925148
60926055
60930712
60934713
60935494
60936974
60941603
60944561
60962895
60964068
60967766
60967995
60972930
60974237
60976737
60977694
60978640
60985144
60987857
60994147
60998892
61006726
61019932
61021347
61023623
61024473
61028646
61032558
61034129
61035059
61040216
61043020
61047071
61048740
61049320
61050053
61051760
61053482
61055937
61059476
61063906
61064978
61071465
61080767
61085418
61087261
61094043
61095361
61099102
61101466
61103920
61105423
61107432
61108279
61110148
61110882
61115852
61119096
61125521
61130534
61133413
61136131
61137123
61145566
61148774
61150630
61152140
61157624
61162947
61170481
61173016
61178541
61178699
61189536
61191698
61199373
61201216
61204491
61213975
61216295
61220633
61221262
61225553
61229267
61230380
61231228
61236390
61239939
61243830
61245137
61251948
61252762
61254218
61255947
61257376
61265942
61278049
61279170
61279625
61280996
61282418
61285288
61289221
61293040
61294132
61300938
61310003
61313102
61317660
61325465
61327650
61348911
61351350
61354842
61357960
61361303
61365860
61367835
61369794
61372193
61372656
61379790
61381937
61383795
61385276
61387925
61389123
61393671
61394104
61395353
61400716
61403718
61411203
61413606
61420332
61425265
61432280
61442785
61443188
61445026
61448676
61452498
61457256
61457802
61465125
61476081
61479715
61485510
61486785
61491096
61497964
61506262
61506381
61507125
61510316
61516822
61519176
61523034
61528768
61532576
61539019
61539686
61544982
61546810
61550212
61550733
61551668
61560843
61561184
61572622
61573276
61575225
61587527
61609081
61611654
61612701
61613614
61614867
61617508
61618348
61622684
61623875
61624519
61629777
61631304
61638114
61639524
61640242
61641672
61643141
61645552
61649002
61653921
61654217
61661972
61669749
61669803
61670070
61675344
61680661
61682699
61688404
61690902
61692576
61704275
61706759
61710478
61718588
61737904
61738762
61739489
61740338
61741268
61743970
61747753
61752260
61752421
61759890
61768839
61773569
61775961
61784595
61794309
61801564
61803033
61804691
61808679
61817102
61858880
61877550
61900021
61900622
61901532
61901611
61903318
61903545
61907379
61907565
61915495
61916058
61925548
61933005
61933235
61934202
61939947
61948633
61948726
61970627
61977126
61981816
61983057
61998460
61998987
61999350
62001875
62001965
62004056
62005722
62005927
62014069
62035114
62039634
62040372
62048901
62050633
62066220
62074993
62080198
62081178
62087939
62089604
62108801
62117124
62118416
62129863
62129978
62130645
62132668
62136697
62144749
62145363
62166309
62170761
62179506
62203466
62203540
62204485
62212426
62214794
62233732
62240808
62246402
62255376
62262371
62266118
62271692
62277009
62284344
62299656
62306448
62311492
62317826
62338312
62346753
62351440
62391737
62391926
62392691
62393229
62394618
62395207
62399285
62407356
62426502
62428442
62429292
62440995
62447825
62473154
62474537
62489369
62499873
62501956
62510224
62511362
62515720
62527124
62530885
62531754
62540362
62542473
62561360
62568961
62573832
62579748
62582914
62594305
62601282
62606384
62612616
62616068
62655704
62659121
62665091
62670604
62677094
62696964
62698544
62706754
62707848
62725154
62732548
62737537
62746696
62795024
62797314
62805032
62806081
62882016
62919519
62920692
62922535
62927598
62929145
62929724
62933989
62941081
62944051
62948346
62958679
62960798
62963041
62969115
62970383
62971312
62974013
62975656
62977732
62978882
62991517
62993687
62996168
63002142
63002683
63004484
63006799
63008098
63010209
63011504
63016245
63016786
63019339
63019717
63021179
63025750
63030458
63030633
63037876
63038093
63057167
63059485
63061410
63062894
63067191
63068254
63069857
63071720
63072411
63074000
63076708
63090449
63092262
63097712
63100024
63101123
63105420
63114932
63117737
63117978
63123637
63123826
63128918
63129290
63136043
63136581
63144409
63144764
63147035
63164288
63174160
63188507
63190063
63192912
63198301
63199383
63200616
63203614
63204772
63207074
63208129
63220952
63223171
63231756
63232325
63232561
63236198
63241236
63252906
63254060
63255665
63263942
63265176
63269635
63273994
63276900
63278024
63279856
63284129
63284620
63285443
63291874
63293560
63296038
63311019
63311205
63314230
63314762
63320397
63320788
63325618
63325845
63332954
63333033
63345601
63345763
63349474
63350328
63351558
63357860
63359377
63361228
63398940
63407638
63408269
63410234
63414549
63422539
63450174
63452251
63454884
63460495
63461661
63463106
63466007
63467329
63468912
63469992
63475114
63475350
63477933
63478132
63484218
63484745
63489611
63489701
63496533
63496914
63506013
63516038
63518488
63525840
63526435
63527020
63531217
63562766
63566048
63570239
63581283
63583436
63591825
63593222
63597112
63604656
63605217
63607650
63608198
63611844
63612113
63613036
63619816
63621667
63623960
63637217
63638434
63640036
63644520
63645443
63654086
63656049
63667204
63670357
63672843
63676566
63684653
63704410
63704777
63707733
63707826
63713701
63718701
63719252
63725750
63738398
63740935
63748544
63768514
63769316
63771864
63775216
63775846
63777329
63783777
63785740
63787395
63800459
63801398
63803661
63832313
63865933
63873067
63881494
63899915
63901782
63905312
63906317
63914138
63931216
63935505
63940224
63940632
63948960
63997651
63997741
63998631
64000430
64000629
64004476
64005003
64007756
64012534
64015816
64030315
64031097
64031638
64033005
64037575
64037690
64045525
64045742
64063706
64074129
64079622
64095482
64096071
64096974
64097077
64098763
64099004
64102841
64103030
64110963
64111501
64137541
64145706
64148042
64163203
64165990
64169617
64172812
64184536
64204290
64205864
64214081
64215172
64219408
64226774
64227001
64227763
64227949
64229735
64230298
64233717
64234318
64242396
64242475
64267434
64268882
64276788
64282977
64296234
64300361
64326186
64330785
64338178
64343184
64349704
64352324
64360216
64362705
64369187
64373868
64389151
64397714
64403492
64409089
64414800
64418056
64433200
64435266
64443528
64444673
64449028
64488814
64490332
64492249
64492342
64496077
64496307
64504231
64504442
64506089
64527107
64539673
64545324
64563380
64571056
64573769
64586908
64597256
64599553
64607268
64608336
64612482
64636248
64639146
64639557
64652404
64655570
64658948
64665736
64670786
64677121
64679984
64685349
64691272
64698896
64709666
64712833
64753190
64756108
64761976
64766410
64774929
64783585
64795908
64804368
64804898
64809032
64822544
64829505
64834600
64840836
64844290
64890436
64894096
64902402
64903688
64907297
65017657
65037553
65045963
65046204
65046969
65047158
65048947
65049485
65053511
65061582
65061685
65079194
65079541
65080142
65082076
65085789
65086137
65091719
65094067
65094253
65099401
65113635
65122412
65135384
65144630
65145293
65145523
65147303
65147514
65151893
65159403
65165964
65184933
65193603
65213529
65215249
65226124
65233446
65252496
65254658
65263649
65267780
65275509
65276284
65276811
65278198
65282771
65282861
65290919
65302984
65312084
65316146
65317524
65327273
65345889
65352514
65360180
65374610
65379592
65386576
65388756
65391652
65397890
65401345
65405912
65408198
65430547
65436416
65444912
65454857
65457288
65463812
65466434
65476240
65481988
65492002
65493064
65497217
65537261
65537875
65538759
65538874
65540565
65544811
65552761
65553302
65565322
65575128
65578253
65581617
65587500
65604968
65606834
65612434
65634695
65645634
65647752
65656065
65657348
65660976
65677609
65677908
65687882
65693344
65696005
65707137
65714210
65719824
65752129
65758480
65761320
65801617
65842216
65844289
65852548
65853712
65858050
65870916
65872069
65878536
65880618
65883394
65889313
65892496
65896553
65929788
65929991
65940993
65950800
65951874
65974284
66067621
66067762
66068052
66069916
66074954
66076831
66079513
66079914
66080069
66082563
66083296
66086226
66086473
66087004
66089140
66089257
66089998
66145984
66146410
66169473
66220736
66230048
66233369
66234976
66244636
66289844
66289961
66306880
66314250
66323425
66360339
66364864
66371928
66373639
66376576
66393116
66393696
66398233
66399008
66465818
66466208
66519346
66519636
66519689
66522122
66598934
66616448
66646336
66652323
66659347
66659552
66668558
66671392
66683218
66683530
66699285
66720775
66721216
66734099
66734976
66748462
66781794
66851339
66879813
66880290
66881562
66977957
66978450
66980192
67076099
