36733
39407
46011
51159
58110
69551
72443
78814
83453
90999
105946
113462
114345
118379
122277
124813
126324
127221
128850
129738
135131
138110
143863
149231
156605
176049
178115
179742
185830
187116
187547
191352
191535
193821
194647
204022
211861
212810
216890
220873
222667
224933
225901
226740
227698
235287
239163
239741
248030
250255
265726
269239
275197
280443
287695
306936
309105
310351
317347
318406
319005
322028
322711
324670
325915
339916
341496
343319
349937
351075
351326
355238
355867
357519
358461
366189
367843
368278
369910
371147
375381
375704
379797
380090
380716
381754
386347
386513
389453
389734
401013
408013
409010
413590
417130
419066
421705
422699
423621
424628
432026
433325
433958
436013
436854
440561
440971
444651
445749
445912
446933
451926
452195
455258
455564
464285
468766
469551
477303
479451
493524
494437
495182
496105
498003
500650
504124
507080
508658
509593
515617
516263
519556
521328
523010
528119
531421
537455
542654
549371
565131
572026
572773
576749
581460
583477
585426
586198
587434
588201
601958
604076
605243
612312
612849
613647
617187
617565
620055
620702
628286
631919
633047
641435
643869
667107
669414
670877
677740
678840
678967
682961
683294
685147
686607
693493
695610
695756
697818
699277
702646
703267
707382
707915
708209
709227
714317
714630
717048
717461
726827
728405
728696
730741
731386
735533
735686
739789
740950
741251
742294
746732
747162
749739
750385
755634
756468
756921
758725
760462
762729
766547
769409
770538
771367
777316
778588
782096
783554
784936
794413
801003
802516
806357
810674
812662
814506
816026
816489
817989
824443
828637
829854
838415
840247
857558
859723
860049
862091
863029
866650
866924
871034
871654
872077
872685
877749
878392
880950
881091
886634
887282
888135
889780
891193
893669
897198
900868
902089
902748
908496
909971
912930
914824
915553
922831
927127
928539
936509
938110
952041
953290
954012
955250
956999
958964
962905
966192
967589
967859
974210
975150
978024
980737
981188
984549
986025
986419
987882
989372
992210
995975
998498
1000308
1000782
1007368
1008217
1010881
1013284
1014160
1064689
1072620
1077187
1079224
1080166
1087465
1107151
1111815
1120242
1121847
1137875
1150438
1150803
1154829
1156924
1159455
1160625
1164351
1166110
1172886
1173675
1175456
1177161
1177708
1199082
1208731
1210937
1215166
1218170
1218781
1221099
1225902
1231345
1231661
1233079
1236754
1237972
1244449
1250766
1252459
1255631
1256757
1258201
1258339
1261024
1267064
1269396
1273606
1274070
1281992
1297093
1304195
1304984
1321957
1330301
1338780
1348443
1349350
1349525
1353310
1354539
1355895
1359242
1360621
1361394
1370713
1375876
1378165
1380074
1384879
1386966
1387384
1395003
1397645
1398055
1399636
1401406
1407177
1414840
1415628
1422214
1423653
1432628
1437874
1448479
1451575
1455450
1457347
1459900
1460177
1461803
1462887
1466463
1469132
1471253
1472352
1472682
1478531
1481521
1482313
1489236
1493350
1502277
1514673
1518258
1518700
1520356
1540283
1545246
1557827
1558116
1561226
1565449
1566802
1587998
1588334
1616121
1617571
1620525
1621330
1626237
1628822
1629592
1630567
1631148
1631354
1637088
1641398
1644175
1645417
1648085
1650332
1655517
1656603
1659130
1659811
1668197
1670306
1686086
1692490
1694257
1696624
1705335
1707407
1709018
1713771
1714124
1714525
1717157
1722614
1726803
1732148
1736264
1740396
1744517
1746641
1754936
1756330
1766537
1787107
1789225
1790380
1794662
1795410
1800458
1802903
1807956
1808498
1811485
1814822
1814984
1825029
1840539
1841582
1841912
1849749
1854355
1854682
1857101
1859520
1862949
1865265
1873268
1874401
1887564
1889475
1911619
1913073
1916434
1925592
1926730
1929876
1933903
1936556
1937200
1942857
1943579
1951109
1954858
1975721
1980166
1984418
1995064
1999198
2009394
2011690
2012308
2017303
2023649
2024088
2031933
2034900
2038353
2038658
2043401
2050213
2052111
2065521
2066982
2068881
2072774
2113496
2121638
2125681
2127596
2128355
2149349
2159165
2160860
2173938
2182558
2190894
2201695
2204891
2209069
2211601
2213582
2213752
2215125
2216403
2218342
2224250
2225632
2226821
2238441
2242671
2243975
2262459
2264631
2265965
2270677
2271078
2271550
2274034
2280331
2283833
2288842
2293060
2299453
2300583
2300876
2305731
2308666
2312825
2313997
2315606
2318176
2318879
2321586
2323672
2336436
2339939
2344673
2355372
2365428
2385687
2389107
2394831
2397645
2399006
2401205
2406023
2410742
2411448
2413211
2415721
2417514
2423984
2429309
2430586
2430915
2434383
2435317
2437531
2440741
2442198
2443177
2451804
2457154
2461297
2463992
2465108
2472234
2476451
2485522
2493599
2501532
2504369
2504918
2506025
2511262
2513483
2514476
2515379
2515686
2516365
2522048
2526662
2530898
2533208
2540780
2543237
2553364
2561450
2562992
2575654
2578193
2588975
2599081
2601157
2602506
2607131
2613836
2614160
2628827
2642922
2645785
2660135
2661781
2665239
2665658
2666993
2667356
2670496
2671903
2676140
2678346
2681955
2683659
2688506
2691013
2695863
2697708
2698027
2705597
2708086
2708659
2711759
2718484
2719016
2727576
2730697
2731398
2732994
2755307
2758231
2759156
2762554
2764366
2769758
2770045
2773745
2773901
2782610
2784897
2803601
2804916
2806438
2810307
2811177
2816037
2828657
2831256
2833481
2843436
2843973
2847306
2851006
2854666
2857304
2857569
2862164
2869906
2871319
2887033
2887587
2890870
2893038
2895935
2902127
2909739
2910869
2911968
2913620
2914694
2920292
2935634
2942545
2943532
2954956
2956070
2962019
2963634
2972810
2978441
2982557
2987023
2999601
2999746
3002949
3006580
3008777
3029315
3035493
3037400
3039720
3048027
3052874
3053961
3056670
3059875
3060516
3070002
3080535
3083496
3083910
3089716
3090461
3098162
3101829
3114392
3115203
3117164
3121713
3130118
3151294
3155645
3156699
3157223
3159859
3165015
3166575
3167705
3168892
3173262
3179390
3185051
3186484
3191270
3191932
3194410
3196277
3197597
3201575
3204774
3205466
3212239
3218266
3218851
3221694
3223117
3229539
3233550
3235965
3238291
3240394
3241349
3246317
3246651
3249309
3249386
3253874
3254996
3259585
3265193
3265428
3271265
3275282
3277559
3280670
3283921
3286319
3288185
3290774
3296869
3299527
3300466
3302219
3305841
3311197
3313392
3314595
3317059
3321484
3321915
3331654
3335191
3335352
3339048
3348361
3350941
3351350
3352234
3354512
3361204
3361870
3362878
3363621
3370121
3372592
3381672
3381781
3383390
3390272
3391948
3392794
3400097
3408827
3411638
3413335
3420367
3421980
3423122
3428184
3429547
3433208
3435059
3439369
3442999
3447650
3449804
3452216
3455148
3460126
3460675
3463505
3465743
3467137
3478174
3480603
3480876
3486632
3486886
3490289
3491101
3493316
3496579
3502673
3507399
3522670
3525320
3531864
3533572
3540094
3540427
3544485
3549546
3552488
3554356
3557647
3557842
3559668
3562888
3580115
3581346
3588505
3600518
3606031
3607920
3610701
3629210
3629412
3630784
3637865
3639438
3640082
3641670
3643012
3643427
3646725
3659040
3662370
3667976
3670525
3674028
3681689
3682731
3685068
3687991
3691099
3691726
3692853
3695849
3697876
3708626
3710009
3712539
3712916
3713477
3719383
3720090
3722057
3725762
3726405
3731202
3737318
3738775
3742960
3744091
3749196
3749903
3750545
3761089
3761446
3762776
3770653
3773240
3775138
3780661
3785803
3786416
3788128
3804024
3807326
3816034
3817647
3818980
3821208
3822883
3827889
3829789
3830086
3838364
3842830
3848465
3855184
3856488
3869447
3871283
3874316
3877540
3899858
3900716
3905732
3909192
3909674
3912864
3915877
3916316
3916934
3922960
3936885
3937039
3941346
3942213
3942487
3943017
3951402
3953010
3954468
3957907
3962122
3962980
3968139
3977494
3977921
3981371
3983044
3994016
3999289
3999868
4003169
4017187
4019600
4024514
4031269
4034649
4034954
4038840
4041040
4042368
4043276
4048648
4049044
4060161
4066349
4067138
4067479
4071072
4076360
4088342
4096234
4097299
4097588
4098705
4099160
4108400
4111362
4114721
4117001
4123200
4129684
4132225
4133970
4136999
4137161
4145731
4149410
4151616
4153617
4156420
4210540
4218595
4222456
4224966
4225969
4237300
4241815
4242995
4285563
4289945
4296223
4303470
4304728
4307723
4308148
4313647
4315477
4316358
4317881
4318147
4318774
4324192
4333341
4346853
4349052
4361173
4363611
4365226
4367597
4369735
4374895
4375966
4379254
4379608
4388393
4390480
4394428
4394737
4398475
4401031
4403359
4404940
4409751
4416725
4418138
4419520
4420906
4422179
4438321
4444594
4446988
4449188
4475890
4485342
4487950
4490941
4492507
4493814
4498915
4499258
4499631
4502473
4508277
4511932
4517637
4521250
4524887
4527926
4528239
4530938
4535891
4541164
4541323
4543069
4544170
4545940
4547045
4558627
4562249
4564332
4573062
4574802
4584522
4592883
4595258
4597883
4599437
4600174
4600760
4603616
4604991
4610470
4611397
4615569
4616309
4638328
4640394
4641475
4645681
4646068
4651154
4656610
4671849
4679000
4679878
4686173
4691237
4692532
4695055
4698338
4698769
4708489
4729833
4738607
4746439
4756702
4758227
4758374
4765901
4770268
4770934
4773163
4775392
4776031
4778353
4779657
4781836
4788670
4789709
4790129
4793655
4795290
4796989
4799698
4801387
4802292
4811054
4816193
4822693
4823784
4836515
4838520
4851629
4853618
4858587
4860149
4860838
4868766
4870603
4871833
4875031
4880490
4881572
4893112
4895340
4898068
4907238
4908338
4911429
4921158
4921571
4927953
4930185
4939269
4944468
4948283
4951619
4951940
4957354
4958238
4965577
4970002
4987167
4990749
4994230
4996216
4998636
4998983
5000986
5002041
5009805
5011360
5012050
5023434
5027217
5031888
5042822
5049816
5053324
5053738
5060773
5065393
5073961
5079223
5089940
5092114
5092421
5097501
5103942
5104232
5119564
5122900
5123619
5124961
5145231
5147749
5151020
5151184
5156106
5163593
5165083
5177950
5182487
5194936
5195553
5198162
5202314
5204020
5211692
5212945
5214598
5218520
5226595
5246701
5249909
5256118
5258331
5260779
5266590
5268442
5270807
5273117
5273647
5283414
5287369
5289826
5295011
5296541
5297396
5299912
5301097
5303852
5306949
5312468
5319153
5322356
5324166
5326974
5330881
5331754
5336722
5337739
5339812
5344172
5345907
5347993
5353645
5356840
5358926
5359330
5365251
5366074
5368857
5384056
5384975
5386986
5389481
5393589
5396362
5397232
5401029
5402018
5403747
5408722
5411662
5414256
5415485
5415623
5417828
5425435
5427009
5432412
5436816
5437962
5442893
5446215
5446561
5448166
5454876
5456793
5457206
5457483
5464252
5469508
5470353
5472760
5474089
5481114
5482595
5483794
5484037
5491256
5491852
5493781
5511116
5514455
5516914
5519674
5520737
5523365
5527781
5529361
5532584
5535028
5540330
5543055
5545380
5546425
5552802
5554556
5554967
5557299
5559216
5565634
5567753
5571998
5572275
5575401
5578254
5580738
5580893
5585616
5587655
5594216
5598341
5600072
5604060
5604474
5606677
5613796
5614129
5616976
5623865
5624195
5633568
5637987
5638396
5639470
5642571
5648982
5660226
5661168
5661331
5663800
5665806
5669287
5674092
5674433
5679182
5679896
5685462
5686797
5699680
5702508
5702829
5706196
5711633
5712268
5715017
5715090
5716006
5718250
5724186
5738128
5738794
5751744
5759252
5772859
5773810
5775551
5778916
5781385
5788390
5791050
5793101
5794610
5797712
5798104
5801415
5803309
5803674
5806261
5812540
5813188
5817080
5817939
5827760
5829702
5830675
5834108
5834971
5835598
5840147
5841765
5848609
5851624
5853239
5856340
5858721
5861730
5866417
5868117
5873906
5878795
5884294
5886161
5892133
5892170
5894680
5900979
5902447
5902777
5904097
5907998
5912718
5913650
5915572
5918404
5924520
5929732
5931865
5936275
5936678
5939605
5946560
5949635
5950344
5951692
5955627
5964462
5968653
5973400
5973794
5974403
5976154
5982321
5982492
5987712
5997748
6001504
6002729
6021697
6032569
6033256
6034385
6038318
6041927
6044940
6047371
6052871
6054485
6060673
6062819
6065029
6067971
6069329
6073366
6078795
6083116
6084746
6084884
6095219
6097451
6100760
6101142
6104268
6104583
6115952
6116102
6123264
6129120
6134082
6136457
6145170
6161350
6164790
6165720
6169702
6181929
6182420
6186243
6187021
6195794
6202272
6205957
6210852
6228704
6229066
6238376
6242629
6297263
6301406
6302557
6303635
6305017
6310267
6312375
6313788
6314446
6318695
6325211
6327407
6331256
6333623
6335900
6338123
6344146
6347539
6348169
6349654
6353336
6357757
6362427
6370071
6370414
6371945
6376812
6379157
6382540
6383833
6387828
6389272
6391183
6391605
6395570
6400421
6403972
6405258
6408247
6409001
6411146
6413860
6423486
6426342
6434364
6437702
6440155
6443357
6444807
6445242
6449044
6450954
6457836
6461711
6470081
6472343
6473634
6475340
6476977
6482584
6483998
6484259
6492279
6492634
6497650
6498587
6498772
6506725
6508969
6509794
6517797
6519170
6524054
6524257
6525467
6528704
6533476
6545483
6554095
6560317
6561002
6566819
6567310
6569157
6571450
6572638
6576339
6579907
6580525
6587742
6590408
6591217
6593841
6598214
6598813
6608195
6611995
6612620
6615268
6621371
6625761
6628198
6630572
6634118
6638607
6638929
6641976
6643799
6645360
6660889
6661793
6668860
6681091
6690633
6693981
6694506
6695730
6701677
6701851
6703476
6708001
6708498
6712417
6722094
6725735
6728912
6731832
6738280
6753813
6762539
6763344
6766749
6768450
6779552
6783877
6784057
6784202
6785624
6786316
6795656
6798337
6801584
6803540
6809920
6816631
6822253
6823601
6826639
6827350
6833649
6837351
6840734
6842937
6845221
6846002
6854260
6856939
6857278
6858437
6860392
6867626
6869135
6869234
6876692
6878408
6885967
6888477
6888614
6894308
6895235
6898616
6898750
6901538
6904401
6910296
6915159
6917544
6920470
6939042
6939149
6940480
6948803
6950427
6954888
6955325
6960422
6961175
6961752
6972272
6972579
6973772
6981747
6983897
6986822
6990530
6991617
7013596
7014798
7017904
7031953
7034408
7045738
7048752
7050505
7053459
7054100
7061841
7066241
7067936
7069752
7072770
7080157
7080854
7083550
7083909
7087561
7088970
7094032
7099092
7104976
7108681
7116890
7117476
7119119
7125344
7128109
7135920
7145235
7160199
7162692
7169292
7176660
7178345
7178759
7180579
7181890
7182481
7185458
7197856
7200961
7206916
7211070
7215809
7221402
7226645
7227080
7228832
7242537
7242918
7248642
7251268
7252101
7255680
7258190
7258514
7259651
7265288
7274738
7278876
7279141
7283340
7285032
7286336
7286854
7292004
7293450
7304208
7356165
7364137
7367786
7369938
7371156
7374776
7383721
7385747
7390987
7410156
7411925
7415220
7423161
7438695
7440081
7443142
7449638
7460952
7469313
7476586
7477564
7488358
7496250
7500421
7509270
7510226
7514646
7517197
7521326
7528842
7529184
7530800
7537491
7541432
7550211
7553699
7563788
7564368
7572491
7579848
7585906
7591942
7605187
7605645
7623493
7627086
7638553
7645338
7647338
7652553
7652756
7653216
7655706
7657090
7661589
7670885
7670994
7671712
7674119
7677067
7679304
7688267
7689238
7692841
7700914
7701262
7707176
7709253
7717029
7733977
7735729
7740292
7744646
7749128
7750060
7754833
7766579
7766868
7769186
7770281
7774537
7801609
7808548
7811093
7825411
7867975
7873265
7876726
7883474
7897518
7898956
7906115
7918865
7920674
7923852
7936106
7936564
7936960
7939117
7941146
7942300
7948037
7948365
7952545
7967109
7981840
7984140
7987222
7998868
8000565
8008160
8008233
8008466
8009284
8014357
8017931
8020051
8028284
8028837
8030538
8032906
8045776
8061127
8061289
8062610
8063282
8085892
8127164
8128870
8135032
8139811
8149528
8156292
8160810
8165389
8172568
8179809
8192409
8192714
8193620
8205057
8208692
8263042
8265940
8268817
8274970
8404454
8413137
8417196
8419171
8420088
8428670
8442866
8445326
8473577
8483599
8484967
8492953
8494285
8497565
8498774
8499623
8499948
8503232
8509123
8510770
8515128
8515994
8530932
8539351
8548115
8554230
8556009
8561501
8563427
8563610
8571471
8573749
8574556
8577147
8583557
8584834
8591423
8594558
8599179
8600972
8602995
8603558
8604781
8605948
8608433
8614454
8615648
8616265
8625478
8628586
8629457
8630768
8660970
8665659
8666329
8686458
8688957
8690405
8693654
8695091
8700343
8701487
8704459
8704876
8713428
8715592
8718046
8720157
8721323
8725741
8726449
8727191
8729460
8735194
8739470
8744050
8748193
8766924
8769093
8770385
8773880
8775306
8780297
8787727
8788451
8788825
8793464
8796950
8801070
8801675
8803509
8806304
8810068
8811622
8825516
8827334
8829994
8840067
8840361
8843570
8857413
8861240
8865640
8872345
8876611
8880727
8883602
8886438
8887080
8891429
8898900
8900637
8919013
8938909
8943164
8949422
8949720
8953397
8955507
8958495
8959814
8964667
8972058
8972621
8974176
8975525
8976593
8980859
8983787
8984983
8987597
8992089
8997493
8997830
8999262
9002538
9003954
9010756
9015201
9030068
9037100
9038595
9048751
9049592
9049910
9053371
9054829
9056478
9060105
9060853
9062346
9070759
9076016
9082211
9083793
9089848
9091668
9100370
9105738
9113388
9116262
9116837
9124498
9128664
9137300
9142607
9147419
9159920
9160332
9163049
9167397
9169034
9178207
9185735
9189493
9191050
9195735
9197882
9199363
9200348
9200497
9200843
9206240
9222328
9228969
9230438
9233122
9243889
9248052
9250214
9258595
9260361
9270533
9273662
9278642
9279690
9282583
9286232
9286529
9296404
9311954
9313220
9326225
9328012
9339069
9342289
9342562
9348741
9349135
9357076
9360457
9372315
9382474
9384041
9385234
9390110
9396515
9396676
9406584
9409059
9413388
9440757
9444086
9450362
9452687
9455565
9461019
9462699
9465374
9466935
9467997
9473970
9481158
9483506
9486104
9488603
9492388
9493097
9497898
9498925
9501040
9512675
9513533
9515497
9518405
9522518
9523637
9525033
9525730
9530260
9531208
9532620
9539221
9541820
9542500
9544664
9550867
9552679
9553498
9560403
9565840
9566470
9574321
9577886
9579754
9583179
9584324
9586548
9591252
9592358
9595745
9598546
9602414
9602843
9605605
9611176
9611415
9615778
9617852
9624769
9628948
9630369
9635564
9636307
9637465
9640589
9646266
9657512
9658670
9659330
9661507
9663513
9667313
9667925
9671570
9676326
9677585
9680005
9680138
9680984
9689099
9704559
9706442
9711568
9713445
9720312
9723529
9725589
9726570
9729698
9730435
9733843
9734543
9734841
9741044
9746951
9747556
9751489
9752670
9755794
9758532
9761480
9767278
9769181
9769799
9770468
9774139
9780298
9782130
9784752
9790817
9793820
9796144
9798009
9802293
9807464
9807619
9810059
9816262
9816595
9821952
9833799
9834209
9835430
9839225
9843356
9846289
9848109
9853980
9855158
9861412
9863886
9865325
9869594
9872444
9872785
9883874
9884216
9891360
9896888
9898612
9900634
9901443
9905368
9917490
9917509
9922060
9922581
9931232
9931913
9941313
9945748
9968826
9971414
9973637
9975528
9980780
9982743
9983442
9985441
9986789
9989233
9992372
9997169
9998574
10000679
10006869
10010177
10012136
10012313
10017836
10019403
10021895
10028970
10031801
10034882
10035319
10035644
10038000
10045967
10047140
10055815
10057474
10057769
10060739
10061413
10068267
10070220
10071092
10071562
10078307
10079505
10081302
10095561
10097949
10100560
10101575
10107240
10109502
10109651
10113890
10120584
10122757
10125747
10126539
10128918
10135654
10136016
10145863
10146572
10155104
10158940
10163409
10164100
10168473
10168867
10174874
10175541
10188992
10194210
10195529
10208160
10215954
10225564
10226987
10230102
10236499
10236848
10240483
10241198
10251586
10253464
10254350
10257254
10258614
10265034
10269709
10275608
10277254
10283092
10283145
10285091
10289831
10294392
10294542
10298134
10304896
10307980
10308385
10313805
10323282
10326752
10328133
10346660
10355180
10360364
10361990
10365978
10371725
10375281
10377481
10377746
10389440
10394248
10395941
10405130
10422442
10429280
10432564
10438224
10489814
10492410
10498795
10501405
10504117
10509839
10511213
10513467
10515550
10516631
10528236
10528887
10531781
10534548
10538650
10540645
10542024
10545970
10546849
10548625
10557286
10561307
10563017
10565805
10567088
10569458
10574738
10574968
10578660
10581162
10585585
10587022
10587303
10590517
10596683
10607937
10609241
10609576
10611852
10613767
10622173
10623913
10629026
10630772
10638275
10640677
10642742
10643689
10646888
10648332
10652377
10654103
10654396
10655696
10658895
10665097
10666730
10669890
10675908
10678803
10680418
10685924
10686108
10687352
10690791
10694963
10697766
10700373
10705939
10707290
10713680
10716003
10717426
10719403
10721036
10724739
10736714
10736788
10740785
10741782
10755403
10759988
10761697
10767089
10768958
10770314
10772292
10772980
10775750
10778962
10782569
10785127
10788264
10789086
10789715
10791394
10799165
10800496
10806542
10810920
10811461
10816421
10819095
10821282
10822332
10828481
10829947
10830254
10833049
10834664
10841857
10843188
10846899
10851718
10852144
10856556
10856711
10863371
10863702
10877312
10880819
10882637
10885786
10891438
10892130
10896332
10896729
10907272
10908931
10909721
10912124
10917059
10917401
10920506
10927872
10930788
10930961
10936469
10945489
10949745
10951960
10953513
10955787
10961205
10965190
10967082
10967557
10979657
10986208
10989650
10994850
11013994
11021240
11023818
11025955
11028879
11032432
11032805
11038281
11039317
11041474
11046198
11049299
11049712
11051939
11058190
11059836
11060395
11068046
11072802
11074072
11077167
11077337
11080660
11082823
11085665
11086110
11090760
11092819
11099524
11103762
11104612
11108838
11110038
11117688
11119142
11121940
11122185
11122819
11125637
11130893
11142574
11143527
11143965
11149810
11155516
11156688
11160484
11161755
11164938
11167408
11170209
11174599
11178102
11183329
11183660
11186445
11192366
11192728
11197984
11207097
11208917
11213323
11215955
11216646
11227235
11227592
11234400
11242432
11242757
11252356
11256114
11274982
11276761
11278940
11285142
11287716
11289895
11290561
11295825
11296941
11299868
11305900
11306228
11309674
11313741
11315601
11316265
11316306
11323596
11324934
11326490
11338574
11339149
11340858
11348184
11348866
11358364
11358769
11367616
11374152
11374757
11387744
11395114
11404024
11405658
11416597
11422243
11424536
11430034
11430149
11432012
11437706
11440608
11442324
11460944
11470752
11475233
11477588
11486729
11538035
11541294
11545934
11546409
11547545
11548116
11548231
11551996
11556458
11556499
11557049
11557765
11559367
11561202
11561276
11571013
11572495
11573475
11576665
11580017
11587891
11605596
11612882
11618200
11618649
11620439
11625265
11641509
11644974
11652642
11658340
11668952
11671788
11676252
11683497
11684379
11686542
11698735
11701140
11704882
11710666
11718048
11720449
11723316
11724298
11724881
11732402
11738882
11745665
11748615
11765304
11770976
11774244
11774594
11784896
11803060
11806350
11806877
11809388
11815079
11821862
11830045
11833810
11837120
11840900
11842314
11847442
11848969
11850790
11853929
11862423
11865482
11869317
11870442
11873816
11876704
11879973
11884752
11932009
11933779
11953264
11956417
11997580
12002465
12002626
12012192
12022528
12028948
12030128
12062147
12063911
12067902
12069171
12076934
12083562
12094154
12094620
12106120
12120260
12124382
12128020
12130505
12137570
12138580
12141161
12141765
12146947
12153504
12162880
12165329
12175528
12175940
12182912
12189819
12191525
12192884
12196242
12198539
12202085
12203148
12216128
12216872
12218418
12289665
12312585
12328712
12338004
12340784
12345881
12356355
12363104
12368416
12374344
12374672
12425234
12427842
12457264
12457537
12462496
12468326
12471488
12486980
12502021
12529674
12534056
12588759
12592975
12593534
12594809
12597148
12601789
12604091
12604654
12606247
12610003
12616431
12619715
12627150
12628698
12630371
12633885
12636478
12637299
12638861
12641898
12643429
12649399
12654814
12656517
12661489
12662311
12664594
12666541
12667215
12671769
12674897
12675254
12683240
12686708
12690718
12690885
12691689
12697725
12698070
12700074
12703984
12704809
12709264
12714491
12721880
12724823
12725547
12732344
12735891
12739119
12740828
12742898
12743881
12748657
12749917
12754532
12755134
12760227
12761115
12761420
12771816
12773009
12773670
12782187
12782366
12784719
12785266
12789556
12790117
12794984
12800842
12806952
12810516
12814479
12819280
12825101
12829754
12830532
12832416
12845949
12848535
12851692
12854939
12856878
12858709
12865321
12867705
12869172
12869995
12874412
12880806
12884023
12892976
12894811
12895969
12897606
12899992
12905036
12906511
12906673
12911919
12914532
12915672
12917944
12922179
12923422
12932401
12936221
12936774
12940162
12947655
12951955
12957836
12964260
12966434
12981706
12984527
12985237
12986194
12987844
12995269
12997143
12997513
13003850
13006596
13011353
13013788
13016323
13019969
13048077
13048514
13049911
13056416
13059222
13066952
13074676
13076099
13080673
13083938
13085202
13088320
13091079
13091369
13091921
13097988
13108190
13111125
13112509
13119611
13120903
13122004
13127078
13129306
13132646
13134620
13138314
13144475
13144877
13149609
13150269
13151018
13159314
13161140
13162369
13169810
13171233
13175453
13179824
13181411
13184646
13187651
13192215
13192504
13195436
13197595
13198792
13208666
13217941
13218152
13222430
13223265
13234880
13242711
13245470
13246083
13251522
13252177
13255404
13255823
13257953
13261144
13267244
13272846
13273639
13276840
13291032
13304953
13320755
13322594
13329446
13337481
13340718
13340882
13345350
13346980
13348160
13349123
13354370
13355077
13366280
13370618
13370935
13375177
13380274
13383266
13385221
13387931
13388020
13390437
13393090
13405616
13405707
13406301
13410112
13414818
13426965
13443196
13444816
13451470
13457793
13463633
13468274
13468828
13469445
13470028
13470758
13480484
13483024
13486728
13488394
13494560
13501723
13504164
13506603
13525078
13525665
13526368
13533637
13536456
13538356
13541482
13541913
13549880
13554256
13555872
13557900
13560833
13566762
13568083
13568404
13570225
13571393
13572632
13575305
13588096
13591312
13596674
13635388
13638547
13642931
13643658
13644238
13645029
13645113
13649511
13653340
13653810
13654473
13654606
13656313
13658740
13658759
13667576
13669977
13674007
13675164
13682129
13689522
13700521
13702299
13703800
13706414
13710124
13718172
13732210
13732935
13744322
13758561
13767975
13775220
13780422
13781166
13783101
13788044
13795447
13798789
13801578
13809200
13809701
13812522
13812841
13818008
13824832
13837129
13840915
13848336
13854241
13866400
13869164
13879585
13879874
13886656
13896934
13900387
13904167
13911882
13912350
13914451
13926974
13928329
13930021
13932756
13939241
13939779
13952416
13953794
13955604
13959963
13961669
13971570
13979328
13981064
13984517
13985042
13985836
14026452
14032272
14039240
14042265
14092038
14097952
14100816
14101121
14111072
14124360
14147594
14162629
14165331
14166095
14168867
14174809
14181265
14196098
14205349
14208772
14213390
14221711
14225652
14228832
14232769
14234002
14239124
14240906
14243345
14246442
14256536
14263968
14269184
14274722
14274884
14287069
14289205
14290130
14294089
14295666
14298374
14301856
14305033
14309476
14311626
14391316
14393648
14422698
14424124
14444068
14446696
14456104
14456452
14461632
14467633
14470240
14493961
14518433
14533641
14553283
14558384
14558792
14568256
14578048
14594066
14598786
14617605
14619204
14695538
14703828
14708101
14710537
14711338
14718373
14719150
14729699
14737613
14748529
14749238
14765251
14766450
14770471
14779228
14781112
14790147
14793796
14795430
14800152
14814547
14820312
14823819
14826033
14830409
14847530
14849178
14856297
14856404
14857120
14857538
14862426
14866453
14868761
14877390
14879139
14885292
14890129
14899276
14902145
14906882
14915105
14918410
14920728
14926861
14943980
14953172
14955097
14959733
14980139
14981897
14985291
14988310
14992519
14999666
15000101
15000512
15001768
15010908
15018509
15020421
15025632
15025940
15028269
15029825
15034394
15040729
15040874
15043969
15045268
15049012
15073959
15074662
15081841
15094840
15096961
15100422
15106446
15106770
15108389
15110725
15124232
15140037
15144982
15152140
15159696
15209382
15211290
15214250
15222428
15237497
15241932
15250481
15254225
15254980
15263814
15265032
15273362
15273696
15273737
15276083
15279637
15281444
15290645
15291403
15294676
15304820
15312066
15314970
15329297
15341770
15341957
15342432
15344790
15346701
15348238
15352946
15354134
15358608
15368628
15368979
15369801
15370409
15393314
15401532
15401797
15402314
15413360
15417514
15466931
15468376
15471427
15477891
15479592
15489292
15497264
15502357
15510276
15516041
15521795
15532135
15532713
15538372
15540562
15549074
15602226
15616104
15619078
15622155
15729871
15730813
15733303
15734625
15736460
15737630
15738338
15739812
15743313
15745435
15747816
15748387
15750096
15754840
15757478
15763238
15767878
15771917
15780020
15781996
15789074
15792768
15798723
15803478
15804714
15809545
15813382
15819331
15821984
15827595
15829022
15831337
15835526
15836944
15839816
15841328
15845824
15847941
15851672
15863441
15865355
15869253
15870147
15875360
15876721
15889428
15893441
15896920
15901860
15913091
15925429
15926371
15928364
15930568
15933455
15936096
15941972
15943300
15943826
15951112
15993752
15996498
16000561
16003256
16011413
16014346
16020800
16024036
16031907
16032844
16042576
16057072
16061730
16073292
16074801
16090280
16094225
16122170
16122903
16124490
16126737
16128162
16129092
16131968
16132137
16134406
16142884
16171330
16173068
16220198
16226560
16258456
16261356
16270636
16271418
16274057
16277056
16283653
16286294
16286898
16288300
16289104
16290890
16292369
16296033
16302109
16305281
16306976
16319330
16319793
16324102
16329352
16384936
16386694
16394520
16404801
16425616
16425987
16453924
16470040
16482444
16499744
16515405
16519195
16520416
16523909
16524564
16531672
16532547
16533890
16539937
16544258
16583233
16590854
16613912
16625792
16678993
16682496
16711939
16736320
16793507
16801656
16805606
16807409
16808908
16821226
16830235
16837753
16852965
16857309
16858908
16880759
16882044
16882609
16887212
16889963
16894183
16895541
16897690
16899808
16903498
16905603
16934462
16938190
16945879
16946411
16947116
16950941
16951766
16954127
16956532
16958394
16959333
16968339
16972968
16977183
16984883
16987494
16988570
16989765
16995099
16996525
16997489
16998904
16999246
17000213
17005472
17012553
17013602
17026648
17028646
17046927
17060841
17063463
17074123
17076148
17080702
17082989
17083345
17090903
17092858
17093966
17097117
17103410
17104449
17107437
17110206
17112018
17114731
17116345
17121979
17122519
17125862
17126197
17135370
17136932
17148614
17150755
17153157
17162865
17163924
17166505
17174215
17174380
17177818
17180121
17189085
17192771
17196141
17197366
17198560
17200786
17201944
17208753
17209976
17215724
17217866
17227017
17232165
17250956
17257172
17258883
17261505
17269406
17272120
17272257
17278546
17278999
17286250
17290516
17320948
17330295
17332627
17340575
17343887
17348181
17350182
17352121
17352419
17354134
17355662
17357528
17363147
17364928
17365300
17368911
17370238
17371893
17377016
17377174
17377883
17379818
17386285
17390151
17395081
17399440
17409394
17413324
17417700
17424956
17428817
17435069
17438613
17439291
17441654
17446204
17451482
17451875
17453359
17456325
17457897
17464642
17468646
17471939
17473170
17480265
17484620
17493514
17502104
17505450
17508003
17515985
17517876
17527858
17531485
17541445
17543572
17544233
17549327
17555633
17556258
17569404
17571606
17574462
17575243
17576627
17576902
17579872
17581599
17587369
17591500
17592877
17603875
17607077
17608472
17609640
17647398
17648978
17650040
17654668
17655365
17659988
17662299
17665577
17668324
17668739
17673362
17680682
17682462
17698544
17713834
17720486
17721457
17727799
17732637
17745478
17745800
17748148
17752274
17754629
17760431
17766025
17767173
17769499
17772876
17773168
17782858
17794819
17795468
17831293
17835451
17836727
17837870
17839559
17844943
17847134
17847923
17849241
17852668
17859063
17864271
17871422
17872089
17873125
17878737
17880374
17884081
17885575
17889490
17892219
17894904
17902707
17906360
17909135
17912471
17913404
17914187
17917746
17919529
17923345
17928414
17929099
17934026
17934863
17935250
17942996
17945413
17946056
17953876
17955592
17957853
17963127
17964489
17970028
17970969
17972628
17975483
17979790
17982892
17984085
17992015
17996740
17998584
18001233
18004280
18009117
18009734
18012739
18014366
18015458
18028197
18031767
18031849
18033258
18039029
18039343
18041554
18045540
18046474
18050244
18058294
18067533
18068130
18071831
18073256
18084192
18088702
18094805
18095462
18098493
18099866
18106310
18109660
18113307
18114663
18117236
18117738
18124989
18127895
18128216
18133488
18134316
18137955
18138203
18140776
18143398
18150019
18155436
18156591
18161441
18162263
18167384
18167838
18167971
18178786
18179404
18180753
18187667
18189081
18192194
18205958
18207841
18221463
18221882
18224187
18224948
18229125
18229929
18234914
18239922
18246530
18249861
18253358
18268956
18270896
18277905
18286683
18291108
18297099
18302369
18302486
18304832
18317770
18321524
18321939
18325809
18328129
18328736
18329752
18334928
18335785
18347010
18351023
18353373
18356963
18359646
18362131
18363565
18370442
18373166
18374405
18375354
18379587
18384502
18384669
18388330
18393940
18396976
18398473
18401374
18401893
18404137
18406512
18418641
18422301
18430852
18432318
18433896
18435249
18437446
18442531
18444315
18444876
18451738
18452164
18452527
18455968
18461392
18473101
18482843
18485153
18485734
18488902
18492600
18493719
18503308
18506767
18507057
18510288
18522663
18523492
18527618
18530419
18542636
18550905
18555100
18561091
18567873
18570000
18580276
18580551
18580873
18581667
18583057
18592513
18594820
18598210
18600082
18606720
18617586
18620539
18620877
18621876
18623713
18631017
18632989
18633162
18639922
18642305
18646174
18648897
18651674
18669621
18670408
18671264
18680014
18682247
18685080
18688424
18689572
18710761
18713698
18716165
18718990
18719282
18727558
18731300
18733632
18735171
18738184
18749579
18749808
18752029
18758336
18760312
18760789
18768226
18776978
18778172
18778309
18780748
18781352
18782470
18785354
18797888
18801028
18806800
18809445
18810200
18815528
18818704
18819348
18822432
18825369
18825994
18826284
18832385
18878394
18881483
18887149
18890263
18892662
18897981
18899701
18902095
18904219
18905374
18913016
18916911
18919301
18921813
18923330
18925034
18930474
18930883
18934256
18937161
18945431
18946917
18948415
18952040
18953458
18961324
18964052
18966106
18966981
18970305
18971185
18976051
18976720
18977507
18981340
18985550
18988120
18990262
18996238
18997899
19003554
19013261
19017330
19019716
19024358
19026043
19027753
19029680
19030994
19033496
19036810
19041140
19043390
19045736
19046771
19052964
19054799
19055449
19057927
19059169
19066404
19067986
19072622
19074229
19077419
19083609
19084008
19088305
19089031
19098913
19101196
19101703
19104678
19109062
19111427
19112549
19115021
19120726
19124632
19126324
19126345
19140329
19141215
19147619
19150729
19151980
19155741
19158754
19159508
19164325
19165366
19167656
19170429
19170727
19174322
19176604
19179236
19180059
19184289
19186350
19193616
19196970
19198672
19203929
19204663
19204828
19211210
19216467
19217794
19221360
19222799
19226121
19228002
19231556
19235655
19237270
19240145
19241005
19244174
19244600
19255500
19256193
19262656
19270136
19272583
19273907
19280186
19283280
19285596
19285924
19291270
19292501
19295251
19301049
19302165
19303499
19310979
19311400
19320934
19321107
19330432
19333603
19335058
19335819
19346454
19351660
19354147
19360010
19360276
19361937
19367776
19372612
19374258
19383333
19408849
19409118
19411892
19414322
19418411
19420404
19422113
19425898
19426660
19429126
19433414
19434297
19434844
19438166
19444365
19455620
19456167
19456865
19459345
19461148
19466663
19468659
19469086
19470242
19473565
19479813
19481065
19484328
19490224
19492910
19495112
19497708
19499466
19501389
19502641
19506956
19518601
19518738
19522630
19523610
19531493
19534556
19537729
19538331
19538606
19540936
19548247
19549890
19555865
19559521
19560596
19562862
19568226
19568408
19572945
19573276
19579437
19580058
19593984
19595987
19600423
19600780
19603563
19611168
19613936
19614246
19620118
19630725
19636704
19640458
19645768
19664474
19667426
19667598
19669868
19676185
19677427
19678541
19685689
19691080
19691555
19694552
19694906
19702979
19703928
19706917
19707410
19708172
19710772
19716117
19726780
19730650
19735665
19736004
19736678
19739157
19744857
19745539
19749984
19762080
19762708
19771696
19776074
19792753
19796201
19800245
19802886
19803205
19803274
19810705
19811384
19813387
19827873
19829076
19841760
19849289
19858729
19862464
19863826
19882626
19911184
19938506
19946898
19951380
19953189
19953769
19958502
19958906
19975337
19976906
19980892
19992206
19997603
20001549
20003124
20007589
20021689
20024140
20030289
20034822
20043921
20050984
20055537
20064690
20066471
20071638
20090003
20097077
20099860
20104754
20105152
20107349
20108452
20113419
20119932
20121304
20123074
20128454
20141123
20143364
20146232
20153748
20158490
20165649
20173570
20190072
20191787
20194665
20202803
20221408
20221706
20224078
20227126
20229712
20238870
20239373
20242834
20257161
20257504
20260122
20261909
20262969
20268234
20269594
20273442
20283507
20284084
20285065
20295874
20300105
20317006
20317859
20320940
20327692
20329057
20339217
20346946
20349148
20349285
20355472
20357770
20365610
20385898
20400321
20403224
20406285
20453204
20453721
20464588
20472213
20480691
20482403
20491308
20495504
20496760
20502019
20515945
20518155
20525253
20525920
20526728
20531339
20535318
20537863
20550756
20554281
20556803
20562965
20583501
20584997
20588685
20591642
20595996
20602996
20603808
20605249
20611463
20611785
20614916
20615474
20619858
20644266
20644633
20646484
20648116
20661793
20710087
20713905
20722758
20726182
20736152
20737537
20744402
20751752
20754443
20768774
20775470
20775762
20776101
20777285
20799592
20843542
20851248
20857605
20862988
20975467
20978605
20984789
20986942
20989690
20995159
20996598
20999325
21001487
21002779
21010206
21011188
21016289
21018058
21025649
21028018
21030059
21031828
21034404
21035110
21044533
21048554
21051312
21056472
21057743
21059173
21060962
21062570
21065475
21068073
21071097
21073238
21076557
21082593
21082759
21087078
21087548
21098052
21099569
21100572
21106149
21108150
21113580
21116709
21118161
21121591
21124584
21126034
21130580
21131610
21134145
21137063
21137534
21137843
21144489
21151496
21154530
21156381
21158949
21161672
21164720
21171139
21173052
21174606
21181003
21184130
21185715
21186416
21191960
21193366
21195790
21201868
21203245
21214234
21219537
21221484
21227570
21228041
21229830
21243814
21244315
21246834
21249610
21253709
21255634
21257060
21260521
21262032
21263928
21269340
21271099
21271246
21272424
21275927
21282324
21283781
21286241
21292866
21295193
21297537
21300724
21303731
21307044
21307769
21308175
21310369
21317790
21319080
21324839
21329092
21330194
21332398
21337180
21337873
21340365
21343880
21347424
21350520
21350850
21357082
21367979
21371193
21371848
21373681
21380103
21381582
21382805
21389895
21394593
21395532
21398355
21401995
21406918
21407632
21409846
21416071
21416492
21421248
21431014
21438806
21441080
21441684
21441801
21449478
21449795
21451789
21464645
21468064
21469706
21487912
21501411
21505149
21507892
21510806
21511848
21514185
21518953
21519756
21523394
21526149
21532238
21532578
21533164
21537683
21541049
21544067
21546330
21552153
21553453
21559624
21564146
21566555
21569217
21570254
21576528
21578141
21578407
21581340
21582788
21589104
21591178
21595000
21599640
21601324
21605397
21610682
21615363
21616722
21616773
21628119
21628764
21631850
21636592
21637167
21641572
21643641
21650978
21654601
21655970
21660348
21662490
21665877
21668963
21669145
21680529
21680932
21687680
21692775
21694006
21695629
21703265
21703436
21713112
21713422
21722880
21726944
21731504
21733706
21742676
21759928
21760615
21761683
21764282
21770549
21781808
21782876
21783268
21786118
21787667
21791217
21795477
21795942
21800497
21812485
21812746
21816472
21817355
21824217
21828840
21829155
21833779
21834118
21839989
21841163
21854752
21858612
21865408
21868809
21874305
21889955
21890635
21898636
21899459
21902378
21902420
21903889
21911574
21924704
21924914
21934658
21938345
21957956
21959314
21971424
21979269
22024071
22026716
22031826
22031964
22032627
22034025
22034062
22038329
22041767
22042516
22042858
22042931
22045294
22047065
22047525
22059369
22062268
22063163
22066072
22071598
22077900
22089318
22091054
22095133
22096199
22103276
22111060
22125776
22135497
22138241
22143123
22154954
22156382
22158118
22160979
22164355
22171975
22184155
22188645
22191776
22195304
22201541
22203474
22205708
22209298
22219444
22219833
22231152
22245928
22251718
22259520
22264192
22270113
22270544
22288025
22295205
22299889
22301267
22303247
22307267
22315119
22318196
22322218
22324020
22326417
22330176
22332810
22338081
22348349
22351049
22354482
22361860
22362633
22365074
22370374
22376864
22421930
22425884
22433156
22439688
22484672
22487587
22497584
22497928
22504544
22517765
22520452
22548081
22551352
22555289
22562226
22562967
22565052
22582098
22583815
22603521
22606370
22610711
22611402
22616165
22622986
22623288
22636224
22636944
22638853
22648129
22648450
22653280
22659852
22662688
22675870
22677737
22688308
22695264
22697154
22700425
22701204
22702595
22776392
22791178
22807909
22813892
22820962
22824014
22843512
22848802
22849092
22858144
22868160
22917140
22921552
22939025
22945536
22948004
22948168
22958752
22973449
22974753
23004322
23027730
23072217
23075047
23080180
23080231
23081596
23082323
23082794
23086990
23090629
23090777
23091826
23091868
23094067
23095470
23096201
23105324
23108486
23112014
23119572
23119965
23122503
23141034
23144007
23144990
23146950
23153299
23159011
23171508
23173401
23192968
23196432
23203633
23205523
23209103
23210169
23217763
23224741
23232925
23233778
23235978
23239209
23245202
23246342
23258464
23259332
23261321
23272548
23282026
23284936
23289948
23303336
23303504
23308960
23314819
23318272
23334258
23335991
23337873
23340348
23343576
23351481
23363799
23366250
23369929
23376645
23383712
23385200
23388362
23389253
23390488
23396478
23401257
23404352
23408162
23408741
23413865
23415860
23417987
23421332
23464773
23465486
23476772
23491330
23529585
23537056
23541952
23548196
23548488
23562530
23577618
23598414
23606089
23610988
23611708
23613723
23617784
23627433
23632993
23640624
23643187
23659067
23662117
23666194
23667589
23669836
23673248
23676114
23681800
23695910
23700769
23701136
23710400
23720032
23724815
23727210
23730964
23737729
23738634
23740884
23742226
23746609
23753408
23834629
23838884
23864018
23867527
23874753
23881090
23889100
23895424
23898274
23898689
23909184
23956490
23958152
23991648
23995160
24004930
24005252
24012320
24020560
24043540
24057865
24060225
24118846
24120091
24121743
24123330
24124600
24125661
24127332
24127976
24132163
24133751
24136624
24137030
24138465
24143505
24146220
24152305
24155781
24159619
24162609
24170539
24173588
24180288
24188017
24191800
24200536
24201493
24203442
24206976
24213514
24216154
24219671
24221472
24223914
24224841
24232497
24233478
24234084
24240450
24244356
24249804
24255052
24258650
24267049
24269592
24275973
24279200
24281960
24289574
24290840
24300161
24314509
24315173
24316312
24317505
24319508
24320131
24324866
24330267
24333346
24334784
24384102
24389133
24389972
24394770
24398028
24404614
24407328
24413089
24417604
24429208
24430851
24445892
24446275
24450188
24455344
24480386
24487948
24510646
24512541
24514898
24518764
24519873
24523408
24525057
24529504
24531082
24535089
24544560
24548355
24608913
24621088
24644771
24646806
24651338
24652326
24657216
24658819
24671241
24674645
24675343
24677012
24678595
24680740
24681992
24683744
24684818
24686668
24695176
24707568
24709292
24717393
24728130
24773346
24777297
24782120
24793126
24822340
24823832
24846497
24847366
24871427
24874112
24903979
24905478
24907032
24909360
24911902
24914816
24920649
24921256
24922149
24929360
24973640
24989713
25002054
25027072
25067788
25073728
25100344
25117952
25171803
25175415
25176495
25177564
25179758
25184958
25187037
25188231
25188595
25193273
25199549
25205419
25206604
25209179
25210037
25216748
25220665
25223383
25225998
25228169
25229076
25231870
25235003
25238438
25241181
25242823
25244986
25251060
25254300
25255114
25260742
25270053
25272954
25273111
25273705
25276194
25283410
25284699
25285236
25292037
25293922
25297775
25302686
25309597
25310771
25312042
25317027
25318733
25321955
25323630
25328165
25334075
25336847
25337425
25342817
25343320
25347014
25347607
25350032
25352492
25358502
25363675
25364365
25368404
25373385
25376193
25377874
25381405
25381770
25383378
25386753
25396285
25398978
25401493
25420043
25420496
25421216
25428951
25431921
25440007
25441101
25442737
25445502
25448623
25449881
25451094
25454021
25456018
25462264
25464094
25468354
25469583
25474705
25475101
25475366
25486244
25486936
25487523
25496291
25499803
25508072
25510237
25511888
25513251
25515596
25520454
25522199
25522840
25528892
25530478
25533489
25536880
25563382
25563709
25568948
25569438
25569509
25578089
25580234
25581168
25589257
25589968
25592935
25594067
25597636
25611340
25618824
25627733
25628328
25628958
25632096
25637537
25649210
25658162
25661188
25662602
25665628
25665925
25673900
25678152
25680512
25682438
25685008
25690875
25697039
25697906
25703384
25703635
25705577
25708855
25712764
25716088
25717387
25725039
25725397
25728279
25728457
25732330
25733554
25738628
25743717
25749732
25753642
25756855
25759202
25760620
25763468
25767217
25768015
25777336
25781278
25781571
25784929
25794614
25795393
25796763
25803424
25806347
25813828
25823838
25828072
25830321
25833027
25835857
25840667
25840812
25844358
25845821
25847588
25855388
25870553
25872801
25879683
25881136
25895310
25896776
25903879
25915672
25919717
25921817
25922090
25924248
25924912
25925708
25929236
25941568
25944168
25950209
25957802
25961519
25962290
25963412
25969054
25969451
25971365
25975688
25975956
25980456
25987607
25991528
25997398
26002573
26002786
26005184
26022675
26026553
26032646
26038946
26051466
26052177
26057104
26059937
26060873
26064192
26066995
26067156
26068248
26074114
26084806
26086669
26096036
26096154
26099791
26101168
26112832
26116724
26120327
26120969
26124611
26126978
26127648
26128433
26134049
26134802
26145796
26149321
26150002
26150414
26151206
26152067
26161346
26164232
26167876
26169381
26175648
26230324
26238053
26242249
26244490
26245906
26252241
26253718
26257234
26264903
26285769
26286675
26297080
26304619
26313390
26317155
26326540
26329452
26339377
26340482
26348460
26349333
26365048
26366644
26370713
26381524
26382176
26384924
26387725
26390145
26398861
26399770
26402917
26411431
26413894
26422552
26426401
26428241
26432646
26446373
26453104
26456086
26470412
26479804
26485222
26489050
26495402
26515570
26516384
26518613
26520587
26521875
26527284
26527893
26532164
26545938
26547286
26554922
26555328
26555568
26560566
26564621
26566798
26575260
26575557
26576170
26577482
26600208
26607987
26610392
26616515
26621004
26630179
26637584
26640809
26641159
26641586
26653220
26657362
26679048
26681746
26684422
26690571
26740579
26749285
26751278
26756653
26772188
26772902
26775992
26782808
26794115
26802692
26809882
26810762
26814522
26817557
26821721
26829280
26829577
26831426
26840077
26847617
26853578
26859544
26872871
26880267
26882249
26887557
26887904
26890763
26891560
26896406
26903097
26903370
26908769
26910900
26919252
26935406
26935986
26938568
26939717
26944133
27001689
27002545
27009708
27022854
27024456
27027729
27038484
27052578
27055121
27058202
27066579
27066740
27069065
27070761
27084162
27133033
27138069
27145219
27152580
27266286
27269753
27274853
27274905
27276071
27276476
27277202
27280851
27284713
27284782
27285831
27286324
27288476
27290058
27290195
27301043
27308458
27313955
27314823
27316382
27320934
27332483
27335121
27338931
27346277
27346991
27349305
27363146
27369000
27376388
27379228
27401042
27403577
27404567
27406577
27412828
27419256
27427614
27430665
27434260
27435465
27438115
27441856
27444340
27449730
27452165
27464389
27465870
27485378
27488644
27497233
27501892
27502216
27511136
27521568
27529100
27530588
27534427
27535950
27543352
27550409
27558299
27561522
27564421
27571400
27572370
27574501
27580940
27586912
27590863
27592308
27597578
27603156
27604241
27616928
27617377
27619402
27663905
27673266
27675746
27680807
27727012
27727426
27732800
27738328
27741568
27766793
27771457
27791028
27792925
27793868
27797127
27799782
27808334
27828596
27832409
27839592
27845840
27852925
27855666
27865481
27873088
27874852
27877490
27878441
27879558
27886691
27892928
27896104
27896400
27906464
27918903
27923338
27925920
27930384
27936298
27938309
27939928
27943109
28019730
28021058
28051881
28052755
28064513
28078480
28087968
28090758
28100784
28100929
28108544
28149028
28172293
28183084
28190400
28194912
28201250
28201601
28219402
28221608
28248720
28263444
28312989
28313815
28315774
28317412
28319025
28320315
28321736
28322672
28326534
28328719
28330465
28331596
28332962
28337315
28340568
28349324
28353690
28355145
28359685
28363320
28369068
28372288
28380454
28382253
28386964
28387724
28393024
28393702
28406802
28410198
28411084
28413009
28415361
28418077
28420320
28426898
28427568
28428554
28435969
28445475
28447914
28451942
28455235
28463382
28466185
28472960
28475874
28481096
28491953
28493894
28508747
28509214
28510377
28512806
28514632
28515472
28518176
28518469
28520984
28528752
28579587
28582353
28591697
28592203
28594469
28597408
28604436
28607208
28608070
28611640
28616993
28640097
28641592
28649987
28660356
28676688
28692483
28705429
28708879
28710336
28713268
28714514
28721539
28722316
28723976
28729924
28733480
28739748
28747800
28803596
28827776
28837496
28842648
28846613
28854610
28856529
28863498
28866848
28868909
28870683
28873285
28877592
28878370
28881057
28883010
28887936
28889140
28893443
28902308
28906115
28910928
28922124
28967888
28975436
28976273
28985506
29001025
29004806
29049480
29050897
29065304
29071872
29098170
29099338
29100145
29101698
29103241
29104166
29108420
29114391
29117700
29119072
29172002
29172748
29196561
29213760
29261859
29274368
29294726
29297696
29375881
29384458
29388338
29389940
29391045
29396281
29401964
29405749
29411700
29427654
29436746
29438300
29443482
29459155
29459875
29467064
29480076
29482512
29485123
29496035
29497453
29501125
29509198
29529890
29530592
29530885
29533707
29535254
29536327
29541769
29542443
29547080
29557433
29558124
29561201
29568529
29569252
29579302
29587592
29593801
29608324
29611011
29614101
29628082
29629063
29639601
29647638
29658309
29660685
29667732
29668064
29668641
29673741
29677594
29679676
29693077
29694068
29698325
29701131
29705747
29712594
29713248
29715076
29721127
29721417
29722802
29725010
29738084
29753788
29758278
29766808
29770584
29780227
29781028
29786233
29786794
29787476
29788820
29810881
29821978
29829218
29835828
29841425
29886968
29887691
29905321
29909171
29918023
29919921
29926054
29931032
29939974
29946945
29953294
29960278
29962802
29967466
29968288
29970582
29971792
29976589
29984530
29988875
29996038
30003752
30019113
30019520
30021785
30024794
30026914
30036026
30037013
30040842
30048462
30048626
30049573
30060936
30065285
30081427
30081748
30087938
30089513
30097993
30146926
30149324
30157905
30162178
30163651
30168108
30184656
30187621
30190604
30196758
30212517
30212892
30215728
30216778
30220458
30280074
30287617
30289933
30304280
30409851
30411311
30413597
30414760
30416195
30417303
30418672
30419905
30423212
30425310
30428002
30428824
30429668
30434598
30437969
30446790
30450275
30459523
30460438
30462282
30465312
30472201
30476177
30480561
30484619
30493253
30495267
30501908
30505280
30507317
30508628
30509827
30510244
30512178
30513420
30517800
30523407
30526536
30528384
30544120
30549045
30550674
30555146
30558609
30564664
30568000
30573488
30574220
30577937
30583106
30605658
30607383
30610058
30613713
30614916
30617890
30620164
30623968
30626057
30629958
30674252
30676250
30680233
30681208
30686848
30688044
30700549
30704578
30706001
30713990
30724264
30736872
30740646
30746177
30756952
30777668
30778392
30802509
30803512
30805507
30807138
30810139
30812960
30818469
30819649
30820436
30827650
30839425
30855174
30900291
30918144
30935494
30938420
30942988
30945862
30953549
30956562
30962848
30965931
30969886
30971488
30974281
30975109
30982246
30983224
30984400
30990984
30994704
30999265
31007320
31007779
31017252
31064932
31069840
31080739
31083020
31099176
31107089
31131202
31134732
31162630
31174720
31195798
31196189
31197490
31199628
31201872
31202337
31204800
31205898
31207569
31216385
31277232
31279107
31293484
31296768
31359128
31383584
31392273
31398016
31459095
31459742
31461595
31462896
31465030
31465583
31467425
31468258
31471928
31474237
31476676
31476913
31478632
31483212
31486595
31493720
31495253
31499570
31501073
31505568
31506904
31519754
31525484
31528265
31532248
31535756
31543834
31546373
31552800
31555757
31556635
31557957
31559800
31562369
31563010
31565408
31565972
31567907
31576258
31594028
31597446
31605926
31606925
31609428
31612224
31619090
31621860
31623747
31631404
31641904
31654198
31658013
31659904
31662674
31663146
31671052
31671569
31672865
31678640
31682625
31720675
31725859
31729718
31738506
31740294
31747081
31750720
31753072
31756588
31762050
31773201
31785890
31793809
31794438
31803720
31834401
31836166
31850827
31852169
31852742
31853864
31855877
31856728
31861136
31866910
31870480
31871200
31892040
31892497
31949080
31951936
31986481
31991051
31991973
31996948
32000099
32006481
32009856
32015002
32015761
32017542
32020228
32022551
32025024
32031018
32032322
32033289
32039972
32048072
32052385
32063814
32065688
32113121
32113848
32117827
32123460
32149666
32165900
32180560
32188419
32210993
32235776
32244309
32245775
32247988
32252451
32253032
32256324
32258184
32262944
32264274
32268812
32310916
32314392
32342147
32348192
32408070
32425088
32440396
32453120
32578320
32589352
32792968
33055280
33555455
33586207
33587168
33593015
33596795
33598173
33603462
33606078
33608527
33611000
33615651
33617356
33618545
33625949
33629886
33630575
33635793
33639127
33640891
33644134
33648536
33649891
33651500
33656562
33659860
33660776
33665893
33667554
33668135
33671082
33673153
33676572
33677801
33679076
33680467
33682352
33682958
33683609
33691055
33695575
33696443
33701100
33704317
33706718
33709873
33713606
33715832
33717123
33721694
33724727
33726277
33730154
33730749
33732404
33732969
33734040
33736283
33738452
33740681
33741266
33741923
33743503
33744562
33745125
33746700
33747370
33748177
33749542
33754996
33757669
33759138
33764265
33766128
33766937
33769426
33770984
33774727
33776362
33777505
33778748
33780676
33781011
33781838
33785315
33786808
33787285
33788646
33790509
33792977
33796299
33801068
33801334
33809178
33822427
33826237
33827678
33832547
33835695
33837431
33841036
33844465
33847078
33847768
33852719
33855675
33856882
33861061
33862302
33862890
33864116
33865260
33867101
33869642
33871476
33872681
33873297
33874519
33875657
33876882
33877094
33878693
33879832
33880259
33885367
33888925
33889705
33894194
33894991
33896325
33897130
33897670
33899838
33901925
33904074
33904884
33906232
33907035
33908564
33909353
33910147
33911506
33911916
33913617
33916559
33917531
33918076
33919326
33921415
33923383
33927737
33931453
33933075
33939662
33951653
33954537
33955792
33960906
33962852
33963278
33965556
33967842
33971289
33973106
33974184
33975815
33976801
33977500
33978419
33981630
33983127
33984281
33985117
33986670
33988943
33993107
33997115
33998023
34005564
34014968
34016198
34016461
34018161
34020107
34021868
34025594
34030499
34031157
34038166
34051115
34051282
34055253
34055561
34056346
34056980
34057538
34059428
34064653
34064938
34066533
34066966
34068040
34068784
34073217
34084222
34088655
34089399
34094904
34098011
34099901
34102723
34106988
34109329
34109670
34115050
34118578
34119393
34124532
34126792
34126940
34129769
34131876
34135571
34137029
34137584
34139278
34141026
34141241
34142471
34147995
34151006
34152116
34155753
34156887
34158194
34159301
34160387
34161839
34164146
34166565
34167690
34168012
34169149
34170218
34171348
34172465
34173769
34174342
34175096
34179020
34179939
34180886
34181624
34183285
34186150
34189709
34194161
34194650
34202155
34213469
34216271
34217674
34221972
34222395
34223561
34224978
34225265
34227863
34229929
34231538
34232933
34234118
34234558
34235813
34237226
34237656
34238836
34240035
34240908
34243901
34244783
34245843
34247323
34249500
34251358
34254951
34259287
34260526
34267545
34276699
34277694
34278951
34279607
34281689
34284189
34288398
34292303
34293148
34300019
34313293
34313610
34317462
34318085
34318603
34318898
34320008
34321744
34326633
34327061
34328634
34328788
34329761
34331202
34335012
34344905
34347882
34348516
34353650
34356129
34356371
34359013
34361200
34364462
34366388
34367426
34368793
34370280
34370631
34372124
34375601
34376428
34377274
34378691
34379990
34382712
34386709
34390502
34391435
34398317
34408023
34408797
34409870
34410799
34413107
34414779
34418908
34423454
34423929
34431751
34444437
34445065
34448666
34448948
34449514
34449933
34450721
34453122
34457654
34457797
34459723
34460050
34460996
34461864
34466384
34473830
34474481
34475115
34476972
34478490
34480867
34484790
34489304
34490125
34496725
34510102
34510373
34514034
34514443
34514997
34515145
34516548
34518312
34523226
34523540
34525325
34525962
34526864
34527553
34531490
34542708
34543130
34546733
34546890
34547798
34548101
34548912
34551361
34556043
34556690
34558229
34558505
34559266
34560644
34564424
34570271
34571232
34601984
34606718
34609979
34616207
34619220
34620663
34627237
34628061
34631017
34633418
34634162
34639559
34647258
34649042
34654054
34655180
34657626
34658422
34658955
34661091
34662225
34662970
34672561
34675651
34676440
34679526
34680205
34681523
34682413
34686697
34691661
34695349
34695947
34706971
34709756
34711893
34714410
34716300
34717232
34718521
34722246
34724065
34731300
34741172
34744227
34745557
34745658
34746872
34747510
34751929
34755990
34761366
34763436
34768796
34769529
34781382
34784147
34784527
34788412
34789088
34791733
34794608
34797581
34801454
34802140
34809434
34817477
34818659
34820253
34823490
34825382
34827056
34829704
34832495
34835030
34839633
34841010
34845800
34847235
34851986
34852361
34858516
34870769
34871676
34876587
34878797
34879034
34885030
34887435
34887787
34890218
34899406
34900435
34901149
34902823
34909715
34910048
34915990
34922018
34926712
34927637
34932985
34934106
34935022
34936919
34939804
34946824
34953486
34954144
34956835
34958358
34963941
34968777
34968994
34972718
34973392
34984593
34988712
34988866
35000775
35001997
35002994
35003683
35005038
35007377
35007944
35014718
35019876
35027521
35029961
35032744
35039532
35041634
35041968
35047818
35048272
35049555
35049892
35062551
35063145
35069066
35070603
35076137
35076244
35084036
35087505
35090968
35095860
35097607
35103064
35103269
35123392
35131237
35140917
35141987
35148664
35149197
35149398
35150037
35152718
35154709
35163033
35163380
35164403
35165996
35169367
35175592
35178795
35180120
35182466
35187905
35197543
35199147
35201657
35205182
35206297
35207104
35209683
35213068
35216410
35223937
35226014
35228325
35237264
35240009
35242317
35245126
35251459
35254354
35254789
35259630
35265937
35267388
35271245
35273739
35275559
35283483
35285063
35285472
35288260
35292074
35296835
35297636
35298000
35301028
35301138
35301532
35302209
35324786
35327396
35327681
35329287
35329704
35342520
35344737
35344948
35349153
35358922
35359025
35364608
35381262
35391367
35398904
35399951
35403364
35406451
35410102
35414921
35417744
35418449
35420930
35422781
35426618
35429450
35429637
35436582
35439306
35441938
35449377
35451148
35455732
35464518
35465317
35465928
35467624
35472808
35473217
35473762
35473945
35490450
35493916
35504291
35504916
35513440
35520731
35521717
35525460
35527736
35540108
35543234
35546154
35546388
35549221
35557481
35558022
35568000
35570245
35570713
35587474
35587660
35598355
35606048
35655119
35657981
35664503
35667306
35669915
35675858
35676990
35679668
35682117
35682985
35691242
35694321
35695789
35696410
35697580
35698059
35702460
35706411
35709912
35711563
35713734
35720940
35723192
35723694
35729045
35730637
35730742
35735014
35737251
35738741
35740053
35742629
35754803
35755606
35756489
35757233
35758535
35760760
35761956
35768463
35773826
35780944
35786226
35789667
35796154
35797425
35803628
35804491
35804726
35805978
35807591
35809402
35817351
35823160
35823854
35828054
35830805
35832051
35840093
35842323
35842976
35845890
35849843
35858316
35858487
35861954
35865049
35869323
35873396
35876424
35877176
35879009
35881757
35882650
35885418
35888268
35900934
35904257
35906602
35906693
35909778
35917651
35925773
35926889
35933030
35935533
35936651
35936853
35939704
35940557
35948142
35949020
35961603
35963513
35963959
35968142
35968960
35971258
35974536
35977238
35981095
35982137
35982878
35983603
35990617
35991008
35997259
36003009
36008332
36008986
36012916
36022438
36024737
36025032
36030824
36031013
36032793
36033186
36047484
36048778
36049817
36050150
36054299
36060804
36063413
36064588
36066913
36073232
36078309
36083025
36084130
36084552
36086889
36087490
36088176
36088334
36095330
36110558
36114605
36117554
36117765
36124803
36127557
36129833
36137168
36139046
36147604
36147779
36157984
36160540
36183884
36187075
36187702
36188889
36189398
36194260
36198742
36202613
36203162
36209895
36211502
36218189
36226866
36227537
36229662
36232481
36234883
36235496
36238884
36244380
36244781
36246407
36247835
36250222
36256868
36263975
36264672
36267217
36269067
36274299
36275636
36281861
36282965
36288660
36289034
36295778
36300312
36302924
36311507
36313749
36315612
36319375
36320796
36321120
36324153
36326502
36330509
36338224
36340201
36343458
36343632
36344883
36345540
36358796
36360394
36360624
36373450
36381987
36383122
36383556
36385188
36390256
36390564
36391004
36391329
36406598
36406825
36417561
36424896
36443229
36447118
36448570
36450533
36452934
36453576
36454652
36459299
36461456
36467874
36471191
36473163
36478232
36479657
36484484
36485201
36490324
36490761
36496458
36504498
36509345
36509460
36510064
36512903
36513608
36524632
36528481
36528836
36537514
36539411
36544722
36544812
36565760
36569647
36571858
36580904
36583700
36585782
36588803
36594737
36597842
36598025
36604088
36604677
36609120
36610708
36626439
36637257
36640782
36651114
36651665
36660608
36702073
36703143
36705244
36706019
36707375
36708851
36710342
36711276
36715037
36717294
36719096
36719707
36721585
36725918
36729111
36737341
36739667
36740560
36743985
36745449
36749771
36753192
36754610
36761093
36768373
36775384
36780484
36781202
36782430
36783924
36788521
36790937
36794984
36798647
36801635
36803909
36805382
36808457
36809098
36809756
36815431
36816273
36817202
36818084
36822592
36827147
36833871
36834492
36836972
36837834
36840346
36851588
36857442
36858196
36860969
36864500
36865866
36867273
36867366
36869777
36874403
36876677
36876888
36881249
36883138
36886676
36887562
36892772
36897083
36899475
36902100
36903032
36906085
36907337
36909841
36910094
36911394
36916245
36917842
36921539
36928128
36930220
36935202
36950065
36957440
36963565
36970369
36971159
36974154
36974894
36976866
36983686
36986132
36987493
36995826
36997028
36997545
37000552
37001317
37001880
37005638
37008466
37010441
37016140
37019860
37019939
37021232
37028714
37030864
37032645
37037361
37038753
37040451
37040692
37045362
37045900
37048066
37048504
37054506
37058565
37061507
37062165
37068941
37069338
37086338
37093725
37097009
37099282
37101753
37103188
37107738
37111000
37112457
37114410
37114887
37118732
37119297
37121184
37126968
37130294
37130507
37142573
37155088
37159334
37174336
37177624
37179777
37192928
37201937
37210180
37225659
37228434
37229366
37238405
37242183
37243107
37250849
37253360
37255242
37257871
37261646
37264406
37266730
37267570
37270051
37274732
37276212
37277861
37282182
37283865
37286536
37287232
37290921
37293393
37293610
37294562
37297544
37298548
37299779
37309062
37311300
37312009
37314732
37315346
37319700
37323480
37328003
37332164
37353504
37356485
37360984
37361830
37362441
37364456
37365168
37367045
37370049
37372594
37373322
37373521
37374252
37383186
37388902
37390421
37390874
37396555
37403140
37421297
37422134
37422221
37425306
37428257
37462912
37472259
37474568
37487198
37487932
37489862
37492362
37493292
37494352
37497012
37499288
37502240
37505413
37507273
37509139
37512205
37520209
37529094
37530376
37543040
37552588
37554454
37568597
37568779
37571656
37587552
37590064
37605382
37618019
37627980
37636208
37647872
37655564
37659777
37667264
37688096
37692440
37693954
37752631
37755806
37761499
37764517
37766781
37773129
37773551
37777066
37778802
37780180
37785513
37788145
37795469
37796536
37802918
37803211
37803317
37804141
37806515
37808525
37817721
37825654
37827060
37833187
37835958
37837146
37837365
37839736
37840300
37841686
37849550
37850725
37851772
37853059
37856317
37862978
37866138
37866790
37869008
37874792
37883852
37887334
37890929
37891275
37892956
37893899
37898090
37902635
37906842
37907021
37917497
37919322
37921582
37925399
37925966
37926368
37929212
37932419
37936150
37943496
37950750
37954151
37955757
37958546
37960003
37961476
37962638
37966065
37968488
37975681
37978327
37981001
37989572
37992490
37994667
37997617
38003864
38006836
38007049
38017989
38021080
38022253
38022806
38023910
38024757
38029006
38032597
38037845
38040387
38045299
38051020
38052743
38056235
38059034
38060953
38068510
38070329
38071008
38073441
38077895
38079278
38090865
38093276
38093979
38098439
38098784
38101645
38104612
38107147
38110162
38114616
38115684
38116001
38118804
38119233
38119495
38119848
38127009
38143891
38144231
38151478
38159593
38161208
38162511
38165680
38168145
38169476
38171842
38175668
38178152
38178497
38179993
38180674
38193734
38195880
38195973
38199652
38208059
38209845
38214700
38216404
38221346
38222104
38227028
38227210
38233349
38242418
38242956
38247808
38249034
38264851
38278892
38279847
38284890
38286507
38287126
38291363
38293201
38294938
38296122
38298354
38307289
38315622
38316187
38319905
38323004
38326869
38330826
38333764
38334636
38336912
38339827
38340860
38341711
38343577
38350108
38350752
38356309
38362896
38367782
38368269
38372111
38376086
38378546
38378633
38386193
38388082
38390932
38398728
38400131
38406766
38407350
38408819
38410301
38412743
38419842
38426771
38427584
38430488
38431765
38437733
38446257
38447458
38447657
38449826
38454696
38454978
38455566
38455984
38470377
38474858
38475472
38476200
38479204
38479379
38490444
38494640
38495042
38504788
38508551
38519173
38519384
38528544
38539513
38540619
38542132
38543000
38544179
38545868
38546658
38554135
38559265
38566184
38568062
38569549
38572453
38575622
38587459
38590576
38593669
38594066
38597129
38601194
38604484
38611587
38613680
38613828
38619346
38619556
38621244
38621889
38637905
38638122
38648000
38650894
38666653
38667946
38673490
38674778
38680645
38681098
38688129
38691916
38695174
38700244
38700323
38711324
38719232
38734873
38740134
38740745
38760544
38800795
38802682
38803271
38803663
38806894
38807445
38807996
38808171
38809725
38813315
38815518
38816214
38816441
38818515
38818605
38821176
38822455
38825542
38827185
38828364
38830837
38836782
38841359
38845713
38846587
38849621
38850448
38857027
38859649
38859818
38863802
38865693
38874705
38876183
38877416
38877722
38882544
38886661
38887815
38892632
38897520
38898858
38901132
38902051
38904595
38905027
38906006
38906816
38912436
38913669
38916126
38916456
38920780
38928877
38931571
38936798
38942360
38943528
38949915
38952460
38954125
38954788
38959186
38964788
38966437
38967689
38970758
38970953
38973722
38978018
38981972
38982179
38988305
38995161
38996330
38997638
38998984
38999601
39000242
39003179
39003872
39006501
39012367
39013188
39014502
39018833
39032908
39044866
39053472
39060342
39061039
39066678
39067074
39072537
39081132
39082013
39085508
39085672
39090310
39099154
39101618
39102220
39103060
39104709
39110872
39110949
39113990
39116939
39127905
39130211
39130772
39136408
39137674
39142477
39143825
39144010
39145778
39149684
39159051
39159366
39162096
39162381
39166057
39177536
39188496
39194200
39195196
39195925
39196576
39199557
39200791
39201474
39202979
39207652
39208274
39209731
39211416
39215401
39225387
39225796
39227594
39238660
39239857
39240218
39249536
39262401
39267616
39281158
39289425
39289506
39301888
39306280
39322571
39326103
39329378
39337108
39339228
39344422
39348254
39349283
39350539
39350881
39356519
39359145
39359517
39359920
39360856
39363041
39364152
39365382
39367242
39371942
39373325
39373664
39379604
39390261
39392164
39392454
39392553
39397002
39397714
39397932
39405106
39409731
39411913
39432292
39437592
39443072
39456522
39459350
39461840
39463032
39463557
39466028
39470181
39471433
39473322
39473937
39486554
39487361
39487890
39493686
39493964
39508993
39514400
39520020
39522389
39522947
39533120
39534742
39535400
39545864
39551299
39551684
39554144
39563408
39585490
39586722
39587156
39590473
39592987
39593633
39594193
39596684
39600526
39601457
39602284
39604314
39604704
39619976
39628849
39638592
39651469
39651640
39656608
39657749
39658082
39666213
39678978
39682342
39682888
39685633
39707008
39718019
39728448
39739952
39747756
39747952
39754272
39772226
39780769
39781016
39786756
39797952
39847420
39848691
39850862
39851985
39853207
39855033
39855971
39856614
39860318
39863239
39865260
39865629
39867128
39872015
39874619
39881047
39882382
39884230
39885605
39887469
39898722
39904705
39905578
39908500
39913366
39919216
39920219
39923013
39923879
39926657
39932515
39935018
39936466
39944510
39947480
39949417
39953052
39953738
39958541
39962380
39963220
39964869
39965715
39968870
39970096
39972480
39978653
39980649
39981291
39990866
39994675
39996305
40002800
40006536
40007941
40010610
40015148
40015988
40016515
40018884
40019624
40021042
40024848
40026825
40027480
40027685
40028326
40037385
40042831
40043694
40046339
40048197
40048838
40049992
40053386
40055340
40058016
40061490
40063764
40065049
40068118
40075697
40085766
40094088
40105024
40112318
40114521
40116008
40118520
40121236
40125237
40127716
40130185
40135762
40141738
40142181
40144035
40144660
40146520
40151697
40153420
40153650
40157680
40160065
40163850
40164357
40169858
40174537
40175330
40176308
40179108
40180114
40180300
40184099
40187145
40188948
40194374
40198321
40198922
40199368
40206572
40210485
40210571
40222870
40235048
40239703
40243495
40246283
40248485
40249737
40251601
40256902
40257738
40260242
40264227
40265756
40268356
40269088
40272323
40273997
40274202
40280341
40286274
40305016
40313923
40314980
40328704
40342534
40347152
40354592
40372698
40380204
40385314
40386057
40386863
40387818
40392884
40395356
40399300
40403133
40405593
40408842
40409484
40412562
40413492
40415352
40416263
40417441
40422426
40423753
40428305
40434240
40436197
40438632
40440658
40445112
40446672
40448202
40448305
40453513
40453702
40455265
40456844
40462469
40466450
40469155
40484096
40486956
40489520
40502004
40504517
40504632
40506273
40508964
40509866
40510801
40520259
40522082
40522836
40525929
40526470
40530954
40534936
40535179
40535574
40538637
40541328
40567590
40568875
40583221
40583450
40586500
40603872
40608780
40609857
40632987
40635793
40637746
40638563
40641652
40643109
40643598
40649043
40650296
40650921
40652418
40656192
40661013
40665798
40670401
40685720
40692768
40698481
40698970
40706125
40706582
40723969
40732544
40740888
40749314
40764236
40769041
40773378
40794240
40804960
40814609
40816676
40831424
40834184
40849411
40898017
40901348
40905932
40907632
40908326
40912840
40916355
40917105
40919970
40921880
40928374
40939662
40942688
40945742
40945811
40948249
40948546
40949928
40951868
40963342
40964875
40965180
40970297
40970759
40977447
40978588
40979137
40986916
40990464
40992861
40996370
41005728
41009706
41031955
41034899
41035036
41035822
41036464
41037122
41037895
41042133
41046286
41049280
41058490
41061132
41075779
41091614
41093509
41103497
41108896
41126433
41128322
41132328
41140880
41159226
41161806
41166087
41166248
41170497
41174547
41181273
41187872
41189963
41192492
41193873
41222445
41228817
41230534
41261188
41273353
41287823
41294176
41295986
41305140
41323777
41329674
41354564
41354881
41355432
41361808
41369697
41390104
41422364
41423955
41424228
41425049
41427341
41439751
41440912
41446784
41451803
41455296
41455828
41476165
41484949
41496838
41500792
41518628
41519280
41521729
41533634
41533729
41550166
41551395
41574552
41600520
41603090
41625620
41639970
41649169
41680951
41682697
41687306
41706304
41715010
41717922
41718532
41722056
41730689
41751557
41758800
41787395
41813096
41814800
41816642
41820452
41846790
41893900
41946363
41949807
41956157
41959090
41960926
41966964
41968535
41971397
41973161
41974602
41983395
41986552
41987861
41988462
41989237
41993701
41998517
42002774
42002989
42015602
42018668
42020246
42020427
42022106
42026823
42030874
42035514
42037617
42043001
42044307
42050731
42059668
42060012
42062103
42065544
42067288
42068578
42071809
42080198
42080979
42085709
42087531
42088085
42092273
42094424
42096173
42096845
42099657
42109383
42110603
42111449
42113182
42115891
42122785
42129945
42130272
42132588
42134554
42144668
42145077
42146026
42147404
42148089
42150694
42151809
42158171
42163408
42170532
42172990
42174149
42179849
42180909
42186821
42187026
42194480
42198278
42201123
42209012
42212280
42218449
42219094
42220236
42226403
42226874
42227477
42228118
42230457
42232374
42242300
42244429
42246375
42250331
42251527
42252192
42255246
42257969
42261515
42269444
42272217
42278662
42279539
42283189
42286093
42287740
42295343
42297500
42298304
42300816
42304234
42306980
42307408
42308961
42309148
42322243
42324082
42324676
42328482
42338108
42345923
42347037
42349808
42352878
42357082
42361637
42364194
42365574
42367528
42369522
42378904
42379476
42379681
42387108
42387265
42387495
42388168
42402191
42403158
42406578
42409027
42421521
42424712
42427465
42427922
42430548
42435761
42436362
42439305
42446862
42454112
42470844
42478987
42480554
42486705
42489483
42490074
42490157
42492396
42493606
42494059
42505263
42508755
42510998
42513001
42514737
42515554
42517095
42521496
42523076
42530384
42534707
42535143
42547608
42550062
42550813
42554451
42554848
42558038
42560706
42563605
42565853
42567866
42572934
42574666
42579137
42580012
42585125
42585354
42591282
42600345
42601358
42601751
42603132
42609710
42610400
42616122
42622056
42627267
42628118
42632148
42636677
42637128
42637988
42640473
42640802
42651942
42656097
42656424
42664869
42667361
42674769
42676578
42676936
42683042
42683145
42684558
42685264
42698322
42699804
42705012
42705539
42725760
42732327
42733010
42734030
42735217
42738846
42745153
42748493
42749091
42751784
42757508
42763035
42764660
42774274
42776709
42779285
42781848
42788364
42790964
42791050
42795881
42800300
42801570
42801872
42804592
42804778
42805523
42805924
42813104
42830217
42830406
42835488
42836293
42852377
42860663
42865227
42867849
42868244
42874968
42877353
42880522
42887268
42889745
42895658
42899475
42910028
42910258
42919104
42930373
42930488
42941184
42943495
42995471
42997195
42997436
42998173
43001561
43001654
43002093
43002707
43004119
43007276
43009595
43010407
43010970
43012526
43012725
43015747
43016318
43019448
43021638
43022993
43025259
43026999
43035814
43037726
43038763
43039169
43044290
43048468
43049756
43054211
43058133
43060430
43065755
43070755
43072097
43078671
43080753
43083029
43083376
43088010
43091335
43092681
43093304
43094945
43095142
43096394
43099213
43099616
43102804
43108381
43109040
43110616
43115142
43123450
43123837
43129946
43130760
43135527
43144529
43145239
43149200
43150373
43153688
43160780
43160882
43166979
43168521
43173013
43174057
43174662
43176522
43180242
43191459
43192435
43193878
43194208
43197108
43198494
43198888
43200844
43205104
43206282
43207212
43209475
43213381
43227524
43232832
43245624
43254701
43258654
43261160
43269394
43271571
43276888
43280411
43281484
43282660
43282957
43289686
43291504
43292056
43292229
43296041
43296881
43297418
43304042
43309196
43311493
43322921
43325498
43329731
43329844
43332689
43336916
43338373
43340105
43340326
43353650
43356310
43356460
43366560
43368730
43369057
43379713
43386282
43387752
43388562
43391141
43394063
43394404
43395462
43397425
43402009
43402822
43403473
43405451
43406272
43419925
43420227
43425088
43426024
43426326
43434100
43447304
43453708
43464320
43475042
43483427
43483972
43489808
43500928
43516406
43522169
43527197
43531782
43532495
43535510
43536162
43543180
43545380
43545673
43550434
43552073
43554577
43555404
43557422
43558284
43559194
43559840
43565906
43566388
43569179
43569857
43573425
43584626
43586900
43588357
43590821
43591448
43594251
43598792
43602028
43602578
43608102
43620497
43632168
43641152
43653674
43656522
43656753
43657394
43659668
43665795
43666004
43669016
43671821
43680952
43681293
43683893
43684290
43688133
43699840
43710466
43714637
43715472
43717001
43727888
43728939
43729222
43738400
43745446
43745640
43758112
43762753
43780316
43782501
43783191
43784002
43784835
43787204
43787363
43788856
43790505
43795800
43796533
43797216
43802930
43823312
43828739
43833632
43844747
43845412
43846410
43851866
43852433
43867140
43872832
43876784
43877004
43879616
43888898
43912961
43921478
43930784
43942488
43942561
43944996
43967232
43974993
43975362
43980896
43999368
44043837
44045683
44046221
44047127
44049831
44050042
44050901
44051118
44052894
44056145
44057711
44059356
44059435
44060918
44061529
44063916
44064987
44068163
44070552
44071206
44073910
44076441
44081935
44086860
44087524
44094493
44096582
44098786
44099094
44103945
44106219
44106967
44113035
44113697
44118140
44127878
44128286
44132130
44133460
44136963
44141900
44142798
44143674
44144352
44147058
44148763
44149569
44151441
44155842
44156201
44157041
44159532
44163252
44172149
44175931
44178881
44187146
44189454
44193955
44197903
44199057
44199989
44200400
44207205
44210251
44213096
44214668
44214866
44217478
44221842
44222772
44224632
44225157
44238665
44239585
44240170
44243284
44246045
44246736
44247832
44249670
44253735
44254392
44255622
44257549
44258208
44273169
44283168
44294344
44303322
44308679
44313623
44317752
44319133
44322074
44322408
44329265
44331632
44332165
44338378
44340882
44341812
44344660
44344867
44347437
44352417
44355793
44355882
44361816
44369860
44374121
44377190
44377737
44378442
44380946
44386482
44387084
44389411
44392981
44402837
44403490
44405509
44416002
44417101
44417688
44426816
44435859
44438228
44438558
44439208
44439852
44442544
44442828
44443747
44446021
44451459
44451926
44452320
44458570
44467469
44467824
44468777
44474507
44474662
44489744
44495008
44502564
44511384
44520768
44532136
44532358
44538048
44556545
44565229
44566654
44576088
44577819
44578893
44579716
44584176
44584840
44589619
44594444
44599068
44599717
44600899
44602212
44602584
44604041
44606613
44607424
44609714
44615703
44616034
44618115
44622136
44635537
44635722
44641804
44642853
44647702
44648773
44649016
44650665
44654986
44669712
44674208
44687427
44698778
44700386
44700852
44701443
44705349
44705990
44706089
44713161
44718353
44720916
44729450
44732698
44733009
44742976
44744932
44745227
44755972
44763308
44763670
44768896
44769338
44769729
44777682
44790785
44794444
44794544
44800034
44812032
44828136
44830341
44832294
44832945
44834937
44836625
44837387
44837728
44843690
44844626
44847119
44847524
44851526
44865798
44876897
44886656
44893237
44893507
44896342
44897160
44900756
44911904
44922888
44925272
44925633
44937312
44942468
44970370
44975148
44980800
44990769
44991298
44993920
45003272
45023395
45023588
45026384
45048352
45096326
45103320
45104289
45109009
45112648
45114924
45117058
45117539
45118768
45120068
45123284
45124440
45130085
45130424
45136148
45139529
45140165
45142496
45155756
45156178
45159082
45161108
45163212
45165106
45173600
45179978
45188622
45191040
45200520
45214216
45221542
45224294
45224649
45227525
45229449
45231040
45236645
45244586
45252947
45259041
45262596
45263912
45265985
45269022
45269896
45289607
45296772
45297888
45306916
45320344
45327378
45353330
45354277
45355427
45356148
45360864
45367660
45367988
45368131
45379730
45383854
45384731
45385153
45396612
45402512
45406721
45410340
45417049
45418511
45418724
45421762
45430020
45438480
45441360
45495330
45498419
45500192
45504770
45552649
45555756
45580362
45615530
45615825
45615942
45619104
45622089
45625682
45629809
45632553
45634314
45654108
45657616
45668432
45671008
45678887
45682717
45683312
45688936
45690114
45696162
45705360
45721605
45728273
45744796
45747784
45752343
45753122
45765153
45765698
45766792
45842708
45877529
45881792
45896961
45901889
45912131
45926410
45973545
46007558
46026772
46039186
46072325
46139310
46140377
46141927
46143352
46145051
46146300
46147057
46148515
46151951
46154611
46156518
46156862
46158796
46163031
46166173
46171742
46173652
46175125
46183753
46187705
46189176
46196616
46199396
46200882
46207631
46209340
46210276
46214028
46215786
46219514
46223234
46224980
46230793
46235995
46239923
46242837
46245522
46246452
46248728
46253603
46254853
46256713
46260433
46262286
46264642
46265504
46271277
46277862
46282977
46283860
46284983
46286725
46291594
46293326
46297890
46302154
46304428
46305042
46306032
46308546
46310053
46310712
46319953
46322081
46322954
46326164
46326339
46330885
46334557
46337592
46339241
46340497
46343562
46344402
46345223
46350649
46351564
46353044
46353985
46357792
46362650
46367078
46371928
46376033
46397952
46401851
46403143
46405411
46405874
46408150
46419393
46425904
46426277
46429706
46432745
46437542
46438794
46438993
46441314
46442180
46443657
46446696
46449492
46449874
46449964
46451331
46459924
46465765
46466482
46468202
46468753
46470476
46475864
46477513
46477606
46482344
46483824
46487621
46488594
46494241
46498609
46499885
46500118
46506042
46512385
46531230
46532956
46535781
46537254
46540329
46540970
46543244
46543891
46545552
46550029
46551348
46555256
46561600
46563948
46564427
46564885
46567510
46571016
46596931
46602000
46617100
46623872
46637504
46647320
46649474
46663275
46669256
46670173
46673202
46674579
46676592
46682577
46685317
46687017
46694711
46696071
46697585
46699858
46701315
46701860
46705221
46706886
46710400
46713033
46714986
46716956
46720011
46728052
46729153
46729930
46732962
46733638
46733865
46737585
46740532
46742538
46747939
46751845
46752408
46753540
46760364
46769425
46770562
46783552
46793650
46795236
46797161
46802572
46803784
46805176
46805765
46810435
46810676
46812560
46813766
46819858
46823433
46825699
46827669
46841901
46842010
46844962
46858712
46859533
46866507
46866710
46883920
46893856
46896644
46911505
46923951
46927628
46929300
46932558
46933285
46938134
46941286
46942538
46945042
46945305
46948739
46949544
46952000
46957240
46966819
46975524
46986496
46990214
46993562
46993941
47006219
47018116
47027203
47031368
47038688
47055569
47070240
47073414
47075528
47092608
47096838
47098128
47122016
47130636
47138849
47193297
47200358
47201864
47205772
47209634
47212291
47213904
47215160
47216260
47216929
47221100
47221458
47224768
47227306
47231156
47235756
47238666
47239570
47252837
47253926
47260329
47260486
47265925
47269162
47269993
47272672
47292455
47295748
47306788
47309600
47318452
47318723
47321938
47323461
47325539
47328020
47336352
47342642
47350425
47353871
47354660
47360546
47361168
47367760
47376452
47383827
47386048
47395906
47409410
47425545
47431948
47449937
47452522
47452849
47455497
47457482
47458784
47465161
47473234
47481159
47484194
47489053
47489936
47502088
47502384
47503426
47513788
47520392
47523201
47525378
47526952
47530007
47530434
47583321
47590465
47592032
47601153
47646790
47653908
47677573
47712948
47713929
47715032
47715877
47720288
47727032
47727429
47738964
47745166
47749344
47764616
47769640
47776339
47776798
47777000
47788353
47794372
47798536
47802881
47812664
47826962
47841582
47843355
47843937
47846512
47854721
47863044
47866020
47940106
47986192
47989276
47990656
47995024
48006289
48025605
48070740
48108554
48112131
48136457
48169010
48238512
48241602
48246534
48247272
48248003
48252772
48256561
48257432
48259809
48261228
48273465
48276526
48277017
48277639
48278216
48278817
48279827
48284442
48287783
48291584
48302285
48305415
48309299
48309924
48313680
48317529
48324892
48330944
48333335
48339360
48341385
48350346
48368718
48370969
48371106
48372252
48374326
48386131
48387656
48393760
48398635
48399569
48423436
48431259
48432244
48437285
48456032
48465284
48466024
48468289
48472226
48498059
48509447
48512384
48515335
48515609
48517212
48517473
48519812
48521358
48530061
48531558
48547089
48562517
48565382
48566840
48598064
48604165
48627773
48631616
48632586
48652562
48677956
48680969
48694561
48697442
48702212
48709796
48710224
48728067
48761895
48762997
48764046
48769107
48769180
48776339
48777742
48778064
48785570
48788576
48791631
48794162
48804372
48809632
48824502
48830552
48833283
48858402
48859780
48865832
48873872
48890458
48902179
48906636
48932874
48947329
48960530
48967944
49004550
49021214
49024073
49033920
49037509
49055952
49058337
49062052
49070664
49093122
49104916
49123340
49153218
49154696
49156432
49169153
49185816
49225745
49284762
49285451
49287341
49288980
49291861
49292393
49293714
49294388
49296650
49299766
49302053
49303754
49304645
49306130
49309833
49316252
49321512
49323011
49325634
49340744
49348718
49352260
49369476
49377297
49381601
49383697
49385554
49398804
49414919
49427074
49432674
49433624
49434800
49447110
49448288
49453632
49455153
49480496
49485834
49487960
49496585
49524740
49545427
49556225
49559564
49562785
49578104
49580704
49590560
49594886
49611299
49612056
49615680
49635968
49653824
49676744
49677836
49678484
49700869
49714304
49759234
49807929
49813808
49816784
49832966
49841026
49841413
49852425
49873676
49875075
49881504
49890624
49908744
49938833
49941664
49942604
49955520
49989888
50013696
50070116
50072594
50077738
50126864
50155552
50206721
50335645
50338263
50344190
50347721
50349871
50355626
50356859
50360146
50362036
50362725
50370403
50371417
50375990
50378133
50378330
50384236
50386134
50387734
50389876
50401226
50410827
50412358
50418641
50418810
50419341
50420267
50422492
50424011
50431214
50439985
50440286
50444168
50447239
50450733
50454770
50457761
50459203
50460868
50466478
50474549
50475749
50481912
50484821
50485430
50486029
50488230
50489027
50489749
50497148
50498151
50498619
50500046
50506887
50507712
50513069
50519428
50524945
50525195
50530547
50532137
50533159
50533848
50537999
50543920
50547030
50548369
50549988
50556450
50561435
50565461
50568266
50568724
50575628
50578100
50580549
50588034
50589784
50597347
50601649
50604972
50605178
50606503
50607514
50612146
50616986
50620630
50620715
50629427
50630229
50631484
50633231
50635001
50642128
50649180
50649568
50652550
50654221
50664334
50665782
50668435
50671901
50672691
50673376
50676327
50679000
50682901
50690146
50693033
50701900
50703024
50703114
50705232
50709872
50710210
50710675
50711364
50730135
50733881
50735691
50737620
50739384
50740609
50741715
50745964
50748194
50754888
50758506
50763108
50763314
50764482
50767132
50767521
50778275
50782640
50782916
50790525
50792874
50801761
50805266
50807386
50810380
50816070
50819210
50819589
50825381
50829337
50839753
50839846
50849536
50862569
50865638
50867541
50867755
50869105
50870029
50873715
50877549
50882733
50885048
50893422
50894010
50895749
50896198
50897820
50899171
50900592
50907421
50913032
50920066
50923324
50928739
50930137
50934426
50936854
50938318
50946199
50948622
50948960
50951720
50954807
50955563
50959049
50961681
50973752
50977316
50979913
50980116
50983178
50988281
50989971
51001900
51003623
51004510
51008793
51009440
51011915
51015425
51017754
51020530
51030360
51032481
51032900
51038324
51038913
51040616
51040775
51053044
51058310
51059361
51059528
51061957
51062184
51062841
51063490
51070664
51089580
51090194
51099744
51102739
51119580
51120761
51127957
51136106
51137414
51138619
51142212
51143980
51145153
51147888
51151055
51152722
51158068
51159222
51165225
51165458
51172552
51176483
51179665
51184581
51187048
51187362
51188814
51189168
51202353
51204489
51204930
51217509
51218072
51228679
51236224
51249950
51251853
51256835
51257701
51263248
51263622
51268645
51268754
51274889
51283273
51285006
51290506
51290705
51311136
51317059
51317300
51322048
51323186
51339292
51382227
51382766
51385081
51386278
51387678
51389287
51390188
51391448
51394715
51397564
51399537
51400215
51401187
51405885
51408975
51414842
51420386
51421359
51424916
51425628
51428132
51433708
51436617
51438474
51447095
51449061
51450317
51459242
51463758
51464998
51471810
51475233
51477012
51479197
51479897
51482156
51483828
51485080
51486337
51489065
51490929
51494208
51497066
51499570
51501063
51504154
51515739
51518087
51519073
51521987
51524402
51528310
51531216
51533093
51539082
51544997
51545576
51546482
51550032
51550385
51550986
51554892
51557893
51559442
51565208
51568966
51569193
51570049
51577022
51581532
51584013
51586388
51587845
51589510
51595032
51595657
51597610
51601516
51603475
51605680
51607104
51610307
51618956
51620048
51633184
51645323
51652209
51657320
51657765
51659357
51660233
51665234
51667123
51671952
51676116
51677921
51679914
51684675
51685794
51687817
51688006
51692728
51693317
51694788
51695921
51702036
51705866
51708402
51711380
51711555
51712868
51715184
51716937
51717766
51726508
51729096
51729554
51732677
51732792
51737609
51741304
51742797
51757142
51757579
51760656
51773743
51777286
51779146
51779788
51782866
51783796
51784729
51790478
51790947
51792197
51793192
51797632
51802134
51806438
51807371
51814458
51814549
51831844
51839665
51844134
51848744
51869952
51874688
51877121
51892236
51907230
51907897
51910552
51911284
51912949
51924200
51931012
51931721
51934482
51937883
51940739
51942597
51945779
51947145
51951637
51955249
51955890
51958164
51958798
51962072
51963458
51965216
51970794
51975761
51976402
51976492
51979184
51979617
51981386
51984930
51986853
51987572
51988099
51988824
51997701
52003654
52013592
52022017
52032640
52036457
52037332
52038988
52039218
52040867
52046118
52047978
52048529
52052930
52054692
52058153
52059156
52065032
52068817
52072534
52072717
52085018
52097089
52102028
52103317
52103691
52109846
52115592
52139032
52143138
52150880
52166999
52168871
52172329
52173585
52176650
52177490
52179139
52179996
52181316
52186123
52187781
52191782
52197536
52199788
52215296
52217937
52220002
52232995
52233274
52233485
52236341
52239618
52269504
52274193
52275332
52298168
52303236
52318467
52325440
52332320
52340739
52349448
52371680
52381702
52383824
52431991
52434638
52434741
52435518
52438251
52438876
52439417
52439958
52441883
52444326
52446429
52447667
52447853
52449754
52449959
52452689
52453775
52457100
52458787
52460120
52462541
52463006
52469005
52469348
52474067
52483384
52484123
52487784
52489362
52492332
52495094
52498543
52502404
52509737
52512313
52517196
52520989
52522246
52523094
52523906
52528805
52529636
52530761
52533906
52536343
52536738
52537891
52539576
52543612
52544835
52546328
52548117
52548448
52560811
52566428
52571166
52575299
52577047
52579553
52579851
52587078
52588770
52589844
52594608
52598981
52602072
52602149
52603529
52605482
52611402
52611633
52614220
52617270
52628238
52629938
52630555
52630881
52632145
52634466
52635025
52635852
52638356
52643116
52643994
52644800
52650153
52661360
52670723
52680320
52691445
52693211
52702851
52704271
52705429
52706096
52711201
52714570
52715630
52721169
52729001
52729606
52735025
52736116
52741658
52742243
52742804
52744517
52749065
52759819
52761064
52761938
52762156
52765876
52767128
52767301
52774277
52779526
52781618
52791354
52791633
52796704
52797515
52798340
52806026
52818948
52824001
52825396
52827256
52828486
52830407
52831782
52832301
52832992
52838761
52839594
52842525
52843344
52847256
52855894
52856460
52859034
52859681
52863762
52874816
52885505
52900616
52905041
52910240
52920652
52921040
52923522
52944992
52953978
52956935
52961853
52966577
52967888
52974615
52976792
52978746
52979144
52984325
52989585
52990361
52991051
52991456
52994762
52996111
52996772
52998438
53003176
53003845
53004486
53006449
53010770
53021908
53024909
53027553
53029034
53029649
53032216
53036810
53037650
53039299
53039412
53054502
53065280
53076353
53087625
53089578
53090418
53093484
53094034
53096533
53101412
53105030
53105225
53110915
53119254
53119592
53121588
53132296
53133461
53133603
53142688
53150946
53151253
53151845
53158157
53158488
53173250
53178688
53182776
53183297
53188992
53207556
53216819
53218132
53218476
53220080
53220739
53221669
53224726
53225376
53227850
53233694
53234376
53236492
53240387
53254690
53259584
53272716
53281993
53285030
53285387
53295744
53297197
53297616
53308432
53313713
53313890
53319752
53331488
53352984
53363908
53373216
53379492
53379715
53391552
53396752
53412422
53412520
53415680
53424161
53481314
53484456
53489208
53490625
53491084
53495536
53498982
53500675
53502436
53504209
53512597
53515539
53515804
53519438
53519728
53524098
53527687
53535251
53541248
53546137
53548551
53548872
53549107
53551226
53563481
53563534
53564577
53570656
53575951
53576914
53581908
53600960
53610253
53620796
53624576
53626919
53627420
53629075
53629636
53631280
53633305
53641878
53644568
53645411
53674071
53677728
53678633
53699082
53708356
53711048
53711140
53715504
53723298
53723472
53742684
53743830
53749902
53750035
53757198
53758009
53758626
53766472
53769408
53772634
53778563
53781036
53805227
53817420
53822225
53842954
53850625
53871131
53873797
53883296
53887380
53909544
53921810
53937544
53938465
53940866
53953060
53977094
54007879
54010969
54012188
54012321
54013508
54014478
54018603
54025760
54034494
54041408
54043397
54052105
54067789
54068614
54091825
54101776
54102209
54104708
54108488
54133045
54135000
54150662
54168642
54174740
54215824
54218757
54233100
54263965
54265962
54276146
54281568
54298184
54298928
54304865
54313730
54339593
54354180
54378520
54397314
54399076
54403408
54411425
54431761
54461443
54529246
54531513
54531702
54532219
54535629
54535859
54536903
54537018
54538799
54541656
54543767
54544629
54545230
54546812
54547339
54550150
54551325
54553905
54556236
54556835
54559226
54563037
54566704
54574149
54576231
54581905
54585367
54586904
54587546
54588200
54592365
54598419
54602779
54606988
54608446
54610989
54611396
54618296
54620616
54621714
54626873
54629194
54629391
54630084
54630566
54633192
54634246
54634897
54636850
54642257
54642955
54643616
54649157
54658006
54659471
54668588
54670365
54671638
54671970
54677092
54680713
54681817
54686758
54693389
54694849
54695025
54695562
54699346
54700212
54700803
54707988
54712376
54714474
54724516
54726226
54727875
54729368
54731164
54731896
54732885
54733280
54739653
54740297
54743063
54743714
54747427
54768161
54772870
54778176
54788843
54791740
54796407
54801734
54803330
54809630
54811907
54813771
54814593
54818868
54824338
54827285
54831433
54831654
54834691
54838825
54839466
54841740
54841938
54857477
54859337
54859978
54863057
54863146
54866070
54870768
54874277
54874904
54880524
54887478
54887880
54888660
54894755
54895125
54909960
54915712
54920302
54921906
54922577
54923746
54925068
54925908
54928922
54929248
54932105
54937627
54938017
54940209
54943916
54953349
54956077
54956376
54966560
54968405
54969218
54979586
54990883
55002512
55011904
55017656
55017825
55021088
55029828
55051189
55052059
55057648
55057941
55062926
55072323
55072783
55076065
55078154
55081041
55084404
55086032
55086245
55089450
55092254
55093064
55093356
55095619
55099603
55101068
55101987
55103542
55104224
55117666
55122324
55125379
55125588
55126309
55128169
55134310
55134857
55137425
55140442
55151810
55161356
55170336
55186757
55187000
55192646
55193810
55198763
55199948
55200050
55202452
55206437
55216203
55216774
55221824
55222413
55223088
55231241
55243792
55248026
55248177
55251211
55251556
55255594
55266464
55277572
55280034
55280273
55282952
55304384
55315750
55317255
55317645
55318464
55321001
55322653
55322992
55325272
55329633
55329972
55331224
55333062
55337610
55348312
55358624
55370500
55380193
55380506
55382130
55393281
55394582
55394892
55403840
55411267
55411364
55417600
55435312
55449704
55455360
55468305
55476550
55476936
55482497
55493728
55509292
55509840
55521664
55526914
55581804
55589425
55590178
55594179
55598672
55600536
55602340
55603974
55604545
55605896
55609048
55610181
55610698
55611750
55613193
55617440
55624105
55624390
55636005
55642484
55642787
55642828
55645664
55648978
55652933
55657283
55659794
55660756
55674963
55679584
55694402
55699970
55707305
55708369
55714225
55714634
55720009
55723666
55724586
55726944
55738684
55739415
55740002
55750824
55756897
55761026
55765256
55779865
55782529
55794177
55796608
55808518
55822356
55838072
55838405
55841204
55842985
55845560
55847301
55856064
55862804
55870099
55871518
55872296
55875108
55882824
55891073
55894593
55902542
55906331
55907201
55913232
55913540
55919908
55928865
55968924
55971040
55981104
55994512
56043530
56049795
56066322
56100268
56103602
56103756
56106122
56108146
56109792
56115562
56123700
56145156
56148231
56149440
56154180
56164537
56168080
56172559
56172996
56185218
56186372
56186928
56198220
56217609
56230471
56236354
56239304
56241424
56243714
56246301
56246512
56328229
56365102
56372264
56374048
56382728
56398866
56402200
56459402
56494129
56501253
56525332
56557641
56630819
56638220
56639120
56642680
56646948
56648902
56651329
56652177
56652968
56654146
56657603
56660387
56660820
56663122
56665652
56666976
56672946
56681093
56691113
56691890
56693425
56694154
56698816
56705393
56705738
56717833
56734849
56737945
56739040
56743969
56756901
56757080
56760032
56762740
56766761
56771000
56773780
56774757
56787534
56790340
56795163
56795361
56807632
56808705
56809988
56821820
56826656
56841264
56846608
56853539
56872970
56887114
56887660
56893874
56894156
56894289
56899626
56902996
56904466
56906656
56918329
56924336
56927330
56929412
56931600
56934415
56935012
56951431
56951837
56952624
56963650
56969768
56973392
56977538
57024782
57027656
57039112
57041344
57086225
57100293
57115145
57148777
57149094
57150136
57152197
57154122
57156422
57157833
57166304
57173253
57184787
57191938
57193344
57201794
57213276
57214999
57215874
57218817
57226274
57234504
57237800
57250836
57254022
57278643
57282590
57283016
57289092
57289761
57296513
57305608
57376850
57410631
57413216
57423364
57436228
57444876
57451529
57508101
57550866
57557080
57573418
57606292
57672885
57674326
57676090
57677001
57680523
57681682
57682021
57683209
57685076
57688397
57690506
57692724
57693706
57694341
57698354
57704999
57714882
57718808
57722146
57737619
57743681
57746977
57762828
57770888
57773061
57778452
57802873
57808272
57809926
57812612
57827920
57836305
57837984
57848128
57852044
57868516
57869386
57880594
57925633
57934620
57937544
57939233
57954408
57962499
57966982
57967697
57971392
57991328
57999576
58001446
58007904
58017344
58052864
58065698
58069509
58081350
58082313
58108416
58133520
58196174
58208420
58215172
58215441
58216784
58229360
58230825
58237073
58253322
58261603
58264864
58266136
58278560
58300418
58327596
58328896
58333824
58335491
58364960
58411072
58458561
58460675
58464276
58474642
58508292
58532992
58601480
58722023
58723196
58725299
58725868
58727517
58729422
58730424
58731249
58734647
58737145
58739651
58739855
58741606
58746139
58749470
58755318
58763139
58768272
58768650
58770075
58771058
58776133
58777895
58781921
58788029
58789203
58791153
58792841
58794795
58806064
58811624
58813074
58815557
58819151
58820910
58824082
58824899
58827988
58829445
58831398
58831897
58833480
58838038
58839210
58843532
58849568
58852821
58859300
58859838
58862761
58864217
58866120
58872632
58875410
58876148
58884841
58887074
58888628
58893894
58894692
58896498
58897036
58901706
58901809
58904104
58904899
58910793
58914836
58917527
58920038
58922538
58925383
58926258
58931211
58934659
58935589
58937449
58938396
58942001
58943108
58944832
58950488
58965120
58968579
58970884
58983759
58986282
58987130
58996020
59000476
59001292
59008612
59011522
59013257
59016037
59018345
59018886
59020232
59023105
59024082
59024556
59033912
59036336
59036709
59040081
59040298
59044882
59048884
59053699
59054424
59054629
59056609
59057986
59059732
59062660
59064682
59065510
59066121
59066961
59075594
59081158
59081818
59082005
59085067
59087940
59113659
59115091
59116952
59118889
59119729
59120802
59124050
59126531
59129408
59132692
59134341
59136014
59139093
59147153
59148826
59162774
59163149
59165825
59179724
59189393
59197634
59208736
59216480
59220995
59222056
59249239
59250862
59252610
59255398
59257285
59261837
59264609
59266378
59272244
59277662
59280588
59283092
59284024
59287077
59288329
59288595
59293884
59295494
59296330
59297104
59301024
59305997
59311058
59311785
59313541
59313752
59315494
59320652
59322531
59323156
59327204
59328936
59332882
59333641
59338960
59343217
59348072
59363398
59371008
59376106
59377520
59378501
59381441
59381972
59382051
59386520
59389066
59390981
59396273
59400594
59400780
59401314
59409196
59409462
59416619
59416853
59434248
59441763
59445338
59445773
59457621
59470338
59475392
59484166
59492496
59507005
59511449
59513882
59516489
59517130
59519084
59524305
59525234
59527508
59532056
59533319
59535649
59537024
59539875
59544844
59549072
59570240
59572472
59574315
59574422
59580557
59586608
59613984
59623436
59625985
59638438
59647032
59648545
59661568
59672800
59675714
59691032
59708433
59712772
59720576
59772868
59775472
59780497
59781858
59782264
59787169
59791116
59791558
59794280
59796003
59805209
59806253
59811900
59811911
59819100
59820307
59820452
59828816
59831840
59841038
59843854
59844115
59844697
59844962
59846280
59846812
59851158
59858304
59867195
59869972
59879685
59885376
59902059
59905095
59905177
59909660
59909953
59913380
59917358
59924615
59930720
59933269
59938854
59941272
59965725
59972288
59973834
59982930
59999888
60000577
60007170
60014788
60034099
60036238
60036816
60037383
60039957
60051516
60051987
60052770
60059392
60064054
60076568
60080323
60097178
60097644
60121347
60139538
60153928
60162142
60163621
60168713
60187296
60199956
60207234
60228801
60230178
60231848
60232002
60236368
60276753
60294362
60305689
60308672
60311705
60311822
60313639
60314280
60315969
60317779
60326039
60329002
60338528
60342377
60358987
60361265
60376204
60393572
60396296
60399784
60400193
60408098
60424365
60427345
60429062
60463376
60475397
60493316
60498953
60526595
60555791
60558752
60559762
60579988
60589168
60590402
60592292
60604808
60638241
60641290
60654598
60688008
60690992
60694913
60703012
60727308
60753944
60825368
60832131
60833092
60837414
60841601
60843121
60845352
60846284
60847682
60848304
60851558
60851882
60852049
60854633
60856626
60858801
60860522
60869344
60875913
60884344
60887461
60887768
60887875
60890164
60892933
60894112
60900180
60907849
60920092
60927248
60928448
60937296
60951242
60952148
60953420
60953810
60958176
60965234
60965548
60977418
60981415
60983325
60983760
60986760
60995088
61002786
61006466
61027400
61030478
61032032
61037064
61051909
61055057
61082022
61082441
61085536
61088421
61092490
61096646
61099077
61100585
61112924
61116439
61116642
61122753
61124104
61130056
61139202
61145395
61148321
61153310
61153896
61165668
61166728
61167873
61213191
61217664
61232644
61237380
61277720
61296658
61308980
61343154
61344419
61350243
61350612
61356562
61359269
61360532
61363136
61375545
61378336
61388033
61401121
61407886
61413956
61417008
61418561
61420676
61423643
61424417
61442307
61449226
61473113
61473807
61474692
61485360
61491970
61495332
61499472
61571209
61612179
61615138
61626498
61628640
61646868
61653030
61702674
61739148
61753353
61767749
61800714
61867307
61868685
61870421
61871666
61874358
61875397
61877002
61877330
61879817
61882970
61884532
61886857
61887636
61888554
61892869
61898969
61902000
61920016
61927430
61932092
61944104
61950152
61950979
61964898
61966470
61970441
61980709
61997454
62007844
62011409
62014788
62016065
62029932
62031363
62034592
62054688
62063489
62064914
62070819
62087188
62112776
62128231
62134850
62137730
62139024
62153752
62161457
62163212
62169920
62178944
62194438
62197056
62197905
62210464
62235680
62259440
62260497
62262282
62267465
62312512
62330884
62391059
62395489
62397452
62399780
62415489
62423492
62427274
62439948
62440466
62456216
62457536
62462112
62464070
62500880
62521539
62523744
62534208
62537784
62564480
62592256
62653224
62653972
62656600
62664709
62688257
62736896
62808066
62918376
62921569
62925923
62927780
62928657
62932450
62936280
62937644
62940112
62941574
62950663
62952508
62953121
62953550
62955723
62968089
62969156
62975168
62981685
62992467
62996000
62998579
62998620
63000846
63001008
63003202
63005191
63013022
63016288
63017061
63037481
63048851
63050138
63056153
63056398
63063577
63064135
63064424
63072897
63075712
63078733
63090833
63095334
63111215
63114516
63124288
63128338
63145729
63146564
63148328
63160432
63183004
63186012
63186055
63187475
63187780
63188144
63189049
63193197
63200352
63209653
63211288
63234118
63242838
63244675
63259704
63292674
63295508
63308055
63310025
63320138
63325888
63350789
63365648
63376136
63377616
63382146
63390020
63407116
63441686
63444019
63448217
63448770
63452456
63456540
63463470
63470336
63472157
63473034
63477906
63496608
63504698
63507971
63508684
63538352
63541633
63545442
63553864
63570571
63576332
63578225
63607817
63615012
63641665
63653898
63676440
63701083
63707808
63709748
63718917
63735330
63736196
63738160
63742593
63769736
63775762
63801361
63833249
63834690
63840452
63849000
63881219
63901702
63964502
63965370
63967819
63968645
63971629
63972906
63973588
63974917
63976594
63980181
63982345
63983730
63984681
63985940
63989834
63996686
64002692
64005220
64006305
64021521
64028871
64034562
64035864
64038192
64053410
64061904
64062601
64066065
64073738
64094771
64097569
64099656
64114881
64122892
64127363
64129112
64135872
64144544
64160360
64163892
64176280
64177157
64195586
64225689
64237904
64244272
64244742
64246340
64258252
64261696
64262179
64274784
64290929
64292512
64297248
64299532
64342144
64357252
64358444
64362514
64373002
64398592
64434177
64487548
64498056
64501763
64505416
64506498
64520993
64521283
64523284
64528914
64553510
64555840
64565888
64569617
64610308
64619288
64619654
64623008
64643392
64672256
64694304
64749794
64751685
64758022
64774153
64788488
64820288
64898064
65013325
65014069
65016470
65016938
65020250
65021332
65022505
65023114
65025061
65028267
65030354
65032965
65033490
65034313
65038868
65044595
65057345
65063297
65063948
65065608
65078041
65087600
65091590
65095312
65110820
65112586
65118284
65134610
65143004
65149096
65152776
65153314
65168387
65176120
65179264
65179910
65192768
65208770
65209862
65211401
65216645
65247248
65274414
65279172
65281041
65298724
65307395
65308064
65313088
65314968
65339788
65342144
65351840
65355843
65377792
65405537
65406002
65409155
65417236
65456160
65495048
65536391
65539394
65541712
65557026
65564696
65569000
65571096
65574917
65585236
65601745
65602604
65605984
65626688
65651713
65667174
65669649
65675936
65684768
65709120
65753216
65799056
65802505
65814577
65815562
65843202
65874176
65932292
66060319
66061280
66092032
67076096
