58239
96755
105973
113515
118507
121694
159582
175837
178654
186046
189911
190907
195568
196393
204647
211389
219863
222927
228728
229030
238581
245187
247215
250493
251876
257260
261150
278382
293598
308711
310077
315069
317147
317886
339799
354767
357167
359836
360131
366263
376474
378238
384419
384789
385275
387028
388024
390761
406522
408671
420221
425585
432815
436859
438242
441749
450154
453580
454283
455900
456934
465150
471415
474765
476407
479156
481234
486618
488393
488839
489018
493167
503097
504774
511571
517027
534015
554717
555751
565135
569179
572094
579005
583351
587871
589254
597470
609723
614384
621989
625658
632446
633263
637924
638627
646806
650602
653965
675279
676854
677679
682238
687724
700795
705787
707191
708536
718053
718219
719623
723949
726269
727839
730078
748771
749141
751958
759730
761433
765114
766889
768213
773429
773710
775068
775507
794327
805877
812831
815739
817122
824957
831903
843113
847164
847459
848817
849242
855675
862455
867282
867941
868107
869310
872396
875750
881977
888753
897912
898358
902904
907445
910509
913991
915336
922589
931756
941370
945091
945333
947411
947533
950160
951223
954309
957625
961268
961434
962093
964171
964910
968562
969902
975721
976167
984383
989044
993173
994428
996081
1004012
1004715
1005085
1006119
1008358
1017742
1020650
1026327
1029584
1034349
1039176
1039622
1040478
1046659
1076711
1080155
1089003
1089373
1093054
1108687
1113756
1127867
1129271
1134263
1136463
1143422
1157501
1162865
1167320
1170674
1170796
1174925
1175142
1176500
1177833
1183740
1193423
1210337
1221611
1225335
1226680
1229790
1242457
1242759
1243491
1250975
1251707
1260497
1262525
1268965
1269131
1272774
1275094
1276090
1280239
1285066
1285308
1291573
1291854
1296323
1298936
1301043
1303282
1303404
1304107
1324021
1332655
1336699
1342700
1348590
1362167
1366994
1367653
1367819
1370058
1373782
1374599
1374778
1382815
1390540
1399729
1400154
1402793
1404117
1406517
1410007
1416409
1417791
1419174
1420877
1423694
1428686
1431086
1434951
1435947
1440608
1459807
1462186
1465285
1465910
1473069
1478879
1481628
1482067
1488046
1492885
1494140
1495793
1506450
1506572
1515083
1517041
1519134
1521863
1526633
1527079
1528718
1528953
1532762
1541610
1541980
1543014
1545334
1548161
1549017
1549463
1552493
1555120
1559055
1562312
1570897
1586863
1592957
1595774
1599903
1604564
1605267
1605389
1612029
1628113
1633497
1635897
1640427
1644151
1654362
1659119
1661868
1662307
1665912
1666358
1678650
1682371
1682613
1684691
1684813
1687440
1694283
1696241
1698334
1710703
1719637
1732171
1733529
1738303
1743781
1744206
1747825
1749910
1751243
1755634
1756459
1757932
1761120
1762422
1765249
1773465
1776116
1776819
1776941
1779180
1781287
1783070
1788650
1792157
1794915
1797584
1799984
1804133
1811258
1814344
1817698
1819349
1822991
1828516
1833036
1836989
1845855
1847238
1850554
1858869
1859150
1861108
1870143
1873400
1874804
1875507
1877746
1877868
1878933
1889479
1890475
1890845
1892228
1893084
1896272
1912093
1915001
1916384
1921894
1926023
1927278
1932425
1938149
1938315
1948360
1948806
1950827
1953576
1959617
1960356
1962434
1972074
1973139
1976037
1976203
1978854
1979927
1985212
1985651
1987290
1991477
1994895
1998083
2001369
2003769
2008157
2009191
2010536
2014018
2014260
2016046
2019010
2027888
2033491
2034831
2036406
2039492
2046753
2048459
2051745
2052183
2053528
2054562
2054932
2057874
2057996
2060904
2061350
2064636
2067824
2077068
2083865
2125623
2137915
2140154
2144695
2151887
2158846
2162034
2177711
2195050
2198782
2200557
2205047
2211214
2218961
2222025
2225379
2225749
2226745
2228128
2235381
2238445
2242335
2248059
2256849
2260325
2271599
2276668
2276963
2281418
2285142
2290598
2292301
2298814
2301900
2314153
2314591
2317877
2320116
2320282
2323758
2329151
2330534
2332408
2340013
2346311
2353270
2358417
2375649
2379167
2382075
2383828
2386543
2391612
2395102
2407769
2408071
2419621
2420046
2421699
2421941
2427837
2429915
2439082
2440406
2445176
2451956
2452659
2452781
2454859
2461635
2464248
2468594
2468716
2469419
2471036
2475505
2477598
2480327
2502136
2507646
2512793
2513827
2518215
2520615
2523901
2527089
2529174
2530507
2534558
2536333
2542057
2545781
2545947
2548186
2548845
2551472
2553672
2562922
2566885
2567051
2568668
2569371
2570775
2574179
2580921
2590522
2593251
2593621
2597302
2599005
2600388
2602788
2609214
2612300
2618004
2629246
2633375
2647003
2650479
2653106
2656221
2657255
2659575
2662324
2669786
2678101
2681336
2690415
2696119
2699205
2702521
2705631
2708031
2709414
2711117
2713458
2714798
2729713
2732530
2733355
2737644
2739751
2741534
2748571
2764991
2768077
2768179
2772468
2780010
2782330
2783517
2789106
2789228
2796265
2796711
2800155
2801538
2804444
2810339
2810709
2815408
2818555
2824041
2828092
2830821
2837383
2839257
2839703
2848424
2855638
2856463
2865985
2867891
2868013
2870977
2873794
2880582
2881578
2889055
2898841
2905969
2907309
2911118
2911353
2913438
2917243
2923244
2927734
2929509
2934501
2934667
2937318
2938391
2941626
2944712
2955149
2959193
2960227
2962108
2962547
2965296
2967002
2968406
2977885
2979268
2980264
2984661
2988303
2990542
2993828
2995906
3005217
3006519
3007456
3009605
3011346
3018586
3025366
3026191
3027766
3029099
3030852
3032758
3037278
3039917
3043105
3048915
3055996
3056699
3061360
3062177
3070356
3073420
3076328
3081931
3082670
3088034
3097205
3097371
3103372
3103811
3107416
3107862
3109637
3116264
3120154
3122529
3130708
3131704
3137745
3151859
3157243
3167197
3176364
3195831
3198917
3202233
3205876
3206042
3206701
3208779
3209518
3223775
3226524
3226963
3228991
3233652
3237781
3239036
3240689
3244926
3250073
3251107
3255495
3257895
3262350
3265258
3270935
3274192
3288995
3290612
3297174
3300082
3300204
3300907
3303146
3304333
3306653
3307687
3320949
3321115
3322588
3325776
3327804
3330533
3334841
3340744
3343095
3353306
3355527
3356782
3360217
3361251
3361621
3366320
3368039
3370788
3372866
3376598
3377594
3380331
3383080
3383757
3384382
3389121
3389860
3398296
3404561
3409871
3414591
3415974
3416830
3420018
3431751
3434986
3435356
3436059
3438710
3444204
3448094
3455131
3458905
3459939
3461820
3462259
3465008
3465685
3479017
3480421
3483068
3483363
3486550
3491542
3492538
3498701
3498803
3501889
3504804
3508021
3511439
3515483
3518232
3520961
3521586
3522989
3528353
3536924
3545817
3546263
3554984
3557813
3558094
3559891
3564359
3567675
3569058
3569428
3570761
3574451
3574573
3576651
3576893
3580702
3587142
3598692
3599395
3601034
3606908
3607611
3612272
3616401
3619218
3619877
3624332
3627240
3633505
3640970
3647235
3649848
3654840
3656244
3658322
3665927
3685959
3693041
3696105
3697509
3699829
3699995
3706771
3709801
3710247
3711103
3712486
3713852
3715930
3720922
3724398
3725463
3728527
3733188
3734184
3741404
3742438
3746265
3748665
3753657
3756474
3759560
3760942
3763906
3770038
3774558
3777197
3780385
3785815
3786811
3788194
3788564
3791472
3794536
3795601
3799077
3807062
3808058
3812021
3812446
3814099
3814221
3819213
3819315
3822030
3825316
3829360
3836590
3838387
3841473
3842855
3845524
3848432
3849257
3852367
3857436
3871403
3875190
3878540
3880337
3889929
3891231
3892168
3892614
3895522
3895892
3904740
3904906
3906310
3920180
3935715
3936085
3951053
3951678
3953331
3953453
3956417
3960468
3967691
3972760
3979025
3981561
3986834
3991302
3993993
3994210
3999518
4002247
4002426
4006555
4010031
4017508
4019850
4024545
4028435
4033929
4034146
4035504
4037653
4039892
4040888
4049484
4051281
4060448
4067701
4073392
4077912
4078214
4080235
4082904
4085125
4085304
4089169
4092084
4096399
4101060
4101763
4106444
4106546
4108844
4113313
4113738
4127248
4131778
4132020
4134098
4134220
4138566
4139562
4141257
4145648
4146473
4162408
4162854
4169891
4170261
4178070
4183556
4188417
4210365
4223993
4224439
4238799
4240374
4241199
4255713
4256415
4259603
4263929
4273534
4282621
4296351
4309979
4313455
4316082
4319146
4320470
4322245
4322870
4326399
4348279
4351343
4353970
4372425
4381638
4389422
4401503
4406867
4408895
4414373
4414798
4418417
4420502
4421835
4427967
4431053
4431155
4433394
4442986
4445306
4446493
4448732
4449435
4450839
4454096
4463603
4466667
4470391
4474846
4485359
4488108
4488547
4504890
4511657
4512981
4520523
4525295
4530122
4540735
4543992
4545396
4546099
4548338
4548460
4549525
4561817
4567532
4568235
4568605
4569639
4574094
4574329
4576414
4585936
4586761
4595576
4599705
4602356
4603059
4603181
4611655
4614890
4618397
4624108
4625905
4627998
4630373
4636799
4638182
4639548
4641626
4645589
4649231
4658921
4662972
4671961
4674361
4678749
4679783
4681128
4684610
4684852
4688342
4689167
4690742
4692075
4693828
4696126
4700865
4702893
4706081
4712210
4725742
4736999
4747210
4750934
4753342
4769119
4774776
4775222
4778905
4782259
4782381
4787159
4794943
4796326
4798200
4808238
4812103
4817789
4824395
4828446
4830099
4831354
4835213
4838121
4838567
4842172
4842611
4845360
4848778
4856031
4863858
4865198
4870037
4872945
4876009
4878826
4879196
4879899
4888044
4890151
4892390
4903779
4906448
4907830
4909163
4910916
4914232
4918762
4919132
4922486
4926169
4926615
4929645
4936378
4939464
4940243
4945729
4949461
4950457
4957003
4957245
4962072
4963106
4968098
4988837
4989693
4992881
4994966
4996299
5000690
5002988
5007849
5011573
5011739
5017450
5020957
5023196
5024230
5025303
5032666
5034887
5036142
5038931
5040271
5044932
5053148
5056314
5059043
5059413
5064405
5065401
5067222
5068047
5075006
5078092
5081782
5083982
5094449
5096235
5097559
5098904
5106280
5106726
5115324
5115619
5117402
5118806
5121870
5130957
5131059
5141921
5147739
5153195
5153565
5156919
5157856
5160005
5161374
5166738
5166860
5173897
5182151
5191016
5192081
5197412
5197578
5204358
5206232
5210483
5213833
5216484
5216650
5223438
5227907
5231185
5234866
5234988
5237952
5240352
5250683
5254109
5257463
5264318
5267404
5283761
5294655
5296038
5297912
5305517
5320564
5323982
5330851
5335532
5336235
5336605
5339422
5340896
5348935
5352170
5355677
5359081
5360485
5362805
5362971
5366614
5373016
5379391
5388181
5389436
5393905
5403366
5410665
5412750
5416794
5417445
5421335
5425881
5426327
5429357
5435048
5435486
5443302
5449529
5454351
5457338
5458742
5460437
5468221
5469604
5474997
5475422
5477075
5477197
5480878
5486242
5492336
5499282
5499941
5501580
5502019
5504768
5518834
5528426
5532389
5532555
5534172
5534875
5536279
5541773
5544681
5545127
5548732
5549171
5550810
5556026
5558755
5559125
5562806
5564509
5565892
5568292
5571439
5574108
5576508
5583545
5589843
5595822
5599010
5600705
5611979
5615265
5615703
5617048
5618082
5618452
5623444
5641942
5642938
5646803
5649101
5649203
5652289
5653492
5654195
5654317
5658715
5660098
5667882
5673389
5677433
5677735
5690728
5691793
5694857
5695074
5696261
5698581
5703111
5703290
5704107
5704477
5707831
5708768
5710070
5710895
5715556
5715722
5724809
5728596
5729299
5736368
5740888
5741190
5745234
5752145
5755060
5770431
5775092
5775258
5784059
5789545
5793596
5796325
5805926
5810055
5811310
5812668
5812963
5821142
5821967
5831489
5836261
5839705
5840151
5842390
5843386
5846123
5848872
5851982
5853877
5854302
5864088
5868237
5868339
5879201
5882311
5882490
5887380
5890095
5894756
5894922
5904057
5908942
5911342
5914306
5916334
5924919
5925856
5928176
5929746
5932491
5933895
5936215
5937211
5938594
5938964
5939450
5944936
5946001
5947765
5953932
5957976
5958278
5966494
5972759
5979161
5980781
5986054
5991438
5993091
6002309
6003041
6006353
6007092
6009170
6014162
6014284
6021321
6027424
6033206
6034901
6035897
6040243
6040365
6042443
6042685
6047435
6048174
6053538
6063089
6073746
6076044
6076776
6081768
6085658
6088033
6096249
6096551
6101071
6106762
6115077
6117985
6120632
6122036
6124114
6128671
6129608
6132962
6133332
6134149
6134328
6138193
6145585
6148300
6148402
6151488
6164432
6167908
6172037
6172216
6174945
6181800
6183124
6183949
6186188
6186290
6199884
6202545
6211141
6212137
6213958
6218266
6238378
6238748
6243217
6244472
6246693
6256904
6260931
6263331
6266000
6270468
6284096
6301655
6302651
6313567
6315946
6335988
6346645
6347900
6352029
6358959
6369004
6370801
6372894
6377363
6380393
6380839
6381695
6383078
6384444
6386522
6395370
6395740
6396774
6400903
6402777
6403223
6407993
6412815
6414773
6415054
6418242
6430194
6434662
6437353
6445532
6446235
6449878
6450703
6462170
6464953
6466357
6468435
6469775
6473427
6473549
6474166
6476903
6479652
6480508
6486689
6487114
6493909
6494905
6507182
6508979
6512065
6513447
6516116
6519024
6519849
6523339
6525739
6527063
6528408
6530127
6532754
6532876
6535784
6536230
6547041
6549858
6567644
6568678
6575589
6579897
6582714
6585800
6586863
6591932
6592227
6596278
6600798
6605267
6607565
6607667
6610753
6612055
6613051
6614434
6614804
6617712
6622650
6625749
6628813
6633533
6634916
6638283
6643352
6649617
6660725
6660891
6666892
6667331
6668534
6669359
6674020
6674186
6678149
6678881
6680966
6688206
6690606
6697643
6703737
6704183
6705120
6705822
6709010
6716169
6718714
6719901
6720118
6725265
6730980
6731146
6732550
6737240
6737542
6746420
6752023
6754931
6761698
6762068
6766991
6771652
6772355
6777036
6777138
6779436
6786356
6788434
6793393
6795593
6800585
6801989
6806688
6817531
6829797
6829963
6836057
6838972
6839411
6842837
6845237
6852438
6855129
6859475
6859597
6861917
6862951
6864296
6867406
6869806
6872770
6885173
6887251
6888591
6892635
6899324
6900141
6902219
6905505
6906270
6911634
6911756
6915783
6916779
6918396
6921584
6925713
6931223
6937625
6939864
6940898
6941268
6953803
6954045
6956284
6957854
6967673
6967975
6972019
6978186
6981237
6981403
6984054
6987404
6988183
6991448
6993669
6996205
6999393
7000095
7001032
7001478
7005522
7017070
7021199
7024387
7026004
7027000
7031992
7035474
7038257
7038538
7043079
7050148
7054192
7055532
7057610
7062826
7065925
7070233
7071616
7081646
7083443
7087911
7093488
7095274
7097423
7098781
7098998
7103127
7113077
7115419
7124322
7130501
7130680
7133409
7137460
7139538
7139660
7140363
7146093
7151366
7152222
7158403
7160167
7165236
7170378
7172273
7176510
7179474
7179596
7181249
7181874
7185300
7186633
7189033
7196842
7197212
7210347
7219137
7223857
7225563
7228312
7231049
7231666
7231788
7234730
7235100
7236134
7237829
7247430
7248426
7252291
7254172
7257360
7258980
7259683
7274679
7277765
7279506
7280165
7284890
7290376
7292018
7293205
7299177
7304450
7307736
7309843
7315558
7320705
7354201
7355235
7359932
7360227
7362010
7363414
7366478
7376570
7379669
7382733
7382835
7385550
7388836
7392347
7397803
7398173
7401527
7402464
7404613
7410680
7411126
7412829
7418285
7426759
7435624
7436689
7441017
7441463
7442400
7443102
7446290
7453449
7455091
7458441
7461092
7461258
7468046
7474861
7476939
7477678
7480990
7481722
7488489
7488935
7492213
7492379
7498980
7499146
7502424
7502870
7504870
7511272
7517537
7520911
7524099
7525716
7526712
7531058
7532753
7538030
7539095
7544581
7545067
7545437
7546820
7547816
7550136
7551540
7553246
7556434
7558732
7563593
7569725
7572689
7575089
7579974
7587366
7590057
7605884
7608779
7612830
7615567
7618194
7618316
7619958
7626995
7627117
7629744
7632481
7636213
7636379
7637783
7641040
7643755
7646424
7648645
7648824
7651934
7658115
7672046
7675234
7679363
7682641
7684669
7686052
7690450
7690572
7691275
7693514
7694918
7706929
7707210
7709168
7709993
7718172
7718467
7719206
7721080
7725209
7734887
7741629
7744817
7745098
7746456
7754924
7758968
7769386
7772485
7775427
7776793
7778176
7784602
7790088
7790867
7796868
7805084
7807842
7811349
7816341
7823883
7832276
7833101
7835918
7850432
7852832
7857220
7858216
7867378
7868203
7869820
7873949
7874166
7874983
7876857
7883419
7886895
7889134
7892322
7895685
7908577
7911764
7912467
7914087
7915432
7916756
7919156
7924017
7924298
7934735
7944780
7949249
7949874
7951569
7956037
7957033
7958854
7962843
7965592
7968329
7968946
7969068
7972010
7972380
7973414
7975109
7980325
7990536
7997789
8003153
8006834
8006956
8008609
8009034
8015430
8016788
8018121
8022172
8029680
8034502
8040729
8045721
8046755
8047125
8053006
8058370
8062696
8066586
8067237
8071281
8073366
8078136
8084576
8088705
8094595
8095850
8104640
8127710
8134971
8138057
8139632
8140972
8144624
8148266
8152229
8155673
8157056
8164521
8165925
8168164
8168330
8172054
8177778
8187393
8190210
8194536
8195609
8198260
8198426
8201324
8202389
8209683
8215684
8219728
8225618
8226958
8233223
8243872
8258079
8259462
8262370
8276069
8276235
8280896
8282198
8292412
8294490
8308496
8319009
8323909
8327225
8328608
8337474
8339502
8348292
8358945
8360584
8365074
8404439
8432627
8435069
8441631
8444539
8445922
8461743
8465787
8484786
8486489
8488935
8499146
8502870
8510777
8513016
8514420
8515123
8517838
8548959
8550342
8551338
8557807
8560556
8564600
8573247
8576211
8576333
8580679
8582037
8583292
8588895
8594351
8608626
8611690
8612755
8615197
8616231
8621973
8624881
8627945
8630762
8631132
8631835
8636124
8637158
8643385
8649825
8670575
8676279
8679365
8682681
8688571
8691657
8692959
8695708
8698616
8699062
8709873
8712690
8713515
8725374
8730521
8731555
8739734
8742798
8745706
8752626
8754924
8759785
8763509
8763675
8767964
8768667
8770364
8773328
8780933
8785087
8789748
8789914
8798715
8804201
8808252
8810981
8820582
8824711
8825966
8827324
8827619
8835798
8836623
8846145
8850917
8854361
8854807
8857046
8858042
8860779
8863528
8866638
8868533
8868958
8878744
8882893
8882995
8893857
8896967
8897146
8902036
8904751
8909412
8909578
8920315
8924783
8926141
8943480
8957861
8959939
8964287
8968948
8969114
8969773
8972012
8975902
8990196
9000853
9002108
9006237
9012127
9018567
9022172
9029466
9030117
9034007
9036246
9037071
9039979
9041732
9042728
9045886
9052067
9052923
9066218
9067405
9071449
9071895
9074803
9080297
9084021
9084187
9086426
9087830
9097913
9108162
9116378
9119161
9120565
9122643
9123983
9127635
9127757
9128374
9131111
9133860
9134716
9140897
9141322
9145134
9146829
9147454
9151175
9156244
9156976
9161968
9173017
9174400
9179902
9183090
9187219
9190249
9190695
9195241
9198058
9198428
9199131
9201370
9204846
9205911
9211622
9217849
9222671
9225658
9227062
9228757
9236541
9237924
9241071
9246140
9246435
9250486
9255006
9259475
9261773
9261875
9264961
9266263
9267259
9268642
9269012
9271920
9276235
9276477
9278555
9281304
9288084
9290105
9290407
9300618
9317038
9318835
9321921
9323949
9327431
9332815
9337884
9339884
9340587
9343774
9358288
9359113
9361764
9362467
9364706
9365076
9365893
9366072
9372922
9374109
9374326
9379473
9385188
9385354
9386758
9391448
9391750
9400628
9410307
9414866
9414988
9415691
9417266
9420352
9422380
9444318
9455575
9456571
9463359
9468837
9469262
9482431
9485517
9485619
9489908
9497450
9499770
9500957
9510851
9514902
9517810
9517932
9518635
9522924
9524721
9526814
9529189
9535995
9541481
9545532
9548261
9554823
9556697
9557143
9565864
9573117
9576305
9583774
9588582
9591273
9594585
9595324
9595619
9597402
9598061
9600688
9604837
9605003
9606620
9607654
9608727
9610966
9611962
9618873
9620277
9622355
9623695
9627739
9629122
9631522
9637338
9639738
9643701
9646518
9648221
9649604
9661857
9668270
9676855
9677792
9680112
9681682
9684047
9686674
9686796
9689704
9690150
9693833
9700862
9707413
9713385
9721564
9722598
9726425
9728825
9736026
9742806
9743631
9745206
9746539
9748292
9750198
9754718
9757357
9760545
9768761
9775541
9775822
9777619
9782733
9787453
9788836
9789692
9792880
9799371
9800110
9805474
9814645
9814811
9820812
9821251
9824856
9825302
9827077
9831231
9834195
9834317
9837671
9841276
9851563
9855350
9858700
9860497
9864825
9867642
9871605
9871771
9876432
9877257
9884900
9885066
9886470
9907809
9909592
9909894
9910626
9915618
9915988
9921444
9926667
9933736
9935060
9935885
9938124
9938226
9947313
9949513
9953564
9953859
9958928
9966459
9973226
9973596
9976950
9983717
9983883
9990842
9993928
9994991
9998179
10000060
10003925
10004921
10013395
10013517
10015837
10016871
10018216
10022562
10030778
10033877
10036941
10037043
10039758
10043044
10046555
10052011
10052381
10055735
10056672
10058821
10061229
10064711
10070095
10075164
10079633
10087009
10088792
10089094
10096053
10096334
10098131
10102599
10103595
10105212
10105915
10110204
10111774
10122636
10128029
10136932
10139274
10142103
10145368
10147589
10150824
10152148
10152973
10154548
10159078
10165480
10171745
10175119
10178307
10179924
10180920
10185266
10186961
10191198
10194484
10196562
10197379
10203721
10204167
10208112
10209452
10211530
10215717
10230574
10236615
10241831
10247408
10251876
10252042
10258682
10260903
10264168
10264947
10268297
10270948
10271114
10278242
10282371
10285649
10290421
10290587
10291991
10295248
10297963
10300632
10302853
10303032
10306142
10312323
10325585
10328402
10331041
10331466
10339220
10340553
10342953
10356973
10360863
10361800
10362246
10363102
10366290
10368588
10373057
10377777
10380016
10380841
10383658
10388055
10389400
10390434
10392754
10392876
10397222
10399913
10406211
10408092
10411280
10423594
10426693
10429635
10431001
10432384
10438810
10444296
10445075
10451076
10454293
10457201
10469478
10474625
10499023
10509816
10514162
10514284
10533356
10534059
10534429
10542238
10544613
10548057
10548503
10552829
10565478
10574565
10574731
10580694
10581519
10587993
10590908
10591347
10594773
10597173
10602165
10604982
10606685
10608068
10612376
10615852
10624745
10628796
10630874
10638819
10639189
10640185
10642424
10642870
10644573
10650463
10655162
10656566
10659630
10668717
10670795
10674846
10678034
10688979
10692043
10693447
10695767
10696763
10698146
10698516
10701052
10707317
10713484
10719609
10719911
10723955
10730122
10731886
10737033
10737250
10738437
10740676
10741379
10743992
10752503
10759897
10762714
10763373
10770106
10773971
10784185
10787667
10790731
10793646
10796834
10799740
10809423
10812050
10812172
10819022
10822641
10831275
10831645
10832679
10834553
10834999
10835936
10841320
10845210
10847210
10849359
10850717
10850934
10855063
10866273
10868056
10868358
10869090
10872402
10873219
10882034
10882859
10884476
10888605
10888822
10889639
10891513
10898075
10901551
10903790
10906978
10910341
10923233
10926420
10927123
10928743
10930088
10931412
10933812
10938673
10938954
10949391
10959436
10963905
10964530
10966225
10970693
10971689
10973510
10977499
10980248
10982985
10983602
10983724
10986666
10987036
10988070
10989765
10994981
11005192
11022138
11023833
11024867
11025237
11030229
11033046
11033871
11036110
11040830
11049806
11052467
11061063
11062059
11063676
11064379
11067805
11068022
11073169
11082419
11082541
11084780
11085483
11088670
11093662
11094394
11103184
11104009
11106660
11107363
11110649
11115922
11120390
11122264
11123081
11123298
11130209
11134260
11143153
11147975
11156840
11161845
11162011
11166479
11172056
11175575
11176307
11178605
11189262
11193731
11197009
11200073
11200690
11200812
11202890
11206176
11209323
11214213
11214392
11215069
11218257
11221172
11228364
11228466
11235625
11242401
11242826
11244721
11248530
11249189
11252006
11256552
11256998
11260442
11275516
11281781
11287948
11291251
11302113
11303683
11306350
11307415
11312901
11313387
11313757
11315140
11316136
11318456
11319860
11321566
11324754
11327052
11331913
11340431
11345236
11352273
11354301
11357489
11357770
11359128
11364550
11366950
11373424
11376842
11381029
11383107
11388099
11389465
11390848
11395180
11404519
11405885
11407268
11407963
11409346
11414730
11417130
11419959
11423045
11430004
11430170
11439388
11439683
11441041
11442296
11446425
11453318
11453553
11459720
11465985
11474201
11475235
11477474
11477844
11478547
11486478
11489386
11493515
11498176
11502733
11512880
11522464
11537263
11539583
11542332
11548373
11549369
11561646
11563443
11566529
11572661
11572942
11577803
11580203
11581527
11582872
11584492
11585195
11588382
11603379
11605677
11609721
11612538
11617530
11618717
11618934
11624081
11629796
11629962
11631366
11635355
11638831
11641070
11644258
11647621
11654915
11659474
11659596
11660299
11661874
11664960
11668935
11669114
11671335
11675894
11676719
11681380
11681546
11686551
11690347
11695416
11699443
11699565
11702192
11711875
11714781
11717969
11720884
11723948
11727430
11735646
11747899
11749282
11750985
11753802
11757765
11760165
11767366
11768724
11770057
11774108
11781236
11781402
11793668
11800222
11806487
11809395
11813850
11814509
11817326
11821455
11826116
11826819
11833581
11836769
11840820
11842898
11851985
11855049
11856453
11861152
11862966
11864299
11864669
11866052
11869368
11873836
11875633
11875914
11878743
11887464
11887910
11896560
11900202
11904165
11907609
11908992
11915418
11919886
11928923
11931838
11934924
11935026
11941189
11942185
11947177
11950364
11950659
11953306
11954710
11963112
11963558
11967002
11969377
11977186
11977556
11978259
11995017
11997668
11998371
11998741
12001976
12013709
12016897
12017753
12019136
12023856
12028005
12028171
12032832
12034134
12062073
12062375
12064158
12071534
12076003
12081072
12086456
12089938
12092346
12094495
12095432
12098786
12099156
12104612
12108123
12111409
12114124
12114226
12117290
12120389
12128605
12132951
12134296
12135330
12137650
12137772
12146246
12147242
12151107
12152988
12156176
12157239
12160325
12167284
12167450
12174217
12177571
12177941
12184708
12190637
12203206
12204202
12204572
12207976
12209041
12212517
12214756
12215459
12215829
12218646
12227048
12228121
12229155
12231394
12234901
12240398
12249920
12252240
12258136
12258582
12261490
12264554
12265619
12265741
12271105
12272308
12278914
12288465
12296249
12297632
12309544
12321660
12322363
12327841
12328266
12329143
12332229
12333970
12334629
12339084
12341992
12342438
12346482
12347669
12359961
12362200
12364307
12372238
12377602
12388193
12392598
12395662
12403409
12406885
12407051
12412576
12417096
12420615
12423228
12444696
12445730
12453332
12454328
12457065
12460874
12461116
12470407
12499009
12501037
12505864
12519502
12536416
12552580
12562442
12602238
12607385
12613100
12615207
12618493
12623766
12629738
12630925
12632567
12638053
12642778
12643437
12645178
12648264
12663260
12663963
12665583
12668771
12670652
12674517
12675513
12685114
12686809
12687843
12688213
12691155
12691277
12691894
12694631
12697380
12699086
12703806
12712596
12725731
12726101
12733910
12736310
12737643
12741069
12741694
12743347
12743469
12746433
12750670
12752565
12757707
12762776
12764540
12770721
12771577
12776850
12782580
12783283
12783405
12785483
12789534
12792263
12792442
12798621
12807524
12809866
12819816
12823945
12824162
12825520
12827669
12829455
12835032
12839500
12841297
12851327
12852710
12857018
12860117
12865333
12867411
12868751
12872795
12879864
12884405
12884686
12887469
12890951
12895943
12896939
12898556
12901744
12905873
12917421
12921465
12921911
12922848
12923550
12926738
12929274
12931495
12934760
12935539
12938889
12941540
12941706
12944757
12950924
12954968
12955270
12965089
12966659
12968898
12969140
12981675
12982045
12983079
12985318
12991720
12997230
13001359
13004547
13006164
13007160
13011187
13011309
13016673
13017438
13020724
13022802
13023619
13030308
13034352
13035692
13037770
13050173
13053137
13055537
13058647
13059992
13061026
13063346
13063468
13067814
13070505
13077706
13080106
13083532
13083971
13086886
13092980
13093146
13105412
13116255
13120954
13122358
13127350
13129550
13134509
13136587
13143507
13145805
13145907
13150588
13151291
13155952
13160875
13161245
13168012
13170920
13176523
13185401
13185703
13190393
13191797
13191963
13197678
13202825
13203042
13204229
13206774
13213933
13217121
13217823
13218760
13219206
13225300
13232337
13234737
13241977
13244062
13244794
13248757
13248923
13253584
13254409
13255612
13256051
13262052
13262218
13273326
13279591
13284660
13288027
13289410
13294130
13297194
13300293
13305231
13308139
13308509
13309892
13310888
13312190
13315276
13315378
13317676
13322145
13326665
13330716
13331011
13336080
13337143
13340229
13343046
13347354
13354265
13355299
13373085
13375902
13386713
13387159
13390067
13390189
13392816
13394535
13395880
13397204
13399604
13403094
13403919
13406827
13409496
13410878
13413964
13415761
13428038
13429034
13435829
13436254
13442435
13443291
13446040
13448777
13449394
13449516
13453168
13454508
13456586
13457990
13460773
13472240
13473065
13476708
13477411
13485590
13488281
13492749
13504701
13507889
13508170
13510128
13514950
13519720
13520166
13522040
13526169
13527203
13527573
13536421
13538499
13539865
13541248
13542104
13542550
13545580
13550049
13552142
13553939
13563984
13570914
13575043
13576298
13586955
13606997
13609376
13620292
13621288
13636079
13645494
13654483
13657547
13658951
13661271
13662267
13663650
13664020
13671243
13671485
13673724
13675294
13685113
13685415
13689459
13695626
13699058
13706217
13706663
13709941
13710107
13714396
13715099
13717750
13718575
13727365
13728097
13734510
13738639
13741827
13743444
13744440
13749432
13752914
13755697
13755978
13760519
13765610
13767930
13769117
13769334
13772398
13773463
13786456
13786758
13790802
13796309
13804093
13805476
13809874
13809996
13810699
13811902
13814988
13815090
13817388
13821253
13822249
13829469
13830503
13835572
13842609
13848106
13849801
13851205
13853852
13854886
13866182
13867178
13867548
13873443
13877732
13878435
13878805
13881622
13896953
13904238
13909385
13909602
13914895
13924940
13927787
13936577
13941297
13943003
13945752
13948489
13949106
13949228
13952170
13952540
13953574
13955269
13961790
13963485
13966673
13972652
13978950
13985987
13988387
13991056
13992119
13995205
13996946
13997605
14002330
14007816
14009458
14010645
14016617
14021890
14028705
14029143
14034834
14037864
14038310
14042856
14046746
14047397
14051441
14053526
14060825
14070286
14074755
14076010
14084800
14093016
14093462
14095237
14096492
14099281
14100621
14107090
14107749
14107915
14112576
14114874
14117960
14123850
14124092
14162293
14165235
14165357
14167984
14174827
14179717
14179896
14180573
14183761
14186676
14190174
14190991
14195652
14196355
14203436
14207905
14208330
14210225
14214034
14214693
14217510
14222909
14225726
14228690
14228812
14233158
14234516
14235849
14240240
14241065
14247028
14247194
14257000
14257446
14259320
14263449
14264483
14264853
14272662
14278148
14301507
14303535
14306499
14308196
14308899
14312325
14313580
14322842
14324617
14329107
14335108
14337129
14348736
14355169
14356952
14359059
14361298
14361420
14362123
14364774
14385586
14387289
14388672
14391072
14396456
14406288
14418859
14420183
14422583
14425669
14428904
14429350
14432794
14439705
14440739
14442978
14443348
14444051
14450813
14452196
14455640
14456086
14463123
14463245
14468237
14478384
14489102
14493797
14493963
14498624
14500530
14500652
14503616
14526224
14541192
14544916
14552156
14553809
14557612
14562976
14566086
14576016
14578753
14582565
14590027
14592776
14595096
14596130
14614900
14615603
14630941
14632324
14635232
14648962
14682591
14684991
14687955
14688077
14691758
14695036
14699505
14706293
14706459
14709110
14712460
14716711
14718585
14725365
14725531
14730862
14731927
14740792
14749046
14756083
14756205
14761569
14762938
14765087
14766024
14769378
14769748
14775204
14781022
14791884
14791986
14801073
14804137
14805541
14807324
14807619
14816217
14816663
14824039
14825384
14826708
14828494
14838961
14841161
14844851
14847937
14854896
14855721
14857542
14858538
14863530
14863900
14866629
14869795
14878011
14882672
14884012
14886801
14888056
14890277
14897640
14898713
14899747
14901986
14905493
14911204
14911370
14915094
14919955
14922253
14926644
14927977
14930062
14933250
14934106
14954845
14959837
14960871
14965698
14965940
14972486
14973482
14977214
14982700
14983479
14986565
14993298
14996328
14996774
15000457
15003811
15004181
15008711
15012027
15013780
15015113
15016495
15019164
15030553
15032792
15034899
15043044
15043747
15044117
15046934
15049998
15052906
15057745
15059085
15066912
15074165
15077583
15080332
15080771
15084376
15084822
15087730
15091589
15092844
15094497
15098548
15105154
15110840
15114705
15124743
15126617
15128000
15135784
15140562
15140684
15144038
15147721
15148167
15153824
15169601
15172009
15175733
15185944
15197201
15210733
15216862
15220050
15222078
15226817
15229115
15230868
15232201
15233776
15234601
15238091
15238333
15241815
15243160
15244194
15248582
15250982
15259971
15264022
15273712
15277354
15281317
15283395
15284761
15286144
15292570
15294945
15297038
15298835
15304546
15308053
15311288
15319762
15319884
15320587
15323238
15327367
15336182
15337007
15346529
15348614
15348849
15353304
15354338
15354708
15355411
15361126
15373418
15374483
15374605
15376844
15377547
15378951
15382208
15392821
15397648
15402420
15409962
15411286
15418053
15434396
15434835
15437584
15448097
15452552
15456276
15459340
15468847
15472104
15473508
15474211
15476450
15477637
15479957
15489549
15491788
15491890
15494976
15501108
15502441
15504526
15508145
15508570
15514048
15516076
15521440
15533521
15541305
15550518
15568973
15571600
15574664
15596544
15600073
15600698
15602473
15603797
15606861
15609488
15612964
15626592
15640322
15649409
15659014
15663340
15666528
15667230
15681744
15682569
15684144
15698504
15698950
15712578
15730617
15735439
15739483
15740866
15749309
15752497
15752778
15754736
15759558
15762775
15763771
15768432
15771496
15772561
15776037
15781029
15783107
15784473
15785856
15786712
15787158
15790188
15795791
15801894
15805721
15815522
15819651
15820906
15828869
15830124
15831777
15835828
15842434
15851605
15853984
15868191
15869665
15872482
15872852
15873555
15877844
15878840
15881486
15885105
15888523
15897741
15901785
15902819
15907888
15909674
15910998
15927756
15928459
15930034
15930156
15933120
15943733
15945811
15948560
15951624
15954978
15958264
15970696
15977092
15991983
15996644
15996810
16001505
16005395
16009684
16010387
16010509
16012084
16013417
16017468
16019546
16026322
16026444
16027147
16028764
16029798
16033927
16041017
16051266
16052624
16059057
16059482
16061257
16061703
16064938
16065308
16068662
16071748
16084001
16085640
16089891
16092560
16099936
16124613
16138649
16138866
16146471
16151298
16155030
16158763
16160516
16165900
16167553
16179528
16188046
16191234
16199888
16200713
16205104
16209926
16228644
16237080
16253847
16255102
16260249
16263892
16264717
16267534
16271186
16272526
16278345
16278791
16281699
16284448
16287441
16288180
16290258
16290917
16291083
16294726
16298042
16301128
16321196
16321635
16322993
16323274
16327461
16335270
16336973
16363872
16368864
16370434
16372754
16379913
16385450
16385820
16386854
16388549
16388728
16389174
16392857
16396333
16406152
16414737
16420448
16427394
16439306
16449897
16459312
16471045
16474280
16482319
16486980
16499233
16517955
16518197
16519836
16520275
16523024
16531825
16537992
16542338
16544780
16551556
16564247
16565184
16572968
16581005
16581222
16586369
16591152
16598344
16619523
16621762
16656708
16657411
16664100
16680257
16683172
16687216
16704640
16712856
16713890
16714260
16785398
16792557
16801439
16820157
16842037
16842318
16864183
16867269
16869567
16874228
16874394
16875053
16878543
16880863
16883612
16892413
16897777
16905062
16914363
16924408
16938482
16943997
16955242
16956307
16961421
16964329
16964775
16968380
16968819
16970458
16985577
16989301
16989467
16991087
16993756
16996156
17003193
17010394
17012615
17013870
17016659
17017999
17019574
17022660
17031627
17034913
17035351
17036696
17037730
17038100
17052991
17067505
17073918
17084265
17086350
17092074
17092444
17095798
17099481
17099927
17102957
17112556
17116902
17127257
17128291
17130938
17132342
17134037
17143638
17144634
17148597
17149022
17150675
17150797
17155789
17155891
17158606
17161892
17165936
17182522
17184217
17185251
17185621
17190613
17193430
17194255
17196494
17201214
17210190
17212851
17221447
17222443
17224060
17224763
17228189
17228406
17233553
17242803
17242925
17245164
17245867
17249054
17254046
17254778
17263568
17264393
17267044
17267747
17271033
17276306
17280774
17282648
17283465
17283682
17290593
17294644
17322877
17329644
17333534
17346282
17349789
17354597
17360726
17361722
17363417
17375123
17379455
17380838
17382204
17387196
17389274
17393461
17396879
17403353
17405753
17411175
17412533
17412814
17416002
17418030
17425067
17429872
17447638
17448463
17452854
17454549
17455545
17459891
17460013
17462091
17462333
17465823
17469109
17471187
17471309
17471926
17474990
17478268
17482737
17493394
17495692
17496424
17502027
17504942
17508807
17508986
17511207
17513876
17515897
17516199
17520719
17526410
17532278
17539315
17539437
17542064
17544801
17548319
17549256
17552610
17552980
17553797
17553976
17557841
17565551
17577657
17580767
17583955
17586870
17589934
17603027
17606091
17607495
17609815
17610811
17612194
17612564
17615100
17621365
17627532
17636043
17640094
17647005
17647222
17648039
17649913
17654381
17659654
17662940
17663643
17666294
17667119
17675909
17676641
17681633
17684820
17685523
17687762
17687884
17698219
17698589
17701497
17701943
17702880
17704182
17713774
17715571
17718921
17722708
17735000
17735302
17739346
17744103
17746852
17748930
17749172
17754314
17756714
17764751
17768795
17772081
17774796
17774898
17779890
17780012
17781665
17782090
17786053
17787049
17796650
17798345
17799749
17802396
17803430
17813785
17818131
17836926
17842073
17854350
17857258
17860475
17866476
17867255
17872741
17879167
17880550
17881916
17884858
17887957
17900271
17903459
17905340
17911638
17914329
17918675
17918797
17921117
17922151
17923496
17927893
17930710
17931535
17933774
17938494
17942963
17945261
17948449
17949305
17949751
17950688
17954578
17968598
17970998
17972331
17980085
17980510
17983149
17985966
17999228
18005409
18008519
18008698
18010919
18013588
18016303
18019560
18020964
18021130
18025902
18029180
18033309
18040437
18040603
18043254
18046604
18047383
18050648
18052869
18059509
18059675
18064143
18069720
18074936
18080977
18095834
18100021
18102099
18103439
18107384
18107830
18114172
18114989
18117067
18120353
18124590
18126285
18130631
18131627
18133244
18136432
18139806
18146071
18152473
18157003
18158578
18159403
18160727
18163962
18166183
18169448
18172277
18174619
18183522
18188915
18199777
18201347
18205636
18206339
18207956
18208952
18213420
18215217
18215498
18222457
18222759
18224542
18231918
18236387
18241456
18246840
18250322
18252730
18254879
18255816
18259170
18259540
18264996
18268507
18271793
18274508
18274610
18277674
18280773
18288989
18293335
18294680
18295714
18298034
18298156
18306630
18307626
18311491
18313372
18316560
18317623
18320709
18327668
18327834
18334601
18337955
18338325
18345092
18352623
18357692
18357987
18362038
18364238
18373325
18373427
18375666
18376491
18377815
18384884
18390107
18395563
18395933
18400925
18401657
18401959
18403742
18425081
18426485
18426651
18434294
18435119
18439780
18439946
18443909
18446726
18451054
18452851
18456201
18459988
18470275
18473880
18477234
18477356
18480320
18484474
18486249
18486695
18490300
18490739
18496740
18496906
18506077
18511441
18512180
18518671
18521859
18522715
18524098
18528818
18533932
18535729
18536010
18542790
18551006
18554194
18556833
18561353
18563259
18565012
18566345
18567920
18568745
18575525
18582726
18585126
18588953
18589987
18598166
18604138
18610689
18617718
18621401
18621847
18624755
18624877
18627504
18629869
18631439
18633759
18634696
18643281
18649694
18661947
18663330
18665033
18667850
18671813
18674213
18680029
18682429
18683812
18687856
18689196
18691274
18692678
18699589
18700585
18702824
18703897
18704931
18706548
18706714
18710863
18713490
18714149
18715932
18716227
18716966
18720278
18722969
18727777
18735246
18738434
18745687
18754408
18754854
18756728
18763290
18766019
18770070
18775556
18782362
18784737
18786830
18788627
18792916
18793619
18793741
18796649
18800700
18810594
18811781
18814101
18821643
18825932
18826034
18829120
18842289
18842714
18848192
18854980
18855976
18867233
18887163
18893559
18905991
18918883
18919253
18927062
18929462
18930795
18934221
18934846
18936499
18936621
18939585
18947801
18955086
18959797
18960078
18961875
18966343
18967339
18968956
18969659
18975732
18976435
18976557
18978635
18982686
18985415
18985594
18991773
19000676
19003018
19010271
19013459
19019438
19025532
19028427
19032478
19035215
19037842
19037964
19041991
19044604
19050869
19055861
19056027
19057431
19060688
19063403
19066072
19068293
19068472
19073002
19076509
19076726
19077543
19080855
19081587
19083885
19091694
19094882
19099011
19102289
19104697
19111137
19114946
19115188
19117266
19117388
19126577
19126858
19128816
19129641
19148461
19150539
19151278
19154930
19162089
19162535
19165813
19165979
19174827
19175197
19176231
19178470
19184872
19190382
19194511
19197699
19199316
19200312
19205749
19205915
19208566
19211630
19212695
19218181
19220717
19224607
19225544
19225990
19226846
19230034
19232332
19243325
19246289
19248689
19251799
19253144
19254178
19256498
19256620
19260966
19263657
19269564
19278430
19285341
19286375
19291444
19298481
19301979
19302718
19307457
19308082
19308759
19311508
19314245
19315241
19322054
19323050
19323420
19329315
19337531
19340617
19344668
19344963
19346321
19347576
19354789
19358598
19358833
19365000
19366063
19369251
19370724
19370890
19383402
19384467
19384589
19389953
19392192
19401535
19404792
19412397
19420871
19421867
19425654
19430801
19435129
19437214
19437946
19441909
19442075
19446736
19447561
19448764
19449203
19455204
19455370
19469685
19479896
19480198
19482219
19488999
19491748
19493826
19494068
19498383
19501291
19501661
19503044
19504040
19505342
19508428
19508530
19510828
19515297
19519817
19523868
19524163
19529232
19532761
19533207
19536115
19536237
19539179
19539549
19540583
19541928
19542366
19545652
19547358
19554619
19557705
19559280
19560620
19563837
19574086
19584169
19585573
19587812
19587978
19591702
19596028
19599216
19602634
19606821
19608460
19608899
19614184
19615257
19617908
19618074
19620972
19622037
19631638
19634329
19638797
19645266
19646606
19652871
19666158
19671389
19676753
19678781
19681598
19684562
19684684
19689030
19690388
19691721
19697853
19701041
19701322
19703280
19708102
19712872
19713318
19715192
19719321
19720355
19720725
19727575
19728571
19730324
19733232
19734057
19736296
19740186
19740837
19748131
19751736
19758176
19764066
19768195
19769450
19780107
19794127
19796527
19799196
19801954
19805461
19811041
19812824
19814931
19817170
19817292
19817995
19820646
19826388
19827384
19830030
19833649
19837067
19841458
19843161
19844544
19846944
19852328
19860582
19861940
19874474
19883408
19892277
19894355
19897104
19900168
19903522
19918860
19924671
19930574
19934193
19942827
19943197
19946105
19946551
19947488
19948790
19958762
19961082
19962269
19962486
19965550
19966615
19979608
19979910
19983954
19990501
19994391
19997626
19999775
20000712
20004066
20004436
20009359
20013403
20016689
20019404
20019506
20022621
20023655
20028724
20035761
20041258
20042953
20044357
20047004
20048038
20059373
20060943
20063182
20074813
20077777
20079159
20082245
20085062
20089051
20091451
20092834
20094537
20098218
20098588
20101317
20106533
20108172
20108611
20112216
20112662
20115570
20132328
20133401
20134435
20138724
20138890
20141210
20142614
20145678
20155506
20157281
20161332
20162665
20164750
20167938
20170844
20181664
20188779
20190137
20194525
20195559
20200386
20200628
20202414
20214256
20215081
20221857
20222295
20227986
20231016
20231462
20236008
20239898
20240549
20244593
20246678
20254192
20255311
20265241
20270233
20277518
20282882
20286168
20286614
20288389
20289644
20292433
20293773
20300242
20300901
20301067
20305728
20308026
20311112
20316662
20317487
20322148
20326277
20327532
20329185
20332703
20335891
20337364
20338189
20351826
20359431
20361305
20362688
20373582
20384561
20387979
20398533
20398712
20399158
20406317
20411144
20414876
20415171
20420240
20452715
20456766
20461505
20465853
20467931
20470680
20472399
20477098
20477468
20478502
20494659
20496687
20499651
20501348
20502051
20505477
20506732
20513693
20517047
20520133
20527258
20531032
20532066
20534386
20535573
20537812
20538515
20538637
20541545
20548321
20550104
20552211
20554450
20554572
20555275
20557926
20585753
20587992
20589026
20589396
20590099
20598030
20599683
20600938
20605067
20609728
20612945
20614285
20615860
20627913
20628538
20631637
20634016
20637328
20640804
20643951
20646578
20646700
20648778
20649020
20652741
20662355
20671522
20677029
20687240
20690964
20694368
20713188
20713354
20717078
20724237
20725879
20727224
20728628
20730706
20732046
20736090
20738311
20745308
20746961
20750764
20756128
20759238
20769168
20771905
20777801
20778247
20780121
20781155
20785206
20791973
20792398
20802184
20808052
20808755
20824093
20825476
20828384
20842153
20844970
20845340
20864033
20866272
20867842
20870162
20874311
20875307
20877060
20879968
20884097
20906387
20911873
20916432
20917257
20918832
20947266
20987370
20987740
20999993
21009135
21012323
21016374
21018069
21019065
21027539
21027661
21030603
21031342
21036706
21044922
21048787
21051085
21051187
21055476
21060699
21066155
21066525
21075373
21079417
21079719
21084239
21088630
21093777
21098245
21101153
21110197
21110478
21116743
21117739
21122028
21122731
21124348
21125918
21138810
21142173
21147600
21151076
21156247
21159512
21164968
21166292
21167117
21173222
21178606
21189263
21192451
21193307
21194690
21199410
21202155
21202525
21203559
21204904
21205342
21208628
21217595
21220681
21222256
21223596
21226385
21227640
21229861
21236415
21253575
21253754
21255975
21260534
21261359
21266020
21266186
21269918
21272826
21277294
21279091
21282441
21284083
21284205
21286832
21296515
21302245
21304565
21304731
21306135
21308374
21309199
21312107
21314776
21320286
21334365
21339729
21343410
21343532
21345185
21345610
21352006
21353364
21354697
21358748
21371117
21377246
21380434
21382462
21387201
21389499
21391252
21392585
21394160
21394985
21398475
21398717
21402199
21403544
21404578
21408966
21411366
21420355
21424406
21434096
21437738
21441701
21443779
21445145
21446528
21452954
21455329
21457422
21459219
21464930
21468437
21471672
21480146
21480268
21480971
21483622
21487751
21500351
21503437
21507783
21510396
21517690
21521653
21521819
21523223
21526480
21531625
21532071
21533945
21535349
21535515
21537754
21538413
21541230
21546222
21552773
21556817
21559634
21570489
21576929
21582439
21583784
21585108
21592369
21592650
21596382
21598782
21601868
21602647
21613296
21614121
21615942
21616938
21620250
21620901
21622979
21625728
21628886
21629882
21632619
21636045
21636670
21639399
21642148
21645659
21654826
21657925
21665697
21671081
21674268
21674563
21676591
21679260
21685525
21688433
21694775
21698032
21702500
21708926
21711753
21714073
21715107
21715477
21717716
21718541
21721358
21728134
21728369
21730008
21730454
21737613
21740801
21742004
21754952
21763727
21764459
21767771
21768510
21773249
21773874
21775277
21787846
21788842
21789212
21792059
21796720
21798060
21800849
21802104
21804325
21811688
21812761
21813795
21816034
21819541
21824250
21831855
21835043
21836516
21836682
21842776
21843222
21846130
21849194
21850259
21850381
21855745
21859477
21867019
21868636
21873105
21880889
21882272
21889525
21899736
21902136
21907128
21918215
21924689
21930668
21931107
21933856
21939286
21940282
21946445
21949072
21952548
21956044
21958151
21960764
21971779
21972021
21976848
21982232
21987956
21988122
21994562
22000388
22005380
22006112
22035102
22038506
22042013
22042230
22043047
22046359
22047091
22049389
22056309
22057948
22058651
22070201
22076641
22080450
22080692
22082770
22082892
22088666
22089325
22092142
22095454
22096271
22100932
22101635
22103399
22113185
22113610
22115505
22119742
22124481
22126779
22128532
22129865
22131440
22132265
22135375
22140074
22140444
22141478
22145305
22161725
22163803
22167089
22168795
22170199
22171544
22174898
22175020
22179366
22181061
22182057
22191658
22192335
22195084
22195523
22197404
22198438
22202212
22209249
22213139
22217465
22217911
22222738
22228122
22229897
22236437
22239345
22242409
22250968
22252002
22252372
22253075
22258790
22268043
22272704
22287595
22287965
22288999
22290344
22291646
22303035
22306121
22310172
22310467
22311825
22313080
22316599
22322502
22326810
22329539
22331567
22334755
22336228
22336394
22351761
22355237
22356093
22357476
22360920
22361366
22365912
22366946
22369388
22370453
22373517
22387213
22389452
22389554
22392640
22399066
22401287
22411332
22414231
22415486
22420633
22424276
22425101
22427918
22431570
22432910
22438729
22439175
22442083
22444832
22447825
22448564
22450642
22451301
22451467
22455110
22458426
22461512
22481580
22482019
22483377
22483658
22487845
22495654
22497357
22524256
22529248
22530818
22533138
22540297
22547381
22547806
22549459
22554843
22557243
22558626
22560329
22561532
22564720
22568138
22572325
22573964
22574403
22583792
22584617
22586856
22588260
22588963
22590580
22590746
22597142
22599833
22604301
22611151
22613900
22616808
22617254
22621298
22623073
22626591
22628065
22630882
22631252
22631955
22636636
22644408
22655495
22660185
22661219
22666288
22676605
22681432
22682466
22686595
22688212
22688915
22689037
22698507
22700465
22700746
22709964
22710066
22717225
22718549
22725034
22725404
22728758
22731844
22745516
22749560
22749862
22763920
22765639
22766984
22768388
22770708
22775853
22777931
22780680
22781982
22791937
22798896
22813574
22813809
22817618
22826086
22827444
22841804
22842507
22844082
22844204
22847168
22857781
22859859
22862608
22865672
22869026
22873926
22874922
22876617
22877242
22880668
22880963
22886032
22905251
22905621
22915296
22919186
22924300
22925953
22942373
22942798
22946417
22952584
22954226
22954348
22955051
22959712
22963841
22966658
22970986
22974493
22975876
22979920
22996995
23005211
23006594
23009872
23012936
23017477
23037224
23052440
23076217
23076519
23080563
23088494
23090147
23094198
23095531
23095901
23097284
23100600
23104749
23106490
23108639
23109576
23110878
23120189
23122267
23125553
23127792
23131434
23143371
23143613
23147095
23148440
23149474
23165251
23171383
23174469
23177704
23178777
23181428
23181594
23186586
23188361
23192851
23198852
23203006
23204781
23208825
23209271
23216634
23222120
23223185
23226249
23228900
23229603
23229973
23241247
23242630
23245538
23254542
23259237
23259403
23264064
23267453
23268836
23272280
23272726
23278698
23279763
23279885
23283537
23284877
23286452
23300812
23300914
23302609
23307077
23310393
23311776
23314886
23322670
23334107
23335804
23336507
23339933
23343287
23346373
23353228
23357272
23358306
23360626
23361813
23367524
23374561
23376344
23378451
23382740
23383565
23386382
23396851
23402337
23406388
23407721
23409806
23415900
23417553
23421356
23426720
23434759
23437994
23446309
23453771
23456520
23458840
23459874
23465859
23467476
23468472
23470191
23472818
23472940
23475018
23475260
23479729
23480010
23484551
23488595
23495664
23496489
23497813
23503269
23511705
23515181
23520608
23528824
23529126
23533646
23544903
23545899
23547652
23550560
23554689
23561246
23566724
23570768
23578160
23599447
23602511
23605138
23608168
23608614
23613160
23617050
23619425
23623830
23635768
23638497
23640590
23645059
23646676
23647379
23647501
23651847
23654460
23658990
23660063
23664354
23665541
23669585
23677394
23678053
23678219
23679692
23679794
23682880
23684182
23685178
23694154
23694396
23696049
23696474
23708024
23708326
23720993
23733937
23736754
23738457
23739840
23741868
23745350
23750734
23758506
23761605
23767091
23774283
23777032
23780386
23783812
23792028
23792323
23794765
23797392
23806193
23818625
23822953
23823399
23828226
23833610
23855847
23860916
23865777
23866058
23872969
23874373
23876693
23877689
23879072
23879928
23887967
23889350
23890346
23890716
23894070
23897134
23904881
23911048
23915538
23917313
23922085
23925529
23930951
23932296
23936020
23937806
23949648
23954061
23957249
23964208
23971400
23975941
23978180
23987820
23988885
23994766
24000130
24006224
24011680
24013829
24019719
24025296
24026121
24028360
24029764
24043800
24052054
24064577
24070308
24072386
24088865
24120263
24122583
24123579
24125332
24128047
24131304
24134133
24144344
24146744
24150771
24150893
24161550
24163203
24164458
24169297
24175276
24175715
24178464
24183931
24186680
24189409
24192721
24193460
24195538
24196197
24196363
24200652
24202759
24205372
24217009
24217290
24221831
24225875
24232564
24232730
24239170
24244996
24249150
24252114
24252236
24255590
24259273
24259719
24269482
24273347
24278416
24282565
24282744
24283561
24287285
24289524
24289690
24290349
24295176
24308753
24315683
24325728
24330899
24331021
24334375
24344586
24353804
24365232
24367432
24371778
24380251
24386252
24386354
24389418
24390742
24392517
24397509
24398505
24400326
24404634
24408110
24413852
24414584
24414886
24427553
24430663
24432008
24435732
24448046
24449699
24456836
24461674
24468225
24469527
24470464
24477929
24481819
24483202
24512753
24519004
24519707
24524368
24525185
24539336
24543587
24548656
24564289
24567970
24568340
24576186
24579272
24581672
24585537
24588452
24594712
24623616
24645073
24647473
24652857
24654534
24659750
24662441
24666787
24676005
24678822
24680525
24682866
24686216
24698907
24700290
24703568
24708340
24708506
24709910
24715882
24719389
24720772
24730242
24743504
24748960
24751109
24758472
24760872
24764737
24774892
24778782
24781157
24789593
24790039
24790976
24795696
24798760
24805974
24817832
24824130
24838709
24844612
24845315
24847554
24848920
24856865
24862994
24872212
24875120
24879249
24892544
24904660
24905363
24905485
24908393
24908839
24912444
24919050
24929604
24930600
24939696
24941896
24946242
24978977
24981794
24986786
24987156
25006228
25038370
25040065
25044116
25053708
25055505
25084037
25104902
25133132
25190202
25190879
25194165
25196243
25196365
25196982
25206457
25213742
25218734
25220531
25224999
25230576
25233215
25243260
25246155
25252844
25253547
25257334
25269626
25273589
25273755
25275159
25278416
25283181
25288454
25289310
25295491
25310877
25311609
25311911
25316601
25323886
25329033
25329250
25332982
25334757
25340141
25344031
25344968
25345414
25347435
25356225
25360945
25364441
25365475
25367795
25367917
25370544
25372263
25381438
25383133
25386321
25392300
25397595
25406762
25409861
25411767
25414853
25416594
25417253
25421978
25427464
25435975
25439210
25441530
25442717
25442934
25449845
25460056
25460358
25461119
25466483
25469909
25478543
25481451
25481821
25483204
25484200
25485502
25488588
25488690
25490988
25503069
25504103
25509172
25512539
25513922
25521706
25523401
25524805
25527213
25539782
25540778
25541148
25544552
25545617
25549093
25551332
25552035
25552405
25555222
25562037
25562462
25564115
25569499
25571899
25573282
25574985
25576188
25579376
25582794
25586981
25588620
25589059
25598448
25599273
25601512
25602916
25603619
25605236
25605402
25611798
25614489
25618957
25625807
25628556
25631464
25631910
25635954
25637729
25641247
25642721
25645538
25645908
25646611
25651292
25659064
25670151
25674841
25675875
25680944
25697265
25700329
25704053
25704219
25708508
25709542
25711862
25719021
25722209
25728622
25729687
25732751
25733483
25738552
25741662
25747026
25752482
25754185
25754631
25758957
25760698
25762847
25763784
25765086
25774397
25776475
25779761
25782000
25785642
25790039
25791035
25792418
25801897
25803301
25805007
25807756
25808195
25810076
25811110
25815154
25824615
25826254
25836721
25838507
25839831
25842231
25845317
25848552
25848998
25852442
25856591
25861290
25861660
25867555
25870461
25871844
25875288
25875734
25882771
25882893
25895455
25896838
25899746
25908750
25913445
25913611
25918272
25922004
25922707
25922829
25924404
25925737
25929788
25931866
25945872
25955277
25955902
25957597
25958631
25969530
25977135
25980099
25981796
25982499
25985785
25986231
25991058
25996442
25998217
26004757
26007665
26010729
26021732
26028769
26030552
26032659
26036948
26037773
26040590
26055505
26056845
26059186
26060889
26062272
26064672
26067782
26071098
26074184
26079888
26087128
26089349
26090604
26093393
26094733
26096308
26101202
26108361
26108986
26112085
26114464
26117962
26122503
26124742
26136654
26149872
26150697
26152021
26157477
26165913
26169389
26174816
26182294
26192641
26194961
26200450
26206792
26207238
26227686
26234483
26243727
26246915
26250201
26250647
26253555
26253677
26256619
26256989
26258023
26259368
26259806
26263092
26264798
26272059
26275145
26276720
26278060
26283663
26292541
26295505
26297291
26297533
26301015
26302360
26303394
26307782
26310182
26313468
26316656
26320074
26324261
26325900
26326339
26331624
26332697
26335348
26335514
26338412
26339477
26349117
26351195
26351934
26357975
26360724
26362745
26363191
26373236
26373402
26379126
26384273
26385528
26389657
26395167
26396550
26399458
26415279
26418467
26419323
26420706
26421076
26422072
26432618
26433683
26433805
26436044
26436747
26438151
26441408
26450443
26452401
26452682
26460997
26464313
26465696
26474562
26478515
26483035
26488560
26492202
26493853
26497207
26500293
26507418
26511567
26513967
26516636
26519394
26522901
26528481
26530264
26532371
26534610
26534732
26535435
26538086
26546302
26549129
26550431
26553619
26555092
26555917
26560308
26561641
26563726
26567345
26567770
26573248
26578022
26579380
26591914
26600848
26613217
26615310
26617268
26624111
26626738
26626860
26628938
26629180
26632901
26645193
26645639
26649244
26649683
26652432
26657189
26667400
26671124
26675654
26678054
26683438
26699522
26706162
26706284
26706987
26711648
26715777
26718594
26724688
26740654
26749239
26752496
26756431
26759058
26762088
26762534
26763390
26766217
26768537
26769571
26769941
26778789
26782598
26782833
26784472
26784918
26789688
26792417
26794510
26796468
26804979
26805101
26815758
26817411
26818666
26823505
26829484
26829923
26832672
26838482
26845641
26846266
26849365
26851744
26870943
26875604
26876600
26880465
26882865
26887857
26890674
26892377
26893760
26895142
26901544
26905034
26907434
26908758
26911397
26911822
26921011
26928736
26936773
26936952
26937769
26941493
26943732
26943898
26944557
26949384
26962961
26968851
26974852
26978896
26987530
27007444
27008147
27008269
27010508
27012615
27015228
27019697
27019978
27026243
27026485
27031312
27035461
27036457
27038777
27042420
27042586
27049026
27051054
27059844
27060576
27068060
27068792
27069094
27081761
27084871
27086216
27089940
27101214
27118128
27127811
27133718
27135051
27136409
27136626
27140755
27140877
27144231
27148686
27154050
27168129
27175088
27177288
27182280
27183684
27197795
27202864
27218497
27222178
27222548
27231396
27234840
27270389
27270555
27274198
27275023
27277931
27286110
27288893
27297747
27301223
27304828
27305531
27311009
27311434
27316439
27319188
27322252
27325160
27325606
27331502
27333822
27343344
27344169
27347279
27352348
27352643
27356694
27359385
27365096
27368986
27371361
27375766
27377787
27379170
27379540
27380536
27386577
27390053
27390219
27399034
27402997
27403163
27406639
27409603
27411631
27416292
27416458
27421153
27425043
27427566
27430754
27434261
27436500
27437496
27440233
27445970
27446092
27446795
27448412
27449446
27453575
27461791
27466452
27467277
27469516
27469618
27478705
27479130
27480905
27481351
27484586
27484956
27488310
27491396
27493804
27497286
27502670
27509539
27512208
27519584
27528057
27528503
27530142
27542654
27545481
27548132
27548835
27549205
27551444
27552440
27555086
27560479
27561862
27563736
27564770
27571341
27575732
27583274
27584598
27596675
27597930
27601356
27602059
27603634
27603756
27606720
27608748
27617333
27619411
27622160
27624905
27626309
27628629
27629625
27631008
27631864
27641902
27650692
27659729
27662129
27667513
27669190
27674406
27677097
27681443
27690661
27693478
27695181
27697522
27700872
27713563
27714946
27718224
27722996
27723162
27724566
27730538
27734045
27735428
27744898
27758160
27763616
27765765
27773128
27775528
27779393
27790074
27792295
27796339
27797679
27802340
27802506
27809634
27813763
27815018
27816376
27820525
27824415
27825889
27829940
27834460
27838929
27841329
27845717
27846713
27848096
27854967
27856312
27859794
27862858
27867399
27871945
27872391
27881550
27888326
27894553
27897907
27900993
27902196
27902362
27903021
27907848
27914628
27918782
27921868
27924146
27924268
27931305
27937603
27937845
27939484
27939923
27942672
27952376
27953780
27953946
27963463
27964808
27966212
27971204
27985315
27985685
27988593
27995360
27999250
28000653
28000870
28006017
28010800
28017291
28022096
28039171
28041410
28049883
28053169
28055369
28055986
28059050
28059420
28060454
28062149
28062328
28062774
28079752
28084003
28094048
28099219
28099341
28102695
28112906
28116338
28119701
28123497
28131676
28132379
28137040
28137857
28144645
28148314
28155919
28160580
28172833
28182158
28182890
28190743
28191680
28194000
28203592
28204038
28213589
28222756
28231192
28232226
28233921
28237972
28246605
28251304
28252708
28274176
28293248
28316533
28321917
28323300
28326744
28327190
28331736
28333957
28335212
28338001
28339341
28340916
28345231
28355276
28355378
28357073
28362570
28367111
28369350
28377566
28380852
28382930
28383052
28390089
28390535
28394480
28395305
28396629
28402085
28411686
28414377
28418723
28426902
28437249
28439569
28449201
28449482
28452265
28453669
28455747
28455989
28460444
28460739
28461478
28463352
28467820
28477082
28480558
28489348
28490080
28495072
28498962
28506121
28509553
28514375
28515720
28520066
28533936
28541529
28541975
28542912
28547632
28550696
28561604
28574423
28579244
28583288
28583590
28588110
28592579
28594979
28597648
28599367
28600363
28602116
28605024
28608756
28608922
28609581
28611659
28614408
28615710
28621188
28623209
28632624
28640661
28643569
28648037
28648203
28655846
28681540
28682536
28691010
28706026
28706396
28707213
28707430
28712577
28721466
28724552
28730256
28733732
28737721
28747970
28750370
28773668
28775746
28780705
28788884
28805644
28807441
28819718
28839750
28842441
28843066
28846492
28846787
28849229
28851856
28853620
28860657
28870041
28870258
28871075
28871445
28877417
28877863
28882690
28885226
28885596
28891777
28905708
28908896
28913025
28918535
28924112
28924937
28927176
28928580
28940872
28941318
28952129
28952868
28954946
28967890
28968549
28968715
28971366
28975495
28975674
28978760
28987407
28992834
29003048
29009089
29018264
29024529
29041504
29050386
29057545
29069458
29069580
29073926
29100389
29102731
29106518
29117992
29124772
29126850
29136068
29137064
29143329
29148321
29151508
29163822
29166786
29169186
29172612
29182226
29184524
29197416
29198481
29232240
29241484
29244672
29266437
29278290
29295048
29297155
29298772
29311025
29344384
29361407
29364156
29366234
29373839
29379933
29390753
29396571
29402027
29403351
29405751
29408837
29410206
29416646
29422873
29423907
29431127
29432123
29434362
29439848
29440913
29449381
29453190
29453425
29455064
29455510
29459315
29460655
29465316
29465482
29472270
29476739
29477994
29479352
29483698
29483820
29486784
29493159
29497679
29503204
29503370
29507094
29514593
29515895
29517240
29518644
29520722
29522062
29525279
29528187
29529570
29529940
29530936
29535324
29536977
29542193
29544908
29545611
29547015
29549254
29557470
29560658
29567817
29568263
29570137
29571171
29575626
29578026
29579350
29581989
29582414
29594281
29598068
29598771
29614109
29615492
29618400
29624182
29626873
29631219
29631341
29639150
29640223
29644514
29645701
29649745
29658593
29659295
29662483
29664722
29674314
29674556
29676209
29676634
29694674
29694796
29695499
29697457
29697738
29702279
29706053
29707049
29709369
29713012
29713178
29719618
29722026
29722396
29723430
29725125
29725304
29725750
29729433
29732909
29742728
29751313
29756850
29759148
29763013
29763192
29764009
29767733
29772188
29772483
29774925
29777552
29788826
29792302
29795091
29801092
29803113
29803559
29808386
29813770
29820565
29821297
29823382
29834252
29838721
29845680
29847880
29853719
29854656
29856976
29861444
29862440
29876514
29891119
29893358
29896546
29900053
29907416
29911762
29911884
29912587
29914204
29915238
29920980
29924622
29928241
29931659
29935433
29936050
29938348
29938787
29941536
29942213
29942392
29942838
29950429
29955793
29956532
29959596
29963078
29968070
29969066
29975331
29978000
29984549
29988947
29992011
29994760
29998114
29999765
30013452
30022345
30022791
30026396
30026835
30033524
30033690
30034341
30036419
30040470
30044203
30045956
30049945
30050979
30052596
30052762
30053421
30057230
30071825
30074064
30083314
30083436
30084139
30088800
30092929
30095746
30126376
30131368
30132772
30134850
30150090
30152490
30153814
30156453
30159270
30160973
30165364
30166067
30167706
30181785
30182002
30188573
30189607
30192864
30194434
30199426
30208304
30213907
30219908
30223952
30228709
30228875
30232599
30233536
30238920
30241320
30245052
30248240
30263873
30278889
30280293
30280459
30282076
30282779
30286422
30294329
30304578
30310710
30313796
30320833
30323233
30327688
30331042
30331412
30343726
30348609
30352660
30355568
30362130
30372992
30384266
30392581
30411254
30412079
30416740
30420869
30423777
30427295
30431956
30432781
30435020
30435122
30451377
30454194
30455897
30457280
30459308
30462790
30468174
30487210
30493125
30493304
30493750
30495525
30500909
30502987
30505736
30509468
30509763
30512205
30514832
30523633
30536065
30540219
30543305
30544880
30545705
30547029
30550264
30552485
30560921
30569824
30575217
30577302
30581098
30587649
30592641
30595458
30601800
30602246
30606572
30608142
30610462
30619984
30622012
30622307
30624976
30627376
30638471
30638650
30641736
30648516
30650916
30655810
30674630
30680857
30681891
30683508
30684211
30688500
30688666
30690070
30696042
30699549
30700932
30705260
30706325
30712206
30717570
30723664
30729120
30731269
30737336
30739485
30743776
30753113
30753415
30759216
30762280
30769494
30782017
30787748
30789826
30802892
30803595
30806246
30818869
30824772
30825475
30827714
30829080
30837928
30841410
30844193
30852372
30855280
30859409
30874145
30876384
30880274
30885388
30904460
30907648
30908504
30936745
30937183
30938566
30939562
30939932
30942874
30946350
30950819
30951189
30954097
30960864
30964754
30966754
30968903
30970261
30982795
30987600
30999914
31000979
31003277
31006465
31007321
31007767
31008704
31013424
31015130
31020616
31027396
31031609
31041858
31049250
31066714
31068935
31074319
31077576
31078980
31091233
31093016
31097043
31097165
31099792
31102529
31103268
31106210
31106580
31121548
31124736
31132952
31146882
31170657
31178836
31196476
31196771
31203513
31212109
31216808
31218212
31234369
31238420
31258752
31266968
31271436
31273233
31278225
31285510
31294160
31294985
31297636
31297802
31301765
31319104
31328736
31329809
31332626
31335524
31335690
31344777
31361158
31395971
31411232
31459179
31465959
31471028
31474395
31477871
31480498
31480620
31483562
31486661
31501123
31501365
31503004
31503443
31506192
31508728
31510949
31514993
31521160
31523511
31526597
31529414
31533722
31537198
31540633
31540850
31541667
31542037
31548009
31548455
31553282
31556568
31557014
31559922
31560044
31560747
31564173
31564390
31569537
31578448
31581512
31592217
31594868
31595571
31597810
31597932
31598997
31607402
31610909
31612292
31613148
31616336
31623566
31628930
31637731
31638101
31640480
31642800
31647268
31655484
31658213
31658379
31668424
31673640
31679681
31693377
31696024
31697058
31697428
31726233
31731948
31735136
31738510
31740307
31744775
31750352
31751177
31756901
31757067
31767112
31767558
31778369
31779108
31781186
31786585
31787324
31787619
31789402
31792688
31793365
31806660
31807656
31813921
31817934
31821122
31834848
31838738
31851434
31852758
31853583
31855158
31858244
31867211
31870497
31872280
31873314
31876626
31883388
31889569
31895698
31895820
31900812
31916327
31926372
31926538
31937029
31949921
31982205
31983588
31987478
31988811
31992862
31994515
31994637
31999629
32000361
32002446
32006490
32009776
32015708
32016742
32021889
32022745
32028848
32032783
32036040
32037444
32051555
32055606
32058692
32072584
32075938
32076308
32085156
32089200
32113877
32114873
32121419
32126488
32127522
32134433
32145707
32150368
32154497
32155752
32166409
32184593
32186832
32187657
32196870
32198744
32213125
32227378
32230464
32248117
32248398
32258328
32260651
32263320
32269585
32281476
32285520
32286860
32293988
32294154
32312194
32314514
32314636
32318982
32321673
32326064
32342824
32344148
32374899
32377648
32381066
32387331
32391620
32392323
32399404
32408258
32440993
32441418
32473113
32474496
32511346
32515475
32518505
32523497
32524901
32525067
32526684
32527387
32531030
32539878
32541244
32543322
32550927
32555318
32558404
32565441
32567841
32573657
32576057
32577440
32582824
32586306
32588334
32593217
32597268
32600176
32604491
32607777
32609560
32610594
32613906
32628874
32639315
32641613
32645294
32648482
32663698
32663820
32669184
32670247
32672916
32680458
32686544
32687369
32694328
32702582
32705409
32707729
32712197
32715014
32719560
32720006
32748608
32768933
32769358
32776395
32779144
32781464
32782498
32782868
32786272
32801053
32805344
32806417
32818694
32821385
32836432
32842850
32844037
32858188
32874545
32887840
32900784
32905304
32916561
32933938
32940101
32975888
32985472
33015809
33030648
33032755
33043617
33046727
33049476
33051796
33059338
33063070
33066258
33068556
33073417
33079984
33099274
33106054
33113144
33128900
33129603
33136684
33155088
33164549
33167457
33171508
33173586
33178700
33195057
33230890
33239680
33294024
33298565
33302609
33309464
33312818
33315904
33327178
33358917
33359913
33366042
33448512
33461250
33472800
33577963
33582014
33584751
33593310
33605563
33615608
33617829
33626045
33634911
33636294
33648547
33650164
33659199
33661438
33666802
33666924
33667989
33680501
33680667
33682140
33685328
33697087
33701748
33716716
33717419
33717789
33730446
33733354
33740265
33741669
33744316
33744611
33747798
33752827
33765093
33765259
33771353
33774268
33774707
33778133
33780533
33787734
33790425
33794771
33794893
33797213
33798247
33799592
33802702
33805102
33808066
33831103
33834877
33847187
33848442
33853949
33858295
33871590
33875417
33876451
33876821
33881520
33884667
33890153
33891455
33894204
33896282
33896933
33905369
33905815
33914536
33921750
33922575
33924533
33924814
33934003
33934125
33936203
33936445
33940254
33946694
33952623
33955292
33959638
33967545
33971027
33974091
33977006
33980194
33983480
33983926
33990268
33991085
33993163
33996449
33999559
34004628
34008424
34016942
34018739
34023207
34028784
34030570
34032719
34034077
34034294
34038423
34048373
34050715
34059618
34065797
34065976
34068705
34072756
34074834
34074956
34075659
34082743
34091902
34096894
34107241
34109326
34119154
34123622
34126313
34134492
34135195
34138838
34139663
34152170
34158435
34166614
34167610
34171573
34171998
34173651
34173773
34182869
34183865
34196142
34197939
34201025
34202407
34205076
34207984
34208809
34217445
34221753
34223574
34224570
34233166
34235827
34249421
34249523
34251762
34252587
34253911
34260766
34263495
34263674
34267803
34271279
34280878
34284922
34288285
34291473
34294009
34299282
34303750
34305624
34306441
34306658
34310390
34311215
34315876
34316042
34320005
34322822
34324843
34329912
34333633
34334258
34343663
34348732
34352597
34354997
34362360
34362806
34364509
34369965
34377166
34379566
34386603
34392697
34393143
34394080
34394782
34397970
34405129
34409901
34411979
34413383
34416030
34418938
34427253
34432944
34437464
34437766
34440983
34443891
34450658
34451028
34455951
34460612
34461315
34465996
34466098
34468396
34477433
34477735
34481779
34487946
34489710
34490775
34496261
34496747
34497117
34498500
34499496
34501816
34503220
34505965
34507535
34509855
34510792
34519377
34521405
34524369
34526769
34531654
34539870
34545234
34550690
34552393
34552839
34556784
34560202
34564389
34566467
34575685
34576681
34578920
34579993
34581027
34582644
34582810
34587802
34589206
34600068
34610399
34621949
34627313
34633194
34633564
34634598
34638587
34650853
34651019
34658147
34662198
34663531
34664889
34673143
34680537
34683354
34684013
34690746
34694611
34704825
34708307
34711371
34714286
34717474
34720380
34730063
34732690
34732812
34742151
34743007
34746195
34749110
34756021
34756302
34761163
34763563
34764887
34766232
34767295
34770381
34771956
34772659
34772781
34777340
34784634
34787997
34791185
34793424
34796900
34802674
34803499
34805116
34809245
34809462
34810279
34812153
34818715
34822191
34824430
34827618
34830981
34843873
34847060
34847763
34849383
34850728
34852052
34854452
34859313
34859594
34873174
34880211
34880333
34882239
34885325
34885427
34888142
34904499
34907563
34907933
34908967
34910841
34911287
34912224
34915742
34918650
34923118
34928265
34936519
34937515
34941302
34946449
34948069
34951959
34957343
34958280
34958726
34960600
34961634
34962004
34964412
34964851
34970852
34971018
34980189
34985553
34986292
34989234
34989356
34998249
35001973
35002139
35008919
35012184
35016941
35020129
35024180
35026258
35030671
35031403
35036472
35040193
35040818
35042513
35050402
35052105
35052551
35054790
35055786
35056156
35063006
35070267
35073353
35074928
35076268
35079920
35083562
35087525
35090969
35092352
35099817
35101221
35103460
35103626
35107350
35113074
35122689
35125506
35135289
35137528
35142069
35142350
35147566
35149261
35153607
35154603
35156220
35159408
35163821
35165899
35166638
35169950
35170682
35177449
35177895
35181173
35181339
35187940
35188106
35191384
35191830
35196156
35202421
35208588
35211891
35222753
35224323
35226990
35228055
35233541
35234027
35234397
35235780
35236776
35239096
35240500
35242206
35245394
35247692
35252553
35261814
35268851
35268973
35274337
35275706
35277855
35278792
35282146
35282516
35287972
35293790
35304652
35304754
35313841
35316905
35318309
35320092
35320387
35325159
35326525
35327908
35328603
35329986
35335370
35337770
35340599
35343685
35350644
35350810
35360028
35360323
35361681
35362936
35367065
35373958
35374193
35380360
35386625
35392476
35393179
35395830
35396655
35398894
35405445
35410283
35414334
35417298
35417420
35419073
35419698
35423847
35430589
35433777
35434058
35435416
35443884
35447928
35455923
35459009
35465968
35466793
35468614
35469610
35474602
35474972
35477701
35480867
35494044
35496802
35500309
35505301
35512843
35521479
35524795
35526548
35527881
35529263
35531932
35543321
35545560
35547667
35555812
35556515
35556885
35559702
35562766
35565674
35570513
35571853
35579680
35587896
35590625
35592718
35594676
35603975
35606588
35623047
35627091
35629840
35638308
35640386
35655421
35658238
35667853
35669495
35679706
35682106
35686255
35698361
35701471
35704659
35707574
35710638
35724771
35725141
35728376
35728822
35740109
35740734
35744455
35749524
35756747
35760798
35767709
35767926
35768743
35770617
35775085
35780358
35794635
35808505
35809909
35810075
35818923
35819293
35822201
35822647
35823584
35824886
35834478
35836275
35839625
35843412
35857379
35862448
35865558
35866383
35869291
35871960
35873342
35876428
35878225
35885455
35889499
35892785
35895500
35895602
35900594
35900716
35902369
35902794
35906757
35907753
35921333
35921614
35927879
35928875
35933164
35933867
35935484
35937054
35949946
35953309
35958736
35962212
35967383
35970648
35976104
35977428
35978253
35984358
35989742
36000399
36003587
36004443
36005826
36010546
36013291
36013661
36014695
36016040
36016478
36019764
36028731
36031817
36033392
36034732
36037521
36038776
36040997
36048115
36048237
36053941
36054366
36060547
36063453
36065853
36067236
36071280
36072620
36074698
36076102
36078510
36090352
36091177
36094287
36096914
36097573
36099356
36099651
36100390
36103702
36106393
36114647
36117396
36120460
36123368
36123814
36129908
36130074
36142340
36146329
36153614
36158978
36167779
36170528
36172848
36187516
36189169
36197803
36198173
36199207
36201446
36207848
36213738
36215887
36221591
36227315
36227437
36232801
36233566
36236852
36238930
36239747
36247797
36247963
36250861
36252431
36254751
36255688
36266301
36269265
36271665
36275155
36278631
36282939
36284322
36286025
36288842
36293834
36296234
36299660
36300099
36303014
36310254
36316519
36324955
36325694
36330433
36331058
36331735
36334484
36337221
36338217
36341949
36344027
36346776
36348495
36353194
36353564
36354598
36358033
36359288
36361509
36371720
36374071
36379974
36384282
36387011
36389039
36392227
36393700
36393866
36407128
36408162
36410482
36411669
36413908
36414611
36414733
36417641
36424203
36425820
36440022
36441018
36443755
36447181
36447806
36450535
36453284
36456795
36465962
36469061
36476833
36482217
36485404
36485699
36487727
36490396
36496661
36499569
36505911
36509168
36513636
36520062
36522889
36525209
36526243
36526613
36528852
36529677
36532494
36539270
36539505
36541144
36541590
36548749
36551937
36553140
36566088
36575720
36576793
36579032
36580066
36582508
36583573
36586977
36589070
36590867
36600912
36601975
36603320
36604724
36606802
36608142
36612186
36614407
36618953
36619399
36625056
36637137
36639537
36643925
36644921
36646304
36651814
36658216
36668069
36668494
36678280
36685408
36692354
36708171
36712222
36714951
36715130
36722041
36722343
36726387
36732554
36738422
36742105
36742551
36745459
36745581
36748208
36750573
36752143
36754463
36755400
36763985
36771438
36772503
36775567
36776299
36781368
36784478
36789842
36795298
36797001
36797447
36800733
36803133
36804516
36808560
36809900
36811978
36813382
36820293
36821289
36823528
36824601
36825635
36827252
36827418
36833237
36834233
36841021
36843838
36846802
36846924
36848830
36858352
36859177
36866391
36875112
36875558
36877432
36883994
36886723
36890774
36896260
36899407
36904106
36904476
36910371
36913277
36914660
36918104
36918550
36925587
36925709
36931298
36932485
36934805
36942347
36946636
36946738
36949824
36972861
36974939
36978225
36979931
36981335
36982680
36986034
36986156
36990502
36992197
36993193
37002794
37003471
37006220
37006659
37008540
37009574
37013348
37020385
37024275
37028601
37029047
37033874
37039258
37041033
37047573
37050481
37053545
37062104
37063138
37063508
37064211
37069926
37079179
37083840
37094259
37095599
37100260
37100426
37107214
37111683
37112938
37114296
37118642
37118764
37121728
37127860
37132380
37143637
37144633
37146016
37160778
37165319
37167558
37179470
37192473
37195827
37198913
37202964
37212548
37216592
37227919
37229494
37230827
37231197
37232580
37234878
37240364
37244833
37245271
37250962
37253992
37254438
37257724
37258427
37259831
37263088
37270693
37276953
37286414
37293928
37300708
37301411
37301781
37304598
37309144
37309590
37311365
37312620
37315409
37316749
37324257
37326350
37328147
37338192
37339978
37340220
37356398
37361545
37368504
37374802
37382407
37384281
37385664
37391057
37394533
37394699
37396938
37400224
37400662
37412915
37416001
37422514
37424217
37429673
37433397
37437852
37438147
37443216
37454490
37457966
37466756
37472480
37476370
37479434
37487741
37492568
37493602
37497731
37499348
37500051
37500173
37509643
37511601
37511882
37521100
37521202
37528361
37529685
37536170
37536540
37539894
37542980
37556652
37560696
37560998
37575056
37576775
37578120
37579524
37581844
37586989
37589067
37591816
37593118
37603073
37610032
37619493
37623891
37626955
37629704
37633058
37634709
37648396
37655904
37660033
37671120
37671945
37675588
37683434
37683804
37689985
37701960
37755807
37768319
37773146
37777109
37779926
37780751
37789401
37796686
37801397
37801678
37803475
37807943
37808939
37810556
37811259
37816159
37822262
37829299
37829421
37834413
37836491
37837230
37840542
37841274
37850492
37852145
37857529
37862802
37864422
37870824
37877089
37890033
37894855
37900071
37901945
37908725
37908891
37914602
37918109
37918326
37919143
37922455
37923187
37925485
37933294
37936482
37940611
37943889
37948661
37948827
37953488
37956203
37961093
37961272
37964382
37975244
37975346
37979495
37989281
37989706
37991601
37994711
37997460
38000197
38001193
38003432
38003878
38007322
38012351
38017012
38022396
38033053
38033785
38034087
38038131
38047349
38047515
38050166
38053230
38054295
38059781
38062317
38066207
38067144
38067590
38068446
38071634
38073932
38083182
38087311
38092116
38094439
38101181
38104369
38104650
38106008
38110157
38110782
38113511
38116260
38120304
38123722
38128938
38132037
38134979
38136345
38137728
38144981
38151399
38152765
38154148
38154843
38156226
38160574
38166060
38166839
38169925
38179131
38182217
38186268
38186563
38187921
38189176
38196389
38200198
38200433
38206600
38208414
38214854
38221081
38222115
38226404
38227107
38227477
38230294
38233358
38236266
38242008
38243042
38245484
38246549
38249613
38263888
38269344
38284715
38285085
38287993
38288439
38289376
38292894
38295802
38300270
38302067
38305417
38311285
38321496
38321798
38323819
38330599
38333348
38335426
38335668
38338815
38341564
38342003
38343642
38344301
38351247
38357341
38362705
38366386
38366508
38368161
38368586
38373979
38375362
38383146
38384841
38386245
38389232
38394054
38400281
38407823
38416701
38419665
38421451
38421693
38425175
38426520
38427554
38431942
38434342
38437628
38440816
38444234
38448421
38450060
38450499
38455784
38456857
38459508
38459674
38462572
38463637
38470567
38476969
38480612
38480778
38483098
38484502
38487906
38491413
38494648
38502687
38504161
38506978
38507348
38508051
38512732
38519601
38523019
38538846
38544302
38558897
38560079
38562706
38563365
38565148
38565443
38566182
38569175
38570171
38571924
38574832
38575657
38577896
38581786
38582437
38589731
38593336
38599776
38601590
38606737
38607992
38612121
38617631
38619014
38621922
38636001
38639891
38642130
38642789
38642955
38647616
38651964
38654042
38670462
38673289
38674591
38677779
38679252
38680077
38684468
38685801
38687886
38691505
38691930
38697408
38702182
38703540
38716074
38725008
38733641
38734258
38736556
38736995
38739744
38740421
38740600
38741046
38752333
38754960
38758024
38780967
38785794
38791178
38804909
38808953
38809255
38811038
38822883
38827952
38832101
38835991
38839226
38841375
38842312
38845666
38846036
38850959
38855003
38858289
38861004
38861106
38875485
38880477
38881511
38886338
38886580
38893126
38894122
38897854
38903340
38904119
38907205
38913938
38916968
38917414
38921097
38924451
38924821
38930358
38931691
38932061
38934878
38937517
38946135
38947131
38951792
38954856
38955921
38959397
38973928
38975001
38976035
38980324
38980490
38982810
38984214
38987278
38994805
38998223
39000972
39001411
39005016
39005462
39008370
39012229
39013484
39015137
39019188
39025794
39031480
39035345
39045383
39047257
39048640
39056424
39061459
39064935
39068540
39069243
39074721
39075146
39080151
39082900
39085964
39088872
39089318
39095792
39096911
39106841
39111833
39119118
39124482
39128808
39132698
39135073
39139478
39141499
39142882
39143252
39144248
39150289
39153765
39153931
39160707
39162324
39163027
39163149
39167495
39170108
39174577
39174858
39191278
39194466
39197973
39200212
39201208
39203945
39209682
39209804
39210507
39212124
39213158
39217287
39226161
39229579
39240133
39240312
39240758
39247917
39252744
39257516
39260998
39266382
39273251
39275920
39283296
39289931
39292680
39296034
39299460
39311372
39323598
39328318
39332183
39339575
39345478
39349786
39352515
39355293
39358647
39361733
39368858
39372632
39373666
39375986
39377173
39379412
39380115
39380237
39383145
39389487
39392744
39394148
39394851
39397090
39398277
39400597
39410189
39412428
39412530
39415616
39421748
39423081
39425166
39428785
39429210
39434688
39436716
39442080
39459544
39459990
39465809
39467149
39470801
39471540
39473618
39474277
39474443
39478086
39481402
39484488
39485551
39488178
39488300
39490378
39490620
39494341
39503955
39513122
39520713
39521338
39523113
39524437
39527501
39530128
39533604
39547232
39560962
39570049
39579654
39584237
39588127
39589601
39593652
39598172
39602641
39605041
39609429
39610425
39611808
39619401
39619847
39621721
39622755
39626806
39633573
39633998
39643784
39652038
39658265
39661619
39664705
39665908
39666074
39666733
39671560
39678340
39682668
39694978
39701072
39708677
39716088
39717492
39717658
39727175
39728520
39729924
39734916
39747987
39753473
39758032
39758857
39760432
39781003
39785808
39802883
39805122
39814340
39815336
39821601
39829780
39852009
39856060
39871837
39872871
39877940
39884431
39885163
39888475
39889214
39893953
39894578
39895981
39908550
39909546
39909916
39914446
39916766
39924027
39927113
39928316
39929019
39930423
39933680
39941285
39944954
39952559
39955747
39957220
39957386
39963480
39963926
39966834
39969898
39970963
39971085
39976449
39979900
39980603
39987383
39989583
39992210
39992869
39994575
39997324
40000232
40000678
40004722
40006497
40010229
40020440
40022840
40027832
40038919
40043245
40046433
40047135
40048518
40052562
40053902
40061649
40065125
40065291
40067530
40070816
40071254
40076748
40078855
40081468
40092483
40092725
40097552
40102936
40111447
40120168
40125173
40125339
40128815
40131779
40135384
40135830
40137605
40138860
40148122
40150497
40152590
40154387
40158676
40159672
40162409
40166218
40166460
40177541
40180449
40184500
40186578
40186700
40187403
40191692
40191794
40198953
40200277
40208049
40210866
40212569
40213952
40215334
40221736
40224846
40245073
40246413
40248754
40250457
40257350
40258346
40260041
40260666
40264092
40264387
40269456
40273605
40274601
40276422
40280730
40284206
40288675
40289045
40298720
40302610
40306936
40309157
40313201
40319368
40326496
40330625
40337770
40344321
40345623
40346560
40358472
40358918
40375239
40380623
40383023
40385692
40390500
40397537
40399320
40401427
40404094
40406921
40409572
40410275
40410645
40412884
40413880
40416526
40424273
40425613
40427954
40429657
40431040
40433440
40436587
40439256
40441656
40447078
40448436
40457735
40460970
40470188
40478773
40480851
40483600
40485965
40488592
40492068
40501726
40505012
40507090
40507212
40514249
40514695
40518640
40519465
40520789
40526245
40535846
40538537
40542883
40551062
40561409
40563729
40568259
40569625
40572979
40575218
40575340
40576043
40580704
40584222
40589700
40593744
40606338
40620208
40624676
40633149
40636113
40638930
40639589
40639755
40641994
40643398
40645718
40646714
40653481
40657268
40657971
40666947
40669560
40669862
40673689
40673906
40685639
40686984
40688388
40691330
40699546
40703022
40711812
40712544
40717536
40721426
40728585
40740144
40744966
40755777
40764821
40767729
40772197
40772363
40780006
40805700
40806696
40815170
40830991
40834248
40835652
40847905
40849688
40854034
40862882
40863252
40878220
40881408
40896378
40900919
40903158
40903983
40908644
40915070
40917897
40919199
40922387
40923860
40924685
40934278
40934513
40938322
40946790
40948148
40963796
40967438
40971057
40974475
40978249
40978866
40981164
40981603
40984352
40985029
40985208
40985654
40994630
40995626
40997321
40997946
41001372
41001667
41006736
41032145
41035209
41036613
41038933
41039929
41041312
41044422
41046822
41052206
41063077
41063502
41067121
41073288
41074930
41075052
41075755
41080416
41084545
41087362
41092761
41093795
41095412
41095578
41096237
41100046
41114641
41116880
41125915
41127298
41130576
41133640
41138181
41162188
41164295
41166534
41167530
41174441
41175845
41177923
41178165
41181974
41183307
41188376
41189439
41190376
41190822
41192525
41194100
41194266
41198229
41211524
41212256
41215568
41216385
41224601
41224818
41231389
41232423
41235680
41237250
41242242
41251120
41255269
41265480
41272872
41279652
41290782
41292435
41292557
41304410
41307696
41316676
41317379
41320665
41326768
41329832
41331236
41333314
41353526
41356612
41363649
41366049
41370504
41373858
41374228
41387120
41399552
41425585
41426010
41428649
41431466
41431836
41436828
41437560
41437862
41450529
41454019
41456419
41459088
41460807
41461803
41463556
41466464
41469982
41485937
41488754
41492104
41492883
41498369
41500905
41504795
41506178
41517286
41535812
41536515
41552489
41552935
41554574
41557762
41558618
41566563
41571632
41582906
41585992
41591696
41595172
41600164
41603608
41624856
41625890
41646592
41650324
41664777
41683597
41697671
41697850
41700936
41707716
41710116
41720008
41726273
41731265
41746766
41750052
41752130
41758872
41763680
41783825
41790592
41796102
41818401
41820640
41821713
41824530
41829522
41829644
41832552
41836681
41846282
41853062
41878192
41893969
41903136
41953775
41958844
41959139
41967318
41974477
41974579
41983797
41986036
41991259
41997948
41998765
42002077
42002809
42003111
42004894
42011327
42028487
42028666
42030887
42035446
42036271
42040932
42041098
42044830
42047738
42052206
42054003
42057353
42058995
42059117
42061744
42071427
42080242
42085626
42087401
42087847
42093941
42095580
42096283
42110579
42119823
42123011
42124214
42125547
42125917
42127300
42130616
42135084
42136881
42137162
42146029
42152158
42155346
42157374
42162113
42164411
42166164
42167497
42169072
42169897
42173387
42173629
42177111
42178456
42179490
42183878
42186278
42195267
42199318
42209265
42218870
42227957
42228123
42231021
42232591
42234911
42235848
42241687
42244717
42250846
42255315
42258791
42263099
42264482
42266185
42269002
42272698
42275797
42281181
42283581
42284964
42288475
42291390
42294476
42294578
42300741
42301737
42310833
42312015
42314642
42315301
42317084
42317379
42318118
42322664
42323110
42326554
42328929
42338254
42342974
42346839
42354231
42360134
42364442
42367171
42369949
42373303
42376389
42383514
42387288
42388322
42390642
42391829
42394068
42394771
42394893
42397801
42404143
42407400
42408804
42409507
42411746
42412933
42415253
42424845
42427084
42427186
42430272
42436404
42437737
42439822
42443441
42443866
42449344
42451372
42456736
42471404
42475294
42482331
42484095
42489459
42492885
42505177
42505623
42512999
42514344
42515668
42517454
42527921
42530121
42538639
42539371
42542683
42543422
42548161
42548786
42550189
42562758
42563754
42564124
42566971
42571632
42572972
42575761
42577016
42579237
42586600
42587673
42588707
42590946
42594453
42601693
42604093
42614342
42621424
42622249
42624488
42625892
42626595
42628212
42628378
42632527
42635154
42638184
42638630
42639486
42642313
42644633
42645667
42646037
42649441
42653846
42656910
42664437
42674648
42677048
42682040
42693127
42699601
42705580
42706019
42708768
42714198
42715194
42721357
42723984
42727460
42735933
42738172
42738875
42740279
42743536
42747471
42753574
42757401
42763125
42766543
42769292
42769731
42773336
42773782
42776690
42780549
42781804
42783457
42787508
42794114
42802330
42804705
42806798
42808595
42812884
42813880
42816617
42820426
42820668
42829522
42829644
42832998
42836681
42837127
42842784
42858561
42862715
42864098
42864468
42871505
42874981
42875147
42879436
42880139
42881714
42881836
42884800
42895793
42896074
42902339
42902581
42907408
42909944
42922376
42927813
42928809
42930630
42934938
42938414
42942883
42943253
42952928
42956818
42960967
42962312
42966036
42979664
42999162
43003125
43003291
43007952
43009980
43018846
43027694
43033959
43042395
43043134
43047873
43048498
43049175
43051924
43054661
43055657
43062507
43062877
43063911
43065256
43066558
43077947
43081033
43085084
43085379
43086737
43087992
43091511
43097414
43101722
43104451
43106479
43109667
43111140
43111306
43127726
43131770
43141303
43143503
43146130
43146789
43149028
43149194
43152918
43158063
43161320
43166997
43169905
43174360
43176760
43181148
43182182
43187329
43189143
43190398
43195545
43199188
43200013
43202830
43206482
43207822
43213641
43214087
43216995
43219744
43222737
43223476
43225554
43226213
43226379
43230022
43233338
43236424
43256749
43258827
43259069
43262878
43269318
43274088
43280868
43281571
43281941
43284758
43293160
43294233
43296472
43297506
43299948
43301013
43304417
43306510
43308307
43318352
43325282
43329411
43330666
43332024
43338420
43340498
43340620
43341323
43348103
43354577
43356977
43361365
43362361
43363744
43369254
43375656
43388600
43394865
43397580
43398283
43399687
43402674
43404377
43409833
43413557
43419434
43420758
43422533
43426214
43427917
43434650
43438126
43446916
43453251
43453493
43455132
43455571
43458320
43467121
43473288
43477634
43480076
43486852
43499543
43500480
43508264
43519575
43525031
43531433
43534543
43536943
43539612
43542370
43545877
43557151
43558625
43561442
43561812
43562515
43566804
43567800
43570446
43574065
43577483
43588486
43588721
43592530
43600998
43602356
43616716
43617419
43618994
43619116
43622080
43632693
43634771
43637520
43640584
43643938
43647467
43647837
43651191
43652536
43653940
43656882
43657004
43661402
43668169
43668615
43672220
43672659
43675408
43682873
43684550
43694480
43696803
43717285
43717710
43721329
43727496
43729138
43729260
43729963
43734624
43738753
43741570
43745898
43749405
43750788
43754832
43771907
43785041
43788105
43788722
43791020
43791459
43794208
43795914
43797318
43799638
43800634
43806797
43809424
43813573
43827609
43827826
43835431
43840258
43843647
43844584
43845030
43846733
43848308
43848474
43852437
43865732
43866464
43869776
43870593
43877006
43880194
43888848
43889673
43894064
43898886
43911830
43924497
43926117
43926283
43936328
43936774
43942460
43949066
43959620
43960616
43966657
43974873
43980976
43984040
43985444
43987522
44008993
44011810
44053867
44060263
44061621
44062046
44067005
44069083
44071832
44075981
44076606
44078301
44079335
44090234
44097839
44100803
44102500
44103203
44109019
44110716
44111419
44114845
44118199
44121285
44128140
44132184
44133218
44135538
44136725
44142436
44149473
44151256
44153363
44157652
44158477
44161294
44174238
44176975
44186905
44188403
44188525
44199182
44200835
44202090
44207832
44210053
44211308
44214097
44215437
44217012
44221906
44229065
44229690
44232789
44235168
44240771
44242388
44243384
44245103
44247730
44247852
44249930
44250172
44254641
44254922
44259463
44263507
44270576
44271401
44272725
44278181
44286617
44290093
44295520
44304295
44308815
44314340
44314506
44318230
44325729
44327031
44328376
44329780
44331858
44333198
44336415
44339323
44340706
44341076
44342072
44346460
44348113
44353329
44356044
44356747
44358151
44360390
44368606
44371794
44378953
44379399
44381273
44382307
44386762
44389162
44390486
44393125
44393550
44405417
44409204
44409907
44425245
44426628
44429536
44440241
44440666
44443305
44446122
44446492
44451484
44452216
44452518
44465185
44468675
44471075
44473744
44475463
44476459
44478212
44481120
44484638
44500593
44503410
44506760
44507539
44513025
44515561
44519451
44520834
44531942
44550468
44551171
44566010
44567414
44572561
44576893
44578276
44583455
44584838
44586712
44587746
44594317
44607954
44608613
44608779
44610252
44610354
44613440
44615346
44615468
44619866
44622505
44630759
44635828
44640689
44640970
44647881
44649285
44651605
44652601
44653984
44654840
44662879
44664262
44665258
44665628
44668982
44672046
44679793
44685960
44690450
44692225
44696379
44699465
44702380
44702819
44706245
44706424
44706870
44708645
44713637
44716454
44718157
44720498
44723848
44729716
44736753
44745757
44746791
44750048
44751618
44762732
44763797
44769678
44775042
44781136
44786592
44788741
44794631
44800208
44801033
44803272
44804676
44818712
44833481
44833927
44837532
44837971
44844660
44844826
44845477
44847555
44851606
44855339
44857092
44861081
44862115
44863732
44863898
44864557
44868366
44882961
44885200
44894450
44894572
44895275
44899936
44904065
44906882
44937512
44942504
44943908
44945986
44962189
44962406
44966233
44966535
44972336
44977328
44979528
44983874
44994088
45000868
45002946
45008162
45015569
45025168
45028644
45035681
45043860
45058322
45060620
45090550
45097709
45100897
45101599
45102982
45107323
45108706
45109076
45116113
45119589
45119755
45128148
45128851
45128973
45131212
45133319
45135932
45140401
45140682
45146947
45147189
45152016
45155163
45161164
45161266
45164330
45165654
45167429
45172421
45173417
45175238
45179546
45183022
45188764
45189496
45189798
45202465
45205575
45206920
45210644
45223340
45225418
45226822
45238041
45239075
45240692
45241395
45244821
45254422
45255755
45257113
45257330
45261459
45261581
45264935
45269390
45274754
45287665
45293916
45294619
45299280
45300097
45314248
45318499
45323568
45339201
45342882
45343252
45351355
45354441
45356016
45356841
45358165
45361400
45363621
45372057
45380960
45386353
45388438
45392234
45398785
45403777
45406594
45412936
45413382
45417708
45419278
45421598
45431120
45433148
45433443
45436112
45438512
45449607
45449786
45452872
45459652
45462052
45466946
45483366
45490403
45490773
45493152
45495472
45498582
45499407
45504068
45505064
45508929
45515061
45515342
45525272
45535393
45548077
45553858
45566481
45572196
45572362
45581458
45581580
45584488
45588617
45618858
45622723
45624089
45627443
45631732
45631898
45632557
45634635
45637384
45638686
45644164
45648492
45650289
45660802
45662566
45667713
45674672
45679572
45680275
45680397
45683305
45683751
45687356
45693962
45704516
45705512
45714608
45716808
45721154
45746827
45748444
45751632
45760697
45770946
45773346
45777078
45780164
45782564
45787425
45795604
45801576
45813282
45814977
45819028
45828620
45830417
45858949
45877850
45880071
45885455
45888712
45890116
45902369
45904152
45908179
45908301
45910928
45913665
45914404
45917346
45917716
45932684
45935872
45944088
45958018
45981793
45989972
46006558
46008032
46011922
46019081
46023472
46026890
46040152
46041186
46073091
46080050
46083136
46148533
46148958
46150611
46155725
46159079
46160445
46161828
46162684
46165872
46169290
46173102
46175422
46184944
46185769
46188879
46193948
46194243
46198294
46200985
46207915
46209239
46212303
46215052
46217960
46218406
46227743
46229217
46232034
46232404
46233107
46239869
46241252
46245560
46257293
46261337
46262371
46267440
46270969
46277757
46282584
46283618
46288610
46292117
46299659
46303391
46308052
46308877
46311116
46311218
46320305
46320730
46322505
46322951
46326186
46326556
46329910
46332996
46341212
46346668
46353465
46355142
46365072
46369221
46369400
46369846
46371621
46377005
46379083
46381832
46383474
46386824
46393089
46402294
46403119
46414726
46414961
46416747
46419416
46421816
46427238
46428596
46438275
46439530
46442956
46443659
46445234
46445356
46448320
46450348
46458933
46461011
46463760
46468532
46470610
46475078
46476074
46477769
46478394
46484165
46500508
46500947
46506403
46506773
46514582
46518315
46520068
46525452
46527105
46531259
46534345
46537162
46543525
46543950
46548419
46549785
46553139
46555378
46555500
46556203
46560864
46564596
46564762
46566166
46572138
46575645
46577028
46586498
46597089
46600979
46606363
46607746
46611024
46613052
46619658
46629209
46629511
46635312
46638376
46646850
46653592
46663413
46663579
46666230
46667055
46673624
46675845
46677100
46681569
46682271
46685459
46687698
46696567
46697912
46701394
46704458
46708999
46713545
46713991
46723150
46734129
46736368
46737193
46738517
46745002
46745372
46746406
46748101
46748280
46748726
46752409
46755885
46762661
46763086
46764444
46764739
46768790
46780000
46786946
46796586
46798281
46799685
46802332
46802627
46803366
46805240
46811802
46815278
46818067
46824068
46826915
46827285
46830193
46836960
46840850
46842253
46842470
46847617
46852400
46863118
46876695
46877632
46879952
46884420
46885416
46891226
46896712
46903492
46908708
46915745
46929606
46930602
46934467
46936867
46939536
46941156
46941859
46945046
46946379
46950430
46957938
46961301
46965097
46973276
46973979
46978640
46979457
46986245
46990954
46992019
46992141
46994461
46995495
46997734
47016260
47016963
47022649
47024032
47028552
47032898
47039809
47042724
47046768
47056229
47063354
47066440
47071445
47080612
47084056
47088205
47092904
47094308
47115776
47123992
47126721
47130772
47138066
47145225
47154321
47161606
47188851
47199713
47201806
47206275
47207892
47208888
47210607
47213234
47213356
47215434
47215676
47219166
47222452
47224530
47224652
47231689
47232135
47236080
47236905
47238229
47243685
47251901
47255370
47257265
47262150
47264550
47269240
47269542
47274062
47285699
47287065
47290419
47292658
47292780
47293483
47298144
47301662
47307140
47311184
47322821
47323817
47327604
47328307
47329946
47337891
47338261
47343645
47345028
47347936
47351153
47355975
47357320
47361666
47375536
47384169
47386986
47390949
47391115
47394839
47395776
47426113
47433922
47436322
47449183
47451562
47451932
47454661
47454840
47455286
47458969
47462445
47466097
47468914
47472264
47473043
47478529
47482261
47485169
47489637
47489803
47497446
47515277
47516009
47518094
47522138
47525424
47535008
47537157
47539396
47540392
47548431
47551688
47553092
47565345
47567128
47571474
47580935
47583548
47583843
47586512
47587894
47590980
47605016
47606050
47615268
47617346
47622305
47630484
47650081
47665297
47669765
47682057
47706176
47714085
47716163
47720214
47721547
47722905
47723122
47728236
47729301
47735182
47740546
47747308
47750496
47754625
47760135
47765712
47766537
47768776
47770180
47778026
47778396
47784291
47789360
47792470
47804993
47808725
47817892
47821336
47829281
47842225
47842650
47854916
47855912
47860904
47864386
47867169
47883104
47891986
47899145
47907399
47908744
47912098
47912468
47917329
47927436
47930624
47931480
47941732
47941898
47974588
47976666
47980853
47981134
47990672
47994148
48001185
48005422
48008386
48010786
48014212
48023826
48026124
48041121
48044308
48047250
48047372
48050280
48056842
48087171
48103591
48108418
48113802
48120930
48122117
48136648
48138755
48140372
48152625
48171090
48219144
48237291
48242360
48246225
48248625
48251735
48256434
48258137
48260902
48263593
48270794
48273194
48274518
48277157
48279974
48281677
48286068
48286771
48288410
48303529
48307011
48307253
48309492
48309658
48311062
48319084
48320881
48331394
48334611
48340612
48344656
48349413
48349579
48353303
48354240
48359624
48362024
48365999
48370660
48371363
48376044
48379934
48383338
48384403
48386701
48389889
48390745
48391191
48392128
48396848
48399593
48400997
48401163
48402780
48403483
48407126
48415033
48425282
48433498
48439861
48445764
48446467
48447670
48450756
48453156
48458017
48464430
48469313
48473364
48476272
48482834
48493696
48497022
48502169
48502386
48503203
48503573
48505812
48506515
48506637
48509545
48509991
48514446
48517354
48517724
48540848
48543048
48546358
48549444
48563116
48563555
48578771
48578893
48581520
48584257
48584996
48587938
48588308
48595531
48600600
48601634
48607380
48630355
48635176
48639522
48641217
48650392
48654860
48656657
48662368
48677584
48678409
48681060
48681226
48685189
48693405
48696593
48706054
48710744
48711778
48734284
48765590
48768654
48769386
48779877
48780043
48790088
48790534
48793820
48796220
48800085
48813380
48814376
48817688
48818722
48820417
48825942
48826759
48826938
48828633
48833101
48837800
48839204
48840910
48844098
48857267
48857389
48860353
48862753
48875793
48892213
48892494
48894291
48903458
48906364
48912545
48918674
48918796
48922823
48925572
48927892
48935434
48958610
48958732
48960385
48961640
48965769
48972897
48989240
49021688
49022134
49029293
49032481
49034120
49040660
49043568
49046632
49047697
49057298
49064457
49072266
49078531
49086581
49086747
49091408
49092748
49096792
49099013
49104005
49119940
49155589
49158406
49169217
49185560
49188914
49192000
49225795
49228544
49230864
49270785
49286104
49286550
49289458
49289580
49290283
49292522
49292892
49293709
49293926
49299073
49300837
49307962
49311048
49317180
49317475
49324217
49332813
49337512
49338916
49350997
49360164
49362242
49368600
49371329
49375380
49387672
49392140
49393937
49398929
49406214
49415107
49415349
49420176
49422891
49425560
49431070
49449440
49450513
49453330
49456228
49456394
49465481
49486346
49488304
49496900
49497603
49500216
49516675
49531936
49547470
49549870
49553735
49558804
49564384
49568274
49571338
49586992
49590410
49596504
49598725
49611287
49629443
49645620
49647698
49679457
49681096
49681542
49685586
49693092
49709730
49725507
49728256
49730576
49742890
49745989
49751680
49784834
49808589
49808691
49814692
49818736
49824029
49828320
49829393
49840667
49842050
49852933
49858657
49860742
49864786
49879305
49881544
49883651
49885268
49897521
49906497
49922090
49930880
49947300
49956914
49963077
49975369
49979420
50004754
50045953
50069611
50071364
50072360
50074680
50078401
50102689
50116624
50163714
50172932
50202649
50204032
50355580
50359709
50359926
50362617
50372039
50372218
50375644
50376347
50378998
50379823
50393451
50410457
50410903
50418925
50420495
50422734
50433387
50439091
50442177
50448603
50451003
50452386
50454089
50457770
50458140
50460869
50465023
50469850
50470509
50476638
50477455
50481107
50484583
50488188
50488891
50494369
50494794
50500926
50504647
50507963
50509716
50511049
50515440
50516559
50526489
50534743
50537807
50540434
50543464
50543910
50548456
50552346
50554721
50559126
50571064
50573793
50575886
50580355
50581972
50582675
50582797
50587143
50589756
50599907
50603958
50605291
50605661
50608478
50613470
50615245
50615870
50619735
50620731
50625392
50629949
50632027
50643879
50650281
50653924
50654090
50656410
50657814
50662140
50668405
50671823
50674572
50675011
50676214
50677039
50681700
50685829
50687084
50688737
50692974
50698121
50705080
50711378
50718983
50720857
50722240
50726394
50727798
50732945
50737277
50738660
50743839
50745222
50747096
50748130
50754701
50768338
50768997
50769163
50770636
50770738
50773824
50775730
50775852
50780250
50782889
50791143
50796212
50801073
50801354
50808265
50809669
50811989
50812985
50814368
50815224
50823263
50824646
50825642
50826012
50829366
50832430
50840177
50846344
50850834
50852609
50867155
50869597
50870631
50875623
50879067
50880450
50888234
50891966
50893741
50897785
50898231
50905594
50911080
50912145
50915209
50917860
50918563
50918933
50923463
50924459
50926076
50926779
50928183
50930422
50931247
50945305
50947544
50948578
50948948
50949651
50956413
50957796
50961240
50961686
50967658
50968723
50968845
50972497
50973837
50975412
50988917
50992335
50995084
50999128
51002482
51003885
51007775
51009249
51013300
51017820
51020523
51025592
51029457
51039049
51039495
51041369
51042403
51046454
51059409
51062473
51063212
51065290
51068576
51071686
51077913
51081267
51084353
51086761
51088165
51090243
51090485
51094294
51095627
51100696
51102316
51114626
51122933
51123099
51133144
51133590
51135611
51138360
51141089
51144401
51145140
51147218
51147877
51148043
51154819
51156436
51157432
51159151
51161778
51161900
51163978
51164220
51168689
51168970
51173511
51177555
51187154
51189452
51189554
51194313
51194938
51196713
51198037
51201705
51204522
51204892
51217784
51218086
51222606
51233863
51234859
51236612
51239520
51243649
51255110
51256106
51260069
51260494
51261852
51262147
51267363
51277408
51286435
51286805
51292189
51293572
51296480
51305484
51315953
51317523
51323238
51328385
51331674
51339279
51343940
51364752
51368228
51384250
51387349
51390413
51393767
51395133
51396516
51400027
51402942
51409207
51412293
51423567
51428636
51428931
51430134
51430959
51440481
51442566
51442801
51448697
51449143
51450782
51463294
51466121
51468772
51469475
51469845
51472084
51473080
51475726
51481119
51482502
51484376
51485410
51491981
51496372
51503914
51505238
51518952
51523298
51526805
51528591
51538636
51538738
51540433
51545207
51547956
51550034
51551374
51554993
51555418
51557193
51557639
51562185
51562924
51565002
51568288
51580369
51582769
51588153
51589830
51595046
51597737
51602083
51611301
51614118
51615821
51618162
51621512
51634203
51635586
51638864
51643893
51651435
51654104
51656504
51659614
51665795
51672583
51675869
51679057
51681972
51685036
51694025
51694650
51696425
51697749
51700813
51703440
51706916
51710063
51714890
51715132
51718853
51726147
51728760
51729062
51732889
51733106
51742324
51742490
51743141
51745219
51749270
51753003
51754756
51757292
51760480
51761182
51779242
51783107
51784473
51787827
51792116
51792282
51792941
51795019
51797768
51799070
51804548
51808876
51810673
51821186
51822950
51828097
51835056
51839956
51840659
51840781
51843689
51844135
51847740
51854346
51864900
51865896
51874992
51877192
51881538
51916257
51916959
51920147
51921767
51924436
51926836
51928169
51931978
51932220
51933873
51934298
51938110
51941074
51941196
51944550
51948233
51948679
51958442
51962307
51967376
51970523
51973809
51976009
51976626
51979690
51980060
51981094
51982789
51982968
51983414
52000392
52004643
52014688
52019859
52019981
52023335
52033546
52036279
52039365
52042182
52046490
52049966
52053401
52053618
52054435
52054805
52060777
52061223
52066050
52069336
52069782
52072690
52072812
52073515
52076941
52077158
52082305
52091216
52094280
52102798
52103530
52111383
52112320
52114640
52124232
52124678
52134229
52143396
52151832
52152866
52154561
52158612
52172201
52173605
52175844
52176547
52179734
52181067
52184726
52185458
52187756
52191885
52195073
52201713
52207964
52208667
52213328
52214145
52228296
52234638
52240002
52248803
52249173
52251552
52253872
52258340
52265146
52268232
52270632
52274497
52277412
52283672
52299353
52300092
52300387
52302170
52305456
52306133
52319428
52320424
52326689
52330702
52333890
52347616
52351506
52363437
52366625
52368264
52372754
52380776
52381841
52398601
52412675
52422720
52435891
52438955
52440279
52442679
52447134
52450042
52457647
52460835
52464121
52470909
52475736
52476770
52481762
52485269
52492811
52496243
52497583
52502244
52502410
52511211
52511581
52514935
52516280
52517684
52520626
52520748
52525146
52534364
52539820
52546617
52548294
52558224
52562795
52565115
52567864
52568541
52573905
52574644
52581836
52583943
52586182
52587178
52596396
52598193
52598474
52602661
52607059
52609087
52610024
52610470
52612173
52613748
52613914
52617877
52631209
52634996
52644249
52644466
52651037
52652071
52655328
52656898
52660630
52663367
52664363
52666116
52666602
52666972
52673153
52674917
52685128
52693903
52696223
52705745
52707773
52711242
52713137
52718022
52720422
52724411
52727497
52730314
52736677
52737102
52741571
52742937
52746291
52748530
52748652
52749355
52754016
52760358
52762053
52762232
52763049
52766361
52767395
52769012
52769178
52769837
52775574
52788241
52790241
52794131
52799515
52800898
52804176
52806204
52812810
52825754
52829230
52832019
52838020
52840041
52842858
52846821
52846987
52850711
52851648
52856205
52856422
52859113
52863164
52866352
52881985
52888498
52890201
52890647
52891584
52899368
52904275
52910276
52913442
52929697
52932884
52937876
52945418
52961981
52965169
52967884
52968587
52972978
52975276
52979141
52979320
52980137
52983861
52989738
52991433
52992837
52995484
52995779
52996518
52998392
53004954
53008430
53011219
53017220
53025436
53025875
53031331
53031701
53036693
53037425
53039510
53050380
53056270
53069847
53070784
53073104
53076145
53077572
53078568
53087204
53087907
53089524
53089690
53091094
53094158
53097066
53103245
53119324
53120027
53124688
53130144
53132293
53139656
53145921
53154137
53154439
53158483
53163304
53166414
53169700
53171778
53178520
53182669
53182771
53185857
53188772
53192816
53203473
53210240
53218713
53218930
53226089
53226535
53228174
53231362
53233898
53234268
53240163
53245232
53249381
53256506
53259592
53264597
53273764
53277208
53281738
53281980
53285462
53297715
53300801
53303618
53317144
53319873
53323924
53331218
53338377
53347192
53347638
53354675
53354797
53357761
53360161
53363271
53364616
53367970
53368340
53373201
53379614
53397604
53397770
53418130
53418252
53421194
53422598
53429509
53432417
53436468
53445444
53446147
53448760
53480158
53486423
53491122
53492825
53499718
53500714
53504677
53505102
53506460
53506755
53515973
53516969
53520756
53521459
53523098
53531043
53531413
53536797
53538180
53541088
53543727
53546396
53546691
53549304
53553772
53555569
53560561
53562131
53567846
53572993
53577321
53580138
53584101
53584267
53587991
53588928
53612145
53614230
53614962
53618026
53619091
53621389
53624577
53625780
53627113
53631003
53632386
53633242
53638728
53642460
53643494
53649721
53658195
53663016
53667362
53674953
53675399
53675578
53678307
53678677
53681056
53682358
53685444
53687844
53696833
53700884
53713176
53717522
53724433
53743253
53746070
53749134
53752042
53752412
53756881
53760357
53764665
53766048
53770568
53774087
53776700
53776995
53779664
53781046
53784132
53798168
53799202
53806422
53807418
53813459
53813581
53816208
53818945
53819684
53824676
53826754
53828120
53843233
53858449
53862917
53872974
53874869
53878338
53885080
53889888
53892208
53896337
53903482
53910033
53912272
53913097
53915748
53915914
53920906
53922310
53941388
53945432
53946466
53957123
53969576
53985353
53991456
54002299
54003682
54007189
54014565
54014731
54019020
54019723
54022374
54035377
54035802
54048068
54049064
54054056
54057538
54060321
54068537
54073359
54075598
54078786
54090273
54092512
54096402
54100551
54101896
54105250
54105620
54110481
54120588
54123776
54124632
54133971
54134093
54136720
54140196
54141052
54147233
54155412
54158476
54172172
54183429
54186246
54207585
54215764
54216760
54233219
54256384
54266414
54268109
54268211
54271297
54275348
54278256
54295680
54296743
54301570
54306954
54314082
54315269
54331088
54334564
54334730
54338693
54364242
54397640
54398086
54403905
54411714
54419498
54428716
54447120
54462533
54505473
54529995
54533719
54536954
54539175
54543865
54545269
54548687
54556514
54560246
54567405
54571295
54572769
54576287
54580948
54581944
54585809
54588209
54593262
54601847
54603192
54606674
54608702
54611666
54611788
54615142
54618825
54619271
54624957
54628145
54630860
54631563
54635206
54642117
54642296
54643113
54646837
54649076
54649242
54649901
54654728
54661611
54661981
54665662
54668748
54671026
54671148
54684483
54684725
54686364
54686803
54689552
54690615
54693701
54697017
54699256
54700660
54700826
54709294
54710947
54718084
54726300
54732195
54732565
54735473
54739928
54740374
54743282
54743404
54744107
54747533
54747750
54752897
54757134
54760042
54764171
54768976
54786051
54796763
54800049
54802249
54802866
54807980
54810058
54811462
54824618
54827717
54830883
54839062
54840395
54841753
54841970
54846099
54846221
54849575
54857791
54858728
54859174
54860877
54863218
54866581
54872305
54878556
54879259
54883920
54884737
54889065
54889511
54891150
54894338
54895194
54903139
54908208
54925974
54929038
54929770
54940261
54940427
54950472
54950918
54954204
54956604
54960469
54973764
54974760
54978072
54979106
54980801
54986326
54987143
54987322
54989017
54993485
54998184
54999588
55001294
55004482
55017651
55017773
55020737
55023137
55036177
55053021
55062188
55063985
55064266
55067095
55072581
55073577
55074879
55075816
55076262
55077965
55079540
55079706
55083855
55088554
55088924
55089958
55095961
55108238
55111426
55119476
55119642
55122371
55126422
55129159
55130155
55131908
55134444
55138334
55140709
55149971
55153001
55157052
55157347
55160016
55162416
55165526
55177384
55187093
55187825
55190889
55199068
55200102
55205249
55206105
55212208
55215706
55216357
55216523
55220247
55221184
55222486
55223311
55227972
55228968
55240225
55243042
55248441
55251258
55254344
55255221
55258690
55260048
55268516
55272560
55279790
55282978
55290385
55298194
55298316
55303680
55314392
55315426
55317746
55317868
55318933
55321997
55322214
55324905
55331467
55333084
55336272
55347546
55353909
55359812
55360515
55361718
55364804
55367204
55372065
55379285
55380281
55397922
55399617
55403668
55410891
55413640
55415960
55416994
55417364
55420428
55445715
55445837
55448115
55451201
55454882
55455252
55464836
55468880
55470220
55476345
55477728
55481618
55488777
55493769
55495173
55514634
55519329
55521414
55526184
55527508
55570448
55576381
55582162
55586630
55589321
55589946
55596713
55600500
55612792
55613094
55616921
55617138
55617955
55618325
55626134
55628871
55629867
55631620
55632106
55632476
55638657
55646873
55652588
55655776
55659150
55660947
55665415
55670992
55671817
55677541
55677707
55687752
55688198
55699009
55699748
55701826
55708641
55710961
55712531
55714770
55715429
55715595
55718246
55723238
55724604
55726682
55734287
55740761
55741063
55749928
55754933
55758402
55759760
55765144
55772074
55773398
55774223
55775798
55778884
55787851
55791137
55792920
55793954
55797266
55804028
55810209
55816338
55816460
55821452
55842574
55847269
55849611
55854002
55855705
55856151
55857088
55864872
55870682
55872086
55882948
55883944
55895201
55898388
55903417
55904821
55906899
55910702
55913666
55916066
55929106
55931404
55938324
55941232
55944296
55945361
55958656
55968973
55969075
55975076
55979120
55984413
55988704
55989777
56001051
56002434
56013317
56019041
56021126
56025170
56039689
56041928
56044035
56045652
56057905
56066881
56082474
56091264
56102506
56103864
56106013
56108252
56109286
56119641
56119943
56123987
56128808
56132835
56133205
56134201
56135584
56136022
56148173
56148275
56151361
56154276
56158320
56168757
56169038
56178968
56181291
56183960
56190225
56202116
56206160
56207500
56214628
56214794
56231214
56238251
56238621
56240004
56242912
56246430
56249618
56251916
56256777
56265873
56273158
56275032
56295539
56298288
56301706
56307971
56312260
56312963
56320044
56328898
56362315
56365230
56368418
56369274
56375825
56383634
56383756
56386698
56388102
56400394
56402352
56410948
56411651
56414264
56426647
56432133
56435368
56443986
56451145
56457248
56467526
56501026
56510538
56525460
56543616
56550404
56558620
56559654
56627184
56634789
56636867
56638233
56643225
56645876
56646042
56646701
56648940
56650510
56652830
56659606
56662636
56666765
56673234
56673893
56674059
56676710
56680839
56681018
56684104
56689055
56693716
56694419
56694541
56699100
56701500
56705969
56706394
56718660
56719656
56722649
56723683
56724053
56728752
56729934
56733220
56735298
56746848
56760971
56764758
56771525
56772150
56774841
56779309
56785090
56787868
56788307
56791222
56794308
56801569
56806561
56809748
56812690
56812812
56815720
56821323
56822062
56827426
56828103
56830852
56833172
56842764
56854401
56855656
56861360
56873093
56877137
56888550
56891994
56894777
56899599
56903251
56903990
56916513
56920245
56922323
56922445
56925072
56926791
56928136
56931490
56931860
56937584
56946828
56950016
56953163
56958232
56962578
56967335
56972162
56977546
56985424
56986764
56993029
56995937
57000392
57002499
57004116
57016812
57017515
57017885
57018919
57020702
57022176
57035216
57036041
57037616
57042004
57043000
57051976
57052422
57054296
57055330
57059459
57066148
57087235
57090840
57094194
57097280
57099308
57141252
57151239
57153113
57153852
57154147
57156794
57158198
57159893
57165109
57165390
57175320
57181044
57181747
57184462
57187650
57196715
57197085
57198468
57201376
57217197
57220385
57221241
57222624
57226514
57234536
57235601
57238665
57240069
57252361
57254600
57255046
57266435
57276480
57279379
57280634
57282855
57289424
57290249
57292900
57293066
57298058
57304323
57313712
57316449
57320258
57320500
57345732
57346728
57352993
57360802
57361172
57362505
57378886
57411742
57417228
57418007
57426029
57428656
57430856
57431302
57438339
57447557
57451601
57459490
57477572
57478275
57479972
57485356
57487434
57501440
57508080
57508905
57520512
57543729
57545368
57570312
57577088
57589779
57606537
57606754
57610261
57671919
57674668
57675107
57676746
57676988
57690323
57690445
57692723
57695809
57699490
57699860
57707083
57712152
57718932
57720953
57722336
57726226
57733385
57741639
57745947
57747330
57759242
57763937
57766022
57772496
57773321
57774896
57779284
57780280
57804957
57812784
57816202
57817606
57822296
57824517
57827752
57831476
57835791
57840452
57841155
57845836
57852705
57871170
57871412
57873490
57880649
57885040
57909283
57917462
57934694
57939841
57941096
57945225
57946800
57950735
57962577
57972995
57975234
57985068
57987146
58002513
58007969
58016148
58019881
58032786
58032908
58036262
58057730
58064983
58066328
58067362
58067732
58073704
58074150
58088064
58131077
58148416
58167488
58198133
58198299
58202960
58206024
58209378
58210565
58215557
58224716
58231492
58241073
58245528
58253350
58261566
58264652
58266305
58270356
58288512
58307592
58328481
58337347
58342416
58344036
58344202
58360457
58382337
58384576
58392792
58426912
58459504
58464326
58475545
58476579
58491480
58491926
58499085
58524419
58534464
58558752
58593291
58663172
58726265
58733045
58738542
58739607
58745579
58750648
58754797
58757614
58758687
58768209
58770237
58773201
58776018
58776677
58776843
58779082
58780486
58782806
58783802
58788702
58799564
58801671
58808753
58809034
58811817
58813221
58815299
58815541
58819031
58824517
58825513
58826815
58827752
58828198
58829901
58831476
58831642
58836634
58840110
58848900
58849632
58853054
58862576
58863401
58868831
58871210
58871580
58874309
58874488
58874934
58878617
58882093
58890652
58890947
58894998
58901909
58904817
58909285
58909451
58917501
58918884
58922774
58924107
58928158
58929811
58929933
58934925
58935657
58937742
58941786
58945072
58951004
58952038
58957185
58958041
58964144
58968079
58971336
58972740
58984155
58984894
58987631
58990258
58990380
58996421
58997417
59005596
59006035
59011491
59011861
59018488
59020709
59024753
59029575
59030920
59036430
59051427
59051797
59054705
59057769
59060586
59065578
59065948
59066765
59066982
59072129
59083403
59085020
59088208
59097273
59107522
59109922
59117162
59118520
59120669
59122908
59123942
59134297
59134599
59138643
59143464
59147491
59147861
59148857
59150240
59150678
59162829
59162931
59166017
59168932
59172976
59183413
59183694
59193624
59195947
59198616
59204881
59216772
59220816
59222156
59229284
59229450
59246013
59249495
59254879
59256262
59258662
59267749
59268174
59271793
59273878
59281177
59283828
59284531
59286770
59286892
59287957
59296362
59299869
59301252
59302108
59305296
59313814
59316844
59320973
59327442
59328101
59328267
59330918
59335047
59335226
59338312
59344444
59347173
59347339
59357384
59362600
59368641
59381098
59382163
59385061
59385227
59386631
59388505
59388951
59389888
59394236
59396314
59400501
59400782
59412793
59417139
59420225
59423042
59425070
59428034
59430434
59433860
59442076
59442515
59445430
59448516
59455777
59460769
59463956
59466898
59467020
59469928
59476704
59480594
59483658
59510121
59512206
59515825
59516250
59525337
59527737
59529120
59534504
59537986
59540394
59541718
59542543
59544118
59547204
59556171
59559457
59561240
59562274
59565586
59574453
59576531
59576653
59579280
59580999
59582344
59585698
59586068
59591792
59601036
59604224
59605287
59615332
59615498
59625989
59652620
59654262
59657089
59659409
59663877
59666694
59670683
59675344
59676169
59682949
59700288
59706184
59706630
59708504
59709538
59713667
59720356
59736513
59737138
59744297
59752476
59773627
59776713
59780764
59788709
59790787
59792153
59794392
59794838
59797746
59797868
59798571
59804644
59805347
59806964
59807130
59808534
59811598
59814506
59820685
59837682
59837804
59839457
59843508
59844841
59848731
59850114
59853020
59855420
59859285
59871577
59871879
59875923
59880744
59883854
59887140
59889218
59895960
59905421
59905638
59909465
59909767
59910499
59912380
59915568
59918678
59931201
59933609
59934933
59937333
59944100
59946178
59947544
59955489
59957728
59958801
59961618
59965944
59968051
59978913
59982023
59984772
59987092
59994634
59998366
60001554
60003852
60008713
60015280
60034002
60034661
60034827
60036444
60037478
60040790
60041607
60041786
60043481
60048697
60053519
60055758
60058946
60064632
60065078
60072115
60072237
60075201
60077601
60080711
60082056
60085410
60085780
60090641
60098094
60107616
60109936
60116498
60123657
60135570
60135692
60138634
60140038
60146949
60149857
60153908
60162801
60166443
60173458
60173580
60175233
60176488
60187745
60196304
60204088
60213379
60229320
60233861
60237905
60244760
60248114
60251200
60262474
60295121
60298597
60302905
60305722
60308808
60310714
60312118
60313813
60322980
60328275
60330573
60334254
60337442
60352658
60352780
60358144
60361291
60366360
60373140
60375161
60376544
60380434
60387593
60391542
60394369
60396689
60401157
60403974
60408520
60408966
60424940
60428128
60428830
60443344
60444169
60446820
60446986
60450949
60460550
60463241
60474178
60474420
60489999
60494660
60495363
60500044
60506913
60523593
60529696
60556487
60557483
60557853
60559236
60562144
60569098
60571927
60580648
60581972
60589744
60594264
60605521
60627203
60629442
60639276
60641354
60664848
60674432
60690852
60694896
60710937
60712320
60721189
60723267
60726016
60727318
60818895
60823615
60824552
60824998
60825854
60829042
60831340
60832405
60835809
60839699
60844380
60845083
60849744
60850807
60852152
60856974
60861018
60863239
60867929
60868231
60868963
60870844
60874032
60885969
60889445
60892387
60892757
60893753
60895136
60895574
60900566
60901562
60907048
60907725
60907827
60910913
60913828
60917045
60917326
60927256
60937377
60941186
60952150
60954841
60957606
60959309
60964008
60967118
60969518
60973383
60978452
60983475
60983597
60985675
60988961
60989726
60991200
60995090
61006640
61010058
61021296
61025425
61030935
61049994
61056259
61065268
61067346
61084986
61088707
61088949
61093776
61098541
61100619
61104670
61113518
61123040
61124113
61126930
61131922
61132044
61133697
61134952
61139081
61147335
61149735
61152404
61159946
61166032
61166857
61170500
61171203
61173816
61177965
61180592
61182792
61183238
61190275
61196369
61205536
61212789
61212955
61217616
61220680
61224034
61225221
61230213
61239372
61246148
61255729
61260184
61268006
61276222
61279308
61280961
61285012
61303168
61322248
61345109
61359001
61362355
61362477
61365441
61366823
61369492
61375382
61376715
61379115
61381784
61386252
61388049
61399880
61400326
61403234
61408542
61411450
61415579
61420240
61421065
61425456
61428874
61430278
61443170
61444528
61448996
61458508
61480458
61482416
61487238
61489259
61491012
61492008
61494328
61498049
61510084
61510787
61514392
61517868
61522337
61536272
61540802
61543202
61547590
61548586
61571432
61579285
61592580
61604326
61605399
61620367
61623555
61625028
61630514
61639490
61639732
61641810
61648969
61653360
61672225
61674545
61678354
61686376
61686822
61702540
61707904
61737364
61740101
61741097
61743336
61747226
61768289
61778946
61813056
61818048
61869241
61872723
61875787
61876526
61881890
61897228
61899250
61900075
61904736
61908865
61910120
61915291
61919952
61920777
61927557
61932266
61935773
61938961
61941200
61950792
61951238
61953112
61954146
61958275
61967493
61976652
61981121
61981746
61988905
61997541
62001431
62007752
62010152
62011476
62015144
62023729
62032705
62035025
62047302
62048298
62057088
62065304
62068780
62071569
62079378
62080037
62084864
62090248
62095972
62096138
62128828
62129267
62132016
62135434
62141699
62144605
62145988
62146984
62150708
62153772
62162626
62178066
62195361
62198178
62198548
62199881
62203932
62227481
62228515
62268042
62276357
62289922
62299140
62312768
62325330
62332935
62391406
62392471
62397957
62400196
62401192
62409810
62411585
62415266
62415636
62416969
62423101
62424484
62427928
62433350
62458480
62466085
62468163
62470912
62475904
62524444
62526097
62538072
62538374
62551041
62562315
62566976
62587188
62607520
62653842
62656872
62661001
62661218
62664725
62689294
62703808
62706208
62718289
62727456
62742672
62759432
62794256
62850564
62919294
62923423
62926611
62934633
62936718
62937450
62940762
62941413
62941579
62945303
62946240
62950797
62951014
62952372
62953705
62957756
62959834
62965050
62968149
62973840
62977316
62980463
62983090
62985532
62985827
62989253
62989878
62992569
62998867
63001165
63004846
63008034
63024289
63027476
63029799
63032468
63040010
63048646
63050966
63051962
63056430
63058125
63058227
63061313
63062516
63063219
63063341
63079154
63079276
63079979
63086759
63091586
63097680
63104098
63105285
63112314
63113501
63117792
63118865
63121104
63124580
63124746
63131142
63133833
63145392
63150214
63154258
63161025
63178665
63179989
63182389
63187531
63192600
63197357
63200545
63201401
63202784
63206674
63210823
63211819
63216480
63217782
63220609
63222929
63232521
63234760
63235206
63243422
63252944
63253769
63255344
63260336
63264856
63283876
63293490
63299653
63308634
63316239
63320900
63321603
63325892
63326888
63333153
63346769
63349833
63355936
63359046
63378082
63391781
63393859
63396608
63397910
63406312
63410202
63441784
63442230
63449267
63449389
63451467
63454753
63456459
63457863
63459208
63462562
63462932
63472113
63474206
63485068
63500803
63505129
63505575
63509019
63510402
63515786
63524101
63527009
63531060
63533138
63538632
63540036
63540739
63542356
63543352
63554609
63570787
63573456
63575856
63581240
63590824
63595170
63604388
63608908
63620165
63621161
63627290
63647772
63652241
63669001
63672355
63679492
63693120
63701895
63703150
63708297
63711940
63719234
63725976
63735489
63736228
63738306
63746090
63750929
63771041
63785094
63807507
63820802
63833746
63833868
63836776
63837222
63840905
63862785
63898193
63907360
63964920
63969461
63972525
63976007
63977352
63986800
63990929
63996819
63998074
64000295
64006864
64007689
64010340
64010506
64015498
64021763
64029813
64029979
64034640
64035980
64040024
64042245
64049608
64051715
64053954
64063172
64064168
64070433
64078242
64078612
64079945
64096365
64101192
64101638
64102494
64108675
64112449
64115364
64119408
64128792
64129826
64131521
64132146
64135572
64139305
64147484
64168588
64169027
64171776
64178202
64190468
64214017
64225763
64226133
64230832
64235300
64239698
64241726
64244812
64246465
64250516
64261169
64262808
64287752
64296006
64297002
64305792
64307556
64308259
64323977
64324194
64327701
64357736
64358801
64365589
64372952
64390158
64399680
64407072
64422068
64457232
64488150
64488975
64498497
64500817
64506306
64508706
64513094
64514090
64523308
64524961
64525386
64536936
64544789
64554388
64557296
64558121
64561764
64561930
64600065
64620940
64626304
64635105
64638995
64651448
64694432
64721168
64752666
64754441
64764932
64778560
64793120
64815308
64815410
64818496
64836112
64880966
64893072
65013653
65014908
65016561
65027218
65027340
65028838
65038768
65041505
65046807
65050064
65052779
65054532
65055528
65057848
65060958
65067139
65079823
65083080
65091665
65093693
65095076
65098520
65103942
65111714
65116234
65127052
65127491
65130240
65143911
65146660
65148738
65153697
65154122
65155480
65161876
65180433
65185817
65187200
65192710
65199112
65216866
65232907
65237568
65241300
65242125
65261856
65274573
65274675
65277761
65280676
65284720
65293354
65296453
65302144
65312796
65324053
65341028
65341194
65347974
65359886
65379329
65381568
65397008
65409377
65413428
65433760
65441799
65473696
65511937
65519746
65536814
65539778
65548656
65553648
65555218
65564697
65566080
65570408
65571473
65574949
65577188
65577354
65581078
65596417
65604633
65618563
65634642
65652896
65667103
65668040
65668486
65671394
65671764
65684017
65689920
65717520
65732933
65750536
65757316
65769608
65800417
65804307
65806546
65806668
65807371
65812032
65836320
65851536
65856004
65863850
65864220
65882376
65950210
65964289
65978440
66027556
66067233
66068535
66069472
66071621
66073362
66078354
66078476
66081384
66081830
66085513
66097548
66101592
66101894
66128100
66128266
66131990
66135054
66142801
66151968
66171040
66192724
66193720
66199761
66209799
66213056
66224330
66257065
66291972
66325123
66326740
66327565
66338993
66355753
66379872
66388088
66400520
66405512
66406916
66457096
66463876
66471170
66487425
66519840
66586164
66589059
66599104
66601132
66604320
66626704
66636296
66670852
66687490
66721032
66725378
66750544
66797634
66857218
66986017
66994196
67049472
