36733
39407
46011
51159
58110
69551
72443
78814
83453
90999
105946
113462
114345
118379
122277
124813
126324
127221
128850
129738
135131
138110
143863
149231
156605
176049
178115
179742
185830
187116
187547
191352
191535
193821
194647
204022
211861
212810
216890
220873
222667
224933
225901
226740
227698
235287
239163
239741
248030
250255
265726
269239
275197
280443
287695
306936
309105
310351
317347
318406
319005
322028
322711
324670
325915
339916
341496
343319
349937
351075
351326
355238
355867
357519
358461
366189
367843
368278
369910
371147
375381
375704
379797
380090
380716
381754
386347
386513
389453
389734
401013
408013
409010
413590
417130
419066
421705
422699
423621
424628
432026
433325
433958
436013
436854
440561
440971
444651
445749
445912
446933
451926
452195
455258
455564
464285
468766
469551
477303
479451
493524
494437
495182
496105
498003
500650
504124
507080
508658
509593
515617
516263
519556
521328
523010
528119
531421
537455
542654
549371
565131
572026
572773
576749
581460
583477
585426
586198
587434
588201
601958
604076
605243
612312
612849
613647
617187
617565
620055
620702
628286
631919
633047
641435
643869
667107
669414
670877
677740
678840
678967
682961
683294
685147
686607
693493
695610
695756
697818
699277
702646
703267
707382
707915
708209
709227
714317
714630
717048
717461
726827
728405
728696
730741
731386
735533
735686
739789
740950
741251
742294
746732
747162
749739
750385
755634
756468
756921
758725
760462
762729
766547
769409
770538
771367
777316
778588
782096
783554
784936
794413
801003
802516
806357
810674
812662
814506
816026
816489
817989
824443
828637
829854
838415
840247
857558
859723
860049
862091
863029
866650
866924
871034
871654
872077
872685
877749
878392
880950
881091
886634
887282
888135
889780
891193
893669
897198
900868
902089
902748
908496
909971
912930
914824
915553
922831
927127
928539
936509
938110
952041
953290
954012
955250
956999
958964
962905
966192
967589
967859
974210
975150
978024
980737
981188
984549
986025
986419
987882
989372
992210
995975
998498
1000308
1000782
1007368
1008217
1010881
1013284
1014160
1064689
1072620
1077187
1079224
1080166
1107151
1111815
1121847
1137875
1150438
1150803
1154829
1156924
1160625
1166110
1172886
1173675
1175456
1177161
1177708
1199082
1208731
1210937
1215166
1218170
1218781
1221099
1225902
1231345
1231661
1233079
1236754
1237972
1250766
1252459
1255631
1256757
1258201
1258339
1261024
1269396
1273606
1274070
1281992
1297093
1298777
1304195
1304984
1330301
1338780
1348443
1349350
1349525
1353310
1354539
1355895
1359242
1360621
1361394
1370713
1378165
1380074
1384879
1386966
1387384
1395003
1397645
1398055
1399636
1401406
1407177
1414840
1415628
1422214
1423653
1432628
1437874
1451575
1455450
1457347
1459900
1460177
1461803
1462887
1471253
1472352
1472682
1478531
1481521
1482313
1489236
1493350
1502277
1514673
1518258
1518700
1520356
1540283
1545246
1557827
1558116
1561226
1565449
1566802
1587998
1588334
1616121
1620525
1621330
1626237
1628822
1629592
1630567
1631148
1631354
1637088
1641398
1644175
1645417
1648085
1650332
1655517
1656603
1659130
1659811
1668197
1686086
1692490
1694257
1696624
1705335
1707407
1709018
1713771
1714124
1714525
1717157
1722614
1726803
1732148
1736264
1740396
1744517
1746641
1754936
1756330
1766537
1787107
1789225
1790380
1794662
1795410
1800458
1802903
1807956
1808498
1811485
1814822
1814984
1825029
1840539
1841582
1841912
1849749
1854355
1854682
1857101
1859520
1862949
1865265
1873268
1874401
1877159
1887564
1889475
1911619
1913073
1916434
1925592
1926730
1929876
1933903
1936556
1937200
1942857
1943579
1951109
1954858
1975721
1980166
1984418
1985102
1995064
1999198
2009394
2011690
2012308
2017303
2023649
2024088
2031933
2034900
2038353
2038658
2043401
2050213
2052111
2113496
2121638
2125681
2127596
2128355
2149349
2159165
2160860
2182558
2190894
2204891
2209069
2211601
2213582
2213752
2215125
2216403
2224250
2225632
2226821
2238441
2242671
2243975
2262459
2264631
2265965
2270677
2271078
2271550
2274034
2280331
2283833
2288842
2299453
2300583
2300876
2305731
2308666
2312825
2313997
2315606
2318176
2318879
2321586
2323672
2336436
2339939
2344673
2345287
2355372
2385687
2389107
2394831
2397645
2399006
2401205
2406023
2410742
2411448
2413211
2415721
2417514
2423984
2429309
2430586
2430915
2434383
2435317
2437531
2440741
2442198
2443177
2451804
2457154
2461297
2463992
2465108
2472234
2476451
2485522
2501532
2504918
2506025
2511262
2513483
2514476
2515379
2515686
2516365
2522048
2526662
2530898
2533208
2540780
2543237
2553364
2561450
2562992
2575654
2578193
2588975
2599081
2601157
2602506
2607131
2613836
2614160
2628827
2642922
2645785
2660135
2661781
2665239
2665658
2666993
2667356
2670496
2676140
2678346
2681955
2683659
2688506
2691013
2695863
2697708
2698027
2705597
2708086
2708659
2711759
2718484
2719016
2725998
2727576
2730697
2731398
2732994
2755307
2758231
2759156
2762554
2764366
2769758
2770045
2773745
2773901
2782610
2803601
2804916
2806438
2810307
2811177
2816037
2828657
2831256
2833481
2843436
2843973
2847306
2851006
2854666
2857304
2857569
2862164
2869906
2871319
2887033
2887587
2890870
2893038
2897592
2902127
2909739
2910869
2911968
2913620
2914694
2920292
2935634
2942545
2943532
2954956
2956070
2962019
2963634
2972810
2978441
2982557
2987023
2999601
2999746
3002949
3006580
3008777
3029315
3035493
3037400
3039720
3048027
3052874
3053961
3056670
3059875
3060516
3070002
3080535
3083496
3083910
3089716
3090461
3098162
3101829
3121713
3151294
3155645
3156699
3157223
3159859
3165015
3166575
3167705
3168892
3173262
3179390
3185051
3186484
3191270
3191932
3194410
3197597
3201575
3204774
3205466
3210508
3212239
3218266
3218851
3221694
3223117
3229539
3233550
3235965
3238291
3240394
3241349
3246317
3246651
3249309
3249386
3253874
3254996
3259585
3265193
3265428
3271265
3275282
3277559
3280670
3283921
3286319
3288185
3290774
3296869
3299527
3300466
3305841
3309059
3311197
3313392
3314595
3317059
3321484
3321915
3331654
3335191
3335352
3339048
3348361
3350941
3351350
3352234
3354512
3361204
3362878
3363621
3370121
3372592
3381672
3381781
3383390
3390272
3391948
3392794
3400097
3408827
3413335
3420367
3421980
3423122
3428184
3429547
3433208
3435059
3439369
3442999
3447650
3449804
3452216
3455148
3460126
3460675
3463505
3465743
3467137
3478174
3480603
3480876
3486632
3486886
3490289
3491101
3493316
3496579
3502673
3507399
3522670
3525320
3531864
3540094
3540427
3544485
3549546
3549989
3552488
3554356
3557647
3557842
3559668
3562888
3580115
3581346
3588505
3600518
3606031
3607920
3610701
3629210
3629412
3630784
3637865
3639438
3640082
3641670
3643012
3643427
3646725
3659040
3662370
3667976
3670525
3674028
3681689
3682731
3685068
3687991
3691099
3691726
3692853
3695849
3697876
3704801
3708626
3712539
3712916
3713477
3719383
3720090
3722057
3725762
3726405
3731202
3737318
3738775
3742960
3744091
3749196
3749903
3750545
3761089
3761446
3762776
3770653
3773240
3775138
3780661
3785803
3786416
3788128
3804024
3807326
3816034
3817647
3818980
3821208
3822883
3827889
3829789
3830086
3838364
3842830
3848465
3855184
3869447
3871283
3874316
3877540
3899858
3900716
3905732
3909192
3909674
3912864
3915877
3916316
3916934
3922960
3936885
3937039
3941346
3942213
3942487
3943017
3951402
3953010
3954468
3957907
3962122
3962980
3968139
3977494
3977921
3981371
3983044
3994016
3999289
3999868
4003169
4017187
4024514
4031269
4034649
4034954
4038840
4041040
4042368
4043276
4048648
4049044
4060161
4066349
4067138
4067479
4071072
4076360
4088342
4096234
4097299
4097588
4098705
4099160
4108400
4111362
4114721
4117001
4123200
4129684
4132225
4133970
4136999
4137161
4145731
4149410
4151616
4153617
4156420
4210540
4218595
4222456
4224966
4225969
4241815
4242995
4285563
4289945
4303470
4307723
4308148
4313647
4315477
4316358
4317881
4318147
4318774
4324192
4333341
4349052
4361173
4363611
4365226
4367597
4369735
4374895
4375966
4379254
4379608
4388393
4394428
4394737
4398475
4401031
4403359
4409751
4416725
4418138
4419520
4420906
4422179
4429468
4438321
4444594
4446988
4449188
4485342
4487950
4490941
4492507
4493814
4498915
4499258
4499631
4502473
4508277
4511932
4517637
4521250
4524887
4527926
4528239
4530938
4535891
4541164
4541323
4543069
4544170
4545940
4547045
4558627
4562249
4564332
4573062
4574802
4584522
4592883
4595258
4597883
4599437
4600174
4600760
4603616
4611397
4615569
4616309
4638328
4640394
4641475
4645681
4646068
4651154
4656610
4671849
4679000
4679878
4686173
4691237
4692532
4695055
4698338
4698769
4708489
4738607
4746439
4756702
4758227
4758374
4765901
4770268
4770934
4773163
4775392
4779657
4781836
4788670
4789709
4790129
4793655
4795290
4796989
4799698
4801387
4802292
4811054
4822693
4823784
4826713
4836515
4838520
4851629
4853618
4858587
4860149
4860838
4868766
4870603
4871833
4875031
4880490
4893112
4895340
4898068
4907238
4908338
4911429
4921158
4921571
4927953
4930185
4939269
4944468
4948283
4951619
4951940
4957354
4958238
4965577
4970002
4990749
4994230
4996216
4998636
4998983
5000986
5002041
5009805
5011360
5012050
5023434
5024083
5027217
5031888
5042822
5049816
5053324
5053738
5060773
5065393
5073961
5079223
5089940
5092114
5092421
5097501
5103942
5104232
5119564
5122900
5123619
5124961
5132455
5145231
5147749
5151020
5151184
5156106
5163593
5165083
5177950
5182487
5194936
5195553
5198162
5202314
5204020
5246701
5249909
5256118
5258331
5260779
5266590
5268442
5270807
5273117
5273647
5283414
5287369
5289826
5295011
5296541
5297396
5299912
5301097
5303852
5306949
5312468
5312863
5319153
5322356
5324166
5326974
5330881
5331754
5336722
5337739
5339812
5344172
5345907
5347993
5353645
5356840
5358926
5359330
5365251
5366074
5368857
5384056
5384975
5386986
5389481
5393589
5396362
5397232
5401029
5402018
5403747
5408722
5411662
5414256
5415485
5415623
5417828
5425435
5427009
5436816
5437962
5442893
5446215
5446561
5448166
5454876
5456793
5457206
5457483
5464252
5469508
5470353
5472760
5481114
5482595
5483794
5484037
5491256
5491852
5493781
5507743
5511116
5514455
5516914
5519674
5520737
5523365
5527781
5529361
5532584
5535028
5540330
5543055
5545380
5546425
5552802
5554556
5554967
5557299
5559216
5565634
5567753
5571998
5572275
5575401
5580738
5580893
5585616
5587655
5594216
5598341
5600072
5604060
5604474
5606677
5613796
5614129
5623865
5624195
5633568
5637987
5638396
5639470
5642571
5648982
5660226
5661168
5661331
5663800
5665806
5669287
5674092
5674433
5679182
5679896
5685462
5686797
5699680
5702508
5702829
5711633
5712268
5715017
5715090
5716006
5724186
5738128
5738794
5751744
5759252
5772859
5773810
5775551
5778916
5781385
5788390
5791050
5793101
5794610
5797712
5798104
5801415
5803309
5803674
5806261
5812540
5813188
5817080
5817939
5827760
5829702
5830675
5834108
5834971
5835598
5841765
5848609
5851624
5853239
5856340
5858721
5861730
5866417
5868117
5878795
5884294
5886161
5892133
5892170
5894680
5900979
5902447
5902777
5904097
5907998
5913650
5915572
5918404
5924520
5929732
5931865
5936275
5936678
5939605
5946560
5949635
5950344
5955627
5964462
5968653
5973400
5973794
5974403
5976154
5982321
5982492
5987712
5997748
6001504
6002729
6021697
6032569
6033256
6034385
6038318
6041927
6044940
6047371
6052871
6054485
6060673
6062819
6067971
6069329
6073366
6078795
6083116
6084746
6084884
6095219
6097451
6100760
6101142
6104268
6104583
6115952
6116102
6123264
6129120
6134082
6136457
6145170
6161350
6164790
6165720
6169702
6181929
6182420
6186243
6187021
6195794
6202272
6205957
6210852
6228704
6229066
6238376
6242629
6267937
6277636
6279240
6297263
6301406
6302557
6303635
6305017
6310267
6312375
6313788
6314446
6318695
6325211
6327407
6331256
6333623
6335900
6338123
6344146
6347539
6348169
6349654
6353336
6356049
6357757
6362427
6370071
6370414
6371945
6376812
6379157
6382540
6383833
6387828
6389272
6391183
6391605
6392802
6395570
6400421
6403972
6405258
6408247
6409001
6411146
6413860
6423486
6426342
6434364
6437702
6440155
6443357
6444807
6445242
6449044
6450954
6454412
6457836
6461711
6470081
6472343
6473634
6475340
6476977
6482584
6483998
6484259
6492279
6492634
6497650
6498587
6498772
6506725
6508969
6509794
6517797
6519170
6524054
6524257
6525467
6528704
6533476
6545483
6554095
6560317
6561002
6566819
6567310
6569157
6571450
6572638
6576339
6579907
6580525
6587742
6590408
6591217
6593841
6598214
6598813
6608195
6611995
6612620
6615268
6621371
6625761
6628198
6630572
6634118
6638607
6638929
6641976
6643799
6645360
6660889
6661793
6668860
6681091
6686704
6690633
6693981
6694506
6695730
6701677
6701851
6703476
6708001
6708498
6712417
6722094
6725735
6728912
6731832
6738280
6753813
6762539
6763344
6766749
6768450
6779552
6783877
6784057
6784202
6785624
6786316
6795656
6798337
6801584
6803540
6809920
6816631
6823601
6826639
6827350
6833649
6837351
6840734
6842937
6845221
6846002
6854260
6856939
6857278
6858437
6860392
6867626
6869135
6869234
6876692
6878408
6885967
6888477
6888614
6894308
6895235
6898616
6898750
6901538
6904401
6908227
6910296
6915159
6917544
6920470
6939042
6939149
6940480
6948803
6950427
6954888
6955325
6960422
6961175
6961752
6972272
6972579
6973772
6981747
6983897
6986822
6990530
6991617
7013596
7014798
7017904
7031953
7034408
7045738
7048752
7050505
7053459
7054100
7061841
7066241
7067936
7069752
7072770
7080157
7080854
7083550
7083909
7087561
7088970
7094032
7099092
7104976
7108681
7116890
7117476
7119119
7125344
7128109
7135920
7145235
7160199
7162692
7169292
7176660
7178345
7178759
7180579
7181890
7182481
7185458
7197856
7200961
7206916
7211070
7215809
7221402
7226645
7227080
7228832
7242537
7242918
7248642
7251268
7252101
7255680
7258190
7258514
7259651
7265288
7274738
7278876
7279141
7283340
7285032
7286336
7286854
7292004
7293450
7304208
7356165
7364137
7367786
7369938
7371156
7374776
7383721
7385747
7390987
7398693
7410156
7411925
7415220
7423161
7438695
7440081
7443142
7449638
7451088
7460952
7469313
7476586
7477564
7488358
7496250
7500421
7509270
7510226
7514646
7517197
7521326
7528842
7529184
7530800
7537491
7541432
7550211
7553699
7563788
7564368
7572491
7579848
7585906
7591942
7605187
7605645
7622182
7623493
7627086
7638553
7645338
7647338
7652553
7653216
7655706
7657090
7661589
7670885
7671712
7674119
7677067
7679304
7688267
7689238
7692841
7700914
7701262
7707176
7709253
7717029
7733977
7735729
7740292
7744646
7749128
7750060
7754833
7766579
7766868
7769186
7770281
7774537
7801609
7808548
7811093
7825411
7867975
7873265
7876726
7883474
7897518
7898956
7906115
7918865
7920674
7923852
7936564
7936960
7939117
7941146
7942300
7948037
7948365
7952545
7967109
7981840
7984140
7987222
7998868
8000565
8008160
8008466
8009284
8014357
8017931
8020051
8028284
8028837
8030538
8032906
8045776
8061127
8061289
8062610
8063282
8085892
8127164
8128870
8135032
8139811
8149528
8156292
8160810
8165389
8172568
8179809
8192409
8192714
8193620
8205057
8208692
8263042
8265940
8268817
8274970
8404454
8413137
8417196
8419171
8420088
8428670
8445326
8483599
8484967
8492953
8494285
8497565
8498774
8499623
8499948
8503232
8509123
8510770
8515128
8515994
8539351
8548115
8554230
8556009
8561501
8563427
8563610
8571471
8573749
8574556
8577147
8583557
8594558
8599179
8600972
8602995
8603558
8604781
8605948
8608433
8614454
8615648
8616265
8625478
8628586
8629457
8630768
8665659
8666329
8686458
8688957
8690405
8693654
8695091
8700343
8701487
8704459
8704876
8713428
8718046
8720157
8721323
8725741
8726449
8727191
8729460
8735194
8739470
8744050
8748193
8766924
8769093
8770385
8773880
8775306
8780297
8787727
8788451
8788825
8796950
8801070
8801675
8803509
8806304
8810068
8811622
8825516
8827334
8829994
8840067
8840361
8843570
8857413
8861240
8865640
8872345
8876611
8880727
8883602
8886438
8887080
8891429
8898900
8900637
8938909
8943164
8949422
8949720
8953397
8955507
8959814
8964667
8972058
8972621
8974176
8975525
8976593
8980859
8983787
8984983
8987597
8992089
8997493
8997830
8999262
9002538
9003954
9010756
9015201
9030068
9037100
9038595
9048751
9049592
9049910
9053371
9054829
9056478
9060105
9060853
9062346
9070759
9076016
9082211
9083793
9089848
9091668
9100370
9105738
9113388
9116262
9116837
9124498
9128664
9137300
9142607
9147419
9159920
9160332
9163049
9167397
9169034
9178207
9185735
9186668
9189493
9191050
9195735
9197882
9199363
9200348
9200497
9200843
9206240
9222328
9228969
9230438
9233122
9243889
9248052
9250214
9258595
9260361
9270533
9273662
9278642
9279690
9282583
9286232
9286529
9296404
9311954
9313220
9326225
9328012
9339069
9342289
9342562
9348741
9349135
9357076
9360457
9372315
9382474
9384041
9385234
9390110
9396515
9396676
9406584
9440757
9444086
9450362
9452687
9455565
9461019
9462699
9465374
9466935
9467997
9473970
9474719
9481158
9483506
9486104
9488603
9492388
9493097
9497898
9498925
9501040
9512675
9513533
9515497
9518405
9522518
9523637
9525033
9525730
9530260
9531208
9532620
9539221
9541820
9542500
9544664
9550867
9552679
9553075
9553498
9560403
9565840
9566470
9574321
9577886
9579754
9583179
9584324
9586548
9591252
9592358
9595745
9598546
9602414
9602843
9605605
9611176
9611415
9615778
9617852
9624769
9628948
9630369
9635564
9636307
9637465
9640249
9640589
9646266
9657512
9658670
9659330
9661507
9663513
9667313
9667925
9676326
9677585
9680005
9680138
9680984
9689099
9704559
9706442
9707871
9711568
9713445
9720312
9723529
9725589
9726570
9729698
9730435
9733843
9734543
9734841
9741044
9746951
9747556
9751489
9752670
9755794
9758532
9761480
9767278
9769181
9769799
9770468
9774139
9780298
9782130
9784752
9790817
9793820
9796144
9798009
9802293
9807464
9807619
9810059
9816262
9816595
9821952
9833799
9834209
9835430
9839225
9843356
9846289
9848109
9853980
9855158
9861412
9863886
9865325
9868835
9869594
9872444
9872785
9883874
9884216
9891360
9896888
9898612
9900634
9901443
9905368
9917490
9917509
9922060
9922581
9931232
9931913
9941313
9945748
9968826
9973637
9975528
9980780
9982743
9983442
9985441
9986789
9989233
9992372
9997169
9998574
10000679
10006869
10010177
10012136
10012313
10017836
10019403
10021895
10028970
10031801
10034882
10035319
10035644
10038000
10045967
10047140
10055815
10057474
10057769
10060739
10068267
10070220
10071092
10071562
10078307
10079505
10081302
10095561
10097949
10100560
10101575
10107240
10109502
10109651
10113890
10120584
10122757
10125747
10126539
10128918
10135654
10136016
10145863
10146572
10155104
10158940
10163409
10164100
10168473
10168867
10174874
10175541
10188992
10194210
10195529
10208160
10215954
10225564
10226987
10230102
10236499
10236848
10240483
10241198
10251586
10253464
10254350
10257254
10258614
10265034
10269709
10275608
10277254
10283092
10283145
10285091
10289831
10294392
10294542
10298134
10304896
10307980
10308385
10313805
10323282
10326752
10328133
10346660
10355180
10360364
10361990
10365708
10365978
10371725
10375281
10377481
10377746
10389440
10394248
10395941
10405130
10422442
10429280
10432564
10438224
10462338
10473744
10489814
10492410
10498795
10501405
10504117
10509839
10511213
10513467
10515550
10516631
10528236
10528887
10531781
10534548
10535263
10538650
10540645
10542024
10545970
10546849
10548625
10553951
10557286
10561307
10563017
10565805
10567088
10569458
10574738
10574968
10578660
10581162
10585585
10587022
10587303
10590517
10596683
10607937
10609241
10609576
10611852
10613767
10622173
10623913
10629026
10630772
10638275
10640677
10642742
10643689
10646888
10648332
10652377
10654103
10654396
10655696
10658895
10665097
10666730
10669890
10675908
10678803
10680418
10685924
10686108
10687352
10690791
10694963
10697766
10700373
10705939
10707290
10713680
10716003
10719403
10721036
10724739
10736714
10736788
10740785
10741782
10749119
10755403
10759988
10761697
10767089
10768958
10770314
10772292
10772980
10775750
10778962
10782569
10785127
10788264
10789086
10789715
10791394
10799165
10800496
10806542
10810920
10811461
10816421
10819095
10821282
10822332
10828481
10829947
10830254
10833049
10834664
10841857
10843188
10846899
10851718
10852144
10856556
10856711
10863371
10863702
10877312
10880819
10882637
10885786
10891438
10892130
10896332
10896729
10907272
10908931
10909721
10912124
10917059
10917401
10920506
10927872
10930788
10930961
10932998
10936469
10945489
10949745
10951960
10953513
10955787
10961205
10965190
10967082
10967557
10979657
10986208
10989650
10994850
11013994
11014463
11021240
11023818
11025955
11028879
11032432
11032805
11038281
11039317
11041474
11046198
11049299
11049712
11051939
11058190
11059836
11060395
11068046
11072802
11074072
11077167
11077337
11080660
11082823
11085665
11086110
11090760
11092819
11099524
11103762
11104612
11108838
11110038
11117688
11119142
11121940
11122185
11122819
11130893
11142574
11143527
11143965
11149810
11155516
11156688
11160484
11161755
11164938
11167408
11170209
11174599
11178102
11183329
11183660
11186445
11192366
11192728
11197984
11207097
11208917
11213323
11215955
11216646
11227235
11227592
11234400
11242432
11242757
11252356
11256114
11274982
11276761
11278940
11285142
11287716
11289895
11290561
11295825
11296941
11299868
11305900
11306228
11309674
11313741
11315601
11316265
11316306
11323596
11324934
11326490
11338574
11339149
11340858
11348184
11348866
11358364
11358769
11367616
11374152
11374757
11387744
11395114
11404024
11405658
11412888
11416597
11422243
11424536
11430034
11430149
11432012
11437706
11440608
11442324
11460944
11470752
11475233
11477588
11486729
11506756
11520129
11538035
11541294
11545934
11546409
11547545
11548116
11548231
11551996
11556458
11556499
11557049
11557765
11559367
11561202
11561276
11571013
11572495
11573475
11576665
11580017
11587891
11605596
11612882
11618200
11618649
11620439
11625265
11641509
11644974
11652642
11658340
11668952
11671788
11676252
11683497
11684379
11686542
11698735
11701140
11710666
11718048
11720449
11723316
11724298
11724881
11732402
11738882
11745665
11748615
11765304
11770976
11774244
11774594
11784896
11803060
11806350
11806877
11809388
11815079
11821862
11830045
11833810
11837120
11840900
11847442
11848969
11850790
11853929
11862423
11865482
11869317
11870442
11873816
11876704
11879973
11884752
11932009
11933779
11953264
11956417
11997580
12002465
12002626
12012192
12022528
12028948
12030128
12062147
12063911
12067902
12069171
12076934
12083562
12094154
12094620
12106120
12120260
12124382
12128020
12130505
12137570
12138580
12141161
12146947
12153504
12162880
12165329
12175528
12175940
12182912
12189819
12191525
12196242
12198539
12202085
12203148
12216128
12216872
12218418
12227625
12273738
12289665
12312585
12328712
12338004
12340784
12345881
12356355
12363104
12368416
12374344
12374672
12425234
12427842
12457264
12457537
12462496
12468326
12471488
12486980
12502021
12529674
12534056
12588759
12592975
12593534
12594809
12597148
12601789
12604091
12604654
12606247
12610003
12616431
12619715
12627150
12630371
12633885
12636478
12637299
12638861
12641898
12643429
12649399
12654814
12656517
12661489
12662311
12664594
12667215
12671769
12674897
12675254
12683240
12686708
12690718
12690885
12691689
12697725
12698070
12700074
12703984
12704809
12709264
12714491
12721880
12724823
12725547
12732344
12735891
12739119
12740828
12742898
12743881
12748657
12749917
12754532
12755134
12760227
12761115
12761420
12768902
12771816
12773009
12773670
12782187
12782366
12784719
12785266
12789556
12790117
12794984
12800453
12800842
12806952
12810516
12814479
12819280
12825101
12829754
12830532
12832416
12845949
12848535
12851692
12854939
12856878
12858709
12865321
12867705
12869172
12874412
12877080
12880806
12884023
12892976
12894811
12895969
12897606
12899992
12905036
12906511
12906673
12911919
12914532
12915672
12917944
12922179
12923422
12932401
12936221
12936774
12940162
12947655
12951955
12957836
12964260
12966434
12981706
12984527
12985237
12986194
12987844
12995186
12995269
12997143
12997513
13003850
13006596
13011353
13013788
13016323
13019969
13048077
13048514
13049911
13056416
13059222
13066952
13074676
13076099
13080673
13083938
13085202
13088320
13091079
13091369
13091921
13097988
13108190
13112509
13119611
13120903
13122004
13127078
13129306
13132646
13134620
13138314
13144475
13144877
13149168
13149609
13150269
13151018
13159314
13161140
13162369
13169810
13171233
13175453
13179824
13181411
13184646
13187651
13192215
13192504
13195436
13197595
13198792
13208666
13217941
13218152
13222430
13223265
13234880
13242711
13245470
13246083
13251522
13252177
13255404
13255823
13257953
13261144
13267244
13272846
13273639
13276840
13291032
13304953
13320755
13322594
13329446
13337481
13340718
13340882
13345350
13346980
13348160
13349123
13354370
13355077
13366280
13370618
13370935
13372385
13375177
13380274
13383266
13385221
13387931
13388020
13390437
13393090
13405616
13405707
13406301
13410112
13414818
13426965
13443196
13444816
13451470
13463633
13468274
13468828
13469445
13470028
13470758
13480484
13483024
13486728
13488394
13494560
13501723
13504164
13506603
13525078
13525665
13526368
13533637
13536456
13538356
13541482
13541913
13549880
13554256
13555872
13557900
13560833
13566762
13568083
13568404
13570225
13571393
13572632
13575305
13588096
13591312
13596674
13635388
13638547
13642931
13643658
13644238
13645029
13645113
13649511
13653340
13653810
13654473
13654606
13656313
13658740
13658759
13667576
13669977
13674007
13675164
13682129
13689522
13700521
13702299
13703800
13706414
13710124
13718172
13732210
13732935
13734678
13744322
13758561
13767975
13775220
13780422
13781166
13783101
13788044
13795447
13798789
13801578
13809200
13809701
13812522
13818008
13824832
13837129
13840915
13848336
13854241
13866400
13869164
13879585
13879874
13886656
13896934
13900387
13904167
13911882
13912350
13914451
13926974
13928329
13932756
13939241
13939779
13952416
13953794
13955604
13959963
13961669
13971570
13975723
13979328
13981064
13984517
13985042
13985836
13997578
14026452
14032272
14039240
14042265
14092038
14097952
14100816
14101121
14111072
14124360
14147594
14162629
14165331
14166095
14168867
14174809
14181265
14196098
14205349
14208772
14213390
14221711
14222925
14225652
14228832
14232769
14239124
14240906
14243345
14246442
14256536
14263968
14269184
14274722
14274884
14287069
14289205
14290130
14294089
14295666
14298374
14301856
14305033
14309476
14311626
14328916
14391316
14393648
14422698
14424124
14444068
14446696
14456104
14456452
14461632
14467633
14470240
14493961
14518433
14533641
14553283
14558384
14558792
14568256
14578048
14594066
14598786
14617605
14619204
14695538
14703828
14708101
14710537
14711338
14718373
14719150
14729699
14737613
14748529
14749238
14765642
14766450
14770471
14779228
14781112
14790147
14793796
14795430
14800152
14814547
14820312
14823819
14826033
14830409
14847530
14849178
14856297
14856404
14857120
14857538
14862426
14866453
14868761
14877390
14879139
14885292
14890129
14899276
14902145
14906882
14915105
14918410
14920728
14926861
14943980
14953172
14955097
14959733
14980139
14981897
14985291
14988310
14992519
15000101
15000512
15001768
15010908
15018509
15020421
15025632
15025940
15028269
15029825
15034394
15040729
15040874
15043969
15045268
15049012
15073959
15074662
15081841
15094840
15096961
15100422
15106446
15106770
15108389
15110725
15124232
15140037
15144982
15152140
15159696
15209382
15211290
15211628
15214250
15222428
15237497
15241932
15250481
15254225
15254980
15263814
15265032
15273362
15273696
15273737
15276083
15279637
15281444
15290645
15291403
15294676
15304820
15312066
15314970
15329297
15341770
15342432
15344790
15346701
15348238
15352946
15354134
15358608
15368628
15368979
15369801
15370409
15393314
15401532
15401797
15402314
15413360
15417514
15466931
15468376
15471427
15477891
15479592
15489292
15497264
15502357
15510276
15516041
15521795
15532135
15532713
15538372
15540562
15549074
15602226
15616104
15619078
15622155
15729871
15730813
15733303
15734625
15736460
15737630
15738338
15739812
15743313
15745435
15747816
15748387
15750096
15754840
15757478
15763238
15767878
15771917
15780020
15781996
15789074
15792768
15798723
15803478
15804714
15809545
15813382
15819331
15821984
15827595
15829022
15831337
15835526
15836944
15839816
15841328
15845824
15847941
15851672
15863441
15865355
15869253
15870147
15875360
15876721
15889428
15893441
15896920
15901860
15913091
15925429
15926371
15928364
15930568
15933455
15936096
15941972
15943300
15943826
15951112
15993752
15996498
16000561
16003256
16011413
16014346
16020800
16024036
16031907
16032844
16042576
16057072
16061730
16073292
16074801
16090280
16094225
16122170
16122903
16124490
16126737
16128162
16129092
16131968
16132137
16134406
16142884
16171330
16173068
16220198
16226560
16258456
16261356
16270636
16271418
16274057
16277056
16283653
16286294
16286898
16288300
16289104
16290890
16292369
16296033
16302109
16305281
16306976
16319330
16319793
16324102
16329352
16384936
16386694
16394520
16404801
16425616
16425987
16453924
16470040
16482444
16499744
16515405
16519195
16520416
16523909
16524564
16531672
16532547
16533890
16539937
16544258
16583233
16590854
16613912
16625792
16678993
16682496
16711939
16736320
16793507
16801656
16805606
16807409
16808908
16821226
16830235
16837753
16852965
16857309
16858908
16880759
16882044
16882609
16889963
16894183
16895541
16897690
16899808
16903498
16905603
16934462
16938190
16945879
16946411
16947116
16950941
16951766
16954127
16956532
16958394
16959333
16968339
16984883
16987494
16988570
16989765
16995099
16996525
16997489
16998904
16999246
17000213
17005472
17012553
17013602
17017006
17026648
17028646
17046927
17060841
17063463
17074123
17076148
17080702
17082989
17083345
17090903
17092858
17093966
17097117
17103410
17104449
17107437
17110206
17112018
17114731
17116345
17121979
17122519
17125862
17126197
17135370
17148614
17150755
17153157
17162865
17163924
17166505
17174215
17174380
17177818
17180121
17189085
17196141
17197366
17198560
17200786
17201944
17208753
17209976
17215724
17217866
17227017
17232165
17250956
17257172
17258883
17261505
17269406
17272120
17272257
17278546
17278999
17286250
17290516
17320948
17330295
17332627
17343887
17348181
17350182
17352121
17352419
17354134
17355662
17363147
17364928
17365300
17368911
17370238
17371893
17377016
17377174
17377883
17379818
17386285
17390151
17395081
17399440
17409394
17413324
17417700
17424956
17428817
17435069
17438613
17439291
17441654
17446204
17451482
17451875
17453359
17456325
17457897
17468646
17471939
17473170
17480265
17484620
17493514
17502104
17505450
17508003
17515985
17517876
17527858
17531485
17541445
17543572
17544233
17549327
17555633
17556258
17569404
17571606
17574462
17575243
17576627
17576902
17579872
17581599
17587369
17591500
17592877
17603875
17607077
17608472
17609640
17615513
17647398
17648978
17650040
17654668
17655365
17659988
17662299
17665577
17668324
17668739
17673362
17680682
17682462
17698544
17713834
17715795
17720486
17721457
17727799
17732637
17745478
17745800
17748148
17752274
17754629
17760431
17766025
17767173
17769499
17772876
17773168
17782858
17795468
17831293
17835451
17836727
17837870
17839559
17844943
17847134
17847923
17849241
17852668
17859063
17864271
17871422
17872089
17873125
17878737
17880374
17884081
17885575
17889490
17890339
17892219
17894904
17902707
17906360
17909135
17912471
17913404
17914187
17917746
17919529
17923345
17928414
17929099
17934026
17934863
17935250
17942996
17945413
17946056
17953876
17955592
17957853
17963127
17964489
17970028
17970969
17972628
17975483
17979790
17982892
17984085
17992015
17996740
17998584
18001233
18004280
18009117
18009734
18012739
18014366
18015458
18027504
18028197
18031767
18031849
18033258
18039029
18039343
18041554
18045540
18046474
18050244
18058294
18067533
18068130
18071831
18073256
18084192
18088702
18095462
18098493
18099866
18106310
18109660
18113307
18114663
18117236
18117738
18120204
18124989
18127895
18128216
18133488
18134316
18137955
18138203
18140776
18143398
18150019
18155436
18156591
18161441
18162263
18167384
18167838
18167971
18178786
18179404
18180753
18187667
18189081
18192194
18205958
18207841
18221463
18221882
18224187
18224948
18229125
18229929
18234914
18239922
18246530
18249861
18253358
18268956
18270896
18277905
18286683
18291108
18297099
18302369
18302486
18304832
18317770
18321524
18321939
18325809
18328129
18328736
18329752
18334928
18335785
18347010
18351023
18353373
18356963
18359646
18362131
18363565
18370442
18373166
18374405
18379587
18381958
18384502
18384669
18388330
18393940
18396976
18398473
18401374
18401893
18404137
18406512
18418641
18422301
18430852
18432318
18433896
18435249
18437446
18442531
18444315
18444876
18451738
18452164
18452527
18455968
18461392
18473101
18482843
18485153
18485734
18488902
18492600
18493719
18503308
18506767
18507057
18510288
18522663
18523492
18530419
18542636
18550905
18555100
18561091
18567873
18570000
18580276
18580551
18580873
18581667
18583057
18592513
18594820
18598210
18600082
18606720
18617586
18620539
18620877
18621876
18623713
18631017
18632989
18633162
18639922
18642305
18646174
18648897
18651674
18669621
18670408
18671264
18680014
18682247
18685080
18688424
18710761
18713698
18716165
18718990
18719282
18727558
18731300
18733632
18735171
18738184
18749579
18749808
18752029
18758336
18760789
18768226
18776978
18778172
18778309
18780748
18781352
18782470
18785354
18797888
18801028
18806800
18809445
18810200
18815528
18818704
18819348
18822432
18825369
18825994
18826284
18832385
18878394
18881483
18887149
18890263
18892662
18897981
18899701
18902095
18904219
18905374
18909375
18913016
18916911
18919301
18921813
18923330
18925034
18930474
18930883
18934256
18937161
18945431
18946917
18948415
18952040
18953458
18961324
18964052
18966106
18966981
18970305
18971185
18976051
18976720
18977507
18981340
18985550
18988120
18990262
18996238
18997899
19003554
19006815
19013261
19017330
19019716
19024358
19026043
19027753
19029680
19030994
19033496
19036810
19041140
19043390
19045736
19046771
19052964
19054799
19055449
19059169
19066404
19067986
19072622
19074229
19077419
19083609
19084008
19088305
19089031
19098913
19101196
19101703
19104678
19109062
19111427
19115021
19120726
19124632
19126324
19126345
19140329
19141215
19147619
19150729
19151980
19155741
19158754
19159508
19164325
19165366
19167656
19170429
19170727
19174322
19176604
19179236
19180059
19184289
19186350
19193616
19196970
19198672
19203929
19204663
19204828
19211210
19216467
19217794
19221360
19222799
19226121
19228002
19231556
19235655
19237270
19240145
19241005
19244174
19244600
19255500
19256193
19262656
19270136
19272583
19273907
19280186
19283280
19285596
19285924
19291270
19292501
19295251
19301049
19302165
19303499
19310979
19311400
19320934
19321107
19330432
19333603
19335058
19335819
19346454
19351660
19354147
19360010
19360276
19361937
19367776
19372612
19374258
19383333
19408849
19409118
19411892
19414322
19418411
19420404
19422113
19425898
19426660
19429126
19433414
19434297
19434844
19438166
19444365
19455620
19456167
19456865
19459345
19461148
19466663
19468659
19469086
19470242
19473565
19479813
19481065
19484328
19490224
19492910
19495112
19497708
19499466
19501389
19502641
19506956
19518601
19518738
19522630
19523610
19531493
19534556
19537729
19538331
19538606
19540936
19548247
19549890
19559521
19560596
19562862
19568226
19568408
19572945
19573276
19579437
19580058
19593984
19595987
19600423
19600780
19603563
19611168
19613936
19614246
19620118
19630725
19636704
19640458
19645768
19664474
19667426
19667598
19669868
19676185
19677427
19678541
19685689
19691080
19691555
19694552
19694906
19702979
19703928
19706917
19707410
19708172
19716117
19726780
19730650
19735665
19736004
19739157
19744857
19745539
19749984
19762080
19762708
19771696
19776074
19792753
19796201
19800245
19802886
19803205
19803274
19810705
19811384
19813387
19827873
19829076
19841760
19849289
19858729
19862464
19863826
19882626
19899650
19900452
19911184
19938506
19946898
19951380
19953189
19953769
19958502
19958906
19975337
19976906
19980892
19992206
19997603
20001549
20003124
20007589
20021689
20024140
20030289
20034822
20043921
20046628
20050984
20055537
20064690
20066471
20071638
20079946
20090003
20097077
20099860
20104754
20105152
20107349
20108452
20113419
20119932
20121304
20123074
20128454
20141123
20143364
20146232
20153748
20158490
20165649
20173570
20190072
20191787
20192837
20194665
20202803
20221408
20221706
20224078
20227126
20229712
20238870
20239373
20242834
20257161
20257504
20260122
20261909
20262969
20268234
20269594
20273442
20283507
20284084
20285065
20295874
20300105
20317006
20317859
20320940
20327692
20329057
20339217
20346946
20349148
20349285
20355472
20357770
20365610
20385898
20400321
20403224
20406285
20453204
20453721
20464588
20472213
20476562
20480691
20482403
20486376
20491308
20495504
20496760
20502019
20515945
20518155
20525253
20525920
20526728
20531339
20535318
20537863
20550756
20554281
20556803
20562965
20583501
20584997
20588685
20591642
20595996
20602996
20603808
20605249
20611463
20611785
20614916
20615474
20619858
20644266
20644633
20646484
20648116
20661793
20710087
20713905
20722758
20726182
20727696
20736152
20737537
20744402
20751752
20754443
20768774
20775470
20775762
20776101
20777285
20799592
20843542
20851248
20857605
20862988
20975467
20978605
20984789
20986942
20989690
20995159
20996598
20999325
21001487
21002779
21010206
21011188
21013087
21016289
21018058
21025649
21028018
21030059
21031828
21034404
21035110
21038751
21044533
21048554
21051312
21056472
21057743
21059173
21060962
21062570
21065475
21068073
21071097
21073238
21076557
21082593
21082759
21087078
21087548
21098052
21099569
21100572
21106149
21108150
21113580
21116709
21118161
21121591
21124584
21126034
21130580
21131610
21134145
21137063
21137534
21137843
21144489
21151496
21154530
21156381
21158949
21161672
21164720
21171139
21173052
21174606
21181003
21184130
21185715
21186416
21191960
21193366
21195790
21201868
21203245
21210668
21214234
21219537
21221484
21227570
21228041
21229830
21243814
21244315
21246834
21249610
21250367
21253709
21255634
21257060
21260521
21262032
21263928
21269340
21271099
21271246
21272424
21275927
21282324
21283781
21286241
21292866
21297537
21300724
21303731
21307044
21307769
21308175
21310369
21317790
21319080
21324839
21329092
21330194
21332398
21337180
21337873
21340365
21343880
21347424
21350520
21350850
21357082
21367979
21371193
21371848
21373681
21380103
21381582
21382805
21389895
21394593
21395532
21398355
21401995
21406918
21407632
21409846
21416071
21416492
21421248
21431014
21438806
21441080
21441684
21441801
21449478
21449795
21451789
21464645
21468064
21469706
21487912
21498207
21501411
21505149
21507892
21510806
21511848
21514185
21518953
21519756
21523394
21526149
21532238
21532578
21533164
21537683
21541049
21544067
21546330
21552153
21553453
21559624
21564146
21566555
21569217
21570254
21576528
21578141
21578407
21581340
21582788
21589104
21591178
21595000
21599640
21601324
21605397
21610682
21615363
21616722
21616773
21628119
21628764
21631850
21636592
21637167
21641572
21643641
21646599
21650978
21654601
21655970
21660348
21662490
21665877
21668963
21669145
21680529
21680932
21687680
21692775
21694006
21695629
21703265
21703436
21713112
21713422
21722880
21726944
21731504
21733706
21742676
21759928
21760615
21761683
21764282
21770549
21781808
21782876
21783268
21786118
21787667
21791217
21795477
21795942
21800497
21812485
21812746
21816472
21817355
21824217
21828840
21829155
21833779
21834118
21839989
21841163
21854752
21858612
21865408
21868809
21874305
21889955
21890635
21898636
21899459
21902378
21902420
21903889
21911574
21924704
21924914
21934658
21938345
21957956
21959314
21971424
21979269
21992580
21997648
22006017
22007842
22024071
22026716
22031826
22031964
22032627
22034025
22034062
22038329
22041767
22042516
22042858
22042931
22045294
22047065
22047525
22059369
22062268
22063163
22066072
22071598
22077900
22089318
22091054
22095133
22096199
22103276
22111060
22125776
22135497
22138241
22143123
22154954
22156382
22158118
22160979
22164355
22171975
22184155
22185259
22188645
22191776
22195304
22201541
22203474
22205708
22209298
22219444
22219833
22221205
22231152
22245928
22251718
22259520
22264192
22270113
22270544
22288025
22295205
22299889
22301267
22303247
22307267
22315119
22318196
22322218
22324020
22326417
22330176
22332810
22338081
22339698
22348349
22351049
22354482
22361860
22362633
22365074
22370374
22376864
22421930
22425884
22433156
22439688
22458449
22484672
22487587
22497584
22497928
22504544
22517765
22520452
22548081
22551352
22555289
22562226
22562967
22565052
22582098
22583815
22585558
22603521
22606370
22610711
22611402
22616165
22622986
22623288
22636224
22636944
22638853
22648129
22648450
22653280
22659852
22662688
22675870
22677737
22688308
22692442
22695264
22697154
22700425
22701204
22702595
22718602
22746386
22776392
22791178
22807909
22809357
22813892
22820962
22824014
22843512
22848802
22849092
22858144
22868160
22917140
22921552
22939025
22945536
22948004
22948168
22958752
22973449
22974753
23004322
23027730
23072217
23075047
23080180
23080231
23081596
23082323
23082794
23086990
23090629
23090777
23091826
23091868
23094067
23095470
23096201
23105324
23108486
23112014
23119572
23119965
23122503
23141034
23144007
23144990
23146950
23153299
23159011
23171508
23173401
23192968
23196432
23203633
23205523
23209103
23210169
23217763
23224741
23232925
23233778
23239209
23245202
23246342
23258464
23259332
23261321
23272548
23274037
23282026
23284936
23289948
23303336
23303504
23308960
23314819
23318272
23334258
23335991
23337873
23340348
23343576
23351481
23363799
23366250
23376645
23383712
23385200
23388362
23389253
23390488
23396478
23401257
23404352
23408162
23413865
23415860
23417987
23421332
23464773
23465486
23476772
23491330
23529585
23537056
23541952
23548196
23548488
23562530
23577618
23598414
23606089
23610988
23611708
23613723
23617784
23627433
23632993
23640624
23643187
23659067
23662117
23666194
23667589
23669836
23673248
23676114
23681800
23695910
23700769
23701136
23710400
23720032
23724815
23727210
23730964
23737729
23738634
23740884
23746609
23753408
23799305
23834629
23838884
23864018
23867527
23872054
23874753
23881090
23889100
23895424
23898274
23898689
23909184
23956490
23958152
23991648
23995160
24004930
24005252
24012320
24020560
24043540
24057865
24060225
24118846
24120091
24121743
24123330
24124600
24125661
24127332
24127976
24132163
24133751
24136624
24137030
24138465
24143505
24146220
24152305
24155781
24159619
24162609
24170539
24173588
24180288
24188017
24191800
24200536
24201493
24203442
24206976
24213514
24216154
24219671
24221472
24223914
24224841
24232497
24233478
24234084
24240450
24244356
24249804
24255052
24258650
24267049
24269592
24275973
24279200
24281960
24289574
24290840
24300161
24314509
24315173
24316312
24317505
24319508
24320131
24324866
24330267
24333346
24334784
24384102
24389133
24389972
24394770
24398028
24404614
24407328
24413089
24417604
24429208
24430851
24445892
24446275
24450188
24455344
24480386
24487948
24510646
24512541
24514898
24518764
24519873
24523408
24525057
24529504
24531082
24535089
24544560
24548355
24608913
24621088
24644771
24646806
24651338
24652326
24657216
24658819
24671241
24674645
24675343
24677012
24678595
24680740
24681992
24683744
24684818
24686668
24695176
24707568
24709292
24717393
24728130
24773346
24777297
24782120
24793126
24822340
24823832
24846497
24847366
24871427
24874112
24903979
24905478
24907032
24909360
24911902
24914816
24920649
24921256
24922149
24929360
24973640
24989713
25002054
25027072
25067788
25073728
25100344
25117952
25171803
25175415
25176495
25177564
25179758
25184958
25187037
25188231
25188595
25193273
25199549
25206604
25209179
25210037
25216748
25220665
25223383
25225998
25228169
25229076
25231870
25235003
25238438
25241181
25242823
25244986
25251060
25254300
25255114
25260742
25263148
25270053
25272954
25273111
25273705
25276194
25283017
25283410
25284699
25285236
25292037
25293922
25297775
25302686
25309597
25310771
25312042
25317027
25318733
25321955
25323630
25328165
25328902
25334075
25336847
25337016
25337425
25342817
25343320
25347014
25347607
25350032
25352492
25358502
25363675
25364365
25368404
25373108
25373385
25376193
25377874
25381405
25381770
25383378
25386753
25396285
25398978
25401493
25420043
25420496
25421216
25428951
25431921
25440007
25442737
25445502
25448623
25449881
25451094
25454021
25456018
25462264
25464094
25468354
25469583
25474705
25475101
25475366
25486244
25486936
25487523
25496291
25499803
25508072
25510237
25511888
25513251
25515596
25520454
25522199
25522840
25528892
25530478
25533489
25536880
25563382
25563709
25568948
25569162
25569438
25569509
25578089
25580234
25581168
25589257
25589968
25592935
25594067
25597636
25611340
25618824
25627733
25628328
25628958
25632096
25637537
25649210
25658162
25661188
25662602
25665628
25665925
25673900
25678152
25680512
25682438
25685008
25690875
25697039
25697906
25703384
25703635
25705577
25708855
25712764
25716088
25717387
25725039
25725397
25728279
25728457
25732330
25733554
25738628
25743717
25744178
25749732
25753642
25756855
25759202
25760620
25763468
25767217
25768015
25777336
25781278
25781571
25784929
25794614
25795393
25796763
25803424
25806347
25813828
25823838
25828072
25830321
25833027
25835857
25840667
25840812
25844358
25845821
25847588
25855388
25870553
25872801
25879683
25881136
25895310
25896776
25903879
25915672
25919717
25921817
25922090
25924248
25924912
25925708
25929236
25941568
25944168
25950209
25957605
25957802
25961519
25962290
25963412
25969054
25969451
25971365
25975688
25975956
25980456
25987607
25991528
25997398
26002573
26002786
26005184
26022675
26026553
26032646
26038946
26040513
26051466
26052177
26057104
26059937
26060873
26064192
26066995
26067156
26068248
26074114
26084806
26086669
26096036
26096154
26099791
26101168
26112832
26116724
26120327
26120969
26124611
26126978
26127648
26128433
26134049
26134802
26145796
26149321
26150002
26150414
26151206
26152067
26161346
26164232
26167876
26169381
26175648
26230324
26238053
26242249
26244490
26245906
26252241
26253718
26254986
26257234
26264903
26285769
26286675
26297080
26304619
26313390
26317155
26326540
26329452
26339377
26340482
26348460
26349333
26365234
26366644
26370713
26381524
26382176
26384924
26387725
26390145
26398861
26399770
26402917
26411431
26413894
26422552
26426401
26428241
26432646
26446373
26453104
26456086
26470412
26479804
26485222
26489050
26491209
26495402
26515570
26516384
26518613
26520587
26521875
26527284
26527893
26532164
26545938
26547286
26554922
26555328
26555568
26560566
26564621
26566798
26575260
26575557
26576170
26577482
26600208
26607987
26610392
26616515
26621004
26630179
26637584
26640809
26641159
26641586
26653220
26657362
26679048
26681746
26684422
26690571
26740579
26749285
26751278
26756653
26764884
26772188
26772902
26775992
26782808
26784642
26794115
26802692
26809882
26810762
26814522
26817557
26821721
26829280
26829577
26831426
26840077
26847617
26853578
26859544
26872871
26880267
26882249
26887557
26887904
26890763
26891560
26896406
26903097
26903370
26908769
26910900
26919252
26935406
26935986
26938568
26939717
26944133
27001689
27002545
27004516
27009708
27022854
27024456
27027729
27038484
27052578
27055121
27058202
27066579
27066740
27069065
27070761
27084162
27133033
27138069
27145219
27152580
27266286
27269753
27274853
27274905
27276071
27276476
27277202
27280851
27284713
27284782
27285831
27286324
27288476
27290058
27290195
27301043
27308458
27313955
27314823
27316382
27320934
27332483
27335121
27338931
27346277
27346991
27349305
27363146
27369000
27376388
27379228
27401042
27403577
27404567
27406577
27412828
27419256
27427614
27430665
27434260
27435465
27438115
27441856
27444340
27449730
27452165
27461754
27464389
27465870
27485378
27488644
27497233
27501892
27502216
27511136
27521568
27529100
27530588
27534427
27535950
27543352
27550409
27558299
27561522
27564421
27571400
27572370
27574501
27580940
27586912
27590863
27592308
27597578
27603156
27604241
27616928
27617377
27619402
27663905
27673266
27675746
27680807
27727012
27727426
27732800
27738328
27741568
27766793
27771457
27791028
27792925
27793868
27797127
27799782
27808334
27828596
27832409
27839592
27845840
27852925
27855666
27865481
27869845
27873088
27874852
27877490
27878441
27879558
27886691
27892928
27896104
27896400
27906464
27918903
27923338
27925920
27930384
27931177
27936298
27938309
27939928
27943109
28019730
28021058
28051881
28052755
28064513
28078480
28087968
28090758
28100784
28100929
28108544
28149028
28172293
28183084
28190400
28194912
28201250
28201601
28219402
28221608
28248720
28263444
28312989
28313815
28315774
28317412
28319025
28320315
28321736
28322672
28326534
28328719
28330465
28331596
28332962
28337315
28340568
28349324
28353690
28355145
28359685
28363320
28369068
28372288
28380454
28382253
28386964
28387724
28393024
28393702
28406802
28410198
28411084
28413009
28415361
28418077
28420320
28426898
28427568
28428554
28435969
28445475
28447914
28451942
28455235
28463382
28466185
28472960
28475874
28481096
28491953
28493894
28508747
28509214
28510377
28512806
28514632
28515472
28518176
28518469
28520984
28528752
28579587
28582353
28591697
28592203
28594469
28597408
28604436
28607208
28608070
28611640
28616993
28640097
28641592
28649987
28660356
28676688
28692483
28705429
28708879
28710336
28713268
28714514
28721539
28722316
28723976
28729924
28733480
28739748
28747800
28803596
28827776
28837496
28842648
28846613
28854610
28856529
28863498
28866848
28868909
28870683
28873285
28877592
28878370
28881057
28883010
28887936
28889140
28893443
28902308
28906115
28910928
28922124
28967888
28975436
28976273
28985506
29001025
29004806
29049480
29050897
29065304
29071872
29098170
29099338
29100145
29101698
29103241
29104166
29108420
29114391
29117700
29119072
29172002
29172748
29196561
29213760
29261859
29274368
29294726
29297696
29375881
29384458
29388338
29389940
29391045
29396281
29401964
29405749
29407826
29411700
29427654
29436746
29438300
29443482
29451913
29459155
29459875
29467064
29480076
29482512
29485123
29496035
29497453
29501125
29509198
29529890
29530592
29530885
29533707
29535254
29536327
29541769
29542443
29547080
29557433
29558124
29561201
29568529
29569252
29579302
29587592
29593801
29608324
29611011
29614101
29628082
29629063
29639601
29647638
29651043
29658309
29660685
29667732
29668064
29668106
29668641
29673741
29677594
29679676
29693077
29694068
29698325
29701131
29705747
29712594
29713248
29715076
29721127
29721417
29722802
29725010
29738084
29753788
29758278
29766808
29770584
29780227
29781028
29786233
29786794
29787476
29788820
29810881
29821978
29829218
29835828
29841425
29886968
29887691
29904657
29905321
29909171
29918023
29919921
29926054
29931032
29939974
29946945
29953294
29960278
29962802
29967466
29967557
29968288
29970582
29971792
29976589
29984530
29988875
29996038
30003752
30018676
30019113
30019520
30021785
30024794
30026914
30036026
30037013
30040842
30048462
30048626
30049573
30060936
30065285
30081427
30081748
30087938
30089513
30097993
30146926
30149324
30157905
30162178
30163651
30168108
30184656
30187621
30190604
30196758
30212517
30212892
30215728
30216778
30220458
30280074
30287617
30289933
30304280
30409851
30411311
30413597
30414760
30416195
30417303
30418672
30419905
30423212
30425310
30428002
30428824
30429668
30434598
30437969
30446790
30450275
30459523
30460438
30462282
30465312
30472201
30476177
30480561
30484619
30493253
30495267
30501908
30505280
30507317
30508628
30509827
30510244
30512178
30513420
30517800
30523407
30526536
30528384
30544120
30549045
30550674
30555146
30558609
30564664
30568000
30573488
30574220
30577937
30583106
30605658
30607383
30610058
30613713
30614916
30617890
30620164
30623968
30626057
30629958
30674252
30676250
30680233
30681208
30686848
30688044
30700549
30704578
30706001
30713990
30724264
30736872
30740646
30746177
30756952
30777668
30778392
30802509
30803512
30805507
30807138
30810139
30812960
30818469
30819649
30820436
30827650
30839425
30855174
30900291
30918144
30935494
30938420
30942988
30945862
30953549
30956562
30962848
30965931
30969886
30971488
30974281
30975109
30982246
30983224
30984400
30990984
30994704
30999265
31007320
31007779
31017252
31064932
31069840
31080739
31083020
31099176
31107089
31131202
31134732
31162630
31174720
31195798
31196189
31197490
31199628
31201872
31202337
31204800
31205898
31207569
31216385
31277232
31279107
31293484
31296768
31359128
31383584
31392273
31398016
31459095
31459742
31461595
31462896
31465030
31465583
31467425
31468258
31471928
31474237
31476676
31476913
31478632
31483212
31486595
31493720
31495253
31499570
31501073
31505568
31506904
31519754
31525484
31528265
31532248
31535756
31543834
31546373
31552800
31555757
31556635
31557957
31559800
31562369
31563010
31565408
31565972
31567907
31576258
31594028
31597446
31605926
31606925
31609428
31612224
31619090
31621860
31623747
31631404
31641904
31654198
31658013
31659904
31662674
31663146
31671052
31671569
31672865
31678640
31682625
31720675
31725859
31729718
31738506
31740294
31747081
31750720
31753072
31756588
31762050
31773201
31785890
31793809
31794438
31803720
31834401
31836166
31850827
31852169
31852742
31853864
31855877
31856728
31861136
31866910
31870480
31871200
31892040
31892497
31949080
31951936
31986481
31991051
31991973
31996948
32000099
32006481
32009856
32015002
32015761
32017542
32020228
32022551
32025024
32031018
32032322
32033289
32039972
32048072
32052385
32063814
32065688
32113121
32113848
32117827
32123460
32149666
32165900
32180560
32188419
32210993
32235776
32244309
32245775
32247988
32252451
32253032
32256324
32258184
32262944
32264274
32268812
32310916
32314392
32342147
32348192
32408070
32425088
32440396
32453120
32542088
32578320
32589352
32655106
32674322
32686153
32774337
32792968
32803333
32817428
32835666
32841765
33055280
33099818
33104018
33165445
33599079
33601326
33609628
33610201
33614067
33632057
33634195
33641927
33642734
33647228
33660025
33664916
33666505
33667470
33672967
33674482
33675877
33678556
33680170
33681971
33697678
33699292
33707257
33708659
33712935
33724109
33726296
33727926
33729355
33732966
33737397
33738435
33739130
33744556
33747377
33758766
33762757
33764586
33765587
33770905
33773172
33774377
33776743
33778578
33780508
33787116
33787477
33790285
33790851
33791664
33795211
33796395
33796728
33797206
33798852
33801878
33802033
33803682
33805357
33806874
33808570
33808838
33809768
33810709
33813313
33828307
33830119
33838702
33839932
33844121
33855318
33856876
33859243
33859957
33864099
33868506
33869649
33870253
33875654
33878712
33887595
33889702
33892053
33892794
33897137
33901389
33901944
33903286
33908547
33911500
33916348
33917607
33919705
33920206
33923918
33924487
33925907
33926729
33928498
33931635
33933881
33935484
33937029
33937738
33941684
33955603
33959145
33961586
33962108
33967310
33969957
33971082
33973817
33974740
33976711
33981817
33982894
33985203
33986108
33989340
33989742
33990855
33992338
33994053
33997639
33999251
34001689
34002090
34003540
34007337
34016557
34016867
34019499
34019800
34021188
34024538
34026138
34026278
34026549
34027873
34030933
34031500
34033360
34035211
34035990
34038001
34038358
34039458
34039949
34042280
34090236
34092665
34101043
34102151
34105806
34118855
34123570
34125701
34126617
34131516
34133450
34134260
34137491
34138729
34140270
34149813
34152099
34154330
34155181
34159320
34163062
34164140
34165451
34170225
34173766
34180278
34180561
34183829
34183980
34184546
34188557
34189539
34189901
34190490
34191792
34194746
34195046
34197320
34198613
34199595
34201931
34202520
34203329
34204182
34206372
34215610
34217681
34219373
34220758
34224972
34228651
34229926
34231125
34235832
34238819
34244435
34244988
34247079
34248089
34251449
34252572
34253358
34253989
34256458
34259662
34261095
34263251
34264372
34265737
34269522
34277063
34278233
34279790
34280563
34283955
34284761
34285980
34286890
34289300
34292412
34294542
34296359
34297161
34298034
34302533
34348444
34352746
34354996
34355751
34360435
34363273
34363858
34367246
34367717
34369753
34377050
34377606
34380086
34380401
34381512
34385429
34386101
34386380
34387211
34388802
34391288
34391627
34393761
34395286
34396237
34398861
34399011
34399652
34400314
34402672
34408110
34409171
34411356
34412295
34414951
34416179
34416761
34418004
34419881
34423225
34425052
34427278
34428498
34429221
34433674
34475659
34475832
34478310
34478682
34479521
34483254
34484566
34485137
34485773
34486952
34489517
34489795
34491748
34493722
34494613
34496821
34497132
34498384
34498635
34501314
34611098
34617803
34623286
34629237
34631917
34640636
34644893
34647326
34649042
34650984
34651588
34653882
34655180
34656967
34658659
34662218
34666645
34669822
34675117
34676421
34679526
34681935
34685870
34686697
34687667
34695108
34696017
34696250
34698850
34706971
34724560
34728007
34731300
34736615
34738991
34741172
34741986
34744227
34744761
34746072
34749709
34756119
34758529
34759030
34763442
34774094
34780772
34784527
34794608
34811411
34820253
34823490
34826920
34834309
34834838
34841004
34843164
34846344
34849363
34863138
34869067
34870769
34874227
34874748
34879148
34882007
34885033
34887835
34890218
34894753
34894934
34896112
34901149
34912313
34922018
34925360
34936919
34946824
34953090
34959879
34964086
34969646
34972609
34979998
34983136
34989069
34990466
35007908
35009689
35014718
35027521
35029237
35032147
35034024
35037463
35043088
35055040
35057675
35063142
35064473
35066098
35070059
35071118
35083428
35089665
35096258
35096843
35103064
35103269
35108993
35129305
35129979
35131237
35133262
35140309
35142004
35147248
35148664
35149222
35151371
35153981
35155752
35169367
35175592
35182401
35182862
35204552
35205182
35218716
35223937
35228344
35230023
35234410
35237456
35242541
35244121
35249284
35277971
35281121
35283483
35288260
35291597
35294050
35295773
35305498
35308700
35314212
35320704
35324811
35325680
35325999
35331094
35335265
35339040
35348743
35358922
35359025
35365700
35373110
35376642
35399951
35403106
35411004
35417744
35423534
35424724
35426522
35439313
35442963
35449153
35452424
35455802
35456091
35462752
35467801
35471844
35474453
35476680
35490152
35491981
35504291
35504916
35516484
35522325
35525443
35525671
35528892
35535952
35537705
35543330
35554842
35557481
35558022
35560712
35570096
35587474
35587660
35590817
35594325
35611696
35659373
35666741
35671275
35677658
35681174
35687347
35688695
35691242
35692481
35694321
35695292
35696460
35699766
35705947
35708528
35709355
35713737
35720565
35723192
35725817
35726766
35731142
35734331
35737268
35740189
35742629
35746544
35747083
35748744
35761826
35763740
35768463
35780944
35784572
35785181
35786226
35788135
35795802
35797418
35803048
35803628
35804835
35806293
35809438
35810532
35835417
35838864
35840093
35845890
35858487
35861921
35869838
35876424
35882106
35885425
35886227
35889806
35896584
35897588
35903649
35918798
35922558
35925039
35926889
35928548
35929890
35931853
35933030
35935059
35936689
35939685
35944986
35953927
35960258
35963959
35974536
35982878
35993756
36003009
36006120
36012954
36015385
36016868
36020283
36025448
36038432
36040725
36054299
36060804
36066672
36067367
36078390
36080097
36081758
36091917
36095502
36100290
36106848
36111527
36113194
36115213
36127576
36130873
36137264
36140100
36144205
36147604
36147779
36150308
36160168
36177807
36182710
36183890
36187075
36189463
36192999
36194260
36195033
36202338
36202872
36203661
36206017
36219993
36229662
36232481
36235972
36247835
36256868
36263521
36270163
36275619
36276828
36279177
36282773
36283911
36296322
36301872
36319012
36319375
36332590
36338224
36340341
36341704
36341911
36346891
36351376
36354272
36364339
36372717
36373789
36380096
36384860
36389794
36391962
36394756
36406598
36406825
36410064
36413722
36430984
36443229
36461384
36464915
36467874
36472434
36473387
36479654
36481102
36484676
36487513
36501633
36504011
36509831
36512624
36520463
36523904
36529174
36530721
36538177
36538421
36544722
36544812
36551184
36571852
36573491
36577733
36580680
36585686
36587804
36593154
36604088
36604677
36610402
36618379
36621377
36637092
36639254
36651114
36651665
36663554
36705910
36707548
36709837
36711226
36714611
36718837
36720007
36721547
36726553
36729390
36734667
36737341
36761093
36761754
36770485
36781202
36782430
36785197
36805193
36805382
36808881
36810956
36816273
36816468
36819110
36823608
36833871
36845846
36848058
36860969
36867412
36869514
36873414
36874348
36876468
36881249
36882986
36886547
36900236
36903032
36903562
36906296
36914726
36915491
36921539
36922004
36929753
36930226
36933408
36941831
36964717
36971159
36986132
36987979
36997028
37000969
37001394
37005513
37008398
37013624
37016113
37020242
37030864
37033507
37037830
37038469
37040714
37045546
37048421
37054489
37062088
37082178
37089920
37096618
37097009
37098828
37099907
37103953
37105766
37118117
37118732
37140768
37143426
37152912
37159337
37159484
37171648
37176339
37210180
37225659
37232149
37233494
37255242
37261080
37262988
37263569
37269833
37270051
37274732
37274962
37276291
37293705
37294562
37299764
37301004
37308824
37310676
37311495
37314857
37323461
37323539
37325838
37347552
37360835
37361989
37364456
37364850
37366812
37373573
37374738
37376401
37396032
37397296
37401860
37425764
37440672
37444097
37474568
37489862
37489970
37496408
37499173
37499288
37504771
37507654
37511281
37519463
37520202
37526400
37543964
37554401
37563432
37578048
37590064
37618036
37618062
37623833
37635680
37659777
37693954
37756374
37763322
37769109
37775149
37778027
37783022
37784382
37785513
37787059
37794157
37796517
37801700
37802918
37803729
37805338
37808655
37810050
37819239
37822927
37825687
37827060
37829538
37829857
37832534
37833187
37835129
37837496
37840306
37845069
37856317
37862978
37868968
37869715
37881463
37886667
37887337
37890929
37893179
37897171
37898090
37899100
37905889
37906860
37907990
37910320
37924066
37925399
37938311
37943496
37950750
37968228
37972025
37975681
37980998
37982393
37987122
37989668
37995275
37996590
38001729
38013689
38015899
38017989
38018928
38021080
38021838
38022502
38026379
38032669
38034888
38036149
38040404
38063196
38066792
38068510
38073441
38083635
38090529
38093979
38104612
38109419
38112176
38113551
38123542
38126663
38132481
38138304
38153500
38162511
38165680
38169410
38175194
38176612
38177307
38181909
38186536
38189952
38199449
38208969
38209749
38216387
38217991
38221122
38224188
38238736
38242418
38242956
38248865
38257173
38259984
38276538
38278892
38282172
38282919
38287171
38289661
38293194
38295646
38298354
38302664
38302773
38304356
38316187
38319792
38327815
38333764
38341711
38353422
38362896
38366084
38373011
38373605
38375542
38388076
38391964
38398120
38401282
38410301
38419842
38426064
38433049
38437782
38437950
38444832
38449422
38453985
38456333
38458466
38470453
38476307
38478312
38486103
38489696
38495243
38496464
38505122
38506571
38519173
38519384
38531105
38547137
38548558
38554135
38566184
38569357
38572472
38573593
38576711
38583332
38585226
38591120
38601325
38603836
38605762
38609053
38614404
38626528
38629402
38634774
38637905
38638122
38640770
38650564
38667953
38668622
38670964
38675002
38675539
38688321
38694024
38700244
38700323
38703944
38707245
38725124
38733168
38733978
38740134
38740745
38746184
38801107
38803822
38809268
38810297
38811050
38815164
38819173
38820690
38822727
38824649
38832374
38837308
38845713
38846587
38865693
38871851
38891790
38892632
38897520
38906188
38906499
38908677
38915094
38916298
38916660
38920585
38929877
38936798
38947911
38952460
38961835
38964632
38967889
38970953
38971690
38973763
38980242
38981972
38984096
38986278
38997108
38998984
39003313
39003718
39008267
39011538
39012746
39012901
39029185
39054080
39061039
39064186
39074323
39090310
39093069
39097674
39098563
39101618
39104806
39106240
39110424
39110949
39113353
39116972
39125429
39128451
39130772
39134533
39135401
39137388
39142993
39144010
39150232
39151968
39158214
39164996
39169034
39195960
39196291
39197225
39200869
39201170
39203594
39207652
39216149
39224209
39242881
39244818
39264880
39267520
39306280
39326103
39338893
39347353
39349283
39357546
39359689
39360276
39361074
39363041
39373112
39373382
39383053
39387862
39390502
39392553
39393484
39397714
39404867
39405748
39408197
39409312
39412273
39437090
39442528
39453050
39455916
39458386
39459480
39462196
39463557
39464768
39465073
39470854
39473322
39486252
39511304
39512084
39518819
39531525
39547394
39563408
39586722
39590938
39593065
39593746
39601349
39604401
39604556
39608724
39620836
39638400
39649528
39663664
39671817
39685633
39716744
39728672
39772226
39786756
39851467
39853838
39855926
39856365
39860633
39865242
39865907
39866997
39871612
39874759
39881047
39893035
39895725
39908500
39913910
39920219
39935018
39937301
39947480
39947909
39949606
39950897
39954744
39956867
39968870
39969426
39978653
39984218
39985515
40007941
40015633
40016178
40018884
40019337
40021006
40027730
40028265
40030776
40045737
40046339
40052044
40054962
40055340
40060017
40063299
40067480
40075690
40075815
40081436
40093120
40109909
40112318
40135762
40137229
40144170
40146469
40150787
40151430
40153738
40157680
40159429
40163353
40175330
40178804
40180361
40184596
40186887
40192396
40194264
40198473
40220832
40223329
40233480
40242284
40244806
40246040
40251601
40251700
40256809
40256902
40258129
40279360
40280296
40285218
40304997
40305043
40311392
40329230
40347152
40375002
40386057
40386863
40389782
40406566
40409484
40409669
40412332
40420547
40421553
40428106
40428305
40438632
40441041
40445027
40446514
40448325
40453285
40456594
40462364
40468686
40469172
40481568
40485913
40504916
40506273
40510666
40511590
40520236
40522506
40522771
40526004
40538562
40554112
40556624
40569744
40578180
40592672
40609857
40638563
40638804
40643224
40645382
40650058
40650296
40653443
40657100
40665801
40665884
40668384
40677395
40699684
40719617
40727104
40749314
40763513
40764242
40766471
40788864
40816676
40834184
40895859
40897198
40898168
40899417
40901411
40903079
40905813
40906028
40907660
40908102
40908314
40911580
40912102
40916109
40916547
40917046
40917649
40919505
40921272
40921355
40928918
40931138
40931407
40938384
40946826
40950536
40956065
40964267
40969448
40972993
40974373
40976919
40979760
40986820
40993388
41000320
41011872
41018371
41027739
41031460
41037346
41040200
41042229
41043632
41051410
41059098
41063010
41091974
41098257
41101728
41119840
41124109
41145856
41159002
41163176
41163849
41164861
41170305
41177538
41182788
41189771
41198376
41222349
41239425
41256979
41259360
41264260
41267209
41287907
41297248
41307904
41316376
41321500
41323200
41326602
41341185
41353302
41375872
41394434
41420062
41426562
41427533
41437793
41440368
41443684
41447956
41451992
41465862
41472704
41477664
41484405
41485764
41517114
41530432
41550390
41552112
41584032
41585682
41593352
41598983
41620514
41623577
41632576
41632788
41650212
41681713
41686848
41695424
41700364
41713813
41725184
41750542
41755296
41764944
41771013
41795720
41812491
41838624
41849360
41878593
41951019
41958285
41963130
41968886
41972181
41977307
41982805
41983412
41986552
41989277
41993081
41993701
41994606
42002352
42003110
42003531
42005736
42011612
42013309
42015602
42016232
42018668
42019655
42020259
42024469
42030142
42032932
42033882
42037610
42052654
42062103
42065544
42068321
42077869
42080198
42083054
42084051
42087793
42091422
42094405
42096911
42099657
42103652
42103962
42105282
42113182
42122785
42129192
42135612
42151760
42153223
42158171
42170532
42174168
42174759
42176970
42180813
42181913
42194256
42200580
42207143
42207471
42209012
42211001
42217910
42220242
42225602
42226403
42227544
42228781
42231895
42233441
42250113
42250331
42264083
42269444
42290446
42293700
42295343
42300816
42304301
42304994
42305629
42310682
42314948
42318432
42328604
42347037
42350280
42357843
42364194
42369643
42370191
42376416
42381351
42386384
42388502
42390913
42403382
42406572
42407004
42410323
42417282
42418789
42424904
42435761
42436362
42439012
42442902
42460226
42471923
42476343
42479131
42480554
42482401
42483600
42485099
42486705
42488252
42490572
42493609
42498326
42505263
42523042
42526876
42530384
42540185
42546416
42550813
42560706
42567476
42568474
42574673
42575923
42579233
42582190
42596424
42601751
42612807
42622056
42625634
42631418
42637401
42640292
42647835
42651072
42656789
42658568
42664406
42667150
42668897
42672670
42677794
42690432
42692621
42698152
42699277
42705012
42705539
42711300
42738846
42745153
42751652
42752537
42764643
42767004
42770665
42773666
42778741
42780807
42786064
42795925
42797800
42799159
42809355
42812691
42817648
42824480
42830217
42830406
42836656
42844250
42847272
42862169
42863506
42865035
42877350
42881550
42887812
42890273
42896065
42897685
42910028
42910258
42922128
42927147
42930373
42930488
42933761
42943298
42995118
42998489
43003250
43004263
43005769
43009875
43013844
43014826
43016892
43018661
43026999
43033197
43053593
43054211
43059094
43065755
43076764
43080753
43093202
43094945
43099320
43099462
43104269
43107722
43108468
43109129
43123837
43127019
43137070
43153688
43156310
43159308
43160882
43165332
43166021
43167953
43173030
43174057
43180323
43182784
43193644
43193923
43194469
43198676
43199242
43201065
43205104
43213846
43229410
43232640
43258654
43270965
43279623
43281484
43286970
43290200
43292229
43293073
43297418
43304588
43305298
43307188
43308384
43311206
43320011
43322705
43324586
43325731
43329106
43329844
43331232
43331782
43337272
43340105
43352300
43365396
43380776
43387752
43392011
43394245
43394602
43402644
43405638
43405969
43410194
43418051
43432002
43440133
43452193
43463776
43489808
43518426
43523155
43531782
43532495
43550434
43559212
43559569
43561524
43568154
43569266
43569545
43574021
43581805
43585283
43587750
43590821
43592265
43594380
43600170
43602578
43604800
43606136
43617156
43641376
43647669
43652745
43653516
43656522
43659864
43660704
43664931
43666004
43667749
43671889
43680664
43687056
43691017
43713318
43732228
43734026
43762753
43781321
43783557
43783730
43784298
43787204
43796664
43797059
43806741
43827816
43833536
43844209
43869697
43870226
43888898
43913680
43931392
43944996
43999368
44044121
44046759
44052170
44053212
44054181
44058286
44062130
44063081
44065139
44067668
44074810
44081935
44092691
44096582
44106967
44110285
44120153
44136963
44143788
44144209
44144852
44149138
44149289
44150885
44155842
44164122
44175931
44188278
44197404
44199057
44204461
44207750
44209481
44210764
44213418
44214866
44215648
44216728
44221539
44225157
44239585
44243981
44246121
44246420
44254994
44257574
44257944
44261930
44271204
44283072
44305291
44309646
44317752
44319133
44335829
44338732
44341592
44344660
44345509
44347697
44354121
44355882
44358304
44359875
44368246
44373285
44374801
44377737
44380323
44382016
44385388
44386482
44388948
44393094
44401272
44420624
44422153
44436869
44438634
44439316
44439753
44442544
44452012
44452163
44462102
44466406
44491812
44492810
44503938
44520992
44556545
44566654
44572917
44593191
44594444
44600714
44602212
44606787
44607128
44611605
44615433
44615890
44616229
44630714
44633649
44635722
44639538
44640916
44642694
44647768
44648773
44655180
44657056
44671432
44674816
44696395
44698787
44700852
44702470
44706089
44713265
44714634
44716370
44717760
44720344
44728785
44741650
44757057
44761996
44775560
44783636
44800034
44828136
44837158
44837457
44839026
44846091
44847306
44847877
44851764
44862256
44886112
44892963
44899586
44903429
44942468
44974305
44980608
45003272
45026384
45094234
45096292
45096329
45098293
45099179
45103301
45103792
45107862
45108929
45109002
45109837
45114792
45114930
45117556
45118274
45121998
45129850
45135744
45136131
45136968
45138672
45144092
45154919
45156109
45157288
45176032
45179985
45180942
45184516
45187740
45188150
45196066
45220755
45224150
45227544
45228516
45231111
45243168
45243522
45254937
45257749
45259200
45285550
45286849
45289739
45318984
45320325
45327372
45346832
45351161
45352802
45364243
45367851
45377984
45379724
45381665
45387911
45393942
45396192
45424732
45436954
45441632
45449541
45455496
45457937
45467936
45482279
45486704
45498453
45515401
45518082
45518892
45524544
45548228
45552646
45555762
45566984
45613884
45615509
45618113
45624928
45632550
45634585
45640976
45646425
45648100
45654157
45687819
45695027
45696800
45711728
45718529
45721624
45728266
45745678
45748096
45762573
45777194
45779011
45794832
45797536
45810258
45810840
45820224
45834276
45875539
45877786
45892488
45908385
45912148
45926417
45933570
45940916
45946496
45953089
45957382
46006946
46007561
46020612
46026755
46143285
46144615
46146795
46148502
46152252
46156397
46157017
46158298
46163342
46166803
46171742
46177549
46178741
46200882
46204282
46207631
46230793
46231638
46239110
46241091
46241900
46248106
46248728
46253236
46253603
46254424
46273357
46283860
46284983
46288395
46304586
46306032
46311173
46311811
46319814
46321765
46322713
46326410
46340394
46340497
46344780
46346339
46351564
46351653
46355025
46359302
46367081
46367132
46369811
46391904
46401851
46413973
46416598
46429706
46437496
46438569
46441314
46442036
46443527
46449993
46451092
46452940
46468261
46470354
46474353
46475811
46477893
46482344
46484242
46487580
46505248
46506884
46511233
46533827
46537042
46537254
46540422
46548753
46549656
46555256
46555461
46568225
46583360
46586120
46596206
46596948
46600064
46608409
46649474
46664363
46670173
46685317
46687290
46697585
46698132
46703910
46706886
46707337
46712216
46715185
46719532
46729153
46732682
46733908
46737514
46740499
46746150
46748428
46752052
46760370
46760505
46766528
46784519
46795236
46798616
46802321
46803145
46805298
46810770
46813737
46819342
46828136
46837250
46851232
46859490
46879792
46887232
46896644
46927442
46927628
46929059
46930136
46934188
46936625
46948739
46948937
46956755
46957221
46962702
46974752
47004288
47006160
47016004
47031368
47055562
47055623
47067360
47072284
47098128
47138849
47191222
47193290
47193761
47195789
47196762
47200361
47201092
47204693
47205736
47205778
47206699
47212226
47212308
47215024
47215141
47219591
47220941
47223272
47230752
47238673
47240206
47246468
47251699
47260214
47265216
47265944
47266850
47268708
47273991
47284526
47286881
47292491
47317817
47318411
47320002
47339104
47342636
47343635
47346945
47359002
47366684
47368064
47382855
47384085
47391632
47415972
47422472
47425542
47431954
47448540
47452277
47455494
47456993
47459353
47471488
47471696
47482131
47484352
47499275
47515790
47518733
47519968
47547026
47548472
47564036
47567424
47579731
47580392
47583386
47612212
47612998
47622304
47636993
47645090
47646793
47653891
47673348
47710830
47712176
47723548
47727386
47737056
47738947
47741448
47743164
47745302
47759810
47779929
47786005
47788640
47809224
47812645
47826956
47834128
47849511
47861782
47866656
47874629
47879488
47886376
47890577
47906985
47913026
47915276
47925888
47973017
47977252
47988781
48005968
48006282
48019457
48025624
48038218
48041104
48042499
48047392
48103777
48108561
48112148
48122882
48235961
48237255
48238028
48238972
48240881
48243379
48245926
48246042
48247398
48247885
48248099
48251726
48252803
48256337
48256534
48257163
48257624
48259896
48261173
48261772
48269853
48272610
48278721
48281892
48283834
48285384
48292905
48302381
48306852
48307476
48308382
48313904
48321313
48325954
48333713
48342432
48352352
48361484
48366639
48373313
48374102
48384464
48387464
48390562
48394314
48398539
48401288
48431352
48436576
48446208
48450566
48463957
48490624
48498251
48500065
48501015
48507496
48516613
48519268
48525968
48529517
48533953
48562741
48570596
48595982
48597824
48601093
48615472
48628524
48642051
48649024
48653504
48662176
48663561
48670788
48676883
48693786
48704544
48730184
48763541
48768900
48771920
48773266
48775259
48778408
48786178
48792163
48798744
48802464
48820608
48825110
48841328
48857355
48880128
48890266
48891682
48927873
48930844
48939360
48940042
48959495
48964288
48974088
48979986
48989456
49021382
49028640
49040064
49046545
49053750
49075264
49088537
49090976
49096194
49098772
49127457
49152141
49165568
49186946
49234436
49318306
49320089
49321512
49338433
49340744
49352260
49357153
49365052
49369476
49375760
49385554
49416016
49416462
49425544
49427074
49432674
49455153
49496585
49513602
49550024
49553479
49556225
49558564
49562785
49594886
49612056
49678484
49745953
49808915
49813808
49816784
49824420
49829122
49841413
49875075
49914372
49942604
50077738
50104392
50217232
50339061
50346614
50351565
50358155
50361146
50368214
50370403
50373575
50374489
50378168
50381423
50384242
50386999
50389876
50393570
50394637
50395937
50398963
50400151
50401226
50403036
50410155
50412361
50417505
50418641
50419052
50420886
50424091
50425296
50440286
50444100
50451737
50457761
50467769
50471163
50474077
50475749
50478032
50478696
50480565
50481912
50483886
50486086
50489044
50493483
50498619
50510099
50519428
50522561
50537999
50543920
50550466
50550876
50562396
50563689
50565685
50578083
50581575
50588226
50590864
50595645
50600314
50601642
50604972
50607646
50610684
50612146
50612647
50620136
50621123
50621717
50624388
50633231
50642128
50648292
50655374
50671216
50671901
50685017
50690146
50692565
50693655
50700160
50704531
50709352
50711563
50714160
50730135
50748065
50752014
50754888
50758541
50764060
50766562
50774077
50777888
50783258
50784356
50792881
50795086
50799508
50802305
50807194
50809363
50813992
50826064
50827322
50839753
50839846
50852360
50858862
50860510
50862569
50864036
50865638
50866547
50867889
50871386
50877583
50879714
50881357
50885029
50900328
50902067
50907421
50920066
50940967
50944802
50946199
50951720
50955467
50959046
50959630
50962745
50970113
50971090
50977092
50994716
51001224
51004510
51015425
51020587
51023367
51024368
51028047
51033281
51045984
51048470
51053178
51055556
51056795
51066901
51070009
51075464
51081440
51086485
51089580
51090194
51092560
51102049
51129479
51138619
51142212
51145136
51152716
51153075
51155749
51159830
51160124
51172648
51178562
51183862
51185569
51185950
51190797
51195650
51198400
51208270
51217509
51218072
51220898
51225099
51242241
51250410
51251309
51257720
51259545
51262640
51266183
51280132
51283620
51284054
51290506
51290705
51296290
51317059
51317300
51323592
51331341
51334276
51386253
51387961
51390074
51390933
51395335
51399467
51399790
51400950
51406035
51409308
51415898
51421359
51436617
51439126
51447095
51453067
51454669
51477012
51481925
51482156
51488401
51490929
51491146
51496134
51499660
51503875
51513014
51515739
51539082
51540021
51545576
51549394
51550501
51554866
51557404
51563281
51564931
51569285
51580113
51582136
51583523
51589510
51589714
51594821
51595032
51595430
51610324
51610382
51615968
51634201
51646891
51657765
51659357
51662106
51677921
51680646
51684556
51685482
51688084
51692884
51696394
51701779
51711154
51712868
51717513
51718360
51726449
51728937
51729422
51732818
51743522
51752208
51766848
51779788
51780242
51783971
51786296
51790947
51791497
51794220
51798417
51807856
51828228
51835040
51839175
51839658
51842076
51864352
51877121
51907230
51918925
51921269
51934482
51940660
51940739
51943000
51943526
51948099
51950348
51962072
51962154
51975718
51976778
51979184
51980037
51981337
51987626
51988677
51990627
52002940
52003657
52008979
52021120
52039241
52040820
52045356
52046616
52048169
52052930
52054420
52058119
52083008
52084964
52095009
52108928
52109761
52114504
52143138
52169848
52172980
52173585
52176209
52184460
52185414
52191401
52191782
52199794
52199833
52212320
52216839
52237192
52251936
52254850
52275332
52298149
52298291
52301248
52310030
52349448
52383824
52432551
52435804
52440489
52441523
52442484
52446585
52451146
52452037
52454094
52456114
52463006
52466581
52476039
52492332
52498543
52510970
52519987
52522246
52529636
52534293
52536517
52537106
52545066
52547875
52548184
52551785
52562733
52567321
52575299
52577047
52593370
52598356
52599334
52602149
52605260
52606624
52610257
52611402
52613298
52617528
52629268
52630729
52631090
52631941
52634466
52644177
52644492
52654106
52663080
52679776
52693211
52699606
52719708
52721169
52724075
52726886
52729001
52733514
52734258
52736792
52741763
52742804
52748465
52751168
52757165
52759884
52761938
52763192
52767301
52774470
52775209
52777610
52778400
52781443
52790065
52803841
52811794
52824001
52832422
52832856
52834506
52841485
52842889
52843060
52846706
52855404
52862472
52866068
52904388
52910848
52923522
52954731
52961853
52973070
52976792
52991142
52991313
52992402
52996197
52996874
52998356
53003176
53011467
53019477
53022008
53024389
53024945
53028169
53029034
53030592
53031683
53036236
53039412
53052656
53065088
53084598
53087345
53090947
53094034
53094740
53097030
53102757
53105225
53107040
53109132
53117155
53136418
53138437
53150168
53175376
53176329
53207556
53219081
53220080
53224739
53225100
53229590
53233189
53233780
53234058
53257089
53259808
53281670
53294090
53309572
53319752
53348962
53373120
53396752
53424161
53479239
53479868
53481361
53482195
53483974
53485934
53488984
53489163
53489912
53490837
53491276
53494457
53495596
53498938
53499526
53500067
53500173
53502563
53504086
53504305
53512789
53516656
53517842
53518619
53523554
53531236
53536392
53544029
53550244
53551770
53562242
53565185
53568328
53571721
53576131
53581504
53590560
53595160
53609645
53612228
53613086
53618913
53627956
53631184
53637410
53641334
53649872
53674609
53688332
53695136
53699968
53706795
53718080
53743926
53749552
53752482
53754122
53756047
53759297
53766696
53772858
53788898
53805835
53806696
53841948
53846432
53856769
53862410
53871512
53877856
53889440
53896198
53905415
53908288
53912616
53915666
53936405
53949952
53985328
54003767
54007240
54013316
54016592
54018379
54019489
54027333
54035238
54044480
54054080
54063121
54067597
54070049
54100118
54126848
54132949
54137732
54166553
54168224
54171668
54186050
54199648
54201349
54208656
54214670
54235265
54264044
54270979
54274400
54293248
54297101
54319136
54334724
54337555
54346432
54346761
54363650
54394970
54416512
54435908
54462728
54529404
54532787
54538053
54539086
54539986
54544071
54548137
54548916
54550969
54552938
54563037
54575563
54584398
54586904
54594165
54599175
54606988
54608446
54627890
54629482
54629765
54631188
54633192
54642993
54643334
54652939
54659471
54666138
54685843
54686758
54690165
54693521
54695562
54696035
54700212
54707384
54708805
54710569
54712128
54715148
54724516
54732963
54733144
54735241
54742037
54743154
54743813
54747338
54772624
54778400
54789357
54796407
54807609
54811907
54821558
54824515
54826292
54827334
54830725
54831433
54832544
54833708
54838673
54841938
54854490
54856902
54860076
54863146
54864530
54866104
54872404
54874277
54876864
54878993
54887299
54912130
54913029
54922789
54923746
54928689
54928972
54933530
54936692
54937810
54938377
54952760
54965257
54980880
54986984
55011712
55029828
55052059
55055158
55064860
55081041
55086032
55090198
55092628
55092778
55100521
55103651
55104076
55107781
55116203
55121074
55122040
55125588
55128721
55129440
55133574
55134857
55136586
55140931
55153249
55170240
55182029
55184600
55186757
55190697
55192138
55194147
55199020
55200050
55206214
55208608
55214694
55228932
55236618
55247089
55254049
55258130
55282952
55317848
55318150
55319306
55322836
55323177
55325074
55329633
55337997
55346626
55359232
55378380
55397448
55399444
55435312
55452452
55454816
55482497
55526914
55580245
55581810
55582536
55584075
55585078
55589281
55589418
55593133
55594196
55594658
55595674
55600496
55600517
55603908
55603977
55608115
55609284
55620615
55624086
55634528
55636024
55638274
55640537
55642219
55644898
55652224
55659788
55661587
55667777
55673415
55675029
55689456
55706236
55714581
55719136
55720006
55721488
55722913
55728153
55742510
55748621
55751456
55771795
55773992
55779386
55804258
55808521
55822339
55829508
55837582
55837914
55839216
55858976
55862787
55863324
55866504
55878169
55889941
55894912
55911446
55918855
55920064
55935273
55940256
55947778
55951436
55967929
55969037
55976388
56001098
56006704
56008835
56019264
56034113
56040450
56043537
56049812
56099047
56103469
56106129
56107880
56110094
56121792
56122404
56131918
56136577
56148491
56165532
56167648
56182810
56197540
56198226
56211464
56217606
56232019
56235019
56236640
56262834
56265796
56267032
56272512
56295764
56297990
56312961
56316192
56361276
56362594
56365142
56394408
56398860
56402181
56413200
56427141
56427569
56437312
56451336
56492752
56494122
56501272
56520705
56628525
56630690
56630836
56632506
56634005
56638152
56638226
56642123
56642661
56643408
56643926
56648905
56649380
56652129
56652170
56656505
56660747
56663116
56664994
56667155
56678624
56679937
56689564
56690145
56701977
56705237
56716064
56717830
56719504
56721587
56725960
56738074
56754414
56756794
56759152
56765888
56773763
56775708
56781864
56788039
56790624
56805398
56820025
56821837
56836708
56853185
56853556
56866818
56872977
56886055
56893837
56899168
56899633
56900868
56902600
56907790
56920124
56923162
56924960
56955411
56961035
56963968
56984148
56986657
56987782
56993088
57016668
57019266
57025046
57049253
57051409
57066568
57070208
57082544
57086218
57100312
57107457
57147859
57148534
57150180
57169792
57173272
57174023
57177154
57180807
57182000
57184309
57221390
57233421
57237952
57246530
57250819
57254025
57265156
57287701
57295001
57296096
57311561
57312780
57321760
57335938
57344650
57349696
57356560
57360419
57410126
57410699
57417953
57442660
57444882
57451526
57470984
57475378
57481732
57483352
57493664
57541032
57547792
57550860
57557061
57709232
57713166
57714882
57718024
57722146
57738375
57743681
57746977
57754024
57758788
57778452
57805156
57806899
57808272
57825794
57827920
57852044
57869386
57903632
57937544
57942850
57950489
57954408
57960577
57967697
58001446
58069509
58138760
58197697
58198108
58207280
58208420
58215172
58230825
58266136
58310721
58335491
58474642
58495234
58590244
58725626
58727827
58730389
58731115
58734798
58739158
58740508
58741549
58746407
58749049
58757494
58768650
58770075
58772565
58788029
58800666
58803019
58815557
58822417
58824899
58825001
58828355
58836088
58837580
58843442
58843532
58854101
58859838
58875410
58877069
58887074
58889324
58893880
58895124
58896553
58902089
58904788
58910727
58920038
58920265
58922641
58923788
58927750
58929368
58941780
58942001
58949747
58950469
58962816
58967054
58983759
58989622
58991290
59013257
59018533
59020232
59024498
59025969
59034371
59036050
59036700
59040325
59053452
59054740
59056609
59057354
59059219
59065652
59066922
59069190
59085040
59100480
59103268
59116952
59117130
59122851
59126356
59126531
59131436
59134136
59138246
59148740
59157569
59172480
59179730
59179801
59185159
59196640
59222056
59245997
59249239
59272244
59273483
59283621
59284024
59287878
59290001
59294898
59295494
59298136
59301987
59313810
59315977
59319704
59320529
59322706
59327204
59328617
59332622
59343210
59343239
59346528
59355164
59377520
59381285
59382090
59386245
59388953
59394243
59396198
59400362
59410305
59430024
59437344
59456064
59458344
59468034
59492496
59510307
59512113
59513222
59519084
59519621
59524305
59524746
59525420
59539892
59540014
59542553
59564480
59579552
59581026
59586064
59625985
59637980
59638441
59644704
59662355
59675714
59712772
59770574
59771257
59772131
59773607
59775596
59777884
59780246
59780689
59781937
59782187
59782808
59785651
59786712
59790508
59790613
59791450
59791654
59794310
59795779
59795981
59806029
59811265
59814308
59816020
59818046
59821634
59828624
59836687
59840112
59845736
59849345
59851350
59852130
59860490
59867960
59874310
59878208
59896000
59902603
59906881
59907205
59908183
59913988
59921288
59925680
59933077
59949860
59965900
59975360
59985440
59994115
59998362
60020992
60032539
60038440
60039349
60049636
60052674
60056272
60059698
60063958
60065680
60096634
60099010
60134472
60137479
60146336
60146706
60162662
60167840
60176768
60181521
60198937
60203360
60213378
60219412
60227629
60254272
60261508
60294458
60296872
60297373
60304162
60312841
60316193
60322116
60326129
60333824
60344672
60351500
60359211
60362984
60391957
60412960
60424973
60432993
60459022
60461760
60466448
60469253
60490771
60492192
60495881
60510724
60531208
60556163
60569624
60576160
60580960
60588107
60601472
60622656
60623882
60631073
60637212
60655696
60686614
60698112
60735745
60756002
60823179
60825296
60825349
60827222
60827981
60832098
60832148
60836154
60837284
60837417
60838069
60843114
60843841
60846290
60846760
60850428
60851765
60853089
60872128
60875910
60876825
60879920
60883758
60887450
60890147
60892112
60894236
60906080
60906760
60916057
60917636
60920333
60948935
60950248
60961806
60964973
60976000
60977425
60979268
60989587
61001739
61006048
61014620
61018338
61030550
61047216
61051928
61055050
61066241
61080179
61082390
61084580
61091040
61099096
61101063
61107714
61121549
61128782
61130336
61146169
61148960
61163541
61178026
61179139
61188736
61202512
61211278
61212715
61227809
61243730
61248800
61255812
61260312
61276520
61277701
61290512
61296652
61342617
61350091
61355808
61356556
61357185
61358562
61364243
61374771
61375578
61383272
61409799
61412374
61414272
61440673
61442324
61449233
61468674
61477148
61483034
61485504
61506196
61511937
61513766
61524544
61538597
61541896
61542481
61547680
61604007
61606352
61612309
61637314
61643780
61646851
61653033
61669961
61671564
61686818
61690176
61735748
61739154
61753350
61760520
61902000
61907652
61915219
61920016
61925410
61933218
61934105
61943041
61944104
61950152
61980709
62001569
62005404
62007844
62010448
62014788
62031363
62064914
62099524
62129198
62134850
62137730
62144880
62150152
62163212
62197905
62267465
62341634
62393160
62394631
62395489
62412932
62415489
62427274
62464070
62489864
62537784
62653972
62693424
62785665
62916284
62917459
62918438
62919086
62921624
62923481
62925869
62926467
62927299
62928049
62928150
62931303
62932593
62936139
62936376
62937420
62937621
62939372
62941338
62941766
62948503
62954832
62955819
62966568
62969380
62972577
62976261
62981461
62983600
62984251
62990788
62999634
63003010
63009352
63013094
63027217
63033696
63039232
63050330
63055458
63058280
63060489
63062301
63065732
63072353
63078957
63079649
63111971
63118528
63130432
63136792
63144470
63157280
63178846
63182721
63188752
63191202
63193741
63194948
63202452
63210261
63212132
63242646
63247152
63276736
63278100
63285506
63291417
63308241
63314956
63318720
63336992
63346192
63348750
63357344
63357957
63373451
63395072
63408641
63441078
63445698
63446058
63447567
63452360
63459568
63464737
63472524
63477152
63486048
63491075
63504602
63513474
63537229
63548544
63570027
63586760
63606803
63611712
63621156
63627273
63637532
63640224
63644737
63647754
63684674
63701624
63710880
63720832
63729670
63734042
63760896
63767559
63768928
63772690
63787144
63803652
63832117
63854656
63865896
63905936
63997212
64002692
64005220
64013121
64017552
64031440
64032846
64034562
64051240
64053410
64062601
64097569
64103080
64111111
64114881
64121092
64129112
64163892
64200961
64226724
64227475
64236610
64237904
64244272
64262179
64299532
64373002
64422992
64491874
64495673
64498056
64501249
64505416
64528914
64569617
64587810
64619654
64751685
64798852
64885256
65045864
65046567
65056260
65057345
65063297
65082180
65085715
65087600
65090690
65095312
65112586
65143897
65149096
65152776
65159874
65164321
65179910
65216645
65257512
65276577
65278492
65279172
65296656
65298724
65314968
65355843
65406002
65472772
65539394
65544624
65552526
65557026
65562696
65585236
65602604
65638544
65669649
65802505
65832449
65937474
67147447
67151227
67152605
67160510
67162959
67180381
67184318
67185007
67193559
67195323
67218866
67221189
67222567
67229034
67230388
67231004
67234633
67234899
67237390
67238041
67245487
67250007
67250875
67258749
67261150
67276276
67276559
67278971
67279781
67284646
67285406
67285737
67286860
67288274
67290333
67290994
67294648
67295953
67296810
67297847
67298250
67299683
67300745
67302501
67304212
67317460
67319145
67321369
67327666
67328837
67329159
67332522
67333180
67335443
67336270
67339747
67341240
67341657
67343078
67343484
67344686
67347409
67347662
67348871
67350707
67355500
67356231
67357459
67359289
67363484
67376859
67380669
67382110
67390127
67391863
67406967
67407786
67410333
67410674
67415747
67416623
67417044
67417446
67419913
67421673
67421982
67425964
67427160
67427525
67428571
67429221
67430833
67431988
67433874
67434602
67440027
67440357
67443262
67443657
67448657
67449047
67449706
67450275
67452020
67454063
67454900
67458758
67459436
67460882
67461618
67461917
67463864
67464394
67466793
67467653
67513701
67516074
67517710
67524436
67525033
67525721
67529426
67530247
67531932
67532851
67569400
67570630
67570862
67572593
67573287
67574419
67576300
67576947
67578073
67580508
67584931
67585337
67586460
67588878
67592519
67604018
67606740
67611970
67613445
67613860
67618186
67622472
67623216
67625065
67627649
67638654
67643087
67643831
67652443
67654333
67678026
67679668
67681372
67688137
67688818
67690003
67693221
67693710
67695673
67696903
67702333
67702738
67705039
67705716
67710328
67711461
67711771
67712689
67714442
67716503
67716842
67721027
67721638
67722345
67723390
67724201
67726028
67727109
67728596
67729970
67733452
67734371
67735175
67736056
67736787
67738201
67740582
67741081
67742492
67744078
67748593
67749052
67750446
67752039
67756339
67767518
67768169
67770858
67771159
67775916
67776637
67777458
67778264
67780133
67782203
67782597
67786097
67787427
67788180
67789199
67789556
67791686
67791986
67794698
67795145
67865706
67869074
67874440
67875380
67876176
67880713
67884193
67885634
67887301
67889444
67907241
67909458
67910803
67917221
67918538
67918894
67922292
67923225
67925063
67926556
67930033
67930860
67931452
67933123
67933582
67934375
67937144
67938055
67938867
67941017
67944934
67945811
67946617
67948764
67953230
67996873
68000522
68005153
68006002
68007554
68011557
68015428
68016296
68018580
68020816
68028262
68028913
68030035
68031404
68032281
68032860
68035299
68036156
68036718
68038951
68043736
68044430
68044999
68047251
68051129
68062597
68065833
68070980
68071626
68072744
68076660
68081296
68081985
68084498
68085922
68095764
68098149
68103344
68104585
68105793
68109522
68113698
68115076
68117034
68118856
68173652
68181669
68185449
68187850
68188594
68193175
68198338
68201708
68203317
68204188
68204877
68205155
68207577
68208252
68211799
68212942
68218320
68218379
68219674
68225788
68230030
68231419
68237094
68238485
68238952
68240858
68242637
68244654
68246043
68249174
68249489
68250151
68252385
68264775
68266586
68270320
68272374
68274627
68275864
68276036
68290365
68295277
68295928
68296331
68297646
68300179
68303414
68308912
68310467
68311335
68313319
68315293
68318266
68319108
68323802
68328725
68329852
68334667
68343520
68355795
68356907
68363917
68364913
68368556
68369090
68380456
68386927
68398348
68400658
68404644
68405301
68405922
68415874
68417601
68421095
68423475
68424158
68430910
68433017
68434408
68442737
68443362
68443405
68445078
68445579
68446547
68448437
68449068
68456683
68464480
68466838
68469427
68479021
68486990
68493933
68507157
68508576
68513882
68519513
68520308
68520587
68522793
68525138
68525441
68527024
68527258
68527556
68534543
68536098
68538947
68546700
68555449
68555958
68558276
68559317
68560792
68576550
68576929
68584762
68585157
68586090
68588388
68592155
68593848
68598019
68599982
68603028
68603656
68604182
68604801
68608624
68616983
68622690
68626714
68626849
68629574
68635745
68637833
68644368
68652039
68656168
68657206
68657864
68685035
68686707
68689013
68693593
68694489
68695311
68698735
68701498
68701638
68704028
68708196
68709272
68712534
68713249
68716910
68719501
68733269
68734849
68735782
68743528
68743761
68749753
68758806
68761536
68764469
68772907
68780446
68787748
68791365
68793000
68800651
68801220
68803842
68806712
68814742
68817607
68832781
68835482
68839904
68846834
68848353
68849726
68851014
68853272
68854099
68856341
68856616
68858084
68862377
68862550
68871429
68871714
68879848
68880471
68883100
68883501
68884066
68884929
68886709
68887370
68895188
68897425
68897830
68907120
68907529
68913293
68914000
68935694
68936848
68945530
68949228
68951363
68951472
68960700
68964651
68973154
68977213
68980432
68982294
68982600
68999313
69002440
69003530
69006372
69010589
69011751
69013384
69013837
69014194
69018501
69018924
69023786
69023940
69026754
69027915
69028080
69035089
69048348
69057025
69058913
69059098
69075163
69084237
69084528
69090064
69090440
69096963
69097524
69100353
69111893
69112226
69125145
69127234
69141771
69142180
69152787
69169412
69221738
69230290
69234100
69236549
69237417
69240062
69245398
69246549
69246860
69247719
69250617
69253323
69258984
69261105
69261491
69264275
69265950
69268621
69269090
69273523
69274873
69276463
69282959
69285276
69286820
69294552
69295158
69296001
69296747
69297717
69298489
69300454
69300890
69309148
69310091
69312290
69313338
69314156
69330083
69330640
69341077
69341689
69344666
69348700
69350204
69350455
69353943
69356717
69357347
69358702
69363170
69364332
69368048
69368075
69371499
69374803
69389398
69392909
69397408
69404109
69408646
69410097
69410472
69419694
69423285
69431745
69436189
69444886
69445032
69449832
69451268
69456977
69458058
69460336
69470843
69476193
69480326
69480698
69482062
69482806
69482961
69485436
69486030
69489947
69491463
69495893
69496616
69496941
69503789
69508154
69509550
69514517
69523392
69538709
69545440
69548555
69550809
69560470
69567661
69568338
69568965
69571042
69574749
69577356
69580849
69583495
69586020
69586442
69586987
69587568
69591496
69601703
69603958
69617978
69619312
69619939
69628248
69628324
69633929
69635024
69636239
69637411
69639244
69640505
69642330
69642468
69645186
69648715
69649076
69657650
69657793
69664990
69668680
69669963
69670244
69687832
69691140
69691429
69694594
69701914
69702305
69714972
69717249
69733326
69737063
69739421
69743843
69746116
69746202
69748525
69750550
69752455
69752925
69756235
69756536
69757139
69759952
69764953
69765365
69772886
69773784
69778054
69778241
69788900
69797223
69804502
69817434
69819104
69824781
69828731
69835169
69838893
69839536
69842179
69848464
69850644
69856328
69864124
69872683
69875552
69878010
69887125
69896100
69896475
69898830
69899414
69899713
69901104
69902693
69903002
69911338
69913176
69913731
69922900
69923208
69928478
69929139
69930596
69931318
69931721
69935730
69936294
69941381
69942018
69944161
69945621
69946248
69952792
69960757
69961410
69971993
69988386
70001011
70003021
70007688
70009739
70011697
70012258
70012492
70025623
70036518
70038601
70043298
70043802
70044353
70054433
70056208
70059356
70060458
70060629
70062324
70065417
70065712
70066920
70067725
70068002
70074423
70075617
70078801
70087174
70093843
70098052
70099083
70099780
70124079
70130882
70135058
70136516
70144533
70144834
70147105
70150284
70158696
70158870
70180871
70182408
70195214
70203472
70205517
70205872
70260555
70261807
70264182
70265261
70269469
70273722
70274139
70275797
70280350
70283543
70288851
70291022
70292142
70299282
70301128
70312170
70316720
70324005
70324857
70333063
70333609
70336935
70340008
70342244
70358341
70362889
70363159
70363530
70371634
70376457
70388083
70398418
70400356
70402972
70403251
70407476
70409090
70418621
70419398
70421705
70421798
70424209
70428835
70431109
70431320
70432782
70439266
70444816
70456532
70460443
70460517
70461769
70472274
70481940
70484596
70495280
70500875
70502608
70509634
70519022
70523193
70525785
70534761
70539594
70543170
70543585
70550008
70550103
70555749
70556312
70559400
70560070
70569346
70570572
70574292
70574371
70578201
70582590
70583011
70589640
70591793
70594883
70595124
70599794
70600332
70601537
70602936
70607879
70619283
70628928
70652957
70653714
70657620
70666889
70668842
70675466
70682908
70703264
70714250
70715541
70721025
70724136
70726920
70746449
70747360
70766597
70780636
70785940
70786753
70787879
70790960
70803804
70806085
70821162
70822002
70830095
70830644
70832293
70841362
70845083
70845292
70847825
70848042
70849956
70854211
70858849
70863494
70863900
70869164
70869778
70877641
70881366
70891780
70898433
70903937
70910287
70910897
70915416
70916262
70916873
70917139
70920912
70927754
70927953
70928684
70939172
70944263
70954304
70991929
70997632
71008547
71013386
71017344
71046794
71051444
71056389
71059845
71061534
71061705
71074610
71075085
71079010
71093288
71096834
71114830
71133472
71139494
71141984
71148564
71172325
71180346
71181700
71193668
71200912
71205516
71215113
71221696
71238232
71242528
71256082
71318949
71327561
71331498
71333234
71334612
71339642
71340988
71343661
71347502
71348462
71349403
71353147
71355633
71356054
71357831
71362465
71363014
71366709
71367560
71371229
71376368
71380579
71381901
71382343
71383211
71383864
71385582
71386919
71390269
71391347
71396580
71396634
71397782
71404211
71406027
71420077
71421384
71422865
71430444
71430818
71437159
71440851
71443070
71448465
71449677
71450402
71451894
71453803
71456339
71457054
71460149
71460300
71461657
71463784
71469774
71478421
71480800
71484301
71493146
71508409
71510326
71514724
71516789
71518456
71519558
71519649
71532759
71540481
71543849
71545666
71553114
71553377
71556240
71559686
71567247
71572267
71572826
71573094
71574483
71576796
71580437
71585732
71587064
71588505
71590521
71592015
71595457
71595542
71599573
71602553
71617803
71620694
71625440
71633142
71638157
71639719
71644218
71653216
71665268
71666536
71668247
71668913
71671046
71671996
71674125
71674754
71676513
71680309
71680714
71689353
71690000
71697788
71699354
71705931
71707436
71711088
71711299
71722882
71730914
71731261
71733575
71734795
71735088
71735528
71737778
71737933
71745765
71747916
71749137
71758090
71758372
71762491
71773315
71775508
71780033
71780877
71781200
71790800
71792680
71796811
71797156
71819283
71820356
71829241
71831452
71831799
71839255
71841326
71842530
71850796
71851147
71851632
71852501
71853274
71854268
71856717
71857027
71862070
71865955
71867576
71868100
71877319
71881370
71889712
71897722
71905184
71907413
71910236
71920139
71926543
71929188
71931157
71931298
71948364
71951458
71952530
71955969
71959987
71967531
71980301
71982016
71987254
71992399
71994009
71994818
71995563
71996244
71999945
72001155
72005729
72006162
72008176
72009786
72010340
72016940
72025390
72026458
72026789
72029066
72031284
72031432
72033220
72033366
72033505
72040603
72042384
72044856
72052803
72062983
72071432
72073494
72073896
72094542
72095317
72096993
72098029
72099270
72115857
72116040
72122494
72131627
72132260
72137092
72137794
72144152
72145413
72147368
72156521
72156822
72158002
72160161
72163614
72165958
72169624
72172115
72174661
72174978
72175765
72176072
72180516
72192045
72192720
72205326
72207408
72221085
72227504
72231062
72231624
72234033
72240680
72242250
72248580
72254618
72255297
72265756
72282241
72289305
72293890
72294754
72294933
72355254
72357085
72357795
72358618
72361702
72361755
72362103
72362956
72364395
72367512
72370005
72370575
72371064
72372721
72372798
72376070
72377005
72379953
72381548
72382659
72385269
72397878
72404322
72406824
72411420
72418234
72428622
72432449
72439051
72440260
72452217
72453290
72455564
72456483
72459459
72466048
72467282
72468101
72475104
72475212
72478727
72483309
72496647
72505429
72509136
72510050
72519220
72522121
72525190
72533131
72536611
72538156
72551113
72552070
72552288
72554033
72554674
72557340
72560933
72567827
72568934
72573265
72578208
72581926
72589579
72589985
72593464
72614774
72621736
72626049
72635539
72641050
72649805
72653586
72656652
72659141
72660497
72665304
72684643
72685621
72692106
72698257
72704116
72706310
72716366
72716964
72720938
72733888
72742928
72746190
72748632
72753844
72757411
72758208
72759321
72762706
72764163
72765848
72768800
72769833
72779923
72780129
72781938
72793092
72804736
72810947
72811605
72811952
72828172
72849984
72877003
72887437
72889584
72898617
72905124
72913253
72915288
72915872
72915982
72918584
72919814
72921674
72925587
72926374
72934036
72937024
72946886
72952364
72954390
72959538
72963224
72966345
72974572
72976438
72977090
72977553
73010954
73017464
73018435
73024613
73028369
73031962
73041180
73041608
73042132
73053952
73063425
73074053
73089442
73089543
73095712
73100296
73123136
73139626
73141588
73142823
73144905
73148625
73151116
73155889
73156320
73156716
73163804
73169216
73171864
73187469
73188164
73196035
73211961
73212752
73215072
73220873
73233410
73249056
73269873
73273704
73273882
73275462
73305248
73360000
73405813
73407639
73409963
73411254
73414750
73419469
73420061
73421658
73426447
73429051
73435577
73446185
73447842
73450094
73451161
73454762
73456225
73468807
73472188
73474428
73483732
73488677
73491809
73493392
73503774
73503849
73508170
73517652
73519301
73526277
73533262
73538154
73539408
73539827
73542888
73556270
73558354
73564471
73564920
73569580
73570420
73570947
73571353
73575240
73581912
73582117
73582758
73593026
73602629
73607818
73612306
73615922
73617423
73618196
73630610
73638029
73639458
73651458
73658888
73664313
73665863
73667271
73674313
73676580
73687941
73691848
73695902
73696099
73698467
73699092
73700952
73706129
73707852
73708082
73709575
73716129
73720936
73728347
73728940
73734546
73734732
73737924
73738531
73748001
73748806
73752753
73753354
73756700
73762862
73783936
73802917
73804169
73811991
73812170
73814674
73823241
73827411
73837856
73859305
73860150
73864577
73878660
73881665
73892422
73902100
73909024
73927922
73929180
73937491
73938580
73941683
73944740
73946562
73963274
73966621
73966994
73967924
73978185
73988106
73990319
73991121
73998084
73999544
74002634
74002737
74007945
74008134
74008944
74011276
74015763
74023525
74025498
74030160
74033348
74036260
74056166
74056285
74058949
74059064
74061474
74065233
74070416
74074691
74075150
74080361
74080902
74104988
74110528
74129671
74148000
74154316
74158304
74172425
74192178
74196084
74197019
74197541
74205353
74210324
74219978
74230920
74235989
74238728
74245377
74256921
74265920
74285368
74286976
74305554
74318644
74322187
74332194
74338416
74344976
74350769
74355717
74359392
74384003
74385856
74392586
74452449
74455780
74456396
74456626
74462064
74463409
74464010
74467272
74468468
74468995
74474402
74474693
74474808
74477961
74478150
74484561
74485018
74486473
74486535
74489903
74497120
74502294
74508361
74515735
74523352
74526228
74526797
74531027
74531508
74532907
74544896
74549652
74549773
74558240
74563865
74568752
74581676
74582442
74582585
74584155
74590485
74593418
74597910
74603712
74616704
74617264
74635792
74637457
74647644
74653802
74653846
74655168
74668296
74679448
74702884
74715558
74717323
74719589
74719644
74720346
74727965
74732581
74742304
74750400
74752706
74757378
74761286
74779704
74789088
74793320
74803336
74810660
74810883
74817921
74843179
74843909
74847840
74850830
74868804
74879752
74891320
74891841
74910978
74911788
74956930
74974318
74975058
74975390
74978829
74989923
74995986
74997813
75001216
75010099
75019393
75022426
75022889
75024608
75040417
75045379
75060289
75063904
75077768
75080209
75107140
75115556
75116812
75122464
75139618
75145286
75145384
75170928
75174033
75174210
75207172
75236487
75239634
75239701
75247106
75256704
75270211
75286032
75303180
75303568
75317444
75334728
75378753
75383046
75407632
75434017
75513522
75521396
75525829
75527593
75529034
75532787
75537209
75538895
75544184
75545825
75545878
75548555
75550101
75552089
75552815
75556026
75556646
75556988
75559396
75564663
75569397
75570477
75570627
75572089
75575054
75577466
75583330
75585420
75586140
75588060
75589911
75592779
75593520
75597230
75598445
75605301
75606246
75610449
75610536
75621985
75630556
75632238
75633563
75639899
75642055
75643841
75651302
75652552
75652629
75653946
75654925
75655822
75657558
75657841
75663033
75669749
75682870
75684704
75690123
75698535
75699546
75702160
75703190
75704099
75720036
75720280
75727422
75733704
75737611
75737924
75740312
75746500
75748613
75754530
75763149
75764462
75766998
75771047
75772807
75773469
75776253
75779659
75779992
75781683
75785968
75787043
75790490
75790948
75795271
75804186
75806624
75809398
75818061
75827002
75829692
75844661
75847947
75852736
75859905
75860126
75862323
75863125
75863272
75864964
75866454
75866793
75875218
75876646
75877464
75886629
75886786
75891947
75896273
75898508
75898690
75907923
75911757
75919592
75924759
75926108
75927329
75927914
75928213
75932468
75933265
75937865
75938192
75940776
75942029
75942338
75949190
75956623
75965589
75966146
75971106
75971841
75977772
75978834
75981476
75990384
75990541
76001294
76018192
76024638
76029864
76033489
76034678
76035379
76036332
76036757
76039079
76039411
76043422
76044697
76049453
76050306
76050987
76063420
76064939
76069314
76071386
76073868
76074275
76074672
76090251
76094998
76096211
76100749
76109280
76120285
76131857
76133418
76138320
76138582
76138856
76149512
76150916
76157389
76164832
76167450
76169582
76179541
76186791
76187949
76188370
76190309
76192906
76193540
76194658
76195083
76195728
76202525
76203624
76206252
76214545
76219828
76219979
76220649
76223216
76226607
76228931
76233228
76235097
76238098
76238369
76239386
76239652
76243170
76254236
76258369
76259418
76259745
76286681
76288821
76302998
76304164
76305016
76312742
76313281
76317467
76323952
76328084
76329313
76337421
76337584
76340744
76343363
76350922
76351972
76353627
76355224
76356643
76358286
76359734
76360289
76362192
76366010
76366661
76375144
76375572
76384533
76384930
76406809
76408066
76415095
76418466
76420154
76420769
76437766
76440961
76442121
76444752
76453907
76462116
76464171
76464836
76484758
76485448
76497927
76500104
76549978
76551575
76552044
76552619
76555768
76555823
76556510
76557233
76559053
76562179
76564150
76565219
76565277
76566651
76567494
76570168
76570997
76573798
76575953
76577164
76579691
76590233
76593828
76600845
76602256
76612565
76624956
76634262
76637602
76638440
76646821
76647736
76648160
76649574
76650826
76653107
76657236
76663822
76665048
76669574
76674368
76677882
76684641
76689188
76698894
76703787
76715212
76716118
76722953
76729094
76734674
76737048
76744089
76745891
76751218
76755276
76755872
76756999
76760714
76761644
76763907
76766784
76767813
76776332
76776598
76777282
76793361
76809133
76819733
76821954
76830791
76837712
76846488
76851313
76853306
76858474
76862723
76865925
76877353
76884163
76885132
76891348
76894758
76898827
76908308
76922940
76923720
76929120
76934145
76941129
76942994
76943484
76945573
76949894
76951857
76957152
76957254
76957905
76964883
76970624
76980295
76980898
76983488
76988965
77001736
77005030
77008939
77009601
77011096
77062432
77070838
77083738
77090504
77092449
77097491
77105351
77106505
77109009
77109836
77112716
77118752
77120170
77120820
77127857
77128640
77131804
77139058
77142789
77145880
77153549
77156460
77158481
77169272
77177188
77177357
77180995
77204629
77208106
77211185
77214100
77214758
77220227
77238425
77238640
77242473
77256064
77264898
77269262
77269700
77271242
77282320
77294336
77306016
77337300
77339267
77339488
77339673
77341795
77343288
77344937
77349646
77350232
77357362
77360288
77365713
77367386
77367720
77368582
77399457
77399571
77400466
77411872
77421572
77448832
77464355
77480213
77480624
77488172
77509184
77532480
77598379
77600497
77600542
77601613
77603965
77604803
77605275
77605734
77607349
77610540
77612410
77613548
77613623
77615311
77616056
77618275
77619926
77622488
77624710
77626129
77628342
77640787
77650202
77653832
77654465
77660651
77668036
77672048
77682201
77686861
77694727
77696332
77701834
77705873
77706080
77707292
77710633
77711473
77713964
77716640
77717684
77726581
77737494
77739912
77748380
77755042
77761637
77769100
77770001
77776274
77779064
77783085
77792933
77794602
77795539
77797716
77802264
77804102
77808824
77809600
77810054
77816846
77822240
77824472
77828173
77828516
77830403
77857754
77870219
77876641
77878500
77883438
77892810
77896244
77899299
77907477
77910225
77912198
77925654
77928553
77931622
77935378
77935704
77941516
77957552
77957657
77959561
77970434
77982240
77992370
77994284
77994720
77995015
77997260
77998179
78000453
78004793
78005891
78013002
78015808
78021678
78022468
78023434
78034016
78044176
78053996
78070114
78070294
78078033
78089856
78119661
78130439
78133616
78140469
78142242
78154580
78155232
78155331
78157016
78158473
78159982
78164146
78171161
78172547
78176568
78182016
78189969
78190746
78197285
78203448
78209418
78211107
78218033
78218522
78218920
78234662
78255875
78260422
78262347
78267593
78272012
78275348
78284338
78299219
78299809
78305472
78310404
78323868
78324072
78327168
78332020
78345217
78373440
78383516
78384773
78386726
78387377
78391057
78396992
78397801
78399058
78405958
78406560
78409747
78414051
78422069
78422736
78426252
78450951
78451394
78454981
78468864
78477320
78485824
78513030
78514315
78515009
78515736
78562592
78590112
78677872
78680308
78681506
78682201
78684972
78685319
78687316
78692455
78695201
78696068
78701193
78703170
78706728
78710214
78711571
78711988
78713800
78713907
78719440
78720641
78722570
78723234
78725930
78729569
78733852
78736644
78741690
78749200
78776773
78777486
78778979
78782681
78784104
78786858
78787760
78789698
78791396
78793552
78795033
78795909
78800161
78807435
78809768
78812708
78814472
78823454
78840109
78868616
78875201
78880964
78884897
78906940
78908322
78911364
78912848
78914162
78916296
78917671
78922641
78923077
78923868
78927144
78927922
78935553
78938317
78939163
78943041
78949136
78952577
78970997
78972943
78979492
78991746
78999620
79008780
79028242
79036758
79055908
79081492
79087619
79103522
79110800
79119632
79134794
79169417
79169784
79171982
79174226
79176161
79177380
79178254
79185171
79188194
79190340
79191184
79194377
79196744
79200917
79225921
79233590
79237149
79242440
79250128
79258672
79268616
79268994
79282498
79299354
79299938
79306775
79317089
79318530
79337477
79340568
79367177
79384582
79397140
79430219
79444226
79466788
79478896
79487492
79505425
79512586
79527977
79561896
79565185
79566920
79593618
79626757
79697338
79699483
79701685
79702731
79706383
79711062
79711294
79712621
79717463
79720605
79725927
79731141
79732072
79733657
79736708
79749287
79751465
79758588
79760691
79762259
79768916
79770850
79782514
79786820
79799954
79800884
79808539
79809285
79811145
79819796
79826825
79827758
79835481
79836746
79839961
79843010
79845153
79855966
79856547
79858860
79859474
79861441
79865144
79870504
79874385
79875079
79880596
79880771
79893673
79897994
79898653
79898834
79907476
79911946
79921386
79925301
79935617
79942024
79947848
79956668
79966452
79968929
79970759
79971932
79976069
79976912
79986875
79987660
79991974
79993226
79993425
79993884
79997284
80004306
80004396
80005763
80016129
80019953
80020047
80022634
80023185
80024908
80030296
80031945
80032038
80033811
80040624
80045444
80053529
80063648
80090213
80094238
80094761
80095402
80105780
80115717
80134670
80139584
80151333
80162308
80167194
80169060
80176176
80183960
80188434
80191936
80218739
80222862
80224686
80234282
80238770
80242096
80243304
80254290
80259653
80264201
80267465
80269335
80269418
80281917
80282342
80288070
80288297
80291650
80292017
80301264
80302371
80306277
80306840
80310286
80315284
80315531
80320048
80334338
80337168
80347799
80348024
80354402
80357004
80359608
80360197
80364867
80365108
80365992
80368198
80372761
80388147
80407168
80416860
80426272
80446033
80448288
80454661
80483343
80483732
80487717
80496970
80499474
80505874
80511593
80519702
80520385
80532513
80539716
80545927
80566848
80576835
80586762
80593120
80609746
80611405
80616712
80620290
80622722
80642342
80647040
80660500
80674988
80676448
80695305
80774602
80775782
80777427
80779572
80782056
80783169
80783635
80790684
80794224
80795809
80796740
80799882
80802082
80807844
80810597
80811728
80812078
80814979
80815193
80817189
80822841
80825224
80825665
80830794
80832816
80837122
80838989
80864296
80872689
80873884
80875077
80876002
80877084
80881892
80883016
80885010
80886352
80888722
80892584
80896263
80899201
80904981
80908303
80913506
80920932
80930308
80937558
80944388
80972162
80972880
80986288
81004777
81005651
81007416
81010798
81012514
81015442
81016388
81017904
81019745
81021348
81023118
81024073
81028744
81035670
81036976
81043485
81054248
81054992
81068250
81070914
81073921
81075330
81084439
81106953
81110022
81134219
81162306
81169418
81186833
81201448
81207393
81211912
81232005
81266439
81267664
81270209
81271972
81273652
81275234
81277465
81281484
81282217
81283111
81286786
81287700
81294600
81297722
81311888
81330283
81331230
81334696
81340804
81344584
81367681
81379876
81387777
81396269
81397787
81404609
81416400
81424417
81438732
81445906
81466371
81485844
81494538
81526965
81546753
81561154
81563848
81565730
81604613
81610776
81625172
81659664
81666372
81675396
81690889
81723442
81792944
81796034
81796297
81796390
81801704
81803365
81803928
81807204
81808778
81808977
81814241
81814700
81815314
81817923
81818164
81823430
81823964
81824421
81826077
81831994
81835525
81839179
81846016
81859235
81861141
81863090
81863214
81863949
81870942
81876114
81885376
81888370
81888405
81892800
81895495
81914114
81921385
81921415
81922575
81925206
81936817
81942569
81944730
81948192
81955170
81964162
81965094
81970400
81987091
81989690
81990409
81996865
82006624
82030864
82034723
82053496
82054189
82055283
82056020
82059415
82066816
82072075
82077972
82087520
82088616
82106440
82108952
82123552
82125633
82129953
82134275
82153572
82165900
82166096
82186393
82195984
82198740
82198797
82201472
82217153
82223363
82223748
82250001
82265160
82288680
82314299
82322252
82324554
82325782
82330314
82330393
82331797
82343008
82348302
82354565
82354699
82356000
82368548
82381964
82391936
82395556
82405892
82414625
82415750
82446032
82450513
82466064
82469312
82478472
82481441
82481688
82511910
82512456
82526978
82544784
82577494
82577962
82585824
82591804
82597000
82609676
82632834
82642001
82642082
82649648
82690561
82713092
82714712
82743362
82773252
82839194
82839883
82841773
82842744
82846293
82847121
82848291
82854198
82856134
82858764
82877443
82882056
82887080
82887187
82905241
82905444
82916484
82931729
82936033
82953792
82956298
82976828
82977602
82988056
82990114
83001932
83034928
83040896
83052549
83068161
83100942
83101377
83113996
83122433
83132721
83165830
83208256
83231176
83240978
83255456
83268736
83300432
83365959
83366576
83387398
83388496
83395458
83399700
83407168
83427672
83468322
83493027
83544320
83568128
83624548
83627296
83633161
83658884
83709984
83771912
83902153
83910058
83914578
83916468
83917157
83920750
83922375
83923581
83930397
83932947
83934064
83942275
83942490
83943204
83943661
83944566
83946055
83947819
83947992
83955510
83956679
83959563
83963539
83964531
83965022
83968926
83971413
83971692
83973337
83978184
83978481
83982786
83982861
83986325
83990328
83991905
83992134
84001145
84005206
84013956
84019439
84025060
84029240
84029899
84030649
84032090
84032390
84034291
84035481
84039183
84040252
84044950
84045409
84046037
84054838
84062144
84064301
84066727
84076826
84085596
84087034
84101707
84102370
84103628
84112003
84112208
84115867
84119201
84120717
84121296
84138019
84141616
84142164
84145416
84151225
84154620
84157239
84161996
84163627
84164496
84166261
84168250
84170044
84170903
84174051
84174477
84175246
84177826
84182748
84190106
84202635
84204000
84210197
84216179
84225101
84227808
84230603
84239638
84247611
84248910
84249840
84251045
84251226
84254954
84256088
84261140
84261416
84263652
84265494
84265761
84272643
84288206
84290197
84294433
84296493
84298342
84298929
84299464
84313747
84314294
84314953
84316626
84319330
84319749
84320737
84321333
84321896
84328542
84329924
84333190
84340792
84344957
84352392
84356618
84357552
84365366
84365992
84368452
84371729
84383769
84392066
84394133
84394818
84411867
84417434
84417718
84418353
84419068
84421735
84425101
84430305
84432486
84433230
84435758
84437051
84440296
84440341
84447667
84448557
84450920
84451947
84452593
84469068
84469154
84477165
84480686
84495514
84498485
84503392
84509239
84518426
84518721
84523201
84524080
84530310
84531465
84533954
84544117
84548683
84550489
84555286
84563872
84575573
84575914
84577172
84579272
84582551
84584753
84588614
84590908
84593705
84593872
84594765
84594914
84599681
84608805
84609954
84611357
84612684
84614289
84615751
84617355
84617680
84620072
84623730
84624013
84632650
84632964
84644196
84644363
84657171
84659716
84674215
84675030
84681914
84683651
84687160
84687524
84698576
84705487
84712260
84715605
84715874
84719116
84725506
84726834
84733057
84739952
84740623
84742329
84743450
84744068
84744802
84746539
84746964
84755049
84756643
84757772
84766866
84767489
84771926
84772264
84783111
84799560
84804382
84814936
84817029
84821352
84822283
84822436
84832356
84834818
84839438
84843792
84844813
84845232
84871226
84871873
84893724
84894753
84940502
84942110
84944717
84945274
84949147
84953525
84954647
84955819
84960317
84963407
84970300
84973907
84976339
84985746
84990548
84993732
84994850
85001913
85006569
85008034
85008846
85011905
85025369
85027466
85038260
85043497
85048330
85051498
85053469
85054002
85067367
85069468
85070268
85077157
85079664
85091124
85094817
85099151
85099377
85104817
85105418
85108144
85109324
85118052
85119640
85123398
85123625
85127187
85140820
85142277
85149726
85150089
85152042
85160965
85164485
85165146
85169924
85183760
85186692
85200330
85201811
85209262
85210418
85213550
85216624
85219208
85229917
85230502
85237296
85239107
85242249
85242438
85247160
85247749
85248706
85250353
85255182
85262519
85263320
85265812
85265987
85267816
85272198
85277442
85280940
85281817
85287109
85287224
85303836
85322048
85333578
85337298
85338127
85338228
85346629
85351442
85364775
85374592
85394034
85398029
85407816
85414082
85420066
85426476
85429120
85435401
85461831
85471845
85474120
85475577
85476647
85480777
85481700
85496859
85497029
85501577
85510322
85512596
85519380
85524963
85525086
85530193
85530834
85530924
85531655
85535393
85542004
85542531
85543256
85553544
85558058
85565717
85566568
85579272
85585953
85590331
85590764
85593420
85593650
85595299
85600550
85602410
85602961
85604380
85611332
85615809
85624921
85645600
85656718
85667392
85688504
85698578
85705312
85726761
85730327
85731082
85731922
85742213
85751817
85754100
85755947
85761154
85764496
85767248
85803283
85808288
85820049
85823936
85837829
85853065
85863681
85868694
85871137
85878276
85885507
85886752
85905418
85918022
85922836
85926112
85986669
85988838
85988923
85990069
85992663
85993388
85994232
85994255
85996374
85998705
86001355
86001790
86002641
86004125
86004579
86006988
86008250
86011267
86013720
86014502
86016973
86023600
86027490
86037543
86042773
86049526
86060090
86062881
86071571
86077800
86082932
86085193
86086030
86088338
86092323
86094008
86099267
86099872
86100760
86107161
86112832
86115243
86127885
86134596
86136272
86141017
86150682
86153413
86156504
86159914
86160515
86166065
86184778
86186464
86186577
86187036
86189457
86190284
86192788
86196327
86197548
86204585
86208128
86212849
86229050
86229704
86237318
86245877
86257180
86260418
86266966
86268520
86284038
86284555
86290548
86296675
86303497
86304844
86316588
86321560
86323341
86328709
86332465
86336050
86352147
86352577
86355712
86360274
86373380
86379283
86379828
86381688
86382918
86386214
86391968
86393541
86394026
86401688
86401888
86405134
86413736
86413852
86417812
86431264
86439937
86442808
86444301
86444708
86445091
86487360
86508410
86520974
86530571
86533793
86535044
86541884
86544017
86548905
86552870
86553312
86554643
86558277
86558918
86560881
86564160
86565202
86576340
86584081
86584838
86591242
86593731
86597717
86606723
86610069
86610768
86612492
86642057
86644850
86647916
86656054
86659462
86661400
86673447
86674242
86676229
86686728
86698080
86705241
86705840
86706729
86717632
86727682
86740256
86772402
86772908
86773696
86775171
86776101
86778073
86782282
86789127
86790924
86794819
86799648
86803046
86803809
86803979
86819928
86836330
86851726
86851940
86858112
86862864
86892704
86901196
86909014
86909346
86913297
86940288
86984256
87035746
87038888
87039365
87039576
87045057
87046356
87046435
87049968
87051430
87052041
87056868
87057745
87057962
87060594
87061132
87069036
87070774
87072889
87073610
87074325
87081115
87086346
87095680
87099077
87099164
87099453
87102618
87114566
87119941
87122187
87125088
87131182
87134283
87134757
87141508
87150816
87165635
87166037
87167182
87167666
87171358
87179008
87183405
87190034
87202400
87204516
87209028
87213580
87232775
87241762
87245202
87245333
87247648
87263750
87278721
87295055
87302833
87305353
87306778
87310761
87310887
87312662
87323840
87330065
87339808
87343952
87353392
87360930
87365766
87381506
87384960
87394392
87394465
87409192
87427177
87427226
87435712
87441491
87446785
87458950
87459144
87466082
87496752
87498883
87524880
87557560
87558516
87558547
87560727
87566411
87569460
87573645
87580192
87590090
87590166
87594880
87597212
87616008
87624392
87633160
87634008
87639488
87667202
87670860
87690464
87691617
87709825
87711779
87724240
87736593
87736962
87755140
87761200
87761420
87793729
87820825
87826477
87827220
87828064
87840848
87854148
87855384
87885569
87887907
87888452
87918850
87950385
87974152
87998500
88019080
88084181
88085615
88086488
88086902
88090014
88090481
88091107
88091197
88093370
88095942
88098221
88099035
88099750
88101612
88101655
88104337
88105803
88108812
88110627
88111224
88113658
88124491
88127076
88136206
88142529
88146797
88159765
88166064
88168322
88172679
88183465
88184998
88185792
88185875
88188678
88189329
88191282
88195292
88196689
88203589
88206624
88212438
88222771
88226216
88233114
88234209
88249457
88255235
88256789
88262420
88265798
88268906
88279598
88280658
88282307
88283800
88286328
88292672
88293812
88294729
88301859
88302304
88305689
88310371
88312176
88312341
88312908
88343275
88356121
88365101
88368484
88369968
88378770
88386086
88386616
88393257
88396172
88400022
88411909
88414410
88417489
88425562
88429336
88431107
88441991
88442210
88442981
88454528
88464392
88476010
88477009
88477600
88479500
88480340
88482183
88486537
88493084
88494641
88498348
88503872
88507593
88523033
88523472
88529664
88534018
88540049
88547482
88548168
88551942
88589472
88605621
88612674
88616392
88626268
88631574
88639186
88640677
88642329
88643882
88647788
88650051
88655500
88655712
88656419
88663047
88668320
88673323
88676756
88679811
88682601
88683788
88688742
88703430
88719435
88719777
88727832
88741432
88742413
88748242
88754380
88760869
88762513
88777124
88777230
88780320
88785290
88798224
88805427
88806209
88810258
88822880
88832004
88846976
88867955
88870182
88875845
88879584
88879704
88881166
88884404
88885656
88887494
88891008
88892042
88900396
88903958
88904354
88905777
88934492
88935080
88937012
88947713
88959168
88968768
88998136
88998957
88999620
89015427
89055552
89069856
89163161
89164260
89167080
89169473
89170821
89172656
89174286
89178339
89179722
89180697
89183568
89184517
89191554
89195762
89197361
89198716
89201285
89203554
89204136
89204892
89211975
89215780
89217608
89218081
89221202
89223824
89227926
89241668
89262017
89264937
89265508
89266707
89268696
89269294
89271817
89277198
89278914
89279656
89284786
89287300
89291024
89293370
89293847
89297602
89303233
89307170
89325739
89351682
89362760
89375489
89383048
89392748
89393351
89394473
89395952
89396487
89401953
89402530
89404564
89405732
89407956
89412418
89415833
89418824
89424651
89425950
89432424
89444452
89453064
89457037
89460763
89466416
89473697
89482497
89499651
89506836
89522485
89529473
89560088
89579525
89589968
89590820
89604676
89620754
89655914
89656380
89658246
89662003
89663376
89665876
89666849
89669124
89670568
89672385
89673811
89674794
89679170
89686605
89705736
89718997
89720644
89726991
89737986
89738372
89752880
89755746
89758224
89784438
89786800
89789832
89791568
89800733
89829385
89835526
89856010
89859089
89882661
89915738
89944112
89949572
89956513
89965633
89984018
90001420
90013834
90049154
90055208
90059010
90079764
90112073
90213170
90213895
90214865
90219292
90219972
90222757
90224264
90225921
90227650
90229096
90230844
90232338
90236080
90244302
90245857
90248802
90250536
90251721
90254148
90255507
90260088
90260786
90261774
90264740
90265737
90272848
90276139
90295426
90310260
90311564
90313255
90315081
90317744
90318530
90318919
90326073
90329985
90331426
90332680
90335284
90337604
90341485
90342817
90349595
90360208
90360897
90374485
90388513
90408580
90411568
90413316
90441192
90444682
90445473
90446108
90448102
90449427
90451210
90456467
90458352
90459714
90464852
90466625
90470532
90473013
90475204
90477762
90479652
90488847
90506006
90506269
90509680
90515560
90520080
90550282
90556433
90571354
90596624
90609682
90612748
90640546
90653064
90660930
90669577
90703651
90703993
90705546
90706788
90707097
90712872
90713680
90715205
90716801
90718437
90722736
90726478
90729506
90734774
90763780
90767770
90769431
90776226
90788385
90796290
90801345
90808904
90817576
90833099
90837022
90842884
90850120
90858632
90868756
90886147
90908696
90915845
90931282
90964621
90971208
90999120
91005698
91009168
91034630
91054089
91062533
91097188
91098625
91111713
91127850
91160724
91227317
91228758
91230522
91232017
91234955
91235427
91236742
91242829
91245100
91246808
91259996
91260578
91273240
91281474
91296161
91296270
91317260
91318785
91325320
91327808
91333650
91364358
91368592
91373703
91373936
91390275
91422948
91427849
91435584
91457576
91490355
91491144
91501608
91516931
91521196
91554385
91607296
91620130
91637376
91639828
91662848
91693316
91758873
91759300
91769873
91772164
91783792
91793413
91808032
91816230
91865232
91882136
91919392
91965504
92012993
92018848
92030986
92049921
92087424
92144706
92280493
92281949
92284634
92285781
92289079
92293483
92294287
92295606
92300571
92303902
92311156
92311783
92320060
92321093
92324700
92327745
92329200
92342990
92353418
92355280
92357427
92357966
92362322
92363560
92378514
92382223
92382420
92383877
92393642
92403730
92408281
92412487
92414631
92423397
92428937
92432040
92432836
92439020
92439131
92446081
92448326
92450930
92451468
92456138
92456241
92457636
92459331
92464156
92476439
92476970
92480690
92490021
92491881
92498953
92504873
92506390
92511268
92514401
92517889
92538291
92543794
92544420
92545660
92548706
92562067
92563636
92569903
92570353
92572777
92573318
92575568
92578988
92584132
92588344
92589075
92594513
92594730
92603037
92603238
92608131
92608856
92609061
92609550
92613026
92619942
92620553
92621393
92631152
92651591
92656928
92673321
92678482
92683284
92687124
92688411
92688773
92709017
92727872
92733908
92741707
92743440
92755088
92762370
92766371
92770912
92784650
92800910
92802233
92803449
92810538
92813185
92824009
92828002
92837524
92841509
92842014
92842761
92850762
92855301
92864855
92865464
92867973
92868184
92869926
92875084
92876963
92877588
92878873
92885704
92890658
92897522
92908610
92913709
92916098
92923016
92930238
92931011
92936404
92936483
92939617
92940952
92950280
92950705
92955026
92955212
92958727
92967182
92976288
92998163
93018432
93028998
93029824
93048852
93070921
93071562
93079581
93079666
93081940
93090826
93094789
93098138
93108752
93114916
93120772
93127740
93138560
93160012
93164553
93168416
93192810
93193749
93197512
93211713
93214760
93225304
93227232
93234194
93258033
93267973
93275008
93327300
93329904
93330538
93331089
93336290
93337926
93338153
93341601
93342930
93343020
93348712
93349268
93349443
93352120
93352709
93357598
93364643
93367346
93368469
93372786
93372814
93374541
93386272
93390193
93390951
93391689
93393039
93399574
93402377
93406266
93412736
93423763
93429961
93430042
93431680
93444609
93459288
93460749
93463252
93463315
93463691
93470775
93475924
93485152
93490243
93499840
93504193
93513985
93520973
93521460
93525216
93528121
93546640
93556232
93556817
93586649
93587114
93587739
93590581
93602508
93608458
93610070
93613824
93619556
93624364
93639812
93642976
93653680
93662288
93663761
93668960
93684930
93688070
93688456
93717788
93720970
93721110
93727784
93737760
93751586
93751825
93766032
93794436
93798936
93816900
93850278
93851147
93852069
93852220
93855837
93863104
93868314
93874309
93882421
93883154
93891168
93897223
93901890
93916960
93918018
93935650
93937926
93947139
93970512
93985664
93987240
93992456
93996184
94012460
94013008
94020356
94048801
94060611
94060708
94093576
94113870
94123268
94126181
94126219
94128576
94148865
94150694
94177384
94183576
94183745
94212144
94242956
94258210
94274689
94315010
94406552
94407214
94408018
94409633
94409806
94415746
94416164
94417961
94419272
94421609
94425796
94429235
94432784
94440340
94440729
94441708
94445959
94446817
94450249
94451010
94452872
94454256
94456482
94458375
94459156
94463556
94470741
94499073
94504051
94505832
94508848
94510722
94511338
94513569
94515292
94520102
94520980
94521491
94524993
94525514
94532644
94535894
94537757
94544720
94556936
94564496
94569114
94587984
94602344
94609698
94619138
94635813
94636483
94638873
94640298
94643140
94643568
94644281
94651918
94654920
94657168
94657794
94661125
94662817
94666874
94670871
94676353
94683554
94692418
94700075
94701256
94707742
94718148
94719016
94735365
94752792
94765229
94779912
94808070
94815241
94831937
94835460
94836865
94863412
94897890
94900690
94902088
94902407
94904945
94905628
94907538
94912732
94915172
94915888
94920997
94922920
94926913
94929227
94936098
94962445
94964065
94966896
94969345
94978075
94996644
95003024
95006788
95027605
95028239
95031972
95037986
95041796
95065105
95084554
95105042
95111180
95125641
95158582
95184004
95193633
95194376
95208072
95229972
95233027
95257106
95294032
95305922
95313968
95322181
95355146
95421739
95423117
95424853
95425731
95428790
95430406
95430764
95437402
95439256
95441457
95455495
95455952
95466768
95481862
95494227
95494824
95505411
95507528
95519330
95525152
95537172
95552932
95553049
95565841
95574532
95584568
95617921
95627274
95641920
95654018
95686812
95687010
95708184
95709314
95715971
95748428
95790112
95813872
95817280
95822853
95866944
95895585
95951884
95956001
95961134
95961921
95977924
95995040
95997961
96010417
96044548
96076358
96118912
96146688
96207656
96211986
96219776
96247880
96291328
96340240
96472808
96476001
96476323
96476948
96482212
96483730
96483916
96486882
96488792
96488997
96494544
96494697
96495238
96497866
96497969
96503220
96503347
96503895
96507147
96518840
96524436
96526861
96529600
96537004
96537750
96538986
96539033
96543259
96550432
96555093
96561194
96571932
96580680
96583734
96584458
96586336
96601245
96608614
96611589
96612395
96616572
96617285
96619034
96630144
96634696
96639256
96654376
96658208
96667845
96667915
96676736
96682126
96687620
96704578
96706828
96732995
96733906
96733966
96735294
96741517
96744530
96748821
96754784
96766369
96775681
96776323
96782208
96800192
96801476
96819460
96821324
96832272
96837681
96838210
96864295
96870485
96870962
96871648
96884866
96896548
96899148
96899248
96928838
96952833
96964865
96998097
96999514
97001671
97002153
97002550
97009935
97015305
97024768
97027161
97030260
97030285
97037584
97046976
97065184
97067376
97072272
97076273
97093688
97109252
97127942
97137248
97141410
97151042
97159299
97159492
97173601
97191192
97191553
97198280
97223714
97256841
97256986
97261344
97263891
97282081
97300520
97304721
97325442
97337640
97337862
97362052
97389712
97391107
97421832
97468496
97518934
97519802
97522251
97523238
97526061
97526988
97528600
97534613
97536113
97538435
97554489
97555268
97575953
97576996
97590296
97594626
97599772
97600194
97616336
97620997
97628320
97650766
97651361
97662017
97677324
97681574
97714792
97731872
97734674
97755664
97788336
97788423
97799174
97801744
97813080
97845539
97896576
97911684
97917248
97929225
97953024
97977480
98043027
98043240
98056195
98064520
98075425
98078336
98083850
98108044
98142273
98173265
98226688
98248736
98304226
98314260
98329152
98353410
98374720
98439204
98567757
98568501
98570902
98571660
98574682
98575928
98576593
98582699
98585347
98586726
98607246
98607457
98618380
98620545
98632743
98633552
98646022
98654256
98665252
98674697
98689664
98701587
98702024
98722819
98724104
98730641
98763202
98765984
98771988
98811972
98835473
98839620
98844761
98845348
98861382
98894008
98932224
98959969
98964490
98971936
99010592
99027458
99092898
99093020
99104258
99119128
99123432
99129920
99141650
99156547
99193096
99221804
99263552
99307648
99353488
99370304
99373061
99386416
99428608
99491969
100664318
100695070
100696000
100699311
100702875
100703563
100708958
100710714
100713789
100716109
100720983
100722325
100724918
100732507
100735326
100736186
100741431
100743830
100746895
100748587
100753597
100754765
100758101
100763094
100763497
100764138
100764469
100765933
100766642
100770548
100770699
100778618
100778949
100797758
100800695
100802134
100807325
100809045
100812123
100814490
100819535
100820139
100823341
100842636
100850737
100855046
100856920
100858371
100861173
100861866
100862706
100862861
100864619
100864980
100868570
100868965
100876777
100877110
100929175
100932189
100932917
100938063
100939949
100943038
100945238
100950331
100951642
100954763
100974086
100981912
100985891
100988172
100989009
101006403
101015052
101018769
101020710
101021976
101029668
101031441
101033570
101034209
101038156
101042640
101043334
101045128
101049400
101052675
101058157
101058514
101059019
101059444
101061093
101061434
101064950
101065641
101073642
101073813
101094856
101096579
101099396
101100322
101104152
101108321
101108780
101110000
101115153
101118022
101160033
101164240
101165448
101174020
101175842
101191005
101194031
101195405
101200059
101202507
101205591
101207221
101212830
101213494
101216602
101222117
101222298
101223030
101223369
101224917
101225322
101229042
101229357
101236971
101237684
101268753
101276742
101281304
101282947
101283884
101334072
101342467
101346380
101348881
101349510
101357168
101358630
101360872
101362116
101365905
101370754
101371160
101372705
101377091
101380620
101390209
101391628
101394224
101395048
101398563
101402852
101403729
101405122
101410310
101413016
101422276
101426562
101427969
101435952
101437544
101451252
101451563
101452026
101452709
101454569
101454742
101458549
101458890
101466573
101466994
101520610
101522520
101524929
101526416
101529862
101534504
101535235
101536356
101541004
101543985
101553552
101558024
101558820
101566562
101568705
101619458
101623329
101623920
101632200
101634436
101652008
101655652
101656770
101665153
101667600
101679134
101680064
101709824
101723463
101725779
101727395
101734041
101734588
101735768
101738798
101740166
101741873
101743180
101745913
101747696
101751206
101752609
101755957
101761567
101762467
101769656
101776450
101779615
101780844
101782332
101783921
101786600
101791002
101802339
101806544
101809665
101810491
101810894
101815776
101819558
101819729
101822210
101830833
101830988
101832464
101833256
101844964
101846865
101851199
101856070
101859790
101863016
101864525
101868376
101874832
101885454
101894236
101894279
101900489
101908829
101909159
101913891
101914200
101921985
101927224
101927494
101929824
101931208
101935492
101945514
101945682
101945925
101951840
101962758
101966881
101975327
101976679
101977804
101979106
101987032
101989252
101992131
101997078
102005800
102011955
102011996
102024293
102025497
102043188
102044807
102049843
102050318
102074017
102076693
102105523
102105694
102115660
102115971
102116450
102124480
102125905
102126220
102127152
102132260
102140429
102154600
102178064
102180672
102187301
102187593
102187666
102193155
102223896
102240351
102242993
102245267
102249126
102253537
102254252
102261986
102262923
102268164
102269111
102269788
102274360
102274691
102279072
102279459
102279820
102282337
102290640
102295652
102308626
102312028
102322457
102322702
102335781
102335818
102336148
102347788
102348930
102353312
102376583
102376729
102379914
102387763
102401067
102408898
102437296
102449242
102470673
102498681
102498959
102507697
102508102
102509280
102509954
102512385
102516902
102517336
102521224
102539434
102539572
102539849
102542360
102551044
102552224
102566724
102572182
102605827
102631593
102631762
102632084
102635200
102656017
102658120
102672390
102713356
102728840
102729793
102731812
102736400
102744322
102772019
102774105
102776465
102782556
102783630
102784300
102787239
102788675
102790328
102791494
102795234
102796664
102801567
102805859
102810407
102813124
102814998
102818156
102825480
102827071
102828499
102829894
102831073
102839116
102840930
102844241
102848587
102857860
102859087
102859449
102869286
102869585
102870401
102878048
102879544
102879814
102880456
102885570
102895903
102898392
102900345
102904515
102908912
102909638
102918017
102918677
102923298
102933564
102934035
102937125
102944921
102957500
102957655
102966595
102966936
102968256
102968865
102970480
102975820
102976131
102980132
102992169
102992458
102992532
102995776
103016472
103018756
103024540
103025640
103029411
103030000
103034010
103039071
103040689
103047852
103054593
103064647
103074062
103074323
103080724
103093401
103093518
103105938
103106620
103123030
103137700
103154030
103154331
103158956
103159377
103163616
103164081
103164486
103167376
103175944
103180674
103187605
103195457
103227562
103227732
103228037
103230476
103238722
103240384
103262211
103287327
103288230
103289070
103291320
103293924
103298093
103309745
103314216
103316560
103317822
103318227
103322801
103322956
103331600
103336108
103336259
103338464
103340804
103344674
103353546
103355923
103360583
103360665
103390248
103392608
103399602
103399764
103400009
103405585
103422057
103426318
103436348
103436359
103453352
103465229
103483746
103490059
103532550
103547069
103547719
103552928
103556408
103556739
103558241
103567654
103568024
103568488
103569604
103584041
103584082
103584389
103590304
103601155
103605392
103614160
103616570
103665676
103679154
103679269
103679562
103691270
103692801
103697056
103715864
103752721
103777796
103778576
103780482
103784520
103792673
103815120
103819105
103819746
103821192
103822564
103828388
103830248
103831330
103832001
103836272
103842277
103843373
103844619
103848105
103850550
103854420
103856832
103859380
103859529
103869728
103875442
103875979
103879062
103881002
103881300
103882965
103890240
103892554
103899444
103900832
103910498
103926021
103941065
103941690
103943498
103944309
103946885
103947680
103956587
103964997
103965322
103970368
103974193
103978088
103983876
103988225
103991688
103993540
104015954
104018704
104071924
104074005
104074405
104074834
104075661
104084037
104088346
104095360
104095922
104100192
104106630
104109249
104113264
104114721
104124816
104134660
104141144
104146114
104147044
104155682
104157956
104166416
104172688
104181794
104194113
104211977
104219856
104241232
104247432
104252676
104334250
104335565
104336681
104341722
104345906
104346249
104349814
104351378
104353600
104364192
104386602
104391044
104404744
104407203
104408464
104417384
104419888
104426498
104470049
104474370
104475009
104481356
104483010
104487944
104500356
104503554
104522241
104533520
104542248
104547585
104600724
104602152
104667202
104678436
104686088
104869049
104871228
104873560
104879438
104880711
104881318
104884883
104885585
104887948
104888611
104894527
104897356
104899036
104903505
104907752
104908611
104916592
104917082
104922241
104924782
104926180
104930001
104931208
104934925
104939807
104941272
104948422
104954928
104956327
104956509
104961368
104961670
104966080
104966467
104966808
104969768
104977508
104983073
104990815
104992419
104993671
104995500
104997858
105002134
105013944
105017572
105020680
105027988
105031719
105042062
105042195
105054579
105054878
105060064
105063596
105064017
105065872
105074851
105075276
105076100
105077506
105088178
105088325
105088649
105100291
105101392
105106112
105121761
105123244
105128479
105132465
105136371
105140002
105141291
105144742
105151556
105161817
105161870
105165010
105173532
105194771
105203751
105203801
105209962
105219610
105226608
105250991
105251673
105256230
105256600
105264232
105269553
105269894
105272224
105273442
105277633
105288388
105300022
105320628
105320745
105321042
105327264
105337873
105342472
105354252
105383071
105384761
105385315
105386992
105394534
105396673
105399672
105404693
105414146
105415003
105415342
105424177
105424460
105425760
105426128
105428360
105433382
105433681
105437378
105452583
105453084
105465385
105465998
105488682
105488978
105489029
105491462
105499905
105501504
105516805
105518169
105523475
105523740
105548193
105554005
105580360
105582733
105620504
105644343
105644764
105654435
105654616
105655856
105662944
105664684
105664835
105666308
105671425
105679028
105679173
105679434
105682272
105703436
105705506
105711883
105726626
105752593
105782404
105784736
105791786
105791828
105792137
105797656
105826307
105861126
105874498
105875496
105878017
105881860
105889936
105909790
105912603
105918607
105923639
105930845
105946258
105948707
105953801
105958441
105977233
105986324
105997460
106000425
106005519
106008136
106008788
106009354
106012773
106013074
106044458
106056980
106057848
106062922
106073347
106075300
106076678
106078448
106079112
106082380
106087216
106087505
106103913
106104594
106106903
106115716
106119365
106119722
106137626
106176005
106182730
106187532
106197253
106203010
106204198
106207372
106211920
106213656
106217921
106218082
106225713
106235108
106235688
106236360
106240536
106246225
106251782
106254640
106258563
106266777
106301829
106302002
106303689
106304276
106315803
106316962
106332430
106373133
106397731
106402176
106440902
106450002
106456581
106459282
106464372
106465033
106465674
106465829
106471454
106488144
106498672
106498945
106499352
106500321
106505864
106508547
106513484
106520614
106545173
106564657
106566084
106566434
106567811
106570340
106579480
106580296
106586252
106594835
106627132
106659974
106661408
106694685
106699041
106700914
106701193
106709194
106709556
106729483
106758215
106791436
106799296
106824726
106856536
106859264
106889489
106905696
106960744
106964464
106965921
106966628
106968962
106973922
106976196
106976481
106978096
106981832
106988404
106988749
106990885
106992026
106994258
106995360
107004309
107012402
107012677
107017536
107021258
107022458
107023689
107024018
107024950
107032914
107036781
107044416
107045513
107049376
107062356
107071240
107086565
107088662
107089076
107094797
107098281
107098708
107102603
107103817
107105632
107117184
107123920
107127905
107129392
107135302
107137793
107142148
107157002
107157700
107217842
107218134
107219061
107223700
107225291
107229482
107232064
107234612
107234954
107244704
107250872
107255172
107260002
107265040
107268644
107270914
107285059
107288336
107292040
107292880
107303464
107313154
107321608
107328004
107332642
107368581
107373090
107384322
107386913
107405392
107479529
107480629
107483691
107485349
107485514
107488026
107494688
107496773
107503786
107505344
107522313
107524208
107548972
107554561
107555202
107563201
107565154
107574280
107615332
107618961
107619880
107628932
107630792
107637761
107646024
107655300
107660336
107682049
107693186
107700292
107744656
107759666
107810312
107819137
107831568
108036458
108041796
108042261
108044371
108046500
108056868
108069701
108070425
108078370
108087618
108089986
108093466
108135122
108137485
108138652
108139841
108145217
108152993
108193794
108249160
108266153
108275344
108276016
108277782
108281902
108286544
108319752
108342273
108364336
108429412
108464644
108528052
108529927
108532904
108537160
108545035
108546696
108615684
108630288
108672016
108691649
108724616
108823585
108856066
108929154
109063836
109065390
109067596
109073703
109074771
109076099
109079129
109079864
109082182
109082801
109087007
109088465
109089395
109091526
109093857
109098507
109109964
109114242
109116452
109119472
109121190
109125727
109130424
109134745
109137121
109139093
109142691
109149442
109150588
109150871
109155491
109155916
109163908
109168824
109169219
109171424
109173121
109177616
109184543
109185276
109186481
109188072
109195683
109198128
109200812
109205562
109214785
109218930
109221148
109226041
109226062
109248699
109249358
109259052
109259409
109259976
109267872
109269297
109269638
109270114
109275248
109288962
109291168
109297829
109297962
109298260
109303820
109318303
109320550
109323054
109326712
109331428
109331825
109340104
109340941
109346320
109353514
109357203
109367353
109367815
109389084
109389319
109392649
109400142
109417282
109428875
109445437
109445831
109454520
109454662
109455840
109457160
109458980
109463715
109463896
109468417
109480624
109486362
109513010
109513029
109513354
109516192
109537286
109539457
109561873
109577671
109579234
109583192
109583972
109587542
109592639
109594444
109601603
109608072
109609401
109609551
109615040
109618520
109618822
109620776
109629766
109630097
109631010
109631585
109651001
109660307
109660444
109666693
109678772
109678921
109679242
109685440
109696024
109700164
109712462
109712531
109724884
109726215
109741412
109744662
109774901
109789889
109826051
109838686
109839027
109843756
109844035
109848416
109848881
109849164
109851844
109860226
109865168
109872434
109872724
109872777
109884433
109885704
109890368
109904973
109912488
109941766
109977765
109977929
109978194
109980675
109988912
109990240
110011404
110045208
110068993
110069892
110071888
110075938
110084616
110103611
110107151
110113053
110117982
110125207
110139142
110148114
110159122
110161989
110173257
110186002
110186691
110191753
110200005
110200362
110202910
110211376
110215273
110215572
110238772
110246025
110250545
110260756
110265808
110265953
110267265
110270499
110276742
110281784
110285384
110289164
110299242
110299924
110301573
110301746
110313487
110314824
110338069
110373272
110382218
110388276
110391562
110397666
110398244
110398979
110399940
110404904
110408204
110412945
110420056
110431302
110432872
110433168
110434572
110436592
110445603
110447236
110453009
110461011
110495767
110500420
110502090
110502661
110510194
110510473
110526620
110560282
110592518
110608576
110632202
110634092
110639141
110644293
110658589
110660769
110662034
110662185
110665940
110666506
110693900
110695760
110696504
110698946
110699297
110702737
110707298
110707846
110725131
110757672
110759000
110762257
110766256
110768643
110772456
110773124
110780486
110788871
110821913
110854220
110859008
110888146
110888485
110889076
110889737
110895131
110912130
110936086
110952494
110985496
110986336
111022093
111050801
111059328
111083651
111086112
111152207
111155261
111161879
111166619
111173918
111189125
111201322
111202700
111207685
111221842
111229189
111233126
111243314
111249609
111249970
111251562
111252244
111263773
111265409
111291139
111299849
111305810
111309321
111316120
111317217
111317794
111319569
111321538
111330380
111331632
111337990
111347742
111351984
111354249
111354420
111362250
111362821
111379467
111418889
111420625
111425620
111430804
111447089
111449744
111450179
111452772
111453064
111456518
111460584
111461656
111478369
111479939
111483398
111487304
111489068
111493569
111493936
111501464
111509543
111543412
111543690
111544530
111544869
111550479
111567144
111575129
111611925
111640844
111642720
111679032
111687722
111699466
111702164
111707241
111707540
111710235
111718978
111722693
111723282
111740132
111740802
111741732
111745100
111751448
111756355
111759528
111763985
111779862
111806920
111807088
111807532
111809424
111814212
111816753
111822086
111829123
111837326
111870227
111902776
111919488
111936535
111938884
111939685
111940362
111944082
111944233
111970317
112001564
112033937
112038432
112082970
112099843
112100544
112132166
112141056
112198890
112200297
112200988
112202533
112203923
112206740
112209998
112214482
112215559
112222265
112247620
112251937
112265922
112285968
112297048
112298028
112300547
112337569
112355400
112387200
112398860
112402694
112410769
112443936
112461232
112471556
112512064
112532512
112591939
112592952
112607366
112658816
112726376
112735362
112755782
112763153
112771224
112802304
112824512
112881920
112986147
112988689
112992524
113018624
113123424
113251812
113256360
113257200
113257922
113260129
113265601
113267554
113268624
113268968
113273636
113279954
113281131
113282698
113287286
113291594
113291924
113295925
113296724
113298848
113310272
113312489
113313547
113314202
113318474
113320725
113324197
113326432
113329322
113329733
113340032
113365522
113369296
113378228
113378522
113381589
113383717
113384082
113385581
113392800
113394994
113402501
113403712
113415554
113418840
113419460
113429026
113431300
113437712
113446448
113461385
113508842
113510166
113511602
113513005
113514825
113516224
113525306
113533097
113533266
113538336
113547016
113550736
113551560
113557795
113559664
113564674
113575564
113579554
113584513
113589256
113592514
113594465
113609793
113612944
113631496
113649716
113652104
113675524
113684994
113689736
113771365
113772941
113773876
113774153
113774795
113783081
113787286
113794368
113795668
113799840
113808453
113810178
113838417
113841256
113845796
113847048
113856708
113866753
113905830
113910896
113912353
113920784
113922433
113931268
113940528
113952257
113959170
113970244
113979920
113991720
114042122
114050148
114104356
114110530
114115713
114296434
114297642
114297991
114299785
114301020
114303429
114307123
114311412
114312473
114319886
114332322
114340944
114377121
114382344
114394161
114401420
114409542
114428272
114448516
114473216
114492454
114493955
114495768
114528352
114565960
114583586
114618496
114648128
114692355
114696337
114704460
114770688
114820804
114830593
114854424
114856204
114860163
114904096
114918784
114957824
115082296
115083782
115097681
115122720
115214528
115376969
115379222
115380750
115381552
115386704
115395216
115409620
115418696
115419304
115421195
115425415
115429704
115475114
115476531
115480196
115483940
115491861
115493444
115520520
115581441
115605925
115610946
115611674
115613977
115616386
115626146
115664897
115692548
115704194
115770128
115803280
115868018
115868764
115877025
115886369
115888705
115892237
115944464
115968066
116021250
116032036
116064353
116179204
116195528
116265000
116393061
116394548
116396818
116400522
116408521
116449300
116460554
116535301
116556164
116558880
116671506
116687056
116693504
116719714
116732160
116922377
116982312
117006464
117048065
117064768
117452366
117454471
117456166
117462195
117463353
117464657
117467484
117468332
117470531
117471896
117474399
117476238
117477048
117478372
117486257
117487848
117491366
117495949
117505296
117510687
117512611
117514471
117518764
117523426
117523896
117532452
117532726
117537864
117539006
117539667
117548323
117548684
117549984
117550180
117552322
117557548
117557905
117561456
117573427
117574625
117578092
117579202
117583115
117588127
117589350
117596529
117603844
117609735
117610009
117622538
117622867
117637423
117637849
117642406
117642577
117646816
117647544
117647686
117651202
117659169
117664520
117678388
117678409
117678738
117681169
117689480
117690784
117704767
117706584
117707225
117709635
117711856
117716053
117728070
117731937
117734530
117738889
117740590
117745820
117745927
117774533
117778969
117788755
117788828
117803720
117809197
117834071
117834428
117839712
117843244
117843523
117845188
117854499
117854808
117855425
117856656
117867938
117870667
117900457
117900618
117900884
117912600
117913636
117918048
117941254
117966824
117968579
117973279
117977804
117981820
117985168
117986842
117990097
117996577
117997927
117998237
118007974
118008408
118009604
118016736
118018232
118018627
118019457
118024584
118039598
118039635
118042740
118051079
118065321
118065458
118065733
118068896
118089731
118092304
118105244
118114350
118114841
118121010
118130842
118145872
118162710
118170276
118204428
118227374
118227547
118232390
118232721
118240802
118245713
118246028
118248384
118250032
118253672
118266945
118269632
118276261
118276426
118276754
118282246
118296929
118309397
118343704
118362420
118362693
118362762
118369088
118379532
118383874
118411281
118428675
118457392
118458882
118460680
118464641
118472772
118494945
118499266
118500196
118500592
118503208
118508008
118510512
118511044
118512226
118516609
118522793
118524107
118525226
118525573
118526074
118534794
118538453
118545568
118546725
118551360
118555124
118557242
118558034
118563381
118567090
118567237
118571789
118572197
118574784
118585632
118592553
118593936
118621034
118621594
118622422
118626610
118628749
118633033
118635168
118637865
118638162
118648128
118655148
118658594
118662913
118663554
118673505
118683656
118706452
118710376
118752197
118752374
118755437
118757716
118758025
118759979
118767168
118769300
118776137
118777248
118788689
118793764
118795016
118802820
118804680
118813697
118822096
118825254
118826081
118835984
118837633
118844420
118856196
118867208
118874256
118886148
118900810
118918177
118927620
118940162
119014130
119014805
119017044
119018251
119019690
119020896
119030550
119038132
119038538
119043712
119055506
119064112
119084418
119088324
119089250
119095960
119097892
119102480
119145795
119150352
119154888
119159810
119162992
119165480
119183873
119189552
119194696
119213096
119216196
119234690
119286277
119288002
119344257
119353616
119358530
119540893
119543895
119550014
119555343
119562779
119577738
119585300
119589080
119599178
119613996
119623173
119628938
119631909
119638043
119642434
119644274
119644933
119652745
119652916
119675941
119678342
119683218
119688466
119702756
119704844
119707704
119712392
119713873
119718498
119718788
119726339
119735506
119736073
119736436
119736714
119742493
119759425
119771158
119805027
119814217
119825449
119828754
119834064
119834408
119835248
119838865
119845379
119850124
119853380
119857190
119867618
119868289
119868497
119870242
119874736
119877702
119883288
119890188
119898638
119931934
119934608
119935188
119935529
119939173
119939850
119963699
120012811
120029336
120037920
120069396
120081481
120083217
120088084
120096874
120097157
120099017
120099378
120111127
120112420
120130819
120132036
120132200
120133670
120136584
120145041
120146512
120152120
120161293
120196166
120198440
120199308
120201456
120202017
120205848
120209857
120210947
120225884
120258695
120291857
120293568
120325317
120325906
120328207
120336552
120340884
120341034
120365082
120389913
120422467
120439552
120457237
120488198
120492128
120520748
120522112
120619442
120628385
120629569
120631309
120635676
120640129
120652137
120653902
120657200
120661584
120669206
120670384
120718164
120723080
120723467
120726023
120727848
120738120
120771600
120816898
120849098
120849555
120857924
120867396
120869028
120872981
120892418
120936456
120946884
121012609
121049153
121111205
121113626
121114681
121116226
121121410
121129250
121189377
121217060
121268228
121275144
121307682
121407624
121438320
121520656
121638167
121641118
121647195
121652765
121659439
121677937
121687092
121693449
121696340
121707604
121710360
121714954
121720330
121734538
121734693
121735378
121735945
121741335
121757860
121771212
121780357
121791557
121795082
121801160
121801508
121801862
121803368
121808208
121811096
121816099
121823761
121832475
121834786
121835621
121835922
121839828
121840169
121880589
121904658
121916549
121917990
121922610
121933324
121934049
121934736
121935960
121938721
121947398
121948328
121954371
121965720
121968200
121968913
121971138
121971300
121974819
121979780
121979948
121995548
122029460
122029610
122032157
122040641
122044521
122045202
122061319
122095638
122126417
122128128
122166537
122173490
122177923
122187913
122193935
122198664
122200266
122200628
122208370
122209029
122226128
122228241
122230851
122235172
122237062
122241256
122241840
122249740
122261530
122291809
122292098
122292450
122296582
122302508
122307857
122311312
122314840
122323001
122355790
122388739
122396768
122423497
122424084
122425450
122425733
122437662
122439248
122455061
122486931
122519590
122521984
122560523
122585228
122602016
122618392
122622144
122685236
122686354
122686553
122687946
122689575
122691817
122696220
122700389
122700942
122708243
122717537
122727560
122753872
122762276
122784006
122785923
122789976
122831560
122836226
122867200
122881548
122888259
122896433
122913984
122948260
122968129
122985728
123025536
123078161
123078936
123080838
123146784
123216290
123234832
123241990
123242769
123256876
123301952
123314944
123364384
123474072
123478092
123486243
123504736
123617664
123733893
123734484
123735086
123736306
123738649
123740778
123744519
123749161
123749459
123756700
123773648
123791620
123799208
123808834
123831569
123832460
123847171
123867556
123876865
123924512
123930769
123932760
123936806
123969920
124010850
124015760
124052992
124079360
124126467
124133432
124142092
124191840
124259137
124278824
124293190
124297251
124305944
124329088
124357152
124401728
124519692
124520582
124522577
124567744
124654336
124782346
124782985
124784837
124788852
124797490
124830725
124852242
124936201
124944929
124950656
125045780
125076228
125087808
125108624
125132832
125317130
125370562
125388288
125436008
125439232
125835170
125839076
125840328
125841185
125842896
125848432
125850081
125851240
125852548
125855970
125862634
125863693
125866778
125868210
125868617
125870486
125877888
125879465
125887058
125887840
125895589
125895787
125898377
125898966
125901108
125902656
125911245
125919529
125919892
125924512
125937802
125940260
125960690
125962806
125963434
125963604
125965077
125972660
125977131
125984032
125985098
125989568
125997699
126002568
126003408
126011496
126014000
126022658
126034981
126043522
126092137
126093717
126094917
126099851
126103845
126104138
126107866
126108970
126111392
126122304
126129697
126132556
126134018
126142657
126144610
126151688
126162020
126166568
126167812
126173361
126175624
126180353
126192674
126201921
126207492
126227730
126228592
126261384
126272592
126279713
126354388
126354549
126356013
126359877
126361722
126366354
126368160
126371154
126371461
126381632
126389448
126405140
126420550
126424257
126429744
126434308
126438145
126439824
126486840
126489988
126493890
126494820
126505730
126515216
126520578
126529608
126541956
126556290
126562561
126567952
126636105
126640912
126684432
126687752
126705700
126911156
126911527
126920264
126929544
126931240
126935051
126943658
126946325
126947603
126948996
126953636
126961988
127009125
127018274
127019586
127021082
127025241
127029410
127052804
127109168
127140690
127142428
127145281
127149697
127157261
127158561
127195152
127218690
127238913
127304232
127344904
127402697
127407280
127408150
127410318
127412560
127423056
127494152
127516801
127554561
127565922
127598800
127701506
127730052
127796292
127927753
127928549
127929875
127930996
127932686
127935282
127938713
127943562
127943740
127950919
127961512
127982082
128000356
128018561
128028721
128033304
128041222
128059202
128068656
128097344
128124044
128124995
128139544
128158464
128193217
128201992
128235552
128283136
128321612
128323622
128328209
128393408
128467632
128472132
128484483
128485457
128487468
128541952
128565344
128601216
128713880
128721414
128729347
128749952
128845344
128976084
128977010
128979498
128983817
128991621
129010697
129052692
129123338
129138888
129151488
129243141
129269857
129294592
129303076
129320064
129523730
129565456
129567808
129630594
129636384
130056901
130058393
130061890
130065570
130073626
130074946
130089650
130094369
130095117
130097212
130099777
130110081
130154921
130155790
130164368
130173104
130175312
130179094
130209793
130257028
130285940
130288651
130289735
130290856
130296104
130304584
130331652
130377744
130383976
130449602
130498594
130548554
130557252
130558596
130560021
130564627
130568484
130634754
130647560
130690056
130711952
130745092
130850896
130875937
130943233
131073577
131074821
131076500
131080402
131088490
131110922
131162117
131206162
131236610
131260480
131346441
131367304
131384352
131399873
131403264
131613716
131661924
131668224
131727920
131739776
132122002
132122826
132124777
132129317
132137748
132165650
132203529
132257812
132284528
132302080
132407306
132416034
132418688
132449032
132454464
132647941
132710785
132722720
132776132
132801024
133169182
133170112
133199872
133203472
133204036
133206273
133210152
133218434
133235972
133236769
133238920
133243394
133251152
133301377
133302792
133304386
133308688
133316644
133432392
133433602
133435440
133439620
133448193
133694498
133695632
133698052
133701697
133710088
134152192
