9199
16045
24500
32465
48790
53879
58479
63426
64417
79779
81690
83551
88190
89993
90363
94148
100591
102751
107071
113616
114088
143320
161676
163203
167007
176034
176254
178065
180477
181655
183086
183249
185948
186147
186610
187533
189131
189928
191545
192070
192869
193204
194842
204738
212741
213359
214761
216403
216726
217530
218053
219687
220460
222068
222987
223389
223714
226382
226481
227928
276456
278342
281213
287071
294296
296311
307084
310721
311088
328189
339857
342948
361931
363287
363496
366126
366417
366777
367814
369381
370100
371804
372259
373106
373402
375053
378509
380186
381347
383540
385862
387281
390248
395583
401313
402557
426607
427764
429417
429707
430493
431074
432723
433430
435002
436037
436430
436657
439335
439512
440876
476632
478001
480866
481419
484012
486469
487702
540130
541503
552850
556872
562301
567419
573187
575143
576846
577240
578025
578454
580125
580913
582483
583468
583924
584075
586810
586949
588386
592503
594111
605872
640482
641861
644619
645292
647857
650262
651608
655870
657019
661615
712576
722405
723787
723892
726551
726888
727260
728227
729183
729842
730522
732206
732753
733497
733837
735558
755398
757005
758225
760346
762659
764136
767028
790907
794576
801674
804281
805746
805773
808549
808730
809111
810216
811740
812486
814155
814644
815406
815779
817489
835710
853103
853690
855412
855749
856526
857009
858729
859403
860957
862050
862375
862680
865363
865452
866838
935633
937251
938420
940614
942952
944282
947213
951724
953176
955953
956613
959126
961634
962827
1033764
1034388
1034562
1036584
1041168
1043464
1060747
1062853
1064369
1067383
1089783
1097416
1124477
1129862
1131950
1133404
1133475
1136185
1136454
1136869
1137818
1139351
1140177
1141874
1142285
1143115
1143528
1145140
1148030
1148627
1150247
1150636
1151476
1151883
1153614
1154392
1155945
1156886
1157306
1157573
1160221
1160418
1161777
1179392
1184887
1194976
1230490
1232180
1233350
1235560
1237773
1239203
1242193
1279409
1280866
1283653
1284246
1286872
1289227
1290540
1311614
1313915
1323119
1324946
1328846
1330461
1330865
1331667
1332140
1333818
1334626
1336103
1337176
1337577
1337750
1340532
1340555
1342021
1361349
1362699
1365526
1366232
1368802
1371180
1372465
1392703
1442015
1443314
1444709
1444762
1447499
1447732
1448110
1449169
1450681
1451405
1453079
1453672
1454428
1454790
1456419
1509027
1510726
1511912
1513997
1516369
1517748
1520666
1556582
1556882
1559300
1559569
1561098
1562784
1565217
1577567
1580968
1582143
1607132
1608505
1608646
1611378
1611533
1611979
1612980
1614510
1615267
1616997
1617434
1618199
1618641
1620328
1656500
1658216
1659277
1661521
1663770
1665222
1668131
1705629
1707322
1707746
1708455
1709016
1710708
1711429
1712974
1713969
1714387
1714604
1717353
1717398
1718795
1721739
1723158
1725996
1726641
1729221
1731672
1732962
1818737
1819044
1819464
1821730
1824272
1824836
1829504
1830921
1869544
1871185
1872282
1874467
1876788
1878157
1881158
1901974
1903404
1906264
1906914
1909387
1911857
1913157
1951362
1952280
1958147
1958992
2015884
2016034
2019589
2020448
2021394
2025537
2048090
2049328
2049545
2050656
2052230
2056337
2056460
2065072
2066570
2066721
2069507
2077056
2101751
2116503
2116585
2126999
2127081
2137373
2137458
2142877
2142962
2156145
2156839
2156892
2170030
2170067
2172718
2172755
2183965
2184050
2193451
2197918
2206283
2206324
2219332
2222888
2224836
2234170
2234213
2238906
2238949
2251851
2251892
2255411
2264629
2270382
2270419
2281905
2296505
2296526
2306659
2311587
2333896
2336584
2337413
2343372
2368935
2368988
2374183
2374236
2379310
2379347
2381133
2393913
2393934
2394806
2412384
2418058
2423306
2425814
2431290
2431333
2448200
2448560
2451248
2470934
2474135
2474217
2476929
2477093
2478659
2482457
2487425
2493628
2495127
2495209
2509762
2514456
2520258
2535732
2543946
2561801
2562768
2566537
2573845
2574606
2576612
2580519
2580572
2581892
2587140
2601033
2625227
2625268
2636107
2636148
2639701
2650681
2650702
2655162
2655205
2663769
2676945
2691814
2695575
2695657
2706328
2716452
2716824
2723489
2728844
2734369
2737198
2737235
2738738
2740487
2743426
2744522
2746114
2762279
2762332
2765034
2772620
2782738
2783500
2791174
2795145
2795910
2805902
2821474
2830208
2835740
2851668
2852024
2854941
2855026
2858256
2861075
2863760
2888519
2888861
2888946
2910405
2918275
2923816
2929320
2934954
2960454
2975800
2991145
3020426
3024273
3029521
3031354
3031397
3031718
3036960
3037225
3040368
3041696
3047890
3049547
3049588
3051200
3052620
3056225
3062080
3083289
3150777
3150798
3157561
3157582
3168527
3171642
3171685
3181719
3181801
3187162
3197860
3206466
3208356
3221787
3223719
3223772
3229323
3249690
3262052
3282156
3291165
3291250
3299152
3303888
3308550
3316995
3321028
3322499
3326521
3326542
3327305
3328156
3330952
3337736
3338282
3347348
3354132
3356865
3359956
3375418
3375461
3375782
3381024
3381289
3384432
3385760
3410379
3410420
3415085
3433101
3444130
3445697
3452481
3457876
3458232
3461149
3461234
3464464
3467283
3469968
3479953
3483104
3488352
3490544
3511393
3547948
3564114
3580227
3605550
3605587
3607090
3608839
3611778
3612874
3614466
3675438
3675475
3679480
3691426
3698210
3699988
3709528
3725350
3742853
3745541
3748272
3752402
3754059
3754100
3755712
3757132
3760737
3766592
3772965
3804008
3817623
3817705
3820417
3820581
3822147
3825945
3830913
3836423
3868949
3935890
3937697
3946770
3956914
3966485
3967246
3969252
3973159
3973212
3974532
3979780
3998265
3998286
3999049
3999900
4002696
4009480
4010026
4064019
4161558
4161640
4197243
4200062
4204798
4206973
4218041
4218062
4220729
4220750
4232983
4233065
4237719
4237801
4246202
4246245
4256271
4269469
4269554
4274717
4274802
4277210
4282647
4282729
4295921
4297383
4297436
4314916
4315842
4319652
4329134
4329171
4340014
4340051
4346523
4350375
4350428
4367901
4367986
4370603
4377867
4395806
4396235
4396276
4418586
4429480
4433348
4438596
4443236
4461498
4461541
4468282
4468325
4483436
4485277
4485362
4494515
4503627
4503668
4510672
4517456
4520070
4524462
4524499
4529205
4544964
4547971
4553219
4563761
4572217
4572238
4573769
4575516
4578440
4579498
4581128
4592953
4592974
4596963
4611220
4613908
4616641
4623139
4639060
4656840
4658565
4667720
4670010
4670053
4670758
4671728
4674464
4681248
4681769
4686668
4721575
4721628
4732071
4732124
4739915
4739956
4749357
4758574
4758611
4762189
4769165
4787769
4787790
4789558
4807458
4807873
4810561
4819850
4824672
4830346
4834900
4835640
4837523
4841501
4841586
4842896
4848144
4851542
4862522
4862565
4869088
4879121
4879584
4886192
4896328
4897072
4900208
4925590
4941921
4948247
4948329
4948633
4953857
4954149
4957251
4958593
4987196
4990231
4990313
4998828
5011328
5019458
5024194
5028888
5031122
5055156
5063363
5087818
5116809
5123593
5125456
5128650
5130286
5130323
5131906
5133362
5136903
5142786
5144743
5144796
5147524
5147669
5149198
5153124
5158020
5185737
5250379
5250420
5255883
5255924
5261816
5270062
5270099
5279317
5285049
5285070
5299362
5302050
5302932
5310266
5310309
5311193
5338200
5353809
5369894
5374871
5374953
5383526
5394053
5399472
5404933
5412632
5416612
5417368
5423954
5424353
5427275
5427316
5430592
5433420
5436096
5441420
5446945
5452449
5465125
5472714
5474350
5474387
5475970
5477426
5480967
5486850
5508263
5508316
5513706
5527144
5545228
5549202
5550732
5554455
5554537
5554841
5560065
5560357
5563459
5564801
5574025
5575558
5582342
5592071
5611790
5642850
5657109
5671452
5703252
5703992
5705875
5709853
5709938
5711248
5716496
5776967
5777693
5777778
5790994
5794593
5796498
5804485
5816754
5836547
5842344
5847592
5849255
5849308
5852036
5852181
5853710
5857636
5862532
5869866
5904582
5915705
5915726
5917257
5919004
5921928
5922986
5924616
5935288
5965993
6032273
6040842
6042769
6047251
6062650
6062693
6063398
6064368
6067104
6073888
6074409
6095698
6096097
6099019
6099060
6102336
6105164
6107840
6144044
6166553
6292159
6292847
6299585
6303622
6309872
6315302
6320806
6331620
6334308
6336910
6341482
6342215
6343065
6343731
6346829
6349014
6352995
6362956
6367692
6372449
6376852
6377249
6380200
6381136
6382734
6384450
6387205
6390264
6390582
6391385
6392892
6396010
6398125
6402579
6408725
6409738
6411537
6415584
6426396
6432201
6437449
6440723
6443405
6443490
6450189
6450274
6451796
6457226
6458832
6461061
6461793
6464404
6466216
6468418
6474544
6480172
6480209
6485040
6488475
6488903
6489645
6491314
6494293
6496486
6500367
6506136
6509590
6509672
6517016
6521554
6521761
6527244
6530322
6541833
6545954
6557337
6562755
6568217
6570956
6575627
6575668
6576466
6580363
6580404
6586493
6589228
6589265
6589642
6594994
6599724
6599761
6603173
6604902
6624720
6625925
6628892
6630568
6631841
6632202
6633666
6635851
6635892
6644818
6655238
6660742
6662170
6662213
6682656
6685141
6686298
6687857
6689574
6690924
6693112
6697011
6701865
6705241
6718733
6718818
6721923
6728707
6735044
6742600
6754474
6760001
6760738
6762644
6773761
6784145
6785188
6820755
6827539
6830264
6835335
6838666
6841256
6842050
6843156
6844880
6845729
6849969
6849990
6855217
6855238
6858282
6861001
6865547
6865588
6870540
6875276
6884634
6884677
6886185
6890138
6890181
6895654
6898857
6901818
6901861
6914668
6926420
6931392
6949315
6952656
6953733
6954536
6958241
6960394
6962196
6963741
6963826
6965460
6981930
6987833
6987854
6997154
7000388
7006721
7014947
7015000
7018720
7021408
7031049
7033474
7038020
7048708
7078315
7078686
7079501
7081014
7084047
7087332
7090266
7095745
7098545
7098566
7100993
7111707
7118997
7131426
7135762
7146288
7151916
7151953
7156784
7162002
7165188
7168521
7178377
7180616
7211416
7214117
7216194
7219748
7237768
7243536
7278866
7279172
7323696
7343026
7347719
7353522
7356830
7357237
7359574
7362620
7364844
7366217
7368731
7377776
7379368
7383746
7384340
7386657
7387269
7388170
7394054
7394441
7399465
7403600
7407254
7407336
7408037
7412761
7418134
7418216
7419776
7423245
7423330
7426435
7433219
7439809
7442609
7442630
7445057
7456968
7457042
7474788
7477411
7477464
7480099
7480152
7480469
7489066
7495734
7504935
7504988
7508245
7528834
7536845
7539786
7555396
7557668
7581832
7604101
7606082
7607690
7609108
7612112
7613729
7615032
7621155
7621208
7624928
7627616
7635118
7635155
7639626
7654916
7669783
7669865
7676453
7685284
7688722
7694600
7703184
7704868
7709768
7733899
7733940
7738892
7743628
7750802
7751953
7768392
7771296
7774737
7799744
7847939
7864793
7865190
7865969
7867435
7870796
7872739
7876661
7883952
7885512
7889226
7889285
7898776
7902230
7902312
7909656
7922244
7922705
7930163
7936082
7948048
7964834
7971876
7998726
8004230
8005658
8005701
8026144
8030353
8032802
8037696
8065553
8070153
8127828
8128296
8129220
8139267
8145188
8147209
8166401
8200578
8245376
8258760
8266786
8366080
8390391
8392061
8394975
8414667
8414708
8419915
8419956
8425145
8425166
8436025
8436046
8442744
8443054
8443091
8459159
8459241
8465943
8466025
8473017
8473038
8477781
8492346
8492389
8496271
8507042
8508820
8517922
8522653
8522738
8533149
8533234
8539706
8539749
8541529
8554330
8565271
8565353
8579288
8591729
8594727
8594780
8610513
8623012
8629796
8631618
8642726
8658222
8658259
8663726
8663763
8668951
8669033
8669926
8684455
8684508
8693019
8701872
8707333
8712837
8719517
8719602
8724907
8736164
8737688
8744472
8755723
8757120
8767058
8767841
8769740
8773707
8773748
8775104
8780352
8791582
8792395
8792436
8802060
8807841
8813089
8820890
8833189
8850372
8858920
8860868
8864586
8864903
8867886
8867923
8871170
8874034
8876674
8886372
8920250
8920293
8922938
8922981
8930282
8935719
8935772
8950508
8954269
8954354
8973416
8988979
8990923
8990964
9001362
9004428
9009676
9018576
9021264
9023878
9028119
9028201
9028889
9029827
9032577
9039361
9039909
9048878
9048915
9058357
9067273
9067654
9070342
9079683
9089860
9090179
9103367
9111217
9126542
9142698
9144377
9144398
9145992
9147465
9151004
9156872
9177571
9185849
9185870
9204834
9211540
9216961
9222420
9233429
9246243
9262108
9278036
9313608
9317125
9319112
9322653
9322738
9325456
9325652
9327160
9330963
9335952
9339962
9340005
9341478
9343344
9346208
9347241
9348896
9373260
9420835
9443111
9443164
9447847
9447900
9456839
9458333
9458418
9479755
9479796
9482413
9492129
9495954
9501202
9508045
9517102
9517139
9528133
9538317
9552690
9575481
9575502
9579062
9587624
9592323
9598120
9604801
9614882
9615681
9617703
9617756
9618148
9623300
9623573
9626638
9628036
9639690
9644426
9649248
9658922
9666717
9666802
9669520
9669716
9671224
9675027
9680016
9702998
9708730
9708773
9728326
9738080
9741969
9742816
9748906
9750585
9750606
9752200
9753673
9757212
9763080
9772336
9776328
9777840
9789752
9800304
9834902
9851177
9867489
9896471
9896553
9897241
9898179
9900929
9907713
9908261
9964183
9964265
9974332
9983761
9984650
9988497
9997612
10006400
10013715
10032066
10038850
10041496
10044474
10044517
10045990
10047856
10050720
10051753
10053408
10062162
10094004
10110546
10111329
10113228
10117195
10117236
10118592
10123840
10126659
10159306
10230921
10233609
10234576
10252313
10257226
10257543
10260526
10260563
10263810
10266674
10269314
10289447
10289500
10289892
10295044
10295317
10298382
10299780
10355145
10490491
10495102
10497953
10501826
10509468
10512156
10513066
10524483
10525349
10529219
10535007
10536742
10537712
10539418
10539461
10546202
10546245
10550656
10557140
10560952
10566200
10568643
10569073
10570348
10571958
10572845
10576143
10577973
10586915
10586968
10588814
10592740
10597411
10597464
10600764
10601113
10620551
10622410
10631431
10635204
10639010
10640072
10640146
10641813
10647049
10647716
10650317
10650965
10652246
10654822
10658078
10659953
10662072
10667147
10667188
10669345
10674849
10685707
10685748
10687713
10691211
10691252
10696780
10700954
10700997
10703312
10710096
10719379
10723399
10733068
10737670
10753008
10759792
10761513
10767816
10771236
10773394
10775305
10775842
10776788
10779665
10784145
10786212
10786441
10788420
10790562
10793416
10795090
10797626
10797669
10809382
10814186
10814828
10816030
10817753
10820615
10821978
10823779
10832147
10839555
10840388
10842280
10850609
10850630
10852500
10855188
10867976
10879095
10882633
10884380
10885297
10885318
10887985
10888006
10894208
10896441
10896462
10903753
10914570
10916387
10916440
10925066
10928518
10934337
10937872
10946680
10949682
10963616
10977729
10978912
11013006
11021589
11023502
11027158
11027802
11029019
11030776
11031623
11034934
11040865
11046674
11050058
11052740
11053713
11053860
11055881
11057314
11060648
11061517
11061602
11065896
11077576
11079210
11081105
11082148
11088658
11089220
11090953
11095572
11096393
11097378
11101377
11108519
11108572
11111524
11135248
11141859
11143024
11143740
11145389
11146267
11149645
11151403
11160800
11162212
11162257
11166090
11176368
11181061
11182642
11184712
11191064
11191873
11212354
11215894
11215976
11217090
11229232
11235331
11248897
11273113
11277846
11277928
11281731
11282582
11282664
11290245
11297324
11297361
11301125
11305239
11305321
11311129
11324422
11326272
11329688
11338891
11338932
11341089
11346593
11354592
11354886
11372056
11372930
11382880
11403791
11404582
11430402
11440772
11469196
11481112
11541857
11545426
11547361
11552428
11552465
11557938
11561479
11563308
11563345
11567795
11568504
11570716
11571434
11572239
11575595
11577446
11584611
11586121
11601705
11606472
11606674
11607588
11608994
11610820
11611281
11619082
11620899
11620952
11629578
11634309
11641388
11641425
11645189
11655264
11657392
11666341
11669265
11676834
11677000
11678089
11678994
11679300
11682226
11683886
11683923
11699138
11704600
11707417
11707684
11719872
11731788
11735115
11735156
11748912
11753729
11755660
11774466
11797191
11797811
11799093
11800764
11801685
11805070
11806809
11818562
11822102
11822184
11823298
11830476
11834124
11834514
11843617
11855105
11863888
11864230
11864713
11874822
11881537
11884556
11895192
11903107
11929000
11929869
11929954
11934248
11944769
11947140
11956272
11961862
11963440
12003600
12060045
12060130
12065293
12065378
12069176
12071059
12079134
12085324
12093594
12093637
12095952
12102736
12108547
12116102
12125715
12132381
12132466
12145284
12157792
12163075
12166280
12194097
12194118
12195988
12198676
12211464
12230880
12234764
12255619
12258316
12268064
12321009
12329316
12337968
12340248
12356256
12391616
12435461
12454915
12464193
12503296
12542976
12598147
12598668
12605234
12609970
12614663
12619632
12625318
12630566
12632556
12632862
12633653
12635337
12638294
12640411
12644412
12652260
12657550
12663140
12670402
12671636
12674672
12676257
12677509
12677928
12679306
12681686
12682858
12684359
12686105
12687411
12689635
12693581
12701865
12707334
12708105
12710096
12719052
12725836
12728545
12730494
12733718
12733800
12735269
12739222
12739304
12744729
12749198
12752578
12753684
12754465
12758149
12760360
12762192
12765709
12765794
12769411
12772099
12779949
12780408
12781110
12782681
12785724
12788883
12791914
12798785
12804401
12804422
12809281
12814816
12817429
12819466
12823057
12833096
12833298
12848073
12852764
12858569
12863139
12863192
12863893
12868708
12874019
12874072
12881427
12884109
12884194
12886797
12886882
12887252
12894390
12897322
12912532
12914442
12916136
12917584
12920514
12922117
12923489
12929063
12929116
12935701
12944044
12944081
12949040
12953776
12960642
12976614
12976923
12977735
12979245
12982578
12984463
12988501
12992845
12998730
13012248
13017752
13019158
13019240
13029956
13034532
13043026
13043489
13044370
13054476
13066632
13075618
13083657
13109187
13114649
13120153
13127120
13127429
13130401
13131330
13132984
13134602
13137428
13140031
13141836
13144459
13144500
13151243
13151284
13152850
13158112
13161507
13161560
13168992
13173682
13178412
13178449
13179210
13183148
13183185
13189422
13189459
13198410
13206309
13209702
13229060
13241500
13244840
13247393
13248138
13249360
13251010
13251845
13255845
13258775
13258857
13271627
13271668
13273298
13289764
13292168
13296658
13305222
13308058
13308101
13310470
13322440
13325584
13328932
13349024
13369848
13370197
13372506
13375601
13377715
13379110
13381740
13387019
13387060
13390220
13397004
13403689
13410393
13420818
13423121
13437453
13437538
13441155
13443843
13452433
13455944
13461792
13468872
13470020
13503681
13505186
13508906
13509012
13518656
13547521
13568273
13570340
13617664
13638803
13641491
13644216
13648355
13648729
13649510
13651057
13654059
13656245
13660748
13666216
13667778
13670036
13670663
13673424
13675169
13677322
13681354
13681541
13687088
13690184
13699889
13699910
13700266
13705673
13710385
13710406
13716760
13722264
13723670
13723752
13731083
13731124
13734284
13741068
13747396
13748369
13763994
13764037
13769242
13769285
13770624
13772329
13775014
13779507
13791314
13797673
13803578
13803621
13815312
13829228
13836500
13846692
13848866
13862720
13898563
13900193
13904522
13905232
13907461
13908116
13909032
13911430
13914266
13914309
13916678
13927453
13927538
13930836
13955232
13959353
13959374
13963818
13978304
13979921
13984802
13994274
13997185
14000708
14026464
14029859
14029912
14037344
14043273
14050321
14059716
14062089
14066946
14097412
14139416
14156587
14157342
14158308
14158925
14161974
14164186
14168079
14174804
14175784
14177604
14181507
14191425
14197041
14197062
14201921
14209572
14213641
14221717
14223387
14252033
14255250
14262818
14287532
14287569
14292528
14297264
14304130
14320777
14323986
14330372
14356745
14361160
14409984
14422808
14423204
14428197
14432322
14436514
14436680
14459272
14487056
14557714
14558276
14699062
14700857
14700878
14713574
14722071
14722153
14731017
14734240
14741024
14747933
14748018
14749932
14762661
14768195
14771225
14771492
14781316
14786961
14791812
14800920
14816333
14819886
14819923
14830737
14835204
14845496
14846227
14848212
14854468
14884160
14889664
14891026
14910979
14943577
14944442
14944485
14962448
14968388
14976960
14979858
15003657
15008135
15012938
15016498
15018568
15025704
15057940
15076898
15080584
15083272
15098018
15139248
15155792
15208999
15209052
15212827
15221601
15221964
15226002
15231058
15239624
15246210
15279266
15282568
15294612
15305745
15327272
15336745
15337638
15338121
15347824
15354890
15368581
15385094
15421452
15434050
15467428
15472385
15477121
15505444
15548696
15609862
15616005
15630474
15729867
15729908
15738931
15748738
15752264
15759618
15764010
15765833
15766818
15769756
15786177
15806985
15808672
15866148
15875073
15876552
15898690
15912993
15926034
15960069
15993870
15995492
15995537
15999253
16024353
16040258
16068688
16074800
16089312
16155713
16195624
16262544
16265412
16267792
16270092
16320068
16334986
16401428
16424963
16518240
16548432
16584737
16798631
16798684
16805415
16805468
16813003
16813044
16823499
16823540
16832839
16835869
16835954
16850233
16850254
16855737
16855758
16862411
16862452
16867757
16885368
16886062
16886099
16894866
16903457
16905362
16915607
16915689
16918295
16918377
16935245
16937134
16937171
16945977
16945998
16955477
16959173
16976271
16984634
16984677
16995853
17006208
17014050
17017620
17019554
17024562
17045277
17045362
17050013
17050098
17061046
17070137
17070158
17079354
17079397
17082969
17094440
17099176
17103875
17108570
17114263
17114345
17128769
17132706
17134273
17142232
17154599
17154652
17155428
17156238
17159044
17165828
17166357
17173159
17173212
17183345
17191818
17198602
17201376
17204689
17220778
17243300
17245988
17246914
17252637
17252722
17253011
17258256
17258580
17261624
17262992
17269158
17311150
17311187
17316398
17316435
17320378
17320421
17325142
17337879
17337961
17339750
17359558
17368871
17368924
17369755
17386897
17388512
17395296
17403696
17409413
17414661
17417002
17417372
17420345
17420366
17423624
17426505
17429128
17433515
17439005
17439090
17455560
17458608
17463856
17472292
17472664
17475352
17482424
17511435
17519728
17531083
17531124
17533888
17534034
17535585
17539404
17544384
17566878
17568459
17568500
17589014
17599393
17604108
17609889
17621545
17641754
17654113
17666341
17700676
17701544
17705412
17712151
17712233
17713689
17715523
17718401
17719461
17721089
17729098
17729799
17731762
17735726
17735763
17737090
17742338
17772644
17809477
17829562
17829605
17840442
17840485
17847575
17847657
17851580
17860458
17871399
17871452
17879953
17886737
17888522
17892253
17892338
17900908
17914412
17930472
17946643
17961651
17965515
17965556
17980610
17983298
17985944
17992588
18002706
18003084
18006441
18008122
18008165
18009760
18011174
18014832
18020640
18026192
18031494
18037072
18043474
18056215
18056297
18057753
18059587
18062465
18063525
18065153
18097710
18097747
18100405
18107188
18124422
18134537
18135302
18137291
18137332
18140096
18140242
18141793
18145612
18150592
18159363
18163396
18164099
18172483
18190471
18222385
18237770
18253070
18285354
18285724
18288697
18288718
18291976
18294857
18297480
18355043
18355385
18355406
18370185
18372048
18381065
18393314
18407577
18417601
18423060
18428564
18433610
18434311
18436274
18440238
18440275
18441602
18446850
18450581
18492451
18498087
18498140
18498916
18499726
18502532
18509316
18509845
18524188
18555988
18617989
18621896
18627144
18629449
18645277
18645362
18645651
18650896
18651220
18654264
18655632
18678185
18679866
18679909
18681504
18682918
18686576
18692384
18746444
18877559
18886719
18889668
18890530
18896714
18900658
18901450
18913702
18916777
18922025
18927024
18927363
18928329
18929036
18934424
18934918
18938976
18943637
18953828
18954517
18957722
18957765
18962970
18963013
18966057
18966896
18976524
18977945
18979459
18979680
18981808
18985734
18986305
18993392
18997306
18997349
19008972
19010514
19017298
19024120
19024155
19026261
19026475
19027109
19030617
19031070
19038331
19039907
19039960
19040661
19048974
19050787
19050840
19060932
19062925
19063010
19063620
19076371
19076784
19080129
19080844
19082464
19082520
19085446
19090210
19090481
19090502
19100706
19105831
19105884
19108878
19120778
19121488
19134465
19139498
19149641
19149994
19154156
19155158
19155245
19157350
19157624
19162211
19163669
19170485
19171483
19171683
19173903
19174740
19178035
19178586
19188764
19188929
19190434
19194260
19204833
19206539
19206580
19213323
19213364
19214930
19217792
19220586
19227150
19240520
19241004
19241041
19245256
19257602
19273094
19274177
19274508
19275360
19277106
19278595
19282072
19284869
19290119
19290416
19293512
19301142
19301224
19303716
19309220
19319329
19327056
19333707
19333748
19334497
19352712
19369488
19370145
19374346
19406117
19410073
19411621
19415151
19420472
19421325
19421410
19424013
19424098
19424468
19432591
19433788
19434194
19435853
19436138
19440213
19440748
19448227
19448280
19449489
19460369
19465457
19466422
19466539
19468630
19468851
19472956
19473738
19480885
19489799
19497795
19501848
19502244
19511362
19515780
19532593
19532614
19532970
19534492
19543089
19543110
19547331
19550298
19563053
19564769
19580170
19589160
19596681
19596826
19596869
19601929
19612368
19621908
19637792
19662732
19668483
19670721
19671334
19671728
19674464
19674648
19681682
19688466
19689483
19689524
19695216
19703302
19704073
19706064
19711237
19715138
19732676
19734669
19734754
19735364
19743400
19747873
19759764
19761674
19792057
19792078
19800348
19821120
19829505
19858306
19862548
19867681
19914880
19929875
19930324
19933012
19942092
19945184
19950401
19952006
19952432
19953155
19954712
19961388
19961425
19962186
19965191
19966124
19966161
19972398
19972435
19972743
19989677
19990746
19990861
19992945
19993258
19997255
19997785
20005654
20005736
20008228
20013732
20025746
20032530
20033547
20033588
20040272
20042757
20046216
20055222
20056263
20058398
20058726
20062773
20063338
20064553
20072225
20073106
20082785
20083212
20089200
20095062
20112528
20123176
20124996
20127928
20128899
20144389
20146186
20165184
20188438
20188520
20189989
20190403
20193942
20194024
20202889
20203034
20203077
20208137
20218923
20222264
20244000
20250837
20255260
20272208
20275522
20285957
20291873
20316579
20316632
20317841
20328721
20336788
20337704
20351554
20353162
20384132
20449200
20450691
20453784
20454022
20458084
20458764
20459969
20464669
20464754
20466232
20482850
20483121
20483142
20493346
20498240
20500648
20506629
20513166
20515296
20519946
20523537
20534017
20546856
20554064
20584008
20584492
20584529
20588744
20601090
20612372
20615301
20644513
20648130
20713495
20713577
20719683
20726466
20732932
20734248
20745352
20784272
20841794
20843028
20852896
20889617
20972797
20980343
20985748
20993746
20997601
21002849
21008028
21009834
21018908
21024044
21024081
21025927
21029548
21029585
21032832
21035058
21042115
21048899
21050661
21054123
21054771
21056120
21057766
21060636
21061994
21063695
21073446
21075312
21076122
21076165
21078810
21078853
21088355
21091401
21105592
21114196
21116088
21120930
21122601
21124548
21125521
21132104
21132562
21134372
21136015
21137219
21138033
21139637
21140588
21143862
21145645
21157386
21160995
21161048
21162122
21169124
21173795
21173848
21177614
21178531
21178584
21185708
21185745
21187845
21193349
21201468
21202201
21217712
21229664
21241095
21244746
21246599
21251877
21256610
21256904
21257745
21259145
21260946
21261508
21267349
21270340
21277833
21277986
21279140
21280072
21280274
21283634
21286958
21286995
21299870
21300557
21301845
21303537
21304406
21307832
21309542
21317442
21317785
21318308
21328408
21333409
21334283
21334324
21338657
21358912
21366155
21366196
21371403
21371444
21375329
21377228
21382732
21389387
21389428
21401882
21401925
21403856
21406544
21414284
21417008
21426689
21430471
21438739
21451906
21466124
21475334
21503216
21505904
21506729
21513102
21513543
21514803
21516505
21517365
21520700
21522517
21530514
21534345
21535394
21535560
21537236
21542436
21543057
21547158
21547240
21549506
21556290
21564834
21568273
21570504
21572388
21572873
21573842
21576772
21580108
21587468
21588242
21590177
21595194
21595237
21602470
21613185
21627610
21628266
21629548
21631203
21632030
21635417
21641223
21646928
21647654
21648649
21652614
21662851
21664275
21664452
21668264
21682241
21688332
21694100
21701169
21701190
21704980
21709187
21709592
21735944
21759665
21759686
21765193
21768732
21770545
21770566
21777192
21778957
21779042
21787688
21791177
21792825
21792846
21808705
21813508
21815472
21829130
21832739
21832792
21833866
21842950
21846064
21857030
21859472
21868609
21893240
21899314
21910160
21927200
21955393
21957728
22003722
22025998
22026901
22030734
22039309
22039394
22041272
22045075
22049805
22049890
22053558
22054230
22055514
22058011
22061432
22063175
22065377
22073548
22077470
22089156
22091153
22091428
22093330
22095497
22098338
22100042
22106394
22106437
22108368
22111056
22121256
22123021
22123106
22131752
22135174
22136323
22155080
22158378
22161042
22162116
22162193
22164260
22165641
22167709
22167794
22170643
22186433
22191124
22192713
22194722
22209796
22216999
22217052
22222948
22234720
22235528
22245379
22254224
22282957
22283619
22285936
22286507
22287420
22290733
22292507
22300308
22307377
22307398
22311188
22315914
22321504
22324324
22324497
22342152
22348978
22352688
22353096
22362117
22364640
22372492
22382104
22383681
22415510
22415592
22417858
22424642
22430467
22435852
22439072
22454403
22458416
22481537
22532352
22544510
22546201
22547139
22548886
22548968
22555670
22555752
22561137
22561508
22578348
22578385
22580485
22585989
22595120
22599704
22610455
22610537
22622233
22631712
22643096
22648838
22652480
22676897
22677771
22677812
22682145
22702400
22709088
22709766
22744088
22745858
22749408
22807567
22809126
22829059
22831297
22844546
22881540
22938380
22945944
22988928
23028224
23070103
23071589
23072482
23073708
23074361
23075019
23076184
23077596
23078667
23079345
23079982
23081330
23082181
23083542
23084680
23086733
23106001
23122187
23122228
23124129
23126817
23134303
23147546
23155144
23161928
23162924
23162961
23172628
23176241
23176262
23177364
23203107
23216817
23216838
23221825
23226561
23235337
23235610
23235653
23245833
23248919
23250305
23250468
23251266
23253144
23266754
23267606
23267688
23272002
23282699
23284236
23286049
23290002
23291648
23339828
23350022
23355674
23355717
23360518
23365016
23367830
23367912
23370264
23397155
23397208
23399697
23405201
23429234
23429572
23434243
23437864
23441680
23445517
23447168
23463592
23470605
23470690
23474472
23494961
23495361
23500834
23503892
23505280
23603398
23610788
23610902
23610984
23616036
23629152
23634656
23636003
23636056
23642309
23645193
23646800
23650566
23655552
23660163
23663629
23663714
23671043
23730322
23732363
23732404
23733010
23789614
23790896
23791749
23800834
23801928
23822417
23826816
23857324
23857361
23859589
23866373
23871580
23872273
23872650
23880324
23881824
23922212
23923010
23924888
23928854
23935488
24002595
24005888
24124008
24134819
24134872
24136970
24142474
24150413
24150498
24151748
24162628
24185355
24185396
24189068
24191756
24199225
24199873
24204808
24205346
24208404
24216337
24216714
24219736
24222976
24225888
24249644
24249681
24252848
24259632
24297576
24304128
24385058
24385585
24385606
24389794
24396332
24397104
24397957
24400768
24408136
24510565
24513312
24513545
24515152
24518918
24576026
24589312
24644432
24646170
24646213
24654928
24674379
24676876
24678689
24680640
24682642
24723526
24733824
24773060
24774754
24776320
24777731
24781352
24888320
24936500
24945408
25168447
25171055
25173912
25185939
25191352
25196819
25203634
25210418
25213063
25215413
25215843
25216601
25218150
25221233
25224396
25227307
25234342
25239152
25244838
25249744
25251624
25253281
25254722
25257610
25259284
25260551
25264539
25265004
25265694
25267253
25270601
25272508
25276502
25281866
25282309
25283272
25293360
25298830
25304420
25309924
25314249
25318961
25318982
25319722
25323697
25323718
25332976
25336225
25338757
25339560
25340738
25342346
25343252
25347480
25350294
25350376
25352728
25362915
25363286
25365610
25368647
25370829
25372185
25374771
25381387
25381428
25385100
25387788
25398406
25399945
25403689
25403856
25413956
25415953
25435340
25438028
25440737
25447194
25447237
25447593
25452966
25457690
25457733
25460480
25462166
25462248
25467414
25467496
25470501
25473177
25478195
25485522
25498382
25500037
25504424
25505090
25507348
25508048
25508897
25510074
25510117
25514537
25527939
25531405
25531490
25538819
25549840
25559853
25560696
25561491
25562166
25565273
25567466
25571388
25575892
25577580
25592497
25592518
25597505
25602241
25612580
25616930
25629536
25629841
25634837
25638922
25644608
25666120
25666578
25696073
25700809
25705500
25712010
25713360
25716291
25717893
25719188
25719585
25721000
25726243
25726296
25727765
25731747
25731800
25737316
25742086
25747738
25747781
25752582
25757325
25757410
25758164
25762835
25768205
25768290
25769856
25774109
25774194
25780820
25788726
25794602
25813408
25824706
25825044
25827973
25828874
25830625
25832232
25835088
25837881
25837902
25846826
25855125
25858087
25858140
25872546
25875776
25879057
25888044
25888081
25891248
25898032
25904324
25907746
25913601
25921282
25952655
25953126
25953819
25955399
25958445
25960661
25965106
25972064
25977568
25978915
25978968
25985613
25997386
26003601
26005769
26019224
26022038
26022120
26024472
26036866
26038596
26043401
26052772
26059844
26085970
26086945
26088722
26092684
26114052
26117000
26151049
26151202
26218307
26224025
26229273
26231258
26232363
26233886
26235748
26237005
26239119
26243126
26249656
26252938
26254160
26254853
26258580
26260769
26262594
26265987
26268756
26270760
26274372
26283596
26286219
26286260
26288907
26288948
26289362
26297009
26297030
26302017
26306753
26316128
26321632
26322979
26323032
26330249
26338340
26345597
26347314
26349996
26350033
26356780
26356817
26358346
26362645
26365979
26378798
26378835
26380490
26407041
26412581
26419302
26428578
26429714
26458116
26478497
26480010
26482384
26482972
26485698
26487429
26489640
26494252
26494289
26497456
26504240
26511653
26517527
26517609
26527490
26543179
26543220
26546514
26560777
26563716
26567186
26577042
26579492
26584328
26610438
26616090
26616133
26620934
26625224
26632713
26641572
26644808
26651152
26681760
26722944
26739123
26739576
26740309
26741926
26744922
26747116
26751089
26759333
26764824
26765604
26767554
26774027
26774068
26777740
26780428
26792226
26792520
26804441
26807337
26821512
26841618
26846225
26871427
26874893
26874978
26882307
26893328
26904849
26907296
26911816
26937672
26939972
27001514
27001748
27007297
27010338
27018386
27019460
27037248
27078785
27115616
27136529
27140644
27181062
27264745
27266001
27266362
27267485
27268916
27269710
27270307
27271975
27272646
27273460
27274765
27275930
27276371
27277672
27288261
27302104
27313858
27320854
27320936
27324738
27334155
27351185
27353251
27353304
27353873
27363469
27363554
27365800
27372584
27395505
27411725
27411810
27414915
27421699
27432466
27432971
27433012
27437202
27443409
27446144
27446344
27447813
27451696
27462405
27464236
27464273
27472901
27476073
27476388
27477633
27481112
27484738
27537686
27542155
27542196
27547148
27551884
27560752
27566380
27566417
27571248
27592098
27592241
27592262
27597346
27624201
27624656
27627546
27633670
27636352
27657370
27657413
27659600
27665104
27688989
27690243
27691176
27693456
27701316
27738134
27750656
27798626
27806536
27806764
27806801
27817032
27821505
27824305
27824326
27826753
27836532
27837068
27842578
27845665
27846848
27856134
27861638
27863066
27863109
27901963
27907584
27918742
27918824
27920036
27930916
27984931
27986528
27988234
27991168
27992209
28053795
28053848
28055690
28058378
28067362
28068116
28070081
28074054
28075392
28115027
28118088
28119557
28123440
28128258
28213346
28224512
28314412
28329364
28330289
28330310
28334612
28345114
28345157
28347657
28353161
28378776
28382230
28382312
28389656
28393997
28394755
28395688
28405248
28405828
28409934
28411426
28412180
28414145
28416520
28445219
28445272
28448992
28451680
28540977
28542336
28578244
28585028
28585997
28586082
28590119
28592736
28594442
28598417
28599044
28622936
28629120
28705076
28705420
28710656
28710930
28714017
28841505
28845067
28845108
28846241
28869028
28870760
28873752
28877378
28883200
28966970
28967689
28968144
28970272
28977158
28983365
28992128
29163564
29166336
29331456
29378891
29378932
29380787
29398070
29401657
29401678
29416706
29422210
29423688
29427046
29427863
29427945
29442460
29447210
29450825
29452834
29462025
29465760
29468448
29475265
29495837
29495922
29499756
29516937
29520288
29525285
29526169
29526692
29536323
29557649
29562628
29567364
29601816
29623470
29623507
29632589
29651492
29653121
29661457
29670404
29672264
29690936
29692435
29692612
29696340
29716546
29745185
29763008
29765778
29768256
29771282
29821955
29839365
29887065
29888826
29888869
29901461
29906958
29910116
29910289
29920452
29924880
29953856
29959698
29967905
29991049
29999682
30016263
30016690
30020808
30025802
30040272
30051368
30068784
30097760
30115860
30150280
30153762
30161160
30179746
30230593
30278448
30294184
30311504
30409371
30417959
30418012
30428048
30433732
30438544
30443105
30443852
30445778
30451986
30459404
30476162
30479176
30542242
30548872
30559300
30572948
30589194
30611473
30638248
30673449
30675238
30676233
30679280
30709770
30722068
30737157
30752899
30770182
30842892
30868034
30934820
30937985
30944769
30955616
31010852
31016016
31088673
31097368
31203462
31232005
31260938
31480069
31499856
31506602
31507780
31516689
31525258
31540400
31543904
31558162
31559717
31564104
31574304
31601185
31610960
31617034
31622284
31625478
31654562
31654996
31664137
31695364
31722644
31738946
31741992
31753738
31755297
31789377
31794272
31850826
31853073
31854756
31918272
31986498
32000152
32006704
32015144
32015877
32047521
32047892
32114956
32121880
32244370
32248900
32251945
32379400
32515240
32522834
32527396
32530697
32540806
32543235
32564226
32571856
32579717
32645314
32649236
32770307
32776769
33031496
33032213
33034402
33050896
33293441
33578298
33578341
33583802
33583845
33594535
33594588
33597223
33597276
33606076
33614359
33614441
33625931
33625972
33630667
33630708
33640042
33645735
33645788
33655453
33655538
33665607
33676433
33679121
33680010
33695161
33695182
33700409
33700430
33703709
33703794
33704684
33719213
33724747
33724788
33748012
33754360
33755822
33755859
33780072
33789714
33790625
33794450
33812499
33820311
33820393
33831191
33831273
33833931
33833972
33842483
33854157
33857966
33858003
33869506
33874840
33880386
33891897
33891918
33894613
33904396
33908370
33909132
33918277
33932073
33932528
33935418
33935461
33938720
33941542
33944224
33952527
33952954
33952997
33965958
33971536
33977040
33991693
34006098
34018964
34022818
34028066
34029989
34031639
34031721
34033281
34034713
34038339
34044161
34049074
34083741
34083826
34090525
34090610
34098350
34098387
34103733
34122038
34123961
34123982
34133556
34149593
34158650
34158693
34168070
34172041
34173574
34182056
34188840
34191491
34193739
34193780
34194124
34199360
34199634
34202721
34204096
34212247
34212329
34217050
34229700
34231171
34237955
34249122
34252225
34257473
34264131
34284376
34300167
34309159
34309212
34310756
34312462
34315396
34316437
34318084
34346279
34346332
34350321
34363953
34380938
34383626
34386400
34394698
34409297
34422528
34425358
34441514
34475684
34477506
34486564
34489898
34490652
34492617
34496569
34496590
34497928
34503176
34505245
34505330
34506003
34506936
34509712
34516496
34517076
34538278
34605998
34606035
34616494
34616531
34629219
34629945
34629966
34640698
34640741
34650198
34659593
34663248
34665097
34675735
34675817
34679398
34689506
34702790
34718105
34737703
34737756
34739483
34754369
34760084
34765332
34773777
34774240
34776928
34783406
34783443
34786178
34786378
34787847
34791730
34796674
34802565
34807344
34813061
34820373
34833962
34834716
34836681
34840633
34840654
34841992
34847240
34866987
34877981
34878066
34887843
34900912
34911048
34911408
34915367
34915420
34916964
34918670
34921604
34922645
34924292
34934424
34944548
34945304
34951324
34964792
35006603
35012224
35014868
35039344
35062091
35062132
35062476
35067712
35067986
35071073
35072448
35133726
35136843
35136884
35146696
35155205
35157192
35161750
35178057
35198753
35203489
35208204
35209757
35209842
35210515
35211448
35214224
35221008
35221588
35226793
35267226
35275561
35276016
35278906
35278949
35282208
35285030
35287712
35291873
35332645
35394500
35401284
35403048
35412044
35422629
35424279
35424361
35425921
35427353
35430979
35436801
35455150
35455187
35457922
35458122
35459591
35463474
35468418
35528932
35569675
35569716
35652477
35659666
35659999
35666825
35674572
35677650
35682898
35688106
35698249
35698986
35704600
35706034
35707526
35707713
35709920
35713804
35714307
35720601
35722149
35728933
35733623
35735217
35735238
35735978
35744284
35746097
35746118
35755302
35755744
35758979
35759768
35761345
35761456
35764364
35768377
35768398
35771420
35785684
35795731
35796180
35800298
35801270
35801415
35803678
35804457
35807846
35808309
35818179
35819926
35820008
35826710
35826792
35828261
35837457
35837987
35838040
35842193
35853708
35854723
35855128
35855937
35857764
35859206
35862704
35865388
35865425
35867976
35873480
35881495
35881577
35882307
35900960
35901634
35905812
35921226
35925170
35926730
35931294
35932536
35932837
35934491
35934805
35938859
35939417
35947747
35948780
35948886
35950893
35951206
35955320
35955989
35963655
35967792
35968200
35977221
35982093
35982178
35982548
35984056
35992589
35992674
35996250
35997891
36013458
36013579
36013620
36018706
36038208
36046744
36052486
36054659
36055372
36055776
36058433
36058672
36062817
36070924
36071698
36073633
36083849
36085914
36085957
36086537
36094632
36096532
36110493
36110578
36118840
36131586
36144004
36148264
36153410
36182822
36183209
36185897
36197923
36197976
36198677
36201742
36202659
36202712
36208256
36209882
36210869
36210971
36213091
36213460
36217359
36217907
36229540
36236324
36237334
36237416
36242668
36243599
36245820
36246093
36250218
36250709
36251986
36260193
36266029
36277840
36279561
36282608
36283526
36303361
36310316
36310353
36311882
36312199
36315820
36315857
36324438
36327792
36339883
36344376
36358666
36364610
36372913
36372934
36374178
36385058
36391429
36393108
36407688
36440032
36441478
36444592
36444812
36448841
36449560
36450691
36457284
36457485
36457570
36467780
36471196
36473281
36477972
36481570
36488528
36495649
36509201
36509731
36509784
36513937
36521256
36524170
36537026
36540549
36573230
36573267
36579335
36588688
36611232
36635909
36637224
36647104
36706069
36710116
36710805
36720096
36720390
36721299
36722072
36727472
36727948
36731969
36734347
36734388
36739595
36739636
36742738
36743521
36753633
36757579
36757620
36767985
36768054
36770091
36770390
36771018
36774451
36774972
36788361
36790426
36790469
36791049
36801348
36801549
36801634
36811844
36815508
36816161
36829186
36832473
36833453
36833626
36835661
36835953
36840519
36842026
36850744
36850819
36852420
36856232
36866133
36872732
36886788
36897674
36902926
36903264
36906257
36915778
36923425
36932752
36967792
36968602
36968645
36971290
36971333
36971689
36979121
36979142
36980386
36991266
36995434
37004302
37013896
37028999
37031989
37045524
37054544
37061281
37070888
37097892
37104676
37105686
37105768
37111050
37114885
37126864
37131330
37171713
37227161
37230273
37235459
37237132
37237600
37238278
37239856
37241127
37241180
37241486
37258028
37258065
37260616
37266120
37276193
37278730
37282192
37291842
37292708
37302339
37302808
37315744
37331210
37333012
37356946
37357067
37357108
37362194
37381696
37393441
37396741
37425320
37426256
37487674
37487717
37489264
37504769
37507280
37513226
37524226
37558532
37604352
37618309
37624840
37626192
37679104
37699618
37754999
37764770
37768916
37778963
37779796
37785010
37786570
37793354
37803340
37803713
37806982
37807792
37809283
37809504
37812376
37817257
37827366
37827753
37833351
37835180
37835217
37841964
37842001
37843530
37846400
37852568
37853574
37854000
37854723
37856585
37858060
37861600
37863982
37864019
37864711
37887253
37891300
37892757
37897415
37898457
37898541
37900634
37900877
37905009
37905706
37915418
37915461
37915817
37917424
37925914
37925957
37930404
37930518
37930600
37935652
37947312
37953036
37955206
37955865
37956289
37958915
37959264
37968018
37970059
37970100
37970706
37978298
37978341
37986672
37995400
37999696
38004741
38017868
38018258
38020946
38028469
38029546
38029622
38031687
38032041
38035998
38036582
38044889
38045854
38048120
38048283
38052437
38052907
38054181
38063649
38065426
38068449
38069388
38076539
38079779
38079832
38081301
38081678
38085283
38085336
38093014
38097520
38109581
38109666
38110916
38121796
38128016
38143937
38145420
38148576
38148760
38152723
38153520
38154630
38158776
38160771
38165544
38169156
38180386
38180913
38180934
38185122
38191749
38195338
38211623
38211676
38217742
38233280
38241546
38242896
38252673
38278954
38282953
38283690
38290838
38290920
38296086
38296168
38299173
38299971
38308067
38308204
38310230
38310445
38311061
38314598
38315128
38325001
38325274
38325317
38335497
38339763
38340826
38340917
38342939
38343267
38347791
38349396
38357035
38363704
38372244
38377500
38377793
38380834
38390944
38409569
38410379
38410420
38413067
38413108
38413522
38419328
38420821
38429724
38438030
38441066
38453954
38463568
38474184
38480968
38481964
38482001
38486689
38491141
38515202
38537906
38540931
38546182
38547864
38548289
38549004
38550624
38552355
38552408
38554897
38560401
38569733
38570696
38580231
38580784
38592788
38594600
38602148
38602262
38602344
38607396
38622274
38625546
38637776
38638625
38667339
38667380
38668897
38687492
38705416
38732426
38738960
38740257
38803865
38806949
38812197
38817584
38819044
38820492
38820611
38822849
38826776
38827270
38830191
38831757
38831842
38832596
38840888
38842637
38842722
38848541
38848626
38851640
38864085
38865132
38865167
38867516
38868306
38871629
38872170
38884898
38885425
38885446
38889634
38896419
38896472
38898961
38904465
38915648
38916229
38920488
38929596
38930801
38931146
38932790
38933035
38937174
38937651
38945550
38949728
38950033
38959114
38961717
38963335
38987265
38995523
39003672
39004452
39006402
39011024
39012904
39031556
39065137
39065158
39065898
39068956
39069873
39069894
39080392
39087176
39088172
39088209
39094595
39100506
39121410
39126061
39129441
39143956
39149829
39160330
39162024
39193353
39193626
39193669
39203849
39208225
39215426
39224656
39227540
39259296
39325121
39325452
39326374
39327152
39332576
39333016
39336963
39342275
39346199
39346281
39360658
39362699
39362740
39363346
39371432
39372098
39385092
39390320
39390342
39391881
39395792
39409928
39422469
39430210
39453069
39453154
39454404
39465284
39471504
39486760
39495713
39519508
39523338
39567378
39584057
39584078
39584412
39602754
39605268
39608736
39625920
39659009
39699200
39716610
39719073
39725076
39813188
39863126
39872570
39872613
39881255
39881308
39887082
39895491
39900197
39902274
39903769
39912139
39912180
39917613
39933194
39934724
39945556
39946024
39946387
39956536
39965024
39978581
39981241
39981262
39998352
40005136
40006184
40019233
40019648
40045575
40047154
40051018
40051077
40084492
40092228
40108506
40113175
40113257
40130368
40130849
40135104
40143746
40144005
40154242
40165924
40180104
40184084
40199201
40226822
40239984
40240294
40249385
40253520
40256649
40307009
40323096
40337608
40371485
40371570
40382507
40391301
40399618
40412552
40412692
40417800
40440656
40443168
40448672
40453328
40470724
40485132
40512066
40515073
40519848
40536340
40600672
40634901
40635914
40636772
40640654
40669457
40772120
40788033
40796675
40833033
40897589
40902958
40902995
40912412
40913225
40915114
40923284
40932560
40938656
40944774
40962498
40963713
40974593
41011236
41032836
41034890
41035524
41044258
41062666
41074864
41095752
41132097
41159336
41160080
41193989
41206880
41230914
41353484
41419474
41419681
41424993
41428044
41439792
41476130
41493522
41501187
41570310
41683075
41697554
41715736
41746608
41813009
41947518
41951109
41957328
41964430
41971214
41973013
41978849
41987410
41989345
41993107
41997837
41997922
42001720
42002573
42002658
42016028
42019626
42021532
42025720
42026294
42027606
42029255
42030170
42033633
42035227
42041469
42042796
42042833
42048044
42048081
42051847
42053810
42057886
42066252
42081475
42084163
42085029
42093961
42097476
42099618
42101521
42102052
42102986
42105874
42107626
42108203
42109491
42111119
42112120
42115430
42121244
42125008
42131994
42132037
42135888
42141338
42141381
42146854
42150512
42152218
42152261
42161704
42165261
42165346
42166440
42176611
42182729
42189574
42191875
42211128
42212052
42215864
42225042
42227140
42227345
42229320
42231460
42234249
42235946
42241826
42245161
42247880
42248850
42249028
42251025
42252452
42254621
42254706
42260499
42271414
42272015
42274371
42274989
42275953
42279221
42281068
42288329
42292033
42292386
42301460
42305699
42305752
42307978
42314762
42322564
42338148
42338958
42340771
42340824
42347555
42347608
42353191
42353244
42365028
42370437
42371372
42371409
42375685
42388576
42390280
42393731
42402876
42404377
42427664
42435376
42442976
42473162
42476935
42482183
42484397
42485069
42486371
42487963
42490992
42492203
42494012
42502025
42503717
42505618
42506692
42513186
42513736
42515473
42517681
42517702
42519828
42525332
42534677
42539401
42539682
42540612
42541988
42543816
42544274
42551050
42551524
42551953
42562144
42567218
42573870
42573907
42587272
42599352
42599710
42601037
42602726
42603605
42606961
42608726
42617138
42624560
42625352
42627205
42634818
42635545
42636580
42640536
42647948
42648416
42666785
42668555
42668596
42677281
42683416
42686529
42701504
42732299
42732340
42734305
42738124
42742795
42742836
42750230
42750312
42752194
42754882
42762443
42762484
42765388
42780163
42781088
42790924
42796752
42803738
42803781
42807632
42811779
42819760
42828556
42833968
42837121
42860871
42861203
42882305
42903810
42932236
42934406
42975312
42995440
42997161
43006320
43011609
43013443
43014294
43014376
43016982
43017064
43023232
43025084
43026190
43027015
43028693
43029555
43032921
43034677
43041393
43042148
43058132
43061010
43068580
43068681
43069841
43070754
43071048
43074949
43075884
43075921
43080197
43094294
43094376
43096258
43098946
43109424
43118616
43124680
43128484
43129481
43129634
43131346
43136529
43137220
43140119
43140201
43147417
43158668
43160140
43160210
43164065
43182624
43188646
43190330
43190373
43205400
43207872
43216902
43226369
43254489
43255130
43256426
43258988
43262307
43264030
43266183
43272993
43274763
43274804
43283489
43288966
43293776
43295270
43297289
43307712
43320232
43325699
43328531
43328836
43337312
43338758
43360396
43364417
43386033
43386054
43388180
43393684
43401696
43407384
43410946
43418371
43419160
43455624
43516023
43519281
43519302
43521180
43524785
43524806
43530313
43534351
43537446
43554344
43557901
43557986
43559080
43565505
43577347
43582281
43585593
43585614
43608322
43614640
43617345
43627012
43649187
43649240
43651466
43658250
43666052
43685894
43692080
43714054
43718928
43720897
43761704
43782322
43786360
43794840
43795980
43820304
43854368
43910721
43915360
43959424
44058187
44058228
44058910
44073401
44073422
44081763
44100354
44103728
44107964
44118039
44118121
44125832
44132929
44136712
44142086
44149408
44160065
44174365
44174450
44175943
44190249
44192038
44196080
44196998
44206744
44209025
44215809
44237792
44243588
44270872
44303150
44303187
44303608
44320037
44320921
44331075
44331544
44335765
44341262
44341600
44344420
44361800
44370832
44372611
44381328
44385602
44425234
44439232
44445836
44454034
44483138
44507395
44519496
44568847
44572858
44572901
44586756
44590432
44591492
44600376
44600451
44601875
44605780
44631649
44632396
44634322
44639756
44650657
44665353
44679716
44700848
44702978
44708482
44714576
44736808
44795938
44832136
44833857
44864546
44876042
44925096
44967984
44974276
44991497
45094951
45095004
45098097
45113731
45116688
45131200
45132044
45136448
45142156
45155079
45155506
45159216
45164618
45220252
45222337
45225002
45228617
45244740
45257748
45269265
45286033
45303828
45318340
45356294
45358240
45360928
45384330
45402146
45426693
45499472
45548068
45614872
45626625
45630176
45679908
45696009
45719585
45768722
45813765
45877766
45912136
45941009
46138844
46140183
46141067
46142385
46143077
46143662
46144866
46146290
46147372
46148037
46148665
46149963
46150806
46152280
46167144
46173453
46187914
46188835
46188888
46193162
46211921
46220045
46220130
46222660
46228164
46237345
46244363
46244404
46248225
46278810
46286476
46289931
46289972
46297356
46307528
46309548
46309585
46310216
46317625
46318913
46319764
46328840
46329890
46336177
46336198
46338452
46345236
46351889
46352650
46354656
46358616
46365184
46406179
46418476
46418513
46422192
46424880
46433585
46433606
46436801
46443585
46470665
46471194
46471237
46475401
46497815
46500609
46500900
46502466
46506264
46514280
46527488
46533442
46535190
46535272
46543938
46563730
46565387
46567040
46568460
46572065
46663348
46682530
46689314
46690353
46690374
46695066
46695109
46700038
46704774
46711852
46713392
46715141
46719176
46720768
46730008
46735638
46735720
46740504
46794129
46794275
46794328
46799377
46858354
46859076
46859432
46867088
46868483
46891021
46894336
46924941
46925026
46927144
46932648
46940261
46940806
46945824
46946313
46949456
46989873
46990657
46991508
46994304
47001634
47071258
47081600
47190470
47208016
47211546
47211589
47212752
47221540
47221782
47221864
47232036
47252960
47255715
47255768
47258208
47267915
47268242
47272972
47276577
47280448
47284549
47284870
47290377
47293520
47294848
47320323
47325827
47327245
47327330
47366214
47370624
47448459
47448500
47449746
47460626
47465284
47465640
47468642
47471872
47474691
47579182
47581744
47583493
47585410
47587528
47644753
47653632
47714604
47714641
47716485
47719173
47743068
47744388
47744529
47745290
47747296
47792180
47793792
47841430
47844388
47845954
47849752
47854720
48005155
48011776
48189440
48235939
48237416
48240154
48240849
48243341
48245830
48247092
48251031
48251113
48253825
48254116
48255682
48259480
48264321
48271389
48271474
48272196
48272552
48274704
48280208
48281603
48291854
48301102
48301139
48303664
48305413
48307330
48309448
48310018
48320596
48334945
48349968
48365882
48365925
48366470
48371488
48371977
48375120
48376224
48384076
48399434
48431644
48447523
48448896
48472194
48504871
48504924
48506244
48506385
48507146
48509152
48511492
48514098
48529993
48548100
48562473
48581122
48611457
48627907
48648705
48660532
48673024
48699424
48717828
48760907
48760948
48761234
48762560
48765964
48769569
48773440
48775722
48791846
48808017
48814208
48824473
48849153
48865856
48874498
48898069
48911424
48923296
48992272
49025080
49054864
49086534
49097728
49153540
49168672
49186880
49283641
49283662
49284929
49285780
49288072
49294856
49295906
49299824
49316005
49335297
49356900
49381402
49387008
49418259
49439776
49457168
49463816
49481864
49512736
49547346
49561613
49570432
49579272
49598480
49614980
49742850
49808391
49836040
49877250
49891392
49938536
49941248
49954945
50069952
50110468
50135560
50335995
50341999
50346928
50351001
50355779
50361497
50366392
50371859
50377363
50381199
50381658
50383915
50386974
50389174
50390628
50393165
50404530
50407218
50409863
50418488
50420116
50424481
50425098
50427472
50428098
50428933
50430773
50431587
50432460
50433113
50436198
50438315
50442353
50451203
50451652
50456660
50460712
50468646
50473382
50478192
50479167
50480779
50480820
50481618
50486348
50491659
50491700
50498954
50499408
50502292
50503208
50504839
50506529
50509378
50513201
50513222
50516417
50523201
50528700
50529051
50529900
50531358
50534453
50536662
50541129
50546144
50548899
50548952
50551392
50563658
50564613
50566472
50570416
50579620
50579721
50597646
50603492
50608740
50613810
50616492
50616529
50619180
50619217
50619594
50628425
50631089
50631110
50637873
50637894
50639402
50644501
50651163
50661253
50662824
50665154
50665840
50668426
50670228
50672417
50676782
50676819
50680138
50694936
50700566
50700648
50705432
50717057
50725325
50725731
50726486
50728089
50731114
50733235
50737223
50741478
50744357
50759308
50762763
50762804
50770188
50776354
50778642
50791081
50791376
50796806
50799881
50819204
50827844
50831889
50859724
50865121
50870604
50874306
50876193
50877829
50879242
50882216
50883920
50885148
50888799
50889638
50894362
50894405
50895145
50899098
50899141
50907692
50907729
50911408
50914096
50924310
50924392
50924709
50930073
50934806
50934888
50938007
50938089
50942501
50954706
50956339
50974210
50992552
50993858
50996750
50998420
50999760
51000069
51001505
51005515
51005556
51012178
51020090
51020133
51029033
51037330
51040777
51046660
51055875
51061379
51062797
51062882
51071624
51073298
51078180
51099664
51118570
51119661
51121272
51122963
51124278
51126460
51130457
51135130
51135173
51140102
51144838
51151700
51155052
51168393
51169608
51184945
51184966
51188161
51194945
51202340
51205264
51208776
51217570
51225124
51253397
51258976
51259665
51261578
51266464
51289152
51315912
51316882
51365120
51385289
51392073
51394716
51397100
51397427
51398264
51399765
51403046
51405041
51408986
51416259
51419525
51422100
51422881
51424010
51425704
51426640
51432600
51434148
51437861
51438018
51447203
51447256
51452451
51452504
51453824
51455509
51458276
51463820
51467275
51467316
51474700
51479194
51479237
51484166
51488902
51503650
51504200
51514637
51514722
51516244
51520141
51520226
51525651
51528025
51533865
51545300
51548189
51548274
51562248
51577398
51589162
51595409
51602450
51610528
51644897
51648168
51649346
51650068
51653840
51655941
51657738
51662083
51667587
51669005
51669090
51675705
51675726
51677354
51705872
51710229
51716135
51716188
51726536
51728913
51733792
51741841
51745058
51751488
51776044
51776081
51779760
51782448
51794504
51799108
51808580
51810945
51815458
51842562
51904981
51905295
51906150
51907611
51910727
51913906
51916845
51922218
51922708
51923618
51933761
51938784
51941539
51941592
51944032
51955986
51958084
51971149
51978442
51993664
52007185
52011529
52038424
52044054
52044136
52048920
52060545
52070537
52073730
52077124
52103364
52105508
52154496
52169100
52171858
52173857
52177426
52184228
52192273
52211844
52233992
52302089
52302370
52396056
52448346
52453655
52453737
52462379
52471837
52471922
52479502
52480356
52482197
52490378
52496942
52496979
52502709
52516008
52522128
52527585
52532306
52534305
52535884
52544643
52560570
52560613
52566102
52578721
52580032
52590912
52598021
52599554
52626730
52627220
52627657
52637724
52662576
52676626
52692586
52695207
52695260
52714626
52716677
52717314
52728712
52735496
52736532
52742417
52766032
52766368
52777221
52805784
52825155
52826649
52830501
52830658
52843044
52896774
52912224
52920866
52953517
52958283
52958324
52972180
52972936
52991776
52992336
52996512
53021569
53021890
53032065
53039682
53060114
53068848
53090692
53094666
53109281
53126224
53186563
53216056
53216403
53225556
53229608
53249220
53348704
53362950
53381132
53412004
53478713
53478734
53489749
53494441
53494736
53500016
53503014
53514946
53523201
53531160
53552516
53552650
53557764
53600273
53613352
53615888
53621392
53634057
53642408
53658177
53676194
53707014
53750305
53753408
53774484
53792771
53807370
53937200
54004298
54005253
54006066
54009991
54020289
54051081
54071624
54085644
54149272
54272524
54281288
54304864
54329921
54399044
54527655
54528966
54529385
54530548
54531921
54532666
54533261
54534941
54535578
54536403
54537780
54538984
54539342
54540579
54548012
54560197
54577940
54579761
54579782
54588436
54604120
54609289
54609434
54609477
54614537
54625430
54625512
54627650
54633154
54668299
54676760
54682264
54683670
54683752
54690211
54690264
54691473
54702353
54707213
54708739
54710568
54713472
54714564
54726925
54727010
54728872
54731560
54739022
54742050
54743572
54747457
54752264
54790961
54806240
54809635
54809688
54817120
54823437
54823522
54827139
54829827
54858130
54864914
54865931
54865972
54886737
54887088
54892288
54892616
54895621
54924805
54928428
54928465
54929541
54952041
54952740
54953154
54955265
54962200
55001137
55003904
55059094
55072964
55074957
55075042
55075652
55084299
55084340
55087500
55094284
55099431
55099793
55101060
55104608
55108106
55116460
55116497
55121456
55126192
55165016
55177472
55184162
55184433
55184454
55194658
55248393
55249232
55251078
55255066
55256448
55313872
55314714
55314757
55319120
55329332
55330060
55330977
55340544
55341074
55377949
55380483
55382312
55386308
55386896
55476246
55485056
55580898
55593099
55593140
55595425
55602209
55613000
55613484
55613521
55617736
55642945
55648561
55648582
55653441
55657252
55657666
55660648
55666712
55669376
55672948
55674124
55675041
55677376
55685138
55707014
55709850
55709893
55712262
55803915
55815168
55837462
55837544
55840036
55845540
55853114
55854601
55855440
55857286
55859744
55885893
55887232
55968145
55969827
55972960
55976458
55982336
56100490
56107555
56107608
56111370
56131782
56134528
56134690
56136212
56140097
56229971
56230576
56236104
56239109
56240258
56246316
56251904
56426594
56432768
56649996
56666689
56672914
56673570
56691352
56707296
56707331
56725666
56729892
56758915
56770954
56771696
56782853
56791564
56795696
56824868
56830020
56890544
56902211
56907796
56909992
56918286
56921168
56930337
56944642
56952001
56952966
57017668
57018952
57036992
57152774
57166128
57168193
57180344
57181762
57186309
57213706
57216020
57221217
57248288
57282840
57283168
57410185
57418056
57447432
57681248
57690641
57693202
57713158
57713688
57737640
57738832
57741319
57803586
57804828
57811105
57827600
57868932
57934988
57943043
58200209
58206217
58262785
58737947
58738855
58738908
58757707
58757748
58761523
58770372
58775312
58780048
58787001
58787022
58796086
58805345
58806860
58806930
58810706
58828162
58831048
58833410
58838028
58853990
58855703
58855785
58871554
58877512
58884892
58885321
58889378
58894378
58920608
58924041
58931488
58950465
58983148
58991645
58991730
59000712
59003682
59017609
59024288
59037764
59050533
59052313
59053348
59056323
59065108
59097610
59115281
59118468
59125252
59142161
59187352
59195688
59246894
59246931
59248845
59261424
59266089
59269670
59271689
59286692
59289985
59322897
59324548
59338762
59344456
59363348
59376340
59381816
59384851
59385156
59393541
59416770
59425027
59459590
59474081
59509696
59515282
59520192
59542546
59588748
59643907
59655234
59678725
59774041
59777594
59777637
59788836
59792513
59795201
59802901
59803876
59804305
59813902
59830368
59840836
59849744
59903122
59907648
59924644
59935777
59951184
59965833
59999298
60032519
60033330
60035274
60041544
60064208
60080289
60102696
60113944
60137520
60195424
60231700
60300552
60306056
60307490
60309894
60359458
60383237
60441098
60461121
60556848
60588328
60622928
60819094
60820805
60821986
60824113
60826456
60827787
60830764
60837946
60837989
60838665
60839120
60841248
60846752
60848134
60851239
60851292
60853856
60855562
60857476
60859537
60860164
60868675
60883275
60883316
60883852
60888896
60889362
60892449
60893632
60900373
60916280
60940420
60956729
60956750
60958088
60958242
60958996
60960961
60963336
60965395
60981586
60997676
61010944
61014151
61052992
61081623
61081705
61082020
61083265
61086744
61090370
61094145
61096268
61112498
61137409
61153322
61162176
61177925
61181184
61198368
61214832
61228192
61277704
61294593
61342237
61342322
61343491
61344424
61346704
61353488
61354564
61358282
61382729
61411366
61433888
61442192
61456704
61474853
61490448
61509768
61538392
61547264
61572100
61604878
61620273
61626880
61640964
61735297
61759496
61768208
61866158
61866195
61868930
61869256
61870725
61874608
61879426
61890588
61902889
61915936
61933593
61948002
61952384
61998180
62015752
62032388
62046338
62067202
62103560
62128724
62169346
62178308
62198785
62259211
62269568
62325056
62390625
62409730
62423062
62424704
62465088
62472720
62541856
62664720
62687233
62718082
62933416
62960133
62964361
62964818
62973988
62983376
63000838
63005699
63013162
63015492
63017105
63031426
63050506
63062405
63062864
63080752
63087712
63111880
63116306
63119397
63148576
63186081
63193538
63201428
63217802
63221840
63244556
63250950
63309090
63309908
63312009
63374468
63445268
63456449
63459843
63477826
63483944
63507466
63510561
63572192
63578689
63701578
63706129
63709476
63836480
63972930
63982152
63983637
63988002
63997104
64000280
64021008
64030248
64031749
64095009
64095764
64227480
64229900
64487593
64488722
64497732
64506113
64758792
67131182
67131219
67135918
67135955
67151290
67151333
67156538
67156581
67161315
67162809
67162830
67178151
67178204
67189031
67189084
67200570
67200613
67203286
67212092
67212439
67212521
67229392
67233161
67238409
67245003
67245044
67251787
67251828
67261670
67270679
67270761
67275175
67275228
67279978
67298146
67310877
67310962
67314887
67324742
67341969
67343754
67352849
67355417
67374009
67374030
67384505
67384526
67394599
67394652
67398171
67407389
67407474
67409260
67423124
67427905
67433620
67438381
67449419
67449460
67456736
67466769
67467616
67479724
67485998
67486035
67486386
67491586
67491914
67494919
67496322
67508600
67511598
67511635
67524357
67529093
67533872
67543784
67559957
67572626
67579410
67581217
67584185
67584206
67586952
67587114
67588636
67592521
67597448
67608723
67640599
67640681
67646103
67646185
67653163
67658909
67658994
67667787
67667828
67668659
67694883
67699630
67699667
67708237
67721008
67725000
67725744
67733400
67738946
67744450
67748245
67749927
67749980
67751556
67753060
67756558
67762436
67767481
67767502
67772885
67788056
67792036
67793560
67800466
67801996
67808780
67821852
67836485
67848760
67864105
67864944
67866790
67870778
67870821
67872160
67877408
67905039
67905850
67905893
67916171
67931910
67937744
67942992
67948884
67967117
67981552
67995858
68029346
68037908
68039842
68043339
68043380
68044108
68045025
68047808
68054592
68055122
68059941
68060355
68063255
68063337
68066561
68069401
68072065
68098098
68164765
68164850
68167453
68167538
68176587
68176628
68186654
68191157
68196654
68196691
68212552
68213381
68217288
68227766
68231609
68231630
68242710
68267060
68275273
68299097
68300986
68301029
68309921
68316705
68319372
68327817
68330886
68336134
68338717
68338802
68340243
68342072
68344976
68346068
68347664
68361384
68364072
68366723
68372777
68387403
68387444
68388172
68389089
68391872
68398656
68399186
68424471
68424553
68434010
68437402
68444032
68459332
68459651
68462339
68470313
68471152
68472998
68476986
68477029
68478368
68483616
68488129
68498210
68498625
68502881
68528195
68552408
68568229
68584071
68616597
68618279
68618332
68619908
68621412
68624910
68630788
68684273
68692519
68692572
68705476
68708164
68709032
68727857
68743244
68750986
68756448
68761866
68764453
68764867
68767767
68767849
68771073
68773913
68776577
68789322
68818513
68829486
68829523
68829874
68835074
68835402
68838407
68839810
68850702
68882986
68951332
68954946
68956836
68960740
68976825
68976846
68979592
68979754
68981276
68985161
68990088
69010461
69010546
69011987
69013816
69016720
69017812
69019408
69076518
69208317
69221765
69222224
69226168
69227988
69237048
69243783
69250567
69252426
69258828
69260641
69261451
69261492
69264139
69264180
69274608
69283113
69285104
69288606
69289735
69290595
69292266
69293145
69296492
69298266
69305289
69310001
69310022
69313820
69314737
69314758
69320320
69321336
69322034
69344526
69348117
69350030
69354410
69357321
69364882
69365060
69366216
69367057
69367332
69370556
69371163
69372459
69374179
69375021
69378544
69380173
69387714
69388566
69388648
69392962
69402750
69404054
69404136
69409302
69409384
69413187
69415065
69423371
69423412
69425313
69428001
69435535
69443878
69454872
69464076
69475553
69478241
69479122
69486500
69490322
69491396
69491473
69493161
69498440
69499042
69504452
69507874
69510033
69512008
69512466
69513381
69516297
69518411
69518452
69525708
69534389
69535061
69536345
69537991
69538876
69542195
69548046
69553286
69554726
69554825
69558736
69568168
69575181
69575266
69579048
69593616
69600909
69600994
69606419
69610040
69611789
69611874
69616019
69617693
69617778
69637652
69641265
69641286
69642388
69649164
69651616
69660675
69668977
69675108
69686592
69698307
69700673
69736220
69737130
69740956
69747436
69748013
69749301
69751862
69755249
69756943
69759171
69766537
69768610
69768904
69770788
69772946
69775812
69777429
69782352
69784090
69784133
69792848
69799697
69803092
69805732
69806729
69806882
69808968
69810322
69814659
69819432
69820947
69823044
69828921
69828942
69834825
69849760
69862043
69862727
69865057
69865686
69866616
69869914
69871670
69878676
69884225
69887049
69887266
69895396
69899104
69899409
69908490
69912112
69913603
69929132
69929169
69931397
69938181
69951622
69955680
69962370
69994290
69995143
69996972
69997009
70003756
70003793
70010019
70010072
70012170
70017674
70025774
70025811
70037554
70042032
70047756
70051329
70059458
70060310
70060392
70064706
70075201
70075916
70093872
70095620
70099137
70124574
70126156
70145156
70165768
70189848
70197424
70260389
70264259
70269507
70271099
70274339
70274392
70276238
70279843
70279896
70285412
70288086
70288742
70290033
70291661
70294584
70295893
70297630
70305863
70308883
70322116
70323794
70325641
70326690
70333201
70333732
70335560
70342164
70345777
70345798
70346900
70354083
70354136
70356234
70361738
70369760
70381633
70387530
70392260
70392465
70393378
70394770
70396580
70397065
70402916
70406183
70406236
70420229
70420658
70421192
70431280
70445313
70452761
70459415
70459497
70467992
70470752
70480386
70489220
70517660
70518031
70519398
70521011
70521962
70525304
70527019
70535340
70535377
70537605
70544389
70551833
70559256
70560036
70561986
70568578
70585889
70586700
70587666
70591628
70604803
70610968
70615430
70615856
70650704
70652442
70652485
70661200
70665731
70670600
70672608
70683660
70686816
70718112
70781722
70781765
70783728
70787494
70792218
70792261
70799513
70803516
70816011
70816052
70817953
70820641
70828428
70829574
70844602
70844645
70847526
70870280
70878785
70879632
70889478
70911656
70918669
70918754
70922536
70937104
70943169
70951064
70976262
70981656
70984896
71028992
71041379
71041737
71059040
71063600
71079232
71117057
71155722
71178246
71180419
71256192
71306303
71317385
71319236
71323108
71324565
71331349
71338962
71349068
71349458
71357872
71358860
71359328
71360006
71361811
71363352
71366849
71376170
71380169
71381674
71387915
71387956
71388370
71389921
71398411
71398452
71403488
71409176
71411340
71412018
71412355
71415046
71415361
71418059
71418100
71426401
71441177
71441573
71444261
71451827
71452860
71455089
71455286
71459371
71459926
71461194
71467127
71470385
71470406
71471914
71472284
71475889
71475910
71483802
71483845
71485065
71495945
71501699
71503256
71506369
71506608
71510566
71511392
71512460
71521860
71522317
71522402
71526596
71536697
71536718
71542812
71550228
71551521
71561346
71571284
71575187
71576020
71583943
71584089
71586093
71586394
71586986
71590477
71591025
71599334
71600309
71600490
71602486
71602759
71607326
71608873
71615400
71620664
71620867
71624004
71636291
71637142
71637224
71639830
71639912
71640229
71648412
71651413
71668113
71674897
71675939
71675992
71692804
71699172
71702150
71707404
71709104
71709443
71710232
71711809
71714570
71715473
71725070
71725664
71730632
71730732
71730769
71735880
71749793
71750722
71762967
71763049
71764547
71784720
71795348
71801888
71803202
71834034
71837130
71842378
71843935
71845530
71845573
71846313
71854704
71856410
71856453
71861419
71862489
71862558
71864952
71865637
71868955
71869525
71877425
71877446
71879970
71885474
71894264
71895395
71895701
71897452
71897686
71901741
71902310
71909994
71911566
71927303
71935536
71936328
71938181
71947016
71964173
71964258
71965012
71968056
71968909
71968994
71977223
71983157
71992410
71995715
72010260
72011984
72026898
72027147
72027188
72037394
72041761
72044712
72060096
72093059
72093464
72094412
72095200
72100545
72101040
72104966
72112292
72114326
72114408
72114980
72125537
72125580
72127122
72130977
72141322
72148997
72155546
72155589
72156809
72167689
72172880
72181826
72189224
72193044
72220957
72221042
72221368
72246401
72263170
72288004
72290498
72296488
72335744
72355497
72365606
72366377
72373529
72373891
72377228
72378080
72379526
72379713
72382640
72387214
72389027
72389080
72395811
72395864
72397333
72400256
72401447
72401500
72402190
72418447
72419507
72419674
72421685
72421915
72426083
72426836
72435144
72435244
72435281
72440392
72456356
72458390
72458472
72459044
72467344
72471585
72476682
72484074
72485077
72485228
72487183
72487634
72491580
72492109
72502850
72504612
72507587
72508568
72515757
72520289
72534432
72548848
72550790
72555600
72559113
72565386
72568980
72590465
72615340
72615377
72620588
72620625
72623690
72624391
72633106
72633355
72633396
72643602
72648790
72655472
72666304
72679723
72688696
72696453
72706081
72712898
72717322
72745777
72745798
72748322
72753826
72769832
72771664
72782853
72786196
72815368
72879968
72881353
72882840
72882950
72885123
72889136
72889612
72894522
72894565
72897648
72914500
72914957
72915042
72919236
72928769
72929418
72933712
72942364
72946497
72946850
72955924
72967682
72975009
72976976
73011601
73018385
73019427
73019480
73036292
73042472
73048330
73073986
73081093
73142407
73146414
73146451
73155280
73155845
73168904
73177360
73206176
73271813
73274408
73277888
73367569
73402062
73403277
73403731
73404905
73406243
73407092
73407642
73409338
73409972
73410727
73412200
73413329
73413661
73414982
73415584
73418123
73445681
73450668
73450705
73452805
73458309
73477142
73482673
73482694
73483938
73494818
73503002
73503045
73504976
73507664
73534306
73550362
73550405
73554054
73556742
73568676
73575460
73576470
73576552
73580835
73581280
73586432
73586705
73589770
73602570
73606179
73606232
73607306
73613395
73614152
73614469
73616642
73623600
73671340
73680150
73680232
73683352
73690136
73695907
73695960
73700960
73705696
73730884
73731085
73731170
73741380
73762322
73763105
73765004
73769012
73770368
73794977
73795851
73795892
73800225
73826362
73828870
73830736
73834633
73835296
73875500
73884288
73930949
73946641
73947171
73947224
73951377
73960195
73965837
73965922
73970691
73973865
73975064
73976002
73978241
73986084
73991564
73994379
73994420
73996812
74039318
74050560
74056492
74056529
74059080
74064584
74121634
74123334
74126401
74129940
74135808
74188436
74195505
74195526
74199316
74203277
74206080
74206276
74207784
74211587
74252327
74253024
74258449
74261514
74262660
74350661
74356864
74454616
74468136
74469901
74469986
74478632
74483090
74483211
74483252
74488338
74517808
74523312
74524716
74524753
74531866
74533382
74535248
74538112
74539145
74547229
74550340
74551848
74555651
74560528
74581697
74585137
74585158
74592577
74678370
74681088
74717321
74719386
74719429
74720009
74727502
74727842
74729096
74732609
74736148
74760241
74772736
74842728
74843416
74844354
74853888
74854436
74975382
74975464
74977730
74984514
75006792
75007109
75010129
75016240
75018880
75104372
75105810
75106593
75108492
75110976
75120651
75122048
75300952
75306496
75416064
75497919
75509879
75512776
75513636
75516837
75526937
75527333
75537748
75541651
75543252
75548609
75554352
75556504
75557220
75557510
75560204
75560451
75569970
75570378
75573066
75582733
75582818
75584340
75584696
75588237
75588322
75597702
75599280
75602307
75602656
75606604
75607361
75608472
75616285
75616370
75622456
75634473
75638438
75639209
75646157
75647210
75647317
75649388
75649551
75654204
75655762
75666695
75667628
75667665
75670316
75670353
75670730
75682210
75688994
75690033
75690054
75696841
75699852
75705112
75706848
75707142
75707952
75709443
75711889
75712035
75712088
75717137
75727918
75727955
75729415
75743912
75750464
75751685
75766244
75769237
75774485
75777238
75778227
75778364
75780721
75781450
75784758
75785259
75793649
75794759
75795114
75796825
75797037
75801178
75801677
75810318
75818592
75819281
75821194
75825247
75830810
75830853
75831593
75834736
75835546
75835589
75842613
75845895
75860772
75861014
75861096
75871268
75877505
75894150
75894576
75895449
75896257
75901571
75902176
75906060
75910211
75910296
75911844
75915714
75923851
75923892
75925138
75936018
75941200
75945000
75956538
75956581
75956976
75982340
75990792
75993221
75999312
76025554
76035660
76036434
76040860
76042673
76042694
76049457
76049478
76050986
76055710
76056806
76056885
76058986
76059190
76063303
76064041
76077256
76079276
76079313
76079944
76088533
76089515
76089689
76091678
76092069
76096120
76096539
76103898
76108355
76120545
76122508
76127265
76130834
76145794
76154275
76154328
76159523
76159576
76162581
76163342
76171309
76178017
76185942
76194928
76202629
76207124
76219149
76219234
76221764
76227268
76239882
76243240
76256016
76287809
76289171
76290736
76290828
76292998
76297056
76297496
76305929
76306458
76306501
76310665
76317496
76321539
76321988
76331048
76333762
76335649
76353954
76360738
76361777
76361798
76368464
76374292
76383493
76390666
76419214
76423207
76423260
76437792
76450240
76483082
76485712
76489089
76549577
76551082
76557866
76568032
76568984
76569409
76570124
76571942
76573488
76576899
76581654
76581736
76582053
76583619
76592150
76592232
76595351
76595433
76603715
76612838
76613880
76616035
76616300
76620374
76620845
76622101
76628363
76628404
76629650
76640530
76649993
76650522
76650565
76654729
76662056
76663362
76673156
76679311
76679475
76681562
76681781
76682452
76685851
76686435
76694480
76699760
76699910
76702985
76711096
76714027
76739080
76744468
76745378
76754972
76755521
76763330
76764165
76781856
76809867
76809908
76810706
76819041
76820747
76820788
76825357
76825442
76827972
76833476
76841557
76843164
76862224
76876046
76882026
76892712
76894369
76907842
76910800
76945608
76947628
76947665
76948296
76958228
76965898
76973345
76982277
77014146
77075762
77076102
77079448
77080257
77081740
77081859
77084896
77087289
77087310
77088028
77104529
77104675
77104728
77109777
77120416
77124674
77129748
77139461
77141320
77144199
77145264
77154752
77169300
77172904
77204260
77204502
77204584
77214756
77220993
77234826
77244482
77275472
77277217
77334603
77334644
77337697
77352450
77353108
77357345
77374980
77410824
77453312
77464225
77464842
77477904
77512776
77546240
77561892
77614103
77614185
77615676
77628189
77628274
77628615
77649540
77656288
77664632
77668526
77668563
77681795
77683984
77689488
77698496
77700108
77719555
77731898
77731941
77734927
77742561
77744524
77747282
77750860
77763888
77765762
77768450
77793089
77804808
77826608
77858343
77858396
77859185
77875786
77877554
77881479
77882544
77890858
77891785
77901852
77902401
77910161
77928224
77931782
77932960
77941253
77971620
77996440
77999361
78012708
78038021
78054022
78077969
78119371
78119412
78127646
78138049
78140296
78147080
78152361
78157936
78158086
78160934
78187587
78187672
78189081
78192933
78209346
78222354
78234696
78259588
78260576
78264836
78271521
78283472
78352452
78392080
78395395
78424132
78430740
78479696
78516448
78528777
78546962
78645475
78655545
78655566
78660486
78666400
78678913
78680728
78689409
78700824
78710286
78711140
78712981
78718560
78775096
78775443
78779139
78784596
78791305
78817320
78823970
78841122
78860328
78872841
78909120
78916108
78920000
78939412
78958660
78975114
79054881
79103048
79171120
79178370
79185217
79235656
79251474
79265986
79315108
79372298
79434764
79470609
79495714
79708846
79708883
79714357
79726166
79728826
79728869
79744028
79745609
79749418
79749524
79757802
79762471
79762524
79780256
79784272
79790915
79791257
79800357
79804482
79808774
79824203
79824244
79835181
79844162
79846657
79852161
79866378
79869444
79891028
79892008
79892755
79896760
79929952
79941668
79957077
79962425
79962446
79972746
79974020
79984900
79994000
79996072
79996688
80007714
80022177
80022976
80044554
80068912
80085706
80085893
80091143
80094258
80110664
80152716
80167105
80184388
80216922
80226327
80226409
80237864
80239376
80253888
80260672
80261665
80287490
80288005
80292226
80307205
80315556
80332896
80351892
80360200
80364738
80382113
80453638
80479856
80480550
80482473
80490704
80513289
80613953
80626188
80646168
80675144
80742941
80743026
80748715
80758098
80758561
80758988
80769121
80782597
80782978
80798768
80808840
80809108
80819336
80855202
80881056
80881232
80886304
80890002
80906576
80921603
80941380
80970252
81007810
81013889
81039656
81059846
81072660
81201248
81265038
81269781
81271818
81273444
81285379
81314322
81338897
81350680
81412400
81527960
81545233
81559745
81593347
81666057
81790641
81792300
81793430
81795595
81797957
81799384
81802338
81813579
81813620
81814976
81815058
81815841
81817740
81820224
81823801
81823822
81824162
81825416
81828929
81832468
81836296
81842183
81854999
81855081
81856280
81857218
81859457
81866241
81867300
81872938
81888368
81904008
81920157
81920242
81922960
81923268
81924776
81928579
81933456
81937446
81953317
81969240
81979520
81985806
82030593
82055214
82055251
82056008
82056325
82058498
82064002
82065456
82067993
82084196
82101378
82116820
82134273
82149387
82156032
82174016
82190433
82200896
82250768
82268162
82314298
82314341
82316806
82318672
82320544
82322569
82323232
82329877
82346131
82387020
82399424
82415904
82428417
82448458
82463264
82485520
82509873
82511488
82544648
82577436
82591842
82605056
82616840
82707202
82722960
82740256
82837799
82837852
82838496
82843396
82843921
82846986
82848132
82854072
82878546
82888256
82907186
82919493
82928384
82970697
82989584
83006472
83017988
83043332
83067024
83100713
83133060
83150856
83175426
83230742
83235200
83296769
83362371
83384324
83394604
83397888
83429505
83444768
83517504
83632288
83660802
83689732
83890813
83910000
83913513
83915504
83926158
83928846
83929749
83936918
83937000
83942425
83946051
83947798
83947880
83957601
83958482
83962337
83968729
83969340
83971598
83972277
83973191
83976533
83978291
83986195
83987128
83988877
83988962
83995661
83995746
84001905
84003428
84022954
84026780
84032028
84035412
84040100
84040329
84041234
84042641
84044450
84045000
84050913
84051320
84052534
84054171
84055126
84058439
84060250
84069125
84070956
84070993
84079621
84085548
84085585
84087431
84091314
84096044
84096081
84100802
84107798
84107880
84111682
84115742
84116172
84138032
84140184
84152003
84153765
84162883
84165586
84168520
84176017
84176164
84177348
84178185
84178466
84182946
84186769
84187812
84187913
84189642
84194884
84195474
84197785
84199447
84199529
84214502
84215146
84216363
84218931
84222223
84224120
84226204
84231073
84236556
84239436
84239634
84247706
84247749
84249936
84255440
84268192
84282650
84282693
84284656
84288154
84288197
84291456
84293670
84296486
84299834
84299877
84314253
84314338
84316584
84323368
84330008
84334912
84336774
84349129
84353123
84371969
84379142
84383747
84415416
84422200
84424020
84427491
84428121
84429402
84431006
84431978
84435335
84437100
84446628
84450066
84452233
84454212
84454673
84455594
84458568
84465185
84468747
84468788
84469921
84479432
84481426
84481732
84483618
84485777
84488612
84490281
84493478
84497158
84497545
84506704
84509213
84509298
84520979
84534592
84542133
84542774
84544015
84545772
84548675
84549933
84551793
84559656
84560019
84560580
84570627
84576585
84584001
84584738
84586644
84593760
84596742
84611363
84611416
84613258
84615946
84623756
84631745
84645124
84676196
84677902
84678819
84678872
84681507
84681560
84690324
84691249
84691270
84695572
84706343
84706396
84713700
84722528
84724866
84733976
84740869
84742700
84742737
84751365
84755971
84757528
84771203
84777056
84780552
84805692
84808729
84830472
84839056
84869600
84870704
84922880
84937607
84946250
84948103
84952497
84952518
84957745
84957766
84961564
84963529
84968107
84968749
84970061
84971708
84972643
84975899
84981872
84987919
84994086
85004041
85007397
85010082
85011144
85011218
85013316
85014673
85018765
85018850
85021096
85027880
85034388
85035313
85035334
85039636
85050177
85057667
85067684
85069333
85071304
85072274
85078793
85079330
85081156
85083721
85090361
85090382
85102090
85102948
85103889
85107936
85119618
85131438
85131475
85134386
85148464
85153857
85156996
85174536
85197553
85198648
85199390
85201110
85201997
85205350
85207125
85217571
85217624
85219466
85222154
85232816
85234226
85234376
85238149
85251332
85264792
85269570
85271065
85273124
85287088
85291014
85295884
85296736
85333537
85337099
85337140
85338273
85344705
85347334
85357072
85366808
85372993
85402944
85442600
85459916
85464587
85464628
85468513
85469323
85469364
85474944
85475576
85483826
85493442
85500438
85500520
85504322
85508888
85511180
85524811
85524852
85530700
85543568
85560323
85562144
85565580
85591194
85591237
85593424
85598928
85611680
85623216
85623555
85657100
85657985
85667888
85704770
85721671
85722387
85740609
85749856
85764609
85791362
85835796
85852550
85864460
85951616
86005806
86005843
86008952
86017594
86017637
86018319
86041025
86043912
86049191
86049244
86057585
86074784
86075654
86080032
86092545
86095896
86102150
86116510
86126667
86126708
86131523
86131865
86135576
86140965
86150788
86157920
86161668
86183427
86190736
86217824
86248505
86248526
86250083
86262158
86264288
86266901
86270564
86280788
86282515
86286520
86287491
86303010
86313612
86315968
86322752
86332426
86360392
86377392
86383234
86393544
86427658
86443276
86458530
86508311
86508393
86508732
86529283
86531216
86533904
86541650
86542540
86552673
86553100
86573770
86579207
86579504
86582322
86590085
86616100
86624273
86641544
86643393
86652040
86665282
86672673
86745097
86775456
86782086
86806665
86819880
86868513
86909249
86917650
86937636
87036231
87040157
87040242
87049996
87061824
87070466
87074096
87075202
87081648
87100444
87100609
87102025
87105834
87164528
87165222
87167145
87172614
87180562
87199952
87213124
87231044
87253072
87261714
87299224
87301377
87306881
87329320
87351305
87367956
87445570
87492625
87561604
87563360
87575043
87626769
87642148
87654661
87703880
87752852
87828504
87851170
87884868
88099057
88109095
88109148
88116299
88116340
88117790
88130435
88136336
88146745
88146766
88147171
88165312
88167052
88175808
88184450
88191152
88203532
88215868
88219799
88219881
88229383
88230194
88232138
88237616
88249537
88251656
88257160
88282528
88284166
88320065
88348701
88348786
88351815
88359708
88360137
88363841
88369194
88375792
88377734
88380457
88384038
88392388
88413464
88415361
88418049
88434708
88457745
88475488
88487172
88491281
88526868
88541720
88555844
88606254
88606291
88607096
88624800
88631814
88635680
88640037
88641817
88645827
88646808
88671509
88672484
88682510
88683104
88687882
88707272
88723490
88741648
88745219
88746384
88756357
88771138
88834194
88875404
88878400
88908050
88918096
88966210
88998531
89015332
89038920
89129402
89129445
89137679
89148952
89156225
89164512
89166724
89173508
89179488
89195220
89200696
89200899
89203731
89263201
89263244
89264716
89268562
89279012
89301281
89311241
89330697
89342113
89359396
89400706
89401648
89405954
89429072
89440402
89457320
89546757
89591842
89664264
89667649
89674758
89729058
89743432
89752074
89801233
89850152
89919664
89948484
89982985
90208265
90213905
90229282
90236996
90243986
90260580
90261784
90264067
90276516
90278472
90321058
90325456
90328084
90341708
90342576
90350083
90374793
90378436
90446884
90457680
90464450
90473282
90484746
90507440
90509574
90513481
90527808
90574993
90575944
90703684
90718386
90722572
90726977
90734986
90740776
90770465
90775720
90784544
90834969
90837510
90842208
90861584
90867208
90965257
90969106
91234760
91250980
91252754
91261080
91263014
91268161
91293189
91303969
91357972
91363333
91398276
91488787
91489504
91490572
91524098
91554177
91751714
91758865
92276210
92277596
92278444
92279749
92280343
92281017
92282123
92283595
92284721
92285334
92286053
92287278
92288216
92289634
92300102
92307582
92317928
92326042
92326085
92328400
92335184
92346893
92362276
92362774
92362856
92367012
92375818
92377635
92377688
92386314
92407505
92425056
92430627
92430680
92435552
92440004
92440077
92440162
92445252
92454987
92455698
92456097
92463808
92465164
92472459
92472500
92474657
92480161
92488261
92488966
92489936
92492672
92499977
92541338
92554627
92557453
92557538
92559875
92572940
92578444
92579851
92579892
92602796
92602833
92604104
92614984
92635193
92637761
92639508
92641416
92643490
92651590
92660480
92672305
92672326
92674196
92676884
92700888
92703761
92705290
92709216
92714112
92812323
92816139
92816180
92818706
92824210
92833456
92836908
92836945
92844336
92849732
92850472
92852355
92856418
92862976
92867121
92867142
92870849
92873537
92934537
92941321
92942362
92942405
92995607
92996248
93001217
93001764
93004866
93028456
93038720
93066818
93070358
93070440
93071554
93077550
93077960
93082672
93086213
93090050
93127442
93127841
93130763
93134080
93136908
93208657
93210240
93326644
93341317
93348396
93348433
93352197
93362338
93364401
93364422
93365026
93390106
93390149
93393286
93400070
93405276
93408004
93408273
93409802
93413728
93422024
93423660
93425280
93426736
93430277
93454998
93455080
93459992
93464728
93503540
93506816
93588241
93588515
93588568
93598737
93602070
93602456
93607972
93611074
93612416
93716594
93717904
93718084
93718824
93720707
93782029
93788672
93849000
93849869
93849954
93854248
93880421
93881606
93882576
93891616
93892617
93929507
93942784
93979697
93981249
93982996
93986978
93988608
94142490
94146944
94395460
94406472
94422289
94426146
94445961
94454322
94454924
94456129
94471460
94478610
94517265
94520842
94527656
94535846
94540097
94544408
94576964
94578722
94637586
94651176
94662689
94667169
94672901
94701699
94703716
94708760
94719008
94767652
94775368
94897058
94914694
94916960
94920729
94931988
94937221
94963280
94973972
94978448
95028300
95029507
95031856
95049736
95060740
95158980
95160841
95432868
95441042
95441929
95455251
95457888
95462412
95486786
95492176
95551882
95554626
95596546
95682889
95683718
95691312
95716865
95756480
95945361
95949000
96470413
96471843
96474728
96475334
96477876
96480282
96481617
96486457
96486478
96489025
96490772
96492680
96494754
96495368
96502039
96502121
96502680
96507649
96508196
96511298
96512385
96518768
96542749
96542834
96544144
96544324
96545064
96546947
96549392
96551205
96567438
96589825
96602158
96602195
96602568
96603778
96607280
96610821
96614658
96616676
96641108
96669793
96682010
96693248
96699920
96731706
96731749
96732934
96733904
96736160
96742944
96743945
96755731
96768076
96782496
96798794
96817296
96846856
96863260
96882952
96895011
96897792
96928130
96944672
96993447
96993500
96996228
96996497
96998026
97001952
97006724
97013842
97028146
97042445
97043840
97059913
97077768
97096196
97116176
97124905
97149188
97162242
97222913
97255747
97297409
97321012
97329792
97398816
97404930
97419396
97521739
97521780
97522450
97522849
97525056
97530560
97531916
97536007
97551402
97575048
97583654
97615953
97628416
97648921
97673730
97682049
97701952
97715392
97748994
97779861
97796200
97801728
97822784
97829121
97846560
97984528
98050104
98059072
98109712
98123908
98172998
98179200
98190344
98307076
98337312
98373696
100664062
100664671
100679320
100687049
100689737
100692380
100701977
100706713
100711491
100712945
100713324
100714035
100715640
100718677
100720858
100725286
100732728
100738451
100743699
100747156
100748705
100750986
100751683
100754344
100756176
100758277
100762038
100762383
100763226
100764900
100767787
100769997
100773918
100778661
100778946
100784408
100787492
100798130
100803463
100809010
100813603
100813656
100813973
100819428
100824099
100824152
100826880
100832673
100833930
100836920
100838608
100839874
100840212
100841605
100846860
100852364
100853771
100853812
100860331
100861493
100863075
100864844
100866137
100868337
100872294
100877594
100877637
100880774
100887558
100896980
100902403
100903236
100905128
100910242
100911304
100930470
100937254
100940016
100941935
100943245
100943330
100948493
100948578
100951636
100954259
100961547
100961588
100963154
100967051
100967092
100972620
100975193
100986921
100993415
100996769
100997898
100998736
101002434
101004564
101006376
101009748
101015581
101015666
101026353
101026374
101030081
101032769
101043720
101056982
101057340
101058075
101059692
101062686
101065929
101068853
101073974
101081258
101092192
101097763
101097816
101102688
101107858
101110033
101124528
101127242
101129221
101132872
101140256
101159204
101159433
101190628
101195278
101201124
101208929
101210576
101214853
101215528
101217858
101218442
101219348
101222060
101222097
101222858
101227570
101232940
101232977
101234560
101238147
101240973
101241058
101243395
101256777
101259441
101259462
101262129
101262150
101262506
101270585
101270606
101273898
101286043
101288981
101314704
101320586
101322501
101324180
101325608
101328545
101330242
101331568
101335207
101335260
101339669
101353518
101353555
101360202
101370528
101372232
101377041
101384854
101384936
101389848
101394584
101402897
101405888
101409314
101417857
101450163
101450573
101451363
101452886
101456153
101458119
101462122
101467824
101471276
101471313
101478704
101482854
101488677
101501124
101508168
101518604
101524108
101525515
101525556
101533858
101536324
101541121
101552674
101557266
101582121
101582672
101583497
101593606
101604354
101622148
101647505
101655620
101695500
101713889
101719372
101724876
101729109
101729807
101730738
101731430
101734427
101736621
101740615
101748136
101748546
101751504
101752353
101754012
101755653
101758474
101763626
101764628
101766434
101770433
101779238
101781914
101781957
101788698
101788741
101790249
101796704
101802275
101802328
101807200
101811888
101815340
101815377
101822768
101831186
101835332
101843865
101848598
101848680
101849381
101853334
101853416
101859786
101861453
101875991
101876073
101884965
101906496
101909330
101912627
101926025
101933585
101948418
101977230
101980564
101983184
101983877
101985064
101986721
101987650
101991062
101991144
101996056
102000792
102008018
102010955
102010996
102024065
102040122
102040165
102041769
102057156
102060297
102066690
102074642
102077060
102081545
102106499
102109325
102109410
102111747
102125892
102130212
102140068
102143240
102146578
102183056
102228224
102236604
102237034
102239277
102242424
102244569
102245907
102248502
102257420
102257810
102262866
102266913
102270234
102270277
102273414
102280198
102287505
102287652
102303316
102309996
102326660
102336777
102339144
102369841
102369862
102373569
102376257
102387208
102401224
102404644
102410512
102433956
102435106
102501600
102503057
102506773
102506890
102523401
102523938
102532896
102578240
102631752
102633746
102730240
102761902
102763339
102764229
102765528
102766194
102766743
102767921
102769337
102770454
102771170
102771804
102773093
102773899
102775340
102781347
102793279
102806580
102815272
102818829
102818914
102820008
102829382
102845202
102845451
102845492
102855698
102860165
102861100
102861137
102865413
102900584
102909360
102912172
102912209
102914608
102925105
102925126
102927650
102933154
102940773
102941065
102945798
102949456
102953248
102958800
102965786
102965829
102969680
102973794
102974083
102979652
102982696
102984064
103032973
103042369
103047873
103049265
103049286
103057030
103060506
103060549
103067910
103094436
103096470
103096552
103097124
103120988
103122272
103123082
103132164
103133201
103137315
103141760
103155875
103155928
103158154
103164938
103188040
103188741
103190704
103194668
103201280
103291473
103301530
103301573
103302793
103313673
103320086
103320168
103323800
103326488
103334690
103335060
103338033
103341312
103344193
103351587
103351640
103354848
103361632
103421508
103421965
103422050
103426244
103481419
103484224
103484434
103485985
103489804
103514164
103527424
103549729
103551499
103551540
103560225
103563287
103565848
103567682
103569537
103571620
103612809
103614533
103616128
103617542
103621200
103694440
103703296
103810714
103829782
103829864
103831746
103834434
103846289
103853073
103854115
103854168
103875213
103875298
103880195
103884931
103890990
103892354
103892552
103893253
103895216
103908374
103909912
103911746
103915684
103917312
103942924
103948555
103948596
103953420
103989274
103990912
104072648
104072748
104072785
104077896
104087691
104090642
104092193
104096012
104100992
104202297
104203042
104203412
104211080
104212545
104267846
104271104
104334513
104334534
104336660
104342164
104366194
104366723
104371728
104372292
104375336
104415313
104421888
104464984
104465760
104466570
104469376
104476689
104628237
104638592
104876601
104876622
104882389
104891031
104891113
104896602
104908073
104908624
104908966
104919152
104924715
104927389
104927474
104949058
104949377
104958990
104960612
104964373
104964490
104981528
104989109
104993838
104993875
105008004
105008266
105018500
105027984
105031976
105055073
105055436
105064530
105068577
105089283
105103505
105121082
105121125
105132118
105145744
105145896
105150992
105157409
105160000
105165504
105171081
105196037
105199106
105204008
105235521
105253418
105254420
105255241
105259164
105271586
105325104
105333254
105353234
105385066
105390375
105390428
105403553
105409728
105417093
105418370
105429250
105454728
105456788
105457416
105468180
105484817
105504771
105515728
105516448
105533962
105554437
105611544
105644709
105644994
105650243
105653273
105686052
105777286
105793584
105808096
105841698
105906989
105916491
105916532
105922951
105927754
105929733
105931314
105944340
105945864
105959745
105976736
105983520
105984592
106021385
106043137
106043714
106047873
106062408
106079298
106090508
106103954
106137648
106173066
106181380
106202273
106217752
106236112
106373123
106432056
106432787
106434772
106442920
106448012
106481736
106498372
106512608
106579009
106697312
106717252
106725894
106762252
106823972
106981891
106990256
107008196
107012424
107025030
107041304
107045472
107058248
107063305
107091168
107102492
107105313
107114562
107119747
107120780
107152649
107153937
107222284
107233520
107234821
107239434
107250452
107252776
107257923
107268672
107286832
107287105
107348626
107356433
107369488
107488577
107504140
107504688
107512272
107513377
107515918
107545349
107546680
107552962
107577992
107611288
107619334
107745442
107751442
107775234
108013848
108020388
108021060
108038337
108038406
108069268
108069985
108081162
108134919
108140584
108142800
108161028
108204161
108267872
108269827
108530210
108532772
108601632
109053597
109054874
109055271
109056467
109057862
109058665
109059252
109060980
109061608
109062350
109063761
109064867
109065274
109066509
109067650
109080930
109095980
109105419
109105460
109107361
109110049
109120325
109138376
109145160
109146156
109146193
109155860
109159473
109159494
109160596
109183099
109191896
109200049
109200070
109205057
109209793
109218569
109218842
109218885
109229065
109233700
109234498
109236376
109240424
109241728
109249986
109250838
109250920
109255234
109265012
109267468
109269281
109273234
109273920
109320331
109333254
109338906
109338949
109343750
109348248
109351062
109351144
109353496
109380387
109380440
109382929
109388433
109412804
109414413
109417475
109421096
109426944
109446824
109453837
109453922
109457704
109477966
109478593
109484066
109487124
109488264
109527051
109533312
109581873
109594020
109594134
109594216
109599268
109612384
109617888
109619235
109619288
109625402
109628425
109630032
109633798
109638688
109643395
109646861
109646946
109654275
109690949
109693696
109713554
109715595
109715636
109716242
109773393
109774128
109774981
109784576
109785160
109840556
109840593
109842821
109849605
109855505
109855882
109858851
109865056
109867648
109903977
109905444
109906242
109908120
109910529
110002225
110007808
110101910
110118051
110118104
110120202
110125706
110133645
110133730
110134980
110145860
110168587
110168628
110172300
110174988
110182726
110183105
110188288
110188578
110191636
110198823
110199569
110199946
110202116
110209120
110232876
110232913
110236080
110242864
110329944
110338688
110368290
110368817
110368838
110373026
110379091
110380336
110381189
110383490
110391368
110411820
110423040
110493850
110496640
110496777
110498384
110502150
110627664
110629402
110629445
110638160
110658612
110660108
110661921
110664832
110665874
110755869
110756292
110757520
110760963
110764584
110772322
110784768
110952470
110953856
111169058
111182756
111198920
111200785
111227076
111231257
111232224
111239686
111248018
111251593
111287368
111297285
111308820
111315168
111317260
111321107
111349922
111350801
111413001
111427988
111433808
111447106
111452368
111478834
111481356
111486017
111494672
111543570
111547428
111681937
111691952
111693900
111698947
111707658
111718466
111739688
111745034
111763592
111804966
111805633
111806744
111823876
111837570
111936836
111943970
112211986
112216644
112224265
112231497
112232752
112235014
112263585
112266280
112330273
112337029
112367617
112460004
112464152
112468483
112493376
112537632
112730440
112732196
113265376
113283724
113300497
113305618
113317057
113329286
113330328
113345810
113347106
113382680
113394472
113396816
113401863
113414496
113414659
113443492
113451298
113517827
113525153
113526338
113528860
113541898
113543280
113549445
113558160
113575088
113583116
113643716
113649700
113657092
113781040
113789059
113789196
113803688
113804355
113815572
113836558
113842256
113844385
113873026
113903937
113905926
114035268
114037832
114073920
114305542
114315401
114319633
114332208
114336321
114360632
114363458
114372613
114426081
114427402
114432020
114444801
114496544
114565656
114566240
114819784
114820361
114894856
117458106
117458149
117467225
117475867
117477671
117477724
117493377
117496868
117504257
117506739
117515339
117515380
117525013
117526884
117527825
117530766
117540676
117543824
117550608
117563616
117573945
117573966
117575862
117600836
117602448
117605074
117610593
117613644
117613842
117640066
117645768
117650562
117676044
117707878
117711383
117711465
117725458
117734464
117738696
117743106
117752228
117769756
117770569
117772458
117778722
117790753
117821520
117841184
117846688
117848073
117850889
117900865
117917762
117966188
117967005
117967090
117984263
117985842
117985992
117989706
118001416
118007330
118032288
118035209
118047568
118075460
118079777
118096323
118101029
118104601
118106660
118124584
118130196
118147096
118177968
118195210
118230545
118234244
118236932
118268049
118309984
118358424
118382612
118391336
118493742
118493779
118497613
118515080
118517922
118520328
118522736
118523046
118527113
118532137
118539014
118557092
118563713
118629521
118632836
118638114
118661258
118669445
118688840
118726676
118752596
118753427
118753988
118763576
118787077
118801418
118817218
118841409
118850051
118919174
118948129
119014290
119019328
119024064
119032880
119085074
119095848
119165008
119177484
119287811
119310402
119341189
119539153
119540532
119543309
119544040
119546566
119548963
119550234
119554599
119554652
119555936
119556746
119559044
119565828
119566865
119570635
119570676
119573440
119573650
119575201
119579020
119583936
119587128
119607353
119607374
119608098
119608468
119610632
119616136
119617601
119619794
119644167
119655488
119669783
119669865
119672344
119674178
119676033
119678116
119678721
119693362
119705642
119736432
119750669
119756288
119767816
119800093
119800178
119800707
119805712
119806276
119809320
119810448
119820361
119834662
119858192
119866405
119891976
119915012
119931406
119949444
119963729
119965056
120004737
120013072
120070190
120070227
120071554
120071752
120072453
120074416
120076802
120080425
120095769
120111174
120119936
120128100
120145156
120162562
120180744
120193364
120213634
120228353
120291520
120324321
120361536
120389658
120402176
120461328
120472577
120496130
120588346
120588389
120588681
120589984
120593414
120597072
120600864
120603715
120619541
120647684
120652051
120684648
120690816
120717516
120738049
120758592
120768544
120791584
120816641
120856650
120864820
120867584
120886304
120897728
120914576
121049096
121114652
121127328
121177224
121200642
121241635
121252864
121258500
121374210
121405712
121440288
121636568
121638166
121639307
121641541
121643874
121645228
121648177
121651502
121651539
121652144
121657090
121657672
121660677
121661826
121675834
121675877
121677216
121677321
121678160
121680006
121682464
121684124
121702439
121702492
121702801
121704068
121707616
121711114
121714948
121724969
121737283
121751072
121766475
121766516
121767692
121768609
121770944
121777728
121778706
121786393
121800725
121815138
121824000
121832504
121864580
121897145
121897166
121899912
121900194
121901716
121905601
121910408
121915492
121930771
121950728
121963090
121984004
121995308
122005632
122011906
122028295
122053634
122105920
122110088
122163223
122163305
122164004
122164418
122166529
122172033
122173464
122176596
122192460
122224946
122241666
122258561
122275844
122290346
122316801
122324288
122355781
122362368
122396704
122429552
122437643
122442112
122456352
122555400
122569280
122589185
122684445
122684530
122686979
122688808
122690704
122692804
122693392
122700385
122716490
122738690
122749129
122765334
122768640
122822694
122833088
122851488
122864656
122884368
122913344
122949669
122980880
123002912
123019528
123076696
123078272
123144196
123209742
123232400
123240497
123253760
123281924
123293697
123355394
123470593
123502728
123536400
125848770
125866792
125878946
125883464
125886485
125904005
125913392
125919768
125928713
125929554
125931684
125944976
125966672
125979688
125982725
125995139
126001670
126026282
126030916
126034193
126062850
126101002
126109217
126110740
126124805
126125648
126159072
126161456
126222501
126223688
126232594
126297120
126355873
126374168
126379020
126386580
126387010
126419338
126427344
126485638
126489100
126618146
126619732
126624009
126748932
126890516
126894377
126896658
126898372
126912833
126919683
126931457
126951592
126955586
127014922
127021089
127141057
127144288
127402660
127403082
127412241
127420552
127672896
132120730
132120881
132121281
132122148
132122637
132125699
132128872
132149504
132164608
132188928
132218900
132317250
132388992
132399110
132694048
132784256
132972545
133202304
133251080
133562400
133693520
134231135
134237853
134237938
134248733
134248818
134255534
134255571
134262318
134262355
134272331
134272372
134276254
134286266
134286309
134296762
134296805
134301493
134312494
134312531
134322531
134325561
134325582
134337480
134344264
134345989
134356263
134356316
134361767
134361820
134366137
134366158
134374710
134384826
134384869
134390230
134404630
134424124
134424855
134424937
134437044
134450057
134458704
134460553
134469705
134487243
134487284
134489931
134489972
134501081
134504890
134504933
134523238
134525079
134525161
134536353
134539041
134541708
134550311
134550364
134559850
134564742
134574857
134575238
134579938
134595028
134596637
134596722
134598288
134599699
134603320
134609168
134613447
134621725
134621810
134631080
134636419
134641960
134649414
134664745
134683921
134687498
134689425
134693963
134694004
134695500
134697313
134700224
134701266
134702912
134710809
134747961
134747982
134752697
134752718
134768151
134768233
134770906
134780059
134789159
134789212
134794010
134814749
134814834
134818412
134827651
134837828
134838531
134846228
134850964
134855745
134856890
134856933
134859680
134859817
134861424
134865190
134870176
134876717
134882507
134882548
134895425
134899362
134900161
134913376
134917265
134918880
134924897
134943148
134959299
134971950
134971987
134972722
134973575
134976386
134983170
134983754
135006894
135006931
135017080
135023960
135041925
135048709
135051440
135055653
135071208
135087367
135103637
135142546
135145234
135146145
135152405
135152782
135155751
135155804
135159044
135161956
135164548
135168313
135168334
135168713
135173896
135174186
135177244
135178632
135201171
135275927
135276009
135281175
135281257
135287665
135287975
135288028
135301533
135301618
135306283
135319236
135321000
135330116
135335499
135335540
135337267
135358641
135373475
135389388
135399214
135399251
135400141
135415776
135421194
135426698
135433672
135435184
135441968
135448101
135448899
135450777
135454743
135454825
135456129
135461377
135466776
135472578
135477826
135481546
135496469
135496846
135499815
135499868
135503108
135506020
135508612
135529429
135534905
135534926
135556177
135567780
135570840
135576088
135578158
135578195
135578930
135579783
135582594
135589378
135589962
135600914
135601292
135603980
135620622
135627420
135672901
135685162
135697464
135725242
135725285
135728032
135728169
135729776
135733542
135738528
135793807
135795386
135795429
135812802
135816612
135821860
135832331
135840612
135859152
135863814
135869648
135872825
135872846
135873225
135878408
135878698
135881756
135883144
135897684
135934221
135935872
135938516
135940125
135940210
135941776
135943187
135946808
135952656
135962992
135991634
136058658
136059540
136063394
136072230
136086603
136086644
136088140
136089953
136092864
136093906
136095552
136119845
136120643
136122521
136126487
136126569
136127873
136133121
136196146
136282125
136317566
136336356
136343140
136345742
136350668
136355425
136361164
136364470
136364889
136365628
136367210
136370451
136372472
136376365
136382364
136387913
136393417
136400097
136403394
136405898
136406736
136407813
136409492
136410408
136413639
136413997
136416341
136419343
136421531
136422962
136425574
136432780
136434322
136438098
136438177
136453273
136455961
136458691
136463788
136463825
136469036
136469073
136472138
136474802
136483612
136485258
136489680
136490245
136492584
136493217
136494146
136496774
136500250
136500293
136507654
136512346
136513137
136513958
136514668
136517683
136519893
136523896
136528525
136528610
136533507
136538243
136549185
136549538
136554538
136558612
136569361
136569892
136582931
136587667
136592440
136596785
136596806
136598314
136602289
136602310
136605568
136607817
136611482
136611525
136612265
136616998
136622362
136622405
136626540
136632404
136646021
136646440
136649354
136650260
136651971
136653648
136656417
136660138
136663097
136663118
136676643
136676696
136679904
136686688
136693508
136708510
136708941
136709686
136711183
136714330
136716459
136720996
136725019
136736789
136742320
136745132
136745169
136747568
136759496
136766473
136776229
136777282
136779044
136783000
136790928
136808594
136808772
136843015
136848818
136854066
136858096
136861332
136862497
136863242
136866984
136869186
136870917
136875545
136878230
136878312
136880918
136881000
136881317
136887168
136891713
136897217
136898609
136898630
136904827
136906596
136909219
136909272
136916003
136916056
136917525
136921639
136921692
136923285
136939082
136945741
136968200
136972226
136973716
136976033
136976696
136979333
136981130
136983376
136989002
136994862
136994899
137004055
137004137
137007397
137021604
137024072
137028880
137038604
137044235
137044276
137049100
137053384
137056529
137062944
137077184
137101798
137102193
137102891
137104588
137107509
137109721
137113699
137120278
137120360
137123992
137126680
137134259
137137234
137155108
137159714
137168518
137171994
137172037
137179398
137185570
137188032
137192465
137201937
137204233
137233108
137233320
137238787
137241924
137252353
137277570
137302562
137306696
137352192
137367206
137372656
137378086
137380330
137380679
137381427
137382989
137386083
137389209
137392214
137398177
137400144
137401794
137403141
137406100
137407784
137409038
137413909
137414410
137415313
137425504
137429907
137434637
137434722
137435476
137439373
137439458
137446832
137449644
137449681
137452080
137464342
137464424
137468056
137470744
137480457
137482530
137494591
137497355
137497396
137497810
137503180
137507851
137507892
137512038
137519269
137527499
137527540
137531986
137550880
137560489
137562201
137580872
137585220
137596417
137631124
137632417
137635335
137637002
137638312
137638722
137640144
137644812
137650443
137650484
137655308
137660474
137660517
137667113
137683392
137691421
137691506
137700436
137709764
137712897
137716258
137725065
137728580
137734402
137760065
137765569
137766961
137766982
137775266
137777426
137792132
137793801
137798674
137836552
137888181
137889366
137890876
137892681
137893915
137896094
137900140
137906566
137909289
137911376
137914889
137921165
137921250
137926147
137930883
137938066
137946184
137954090
137957430
137982082
137987268
137988388
138020131
138020184
138023392
138030176
138036996
138053906
138056840
138060324
138085521
138093074
138154186
138159664
138160456
138162309
138170692
138170897
138183568
138222624
138282148
138283145
138420106
138431427
138439973
138441923
138452280
138455892
138457784
138461307
138462627
138462680
138467875
138467928
138471694
138473700
138484871
138487559
138488522
138494677
138495318
138496614
138498206
138499185
138502477
138508344
138512011
138512052
138517580
138521185
138522891
138522932
138530887
138536979
138549104
138549929
138553840
138563396
138566738
138569361
138570404
138570505
138572578
138574024
138576620
138577182
138579463
138580186
138581091
138584426
138586201
138594481
138594502
138596756
138603540
138610505
138611356
138613169
138613190
138619953
138619974
138626442
138627363
138627416
138631690
138642552
138644018
138658656
138666177
138679957
138683790
138689038
138692498
138694218
138696100
138697097
138703684
138704145
138705954
138708778
138713490
138713796
138714633
138716104
138717841
138718372
138724964
138731559
138731612
138740720
138741052
138742299
138744013
138744875
138748259
138749997
138759685
138760498
138761544
138765488
138775362
138777110
138777192
138785858
138793601
138808086
138808168
138810051
138813849
138818582
138818664
138821376
138821783
138821865
138824729
138839713
138846731
138846772
138850593
138855192
138860640
138863746
138871055
138871462
138897668
138909720
138911884
138940129
138941906
138951009
138953464
138954524
138955279
138956971
138957926
138961203
138963050
138970025
138972964
138980552
138980626
138981794
138982724
138982929
138989868
138989905
138991749
138994437
139003793
139007688
139008658
139008836
139010469
139015714
139016329
139021464
139022873
139023012
139026882
139035084
139036747
139036788
139056386
139068083
139068725
139070037
139072601
139075911
139077692
139079822
139086220
139090977
139092556
139094546
139101136
139106566
139109414
139109641
139124888
139128835
139134093
139134178
139136296
139141800
139150086
139150896
139170960
139201805
139201890
139203768
139207309
139207394
139212819
139220560
139224090
139224133
139225296
139232019
139235357
139235442
139248096
139250691
139260424
139266225
139266246
139268500
139275284
139286540
139292768
139298316
139303200
139305091
139333860
139337841
139355424
139373120
139396611
139401281
139465628
139472412
139474218
139477926
139482650
139482693
139486576
139487386
139487429
139492992
139494129
139494764
139495981
139497615
139498549
139502019
139503670
139509948
139518233
139529618
139533065
139535300
139537186
139537736
139538581
139541540
139544225
139551243
139551284
139555105
139564624
139568154
139568197
139569360
139576076
139578374
139595172
139597193
139597474
139599377
139601608
139604370
139606100
139608378
139608421
139614246
139625619
139629315
139629764
139638824
139643528
139657785
139657806
139669577
139676737
139678480
139681926
139699488
139723482
139724059
139725383
139727030
139730017
139731286
139733112
139740301
139740386
139742504
139748008
139757332
139757769
139758242
139768385
139777168
139790692
139798112
139798801
139800714
139805080
139805505
139824176
139827203
139858220
139858257
139860101
139862789
139871750
139872704
139882520
139886982
139895008
139924738
139988530
139990279
139991212
139991249
139993900
139993937
140001891
140002633
140019082
140020003
140020056
140024330
140037216
140046384
140051502
140051539
140058802
140077632
140084016
140086401
140095500
140118850
140120598
140120680
140129346
140137089
140150337
140151820
140181953
140187696
140191236
140249118
140252236
140263811
140275718
140290308
140315272
140378544
140379672
140461184
140481024
140530199
140530281
140534118
140543133
140543218
140552300
140567940
140570769
140573188
140577357
140579118
140579155
140591928
140592275
140596420
140601428
140611264
140614674
140622144
140624643
140640985
140649530
140649573
140659090
140665792
140675658
140677426
140678472
140681351
140707618
140710792
140717576
140746928
140773671
140773724
140775579
140797128
140800386
140816930
140818568
140822033
140837545
140843120
140846118
140846345
140861573
140886210
140905345
140911012
140915841
140921892
140974086
140992522
141038643
141042251
141042292
141051178
141052105
141052578
141062172
141072649
141081632
141102244
141106689
141118530
141132178
141149189
141166094
141166948
141168789
141175057
141181345
141203536
141221984
141247041
141266984
141303056
141308560
141310020
141329220
141381635
141428320
141443408
141461537
141559094
141559993
141560014
141575049
141580064
141584800
141593667
141595161
141595300
141599013
141610008
141627140
141633041
141690768
141693764
141711369
141722408
141738516
141766690
141787472
141820385
141825106
141828684
141830674
141864980
141873192
141886986
141902086
141920268
141983896
142017541
142085704
142089346
142092034
142110785
142155976
142166049
142229698
142246960
142344588
142385162
142410260
142607199
142630185
142634150
142635689
142646116
142646421
142649109
142657420
142659040
142662022
142662337
142666265
142667011
142668208
142677842
142681804
142682578
142693646
142694563
142694616
142697251
142697304
142697621
142707347
142710424
142715696
142717377
142717708
142718560
142720006
142722087
142722140
142723598
142744009
142747050
142752298
142755043
142756111
142756564
142758195
142758490
142762549
142763035
142775819
142775860
142776658
142779745
142780555
142780596
142786176
142789448
142789676
142789713
142799944
142806412
142806880
142807730
142808451
142813830
142814401
142818328
142819734
142819816
142821028
142831908
142836043
142836084
142836449
142853904
142856330
142862369
142872229
142882329
142883109
142886076
142887117
142887274
142889301
142889580
142893583
142894418
142902443
142903510
142903603
142905660
142906058
142910065
142910518
142918083
142920088
142924866
142928420
142935473
142935494
142940721
142940742
142943786
142944540
142950701
142959713
142967578
142967621
142970121
142975625
142988064
143003395
143004838
143006432
143006488
143008652
143012673
143013168
143016816
143020806
143021193
143030352
143036868
143043652
143044621
143044706
143049994
143057172
143069340
143073337
143073358
143083905
143100436
143103009
143106434
143134099
143135700
143142484
143147133
143149868
143149905
143150282
143151751
143160364
143160401
143164621
143165681
143167815
143168089
143172141
143172698
143173930
143185426
143185931
143185972
143190162
143198366
143198566
143200565
143200874
143201449
143204918
143205447
143213808
143216726
143230760
143231684
143241272
143241731
143251776
143263382
143263464
143264165
143272515
143274262
143274344
143278635
143280312
143296796
143302741
143312133
143315105
143333521
143335587
143335640
143336209
143344962
143353866
143369348
143398244
143398540
143401904
143402627
143404184
143404294
143407297
143410594
143410737
143410758
143415842
143429130
143430929
143433870
143434976
143442600
143446224
143461192
143461420
143461457
143471688
143475348
143484933
143499553
143501378
143525911
143525993
143529027
143549960
143569424
143590082
143590676
143603744
143657930
143668018
143668426
143673219
143679072
143681200
143681865
143682188
143684888
143685126
143691034
143691077
143692585
143693040
143696538
143696581
143708218
143708261
143714416
143721627
143722709
143722795
143724889
143725086
143729784
143731237
143741380
143748164
143749133
143749218
143754658
143754801
143754822
143759906
143770320
143776769
143778058
143787181
143788262
143788408
143790691
143791381
143794796
143795286
143803932
143812161
143812898
143814804
143819882
143823118
143838338
143854599
143854768
143856328
143860101
143869217
143873104
143894024
143919800
143921549
143921634
143928333
143928418
143929940
143932800
143939729
143941795
143941848
143942417
143950005
143954439
143975556
143984730
143991363
143999626
144004136
144020500
144023888
144053778
144054283
144054324
144058514
144065157
144067138
144083489
144089384
144120128
144175104
144184769
144185776
144186115
144186904
144188748
144190304
144193670
144195758
144195795
144204039
144212374
144212456
144213668
144224548
144229712
144230917
144240776
144245665
144250977
144251148
144254226
144273936
144281733
144282634
144311066
144311109
144313609
144319113
144331552
144345680
144347330
144378408
144386068
144441885
144441970
144442680
144458688
144462853
144468008
144476545
144510082
144576004
144576680
144580930
144704997
144706361
144707288
144708491
144709166
144709874
144710934
144712343
144713570
144714156
144714827
144716124
144716977
144718405
144719624
144730321
144742938
144755476
144757297
144757318
144765972
144770723
144786825
144786970
144787013
144792073
144802966
144803048
144805186
144810690
144839092
144854296
144859800
144861206
144861288
144867747
144867800
144869009
144879889
144883826
144886275
144888104
144890000
144892100
144904461
144904546
144906408
144909096
144916657
144919586
144921108
144924993
144929920
144979014
144983776
144987171
144987224
144994656
145000973
145001058
145004675
145007363
145035666
145042450
145043467
145043508
145063982
145064624
145069570
145070152
145073157
145080401
145090688
145102341
145105964
145106001
145107077
145130276
145130690
145133590
145136896
145139736
145231208
145250500
145252493
145252578
145253188
145261835
145261876
145265036
145271820
145277329
145279064
145280640
145282144
145285642
145293996
145294033
145298992
145303728
145361698
145361969
145361990
145372194
145424485
145425824
145425929
145426768
145428614
145457178
145463808
145491408
145492250
145492293
145496656
145506379
145507596
145508513
145517632
145518610
145556578
145558019
145559848
145563844
145565440
145637428
145641856
145761037
145770635
145770676
145772961
145779745
145790536
145791020
145791057
145795272
145820481
145826097
145826118
145830977
145834007
145834788
145835202
145842817
145844248
145850891
145851660
145852577
145855360
145862674
145884550
145887386
145887429
145889798
145932301
145941248
146014998
146015080
146017572
146023076
146032137
146032976
146034822
146038853
146045440
146145372
146145681
146150496
146153994
146157828
146210851
146212480
146278026
146285091
146285144
146288906
146309177
146311944
146312226
146313748
146317633
146358376
146361600
146407724
146408112
146413640
146416645
146418048
146522240
146571334
146584576
146802362
146803636
146804046
146805159
146806541
146807379
146808040
146809705
146810321
146811037
146812451
146813638
146814068
146814880
146815258
146828376
146836235
146855464
146859021
146859106
146860200
146866295
146875057
146885394
146885643
146885684
146895890
146900357
146901292
146901329
146905605
146938006
146949552
146952364
146952401
146954800
146965297
146965318
146967842
146973346
146981257
146982938
146985990
146989648
146995456
146998992
147005978
147006021
147009872
147013661
147014275
147019844
147022888
147024016
147068514
147082561
147088065
147089457
147089478
147097222
147100698
147100741
147108102
147134628
147136662
147136744
147137316
147161635
147162464
147163274
147172864
147173393
147196067
147196120
147198346
147205130
147226707
147228232
147228933
147230896
147233282
147275874
147281408
147326380
147341722
147341765
147342985
147353865
147360278
147360360
147363992
147366680
147374158
147374882
147375252
147377416
147384385
147391779
147391832
147395040
147401824
147439665
147448448
147461700
147462157
147462242
147466436
147521716
147524480
147524626
147526177
147529996
147589921
147591691
147591732
147600417
147604584
147606040
147607874
147610752
147611812
147652666
147653001
147654304
147657734
147661392
147750956
147752320
147861829
147869974
147870056
147871938
147874626
147886481
147893265
147894307
147894360
147915405
147915490
147920387
147925123
147932744
147933445
147935408
147939409
147940736
147947625
147950104
147951938
147955876
147956481
147983116
147988747
147988788
147993612
148078614
148084864
148112840
148112940
148112977
148118088
148127860
148130834
148132385
148136204
148141120
148160523
148163328
148243234
148243604
148246598
148252737
148255360
148374705
148374726
148376852
148382356
148406541
148406915
148412160
148412484
148415528
148504615
148505952
148506762
148509060
148516881
148521048
148532224
148701253
148713728
148919120
148939914
148948242
148949029
148951240
148969761
148981894
148988428
148996692
149001225
149004578
149016836
149038612
149046026
149046817
149063873
149066336
149094602
149095697
149104676
149136448
149162434
149176744
149177093
149193108
149201057
149226636
149230104
149293636
149295145
149299474
149358856
149434920
149440771
149447686
149463248
149467141
149493780
149499970
149554307
149557569
149684936
149685269
149694498
149824001
149949573
149963460
149967889
149970986
149981536
149987888
149996704
150015056
150018058
150079042
150080552
150212912
150217752
150470994
150473252
150474889
150491650
150734992
151010697
151018313
151018666
151021354
151033637
151037593
151038373
151046822
151049904
151055200
151056771
151057176
151057985
151059468
151067027
151070164
151075412
151082518
151082600
151083301
151086403
151087254
151087336
151096728
151097153
151098084
151098758
151104140
151104643
151108656
151109911
151109993
151110339
151129802
151139890
151140682
151143638
151144621
151144806
151146872
151147157
151151203
151151724
151160205
151160290
151165453
151165538
151168596
151169336
151175947
151175988
151178514
151184018
151195398
151196876
151198401
151198512
151200664
151204611
151205216
151212425
151219209
151220250
151220293
151228600
151232541
151232626
151243304
151245890
151249284
151260582
151262121
151268905
151274651
151275747
151277839
151278131
151282266
151282741
151284052
151292092
151292237
151294314
151294549
151295186
151298668
151299087
151308112
151308937
151318640
151319046
151324332
151324369
151325130
151333383
151335212
151335249
151341368
151347243
151361698
151363761
151363782
151364386
151381128
151393609
151393944
151397344
151398022
151399600
151399692
151402627
151408148
151409954
151412892
151413953
151423761
151424035
151424088
151434257
151445826
151447557
151455790
151455827
151458823
151482912
151487109
151487784
151500864
151522197
151532388
151532693
151538955
151538996
151540562
151540961
151544459
151544500
151553206
151554219
151554390
151556403
151556668
151561329
151562826
151569860
151569933
151570018
151575108
151586010
151587021
151587185
151589447
151590186
151593561
151594029
151602261
151605532
151620622
151620832
151622289
151626122
151643664
151653104
151654810
151654853
151661594
151661637
151663145
151666922
151671310
151685173
151691783
151704616
151707937
151721508
151722006
151722088
151726244
151734850
151740752
151755009
151786883
151788000
151788294
151789104
151790873
151792449
151795852
151798188
151798225
151799496
151810376
151815106
151820355
151820568
151823652
151834762
151835668
151847691
151847732
151850258
151855762
151865889
151867525
151882320
151889960
151913018
151913061
151913840
151931266
151948420
151981576
151982288
151986437
152051026
152054988
152056530
152061848
152063425
152066444
152066691
152070706
152071430
152072672
152081692
152082609
152082630
152085297
152085318
152085674
152093753
152093774
152095260
152110279
152111390
152111785
152113510
152113717
152117866
152118326
152128273
152128547
152128600
152138769
152142252
152142289
152143560
152154440
152160032
152162452
152168514
152175864
152176795
152176981
152178987
152179289
152183326
152184101
152191367
152193456
152198149
152201800
152207706
152216643
152228672
152240993
152245004
152245394
152254497
152257812
152265000
152275330
152308515
152308568
152308885
152310414
152319011
152319064
152327716
152328214
152328296
152332452
152339681
152342573
152361217
152371798
152373488
152388874
152391874
152405253
152414228
152438212
152438285
152438370
152443460
152453840
152457377
152470184
152479754
152512016
152569734
152575553
152577760
152578323
152578712
152581424
152581644
152588363
152588404
152594529
152605065
152611849
152612890
152612933
152617633
152624130
152625428
152634936
152643075
152643908
152645800
152652932
152667458
152671265
152705186
152707249
152707270
152707874
152724616
152732308
152736848
152765066
152766981
152830119
152830172
152838414
152847649
152848906
152858768
152875552
152900416
152945024
152961921
152966154
152971344
153011712
153049088
153059362
153109799
153109852
153120874
153127981
153133387
153133428
153141972
153142184
153147448
153150483
153158485
153167929
153167950
153178785
153187136
153191943
153192754
153194698
153202821
153211404
153225751
153225833
153231578
153249154
153249285
153254402
153261204
153267336
153289200
153293865
153295952
153297446
153322689
153346120
153354909
153354994
153360427
153375508
153378056
153383560
153389520
153390752
153401632
153412676
153425218
153426689
153437332
153469536
153486613
153487114
153487588
153497614
153503889
153555224
153567491
153585673
153617973
153620654
153620691
153643600
153646624
153656449
153658562
153659137
153686916
153693700
153694730
153700490
153717064
153735233
153756968
153757328
153766149
153784642
153845900
153881697
153883212
153887058
153887137
153915922
154018819
154027032
154050608
154075665
154141142
154145850
154145893
154159653
154160706
154161433
154165443
154176138
154176900
154192096
154212112
154212648
154216848
154255684
154274752
154274977
154285248
154292516
154309153
154322950
154345993
154371096
154409346
154413317
154444368
154452108
154477608
154603585
154665756
154666185
154675242
154679316
154690054
154715172
154731682
154755120
154813024
154929456
154947618
154960131
154994694
155058322
155210083
155214009
155214030
155228183
155228265
155231292
155240198
155252000
155256349
155256434
155257159
155277057
155280664
155281793
155296224
155299076
155304600
155320750
155320787
155329144
155339790
155340000
155341412
155345173
155362704
155363587
155367952
155396928
155400204
155422851
155453583
155463738
155463781
155469368
155470099
155472084
155477507
155485025
155485388
155489036
155494482
155501833
155520642
155527728
155531522
155537576
155567138
155586113
155593352
155601442
155639848
155653168
155664905
155716647
155716700
155718257
155735180
155737408
155742912
155746695
155748784
155751498
155755058
155781674
155783497
155787420
155788481
155798036
155820305
155836484
155847302
155849632
155856416
155869450
155882501
155943204
155976600
155982465
156009124
156028961
156076037
156108038
156125256
156139665
156238667
156238708
156239006
156259714
156261424
156276033
156277896
156280584
156289601
156304681
156305574
156315760
156316166
156369573
156375107
156375320
156378137
156390472
156402370
156422162
156444690
156451138
156469320
156502916
156504800
156513412
156543009
156549412
156566864
156647562
156704836
156767888
156774531
156788748
156831940
156844177
156861460
156910626
156959312
157032800
157057545
157093906
157287912
157289242
157292102
157292724
157295267
157297745
157298957
157304861
157304946
157305284
157306512
157309955
157313576
157317392
157319726
157319763
157321008
157321861
157324162
157330946
157332040
157336673
157352122
157352165
157354912
157355145
157356752
157360518
157365408
157368906
157384988
157413378
157421607
157421660
157422353
157422730
157424900
157430404
157431904
157434185
157450409
157491267
157499444
157505664
157518880
157549643
157549684
157552140
157553953
157555904
157557906
157558592
157565094
157589529
157602112
157618197
157638944
157665296
157681720
157704720
157712454
157718016
157745924
157762624
157811001
157811022
157811649
157816584
157817122
157820180
157821320
157835301
157847652
157859866
157862656
157878291
157897744
157918216
157925536
157942866
157958792
157984772
158040578
158073351
158107778
158138472
158139776
158212288
158224388
158236936
158343191
158343273
158344577
158344740
158345538
158347416
158349825
158355470
158369876
158384528
158401612
158433315
158442112
158466610
158483588
158500098
158523393
158533889
158568452
158597418
158613585
158624768
158634113
158646786
158665280
158793888
158859504
158877185
158929440
158941448
158990349
159002880
159008784
159127560
159155264
159195137
159400363
159405085
159405170
159417646
159417683
159428661
159435346
159436321
159437132
159441121
159452246
159457594
159457637
159468165
159468930
159482538
159482772
159488028
159491145
159500464
159515498
159524903
159524956
159536904
159537428
159541640
159552208
159560480
159581763
159582489
159584421
159592642
159617542
159629602
159648331
159648372
159654061
159665056
159665360
159675552
159688065
159688258
159693313
159699218
159716490
159722628
159732304
159762435
159777208
159781972
159783976
159785491
159801924
159843552
159859724
159883300
159908537
159908558
159914069
159930753
159934786
159945482
159948036
159953540
159975848
159977104
159987984
159998504
160015394
160022662
160044321
160045888
160064532
160072842
160137776
160171338
160171781
160172210
160182279
160205000
160305420
160321632
160334145
160368708
160433754
160436375
160436457
160449294
160449764
160458773
160462858
160475688
160478736
160489987
160505024
160507041
160507712
160547858
160568194
160574978
160576005
160580753
160598149
160620568
160631076
160665696
160703764
160704136
160729410
160743984
160764193
160891014
160959600
160961062
160964905
160965072
160975128
161009681
161026569
161038657
161105923
161227841
161235081
161252364
161292312
161350216
161502529
161522968
161534116
161540130
161556739
161564940
161567024
161581604
161584196
161622576
161628302
161629776
161634337
161653313
161653766
161678020
161678664
161745542
161760066
161762309
161767480
161776010
161777172
161779809
161793312
161810584
161810784
161878216
161882377
161892872
162009824
162025734
162026008
162038608
162039815
162046120
162070978
162071580
162082849
162111748
162140675
162144780
162272265
162277393
162300545
162534540
162546338
162554130
162563203
162571360
162595440
162600965
162603146
162660675
162663444
162672680
162681858
162736192
162792624
162793665
163054865
163056146
163123344
163579589
163581233
163582424
163584556
163586838
163588322
163591179
163594791
163594844
163596128
163596938
163599236
163606020
163607057
163610827
163610868
163613632
163613842
163615393
163619212
163624128
163627320
163647545
163647566
163648290
163648660
163650824
163656328
163657793
163659986
163684359
163695680
163709975
163710057
163712536
163714370
163716225
163718308
163718913
163733554
163745834
163758149
163759744
163776624
163808008
163840285
163840370
163840899
163845904
163846468
163849512
163850640
163860553
163874854
163898384
163906597
163932168
163938392
163942784
163955204
163971598
163989636
164044929
164053264
164110382
164110419
164111746
164111944
164112645
164114608
164116994
164120617
164135961
164168292
164185348
164202754
164220936
164233556
164253826
164268545
164298763
164312064
164331712
164364513
164380694
164389632
164401728
164501520
164512769
164536322
164628538
164628581
164628873
164630176
164633606
164637264
164641056
164643907
164659733
164687876
164692243
164708396
164715008
164757708
164778241
164798784
164808736
164831776
164856833
164896842
164926496
164937920
164954768
165019697
165022976
165089288
165154844
165167520
165183586
165193856
165217416
165240834
165298692
165414402
165445904
165480480
167774399
167780987
167784386
167788308
167794439
167795402
167799175
167810729
167814640
167819888
167824177
167824198
167826076
167829961
167834673
167834694
167841422
167843221
167852302
167854747
167855403
167856685
167859277
167862588
167864419
167866608
167873814
167873896
167875779
167879318
167879400
167884825
167891110
167895055
167908321
167915105
167916882
167923106
167925192
167925394
167927305
167929540
167932305
167933989
167936725
167937369
167938620
167940275
167943182
167944501
167946311
167956749
167956834
167958696
167961384
167972371
167974200
167975053
167975138
167977741
167977826
167987988
167989809
167989830
167998484
168003697
168006756
168018307
168019521
168037276
168045866
168047772
168054564
168057877
168060553
168061602
168061768
168063762
168065220
168069009
168070740
168072610
168073672
168080164
168080649
168082450
168083641
168083662
168086601
168100551
168101729
168102520
168104154
168105014
168108315
168110166
168118752
168123402
168125028
168126993
168138245
168141868
168141905
168142981
168158466
168166322
168171052
168171089
168174855
168175788
168175825
168182062
168182099
168187954
168199318
168199400
168201538
168207042
168216112
168216964
168226881
168231454
168232268
168252040
168264088
168276016
168303939
168307493
168309443
168313574
168314225
168316472
168317141
168317982
168321366
168323149
168331090
168335761
168336036
168336968
168338372
168340105
168340642
168347274
168354339
168354392
168358154
168362954
168365858
168373444
168373521
168374674
168375588
168375817
168379269
168384816
168387634
168387912
168395545
168398871
168398953
168421892
168428175
168428902
168430186
168431864
168432683
168436124
168437811
168445081
168448792
168449188
168458306
168462113
168462540
168462994
168473100
168477104
168484998
168494544
168495386
168495429
168499792
168510988
168512608
168536352
168560026
168560069
168565274
168565317
168569200
168571046
168577163
168577204
168579489
168586273
168592934
168599610
168599653
168608577
168613894
168617104
168628493
168628578
168630440
168633128
168648897
168652824
168657286
168659992
168669760
168689891
168698185
168708800
168727681
168758278
168767491
168828088
168830776
168831700
168838988
168839905
168841611
168841652
168848395
168848436
168854407
168854883
168856153
168857836
168858714
168861982
168863850
168870264
168870578
168888201
168892100
168893073
168893220
168894890
168900114
168900808
168903830
168903912
168906050
168911554
168921227
168921268
168923553
168930337
168936984
168941580
168955281
168958792
168960932
168962834
168963396
168964265
168967202
168968779
168968820
168980556
168986918
168994310
168995081
168997072
169006352
169018397
169018482
169025683
169034124
169039875
169043488
169052864
169083565
169084213
169085494
169087217
169088015
169091436
169097283
169100752
169101594
169101637
169106000
169119272
169120019
169121092
169124995
169142560
169151681
169153097
169153186
169157012
169165616
169166339
169187424
169193478
169215626
169222691
169222744
169226506
169233420
169235201
169238704
169247169
169247500
169290244
169346723
169346776
169352292
169355790
169357603
169357656
169362503
169363987
169380628
169382449
169382470
169391124
169400385
169402592
169411044
169412647
169412700
169432193
169444960
169449730
169451672
169481733
169485356
169485393
169486469
169501954
169511939
169515032
169542403
169544840
169554016
169611324
169617433
169624326
169631884
169644680
169678096
169721889
169739104
169741360
169845760
169871059
169872291
169872756
169873850
169875304
169875997
169876678
169878350
169878925
169879785
169881114
169882292
169882663
169883985
169885088
169892017
169907734
169920666
169920709
169923024
169929808
169936354
169956900
169957398
169957480
169961636
169970442
169972259
169972312
169980938
170012972
170019680
170025251
170025304
170030176
170034628
170034701
170034786
170039876
170050322
170050721
170053684
170059788
170062464
170067083
170067124
170069281
170074785
170082362
170083590
170084560
170086816
170094601
170142789
170149251
170152077
170152162
170154499
170167564
170173068
170174475
170174516
170197420
170197457
170198728
170209608
170230854
170232385
170234132
170237056
170238114
170266929
170266950
170268820
170271508
170295335
170298385
170299914
170303840
170308612
170344517
170355712
170396504
170410763
170410804
170413330
170418834
170428080
170431532
170431569
170438960
170442781
170444356
170445096
170446979
170449424
170461745
170461766
170465473
170468161
170508386
170509696
170529161
170535945
170536986
170537029
170590568
170590872
170596096
170596388
170599490
170661442
170664982
170665064
170666178
170672584
170674257
170677296
170680837
170686720
170721396
170722066
170722465
170724672
170731532
170819672
170822400
170926731
170935941
170943020
170943057
170946821
170956962
170959025
170959046
170959650
170984730
170984773
170987910
170994694
170999971
171002752
171002897
171004426
171008352
171016275
171016648
171017858
171021360
171024901
171049622
171049704
171054616
171059352
171147308
171159808
171182865
171183139
171183192
171193361
171196521
171197080
171202596
171205698
171206785
171229206
171234816
171312708
171313448
171315331
171319309
171320704
171443624
171444493
171444578
171448872
171475482
171476230
171477200
171486720
171487241
171573326
171575873
171577620
171581602
171582216
171589681
171595904
171769867
171778688
171983261
171983346
171991623
172001528
172011566
172011603
172019212
172026560
172035130
172035173
172036623
172051120
172053378
172060162
172065729
172071560
172082480
172098343
172098396
172098801
172114602
172120092
172120385
172123209
172133280
172135046
172143776
172168833
172175512
172204294
172232990
172237003
172237044
172248176
172248198
172249638
172253481
172262979
172263705
172265637
172271128
172280338
172299488
172301572
172307076
172319056
172345412
172365200
172366851
172381252
172409040
172435552
172442642
172496953
172496974
172500067
172516737
172517656
172521985
172524302
172524772
172528480
172533781
172556728
172558723
172561492
172565011
172577832
172589730
172605577
172627212
172629184
172631872
172638868
172664842
172720712
172754736
172766466
172787016
172810306
172855306
172886540
172904465
172917026
173016599
173016681
173017404
173042436
173045856
173051536
173058563
173062416
173069315
173083218
173085004
173088993
173089932
173147466
173148338
173158407
173158960
173172753
173180165
173203492
173215908
173228549
173248529
173283080
173286721
173287816
173314242
173326920
173345313
173424916
173473929
173547910
173550880
173559960
173613321
173621538
173639720
173688900
173736993
173802177
173835282
173875236
174065324
174066955
174068165
174070370
174072625
174074006
174077016
174081081
174081102
174083649
174085396
174087304
174089378
174089992
174096663
174096745
174097304
174102273
174102820
174105922
174107009
174113392
174137373
174137458
174138768
174138948
174139688
174141571
174144016
174145829
174162062
174184449
174196782
174196819
174197192
174198402
174201904
174205445
174209282
174211300
174235732
174243851
174247168
174264417
174294544
174326330
174326373
174327558
174328528
174330784
174337568
174338569
174350355
174362700
174377120
174393418
174411920
174424113
174433024
174441480
174457884
174477576
174522754
174539296
174588071
174588124
174590852
174591121
174592650
174596576
174601348
174608466
174622770
174654537
174672392
174690820
174710800
174719529
174743812
174756866
174784534
174794880
174817537
174850371
174866476
174868096
174892033
174993440
174999554
175014020
175116363
175116404
175117074
175117473
175119680
175125184
175126540
175130631
175146026
175169672
175178278
175194200
175207424
175243545
175268354
175276673
175296576
175310016
175343618
175374485
175417408
175423745
175441184
175505506
175512064
175579152
175644728
175653696
175669317
175673728
175704336
175718532
175784968
175901700
175931936
175968320
176177978
176178021
176178319
176198001
176201895
176201948
176215425
176217112
176232523
176232564
176235550
176248160
176249988
176252676
176260867
176272656
176278112
176293433
176293454
176294243
176309588
176310419
176320568
176321027
176330560
176334092
176335296
176366000
176368898
176390796
176423319
176423401
176431676
176440018
176445537
176445708
176448588
176458759
176458928
176460338
176464202
176477220
176498056
176499009
176503304
176505505
176541705
176565024
176568326
176580617
176603425
176623809
176637988
176687303
176697373
176697458
176704386
176706224
176714882
176719388
176720201
176722090
176727617
176751472
176751782
176755462
176760873
176777296
176784708
176800018
176819841
176826904
176830721
176833832
176853140
176915473
176950880
176958084
176982545
176996485
177053716
177083416
177102882
177111620
177212462
177212499
177214072
177231496
177238209
177247366
177249568
177255072
177268742
177275331
177277336
177280037
177283609
177342997
177344868
177348750
177349856
177361058
177375754
177389768
177414472
177423370
177446946
177474179
177476496
177483280
177512709
177521681
177542210
177619496
177668370
177734540
177740480
177758512
177799826
177816132
177836112
177885193
177932354
177997059
178030628
178061512
178258031
178276113
178299282
178308424
178315556
178337826
178340044
178344195
178348592
178364681
178366532
178392612
178405826
178411530
178423942
178425929
178431024
178457160
178464785
178521028
178539560
178544778
178554401
178565160
178586649
178587910
178590304
178602760
178651785
178653714
178794696
178800678
178803265
178807832
178815749
178821153
178848148
178850821
178876420
178913555
178914444
178922080
178931202
178954369
179045026
179048593
179313673
179324194
179328068
179339876
179340440
179341571
179373588
179380432
179438416
179449922
179473472
179570828
179573057
179576882
179601824
179640336
179835044
179835922
180372424
180400265
180404900
180408466
180427793
180439233
180441368
180445222
180457668
180458530
180487954
180505605
180510881
180521060
180523544
180528131
180552996
180556872
180625826
180635156
180645893
180650832
180656148
180683340
180683907
180685104
180699524
180749577
180756804
180893732
180896787
180898144
180900364
180912578
180915280
180946498
180953226
180967426
181010633
181014832
181019142
181027585
181055552
181149969
181151816
181407300
181420689
181422626
181436722
181437633
181445132
181469962
181481512
181535144
181540897
181569056
181668064
181669913
181675014
181706896
181734408
181930505
181938194
184550859
184552306
184553137
184554390
184555100
184555749
184556844
184558254
184559429
184560088
184560663
184561977
184562914
184564235
184572468
184583878
184599724
184599761
184601861
184607365
184615038
184619496
184631729
184631750
184632994
184643874
184652058
184652101
184654032
184656720
184693773
184699418
184699461
184703110
184705798
184717732
184724516
184725526
184725608
184729692
184730336
184735236
184735761
184738826
184751626
184755235
184755288
184756362
184763208
184763525
184766508
184769792
184772656
184814929
184829206
184829288
184832408
184839192
184844963
184845016
184850016
184854752
184879940
184880141
184880226
184890436
184909899
184911296
184911378
184912161
184914060
184926260
184932864
184944033
184944907
184944948
184949281
184976453
184977926
184979792
184983689
184985344
185082650
185095697
185096227
185096280
185100433
185109251
185114893
185114978
185119747
185123350
185124120
185125058
185127808
185135140
185140620
185143435
185143476
185145868
185205548
185205585
185208136
185213640
185270329
185270690
185275457
185278996
185282824
185303110
185304704
185337492
185344561
185344582
185348372
185352306
185355024
185355332
185356840
185360643
185401688
185402080
185407505
185410570
185411968
185483277
185496576
185608355
185617192
185618957
185619042
185627688
185632146
185632267
185632308
185637394
185666864
185672368
185673772
185673809
185679973
185682438
185684304
185686176
185688201
185696482
185699396
185700904
185704707
185709696
185730753
185734193
185734214
185741633
185778211
185788544
185866377
185868442
185868485
185869065
185876898
185878577
185880192
185881665
185885204
185991191
185992472
185993410
186002433
186003492
186056808
186061184
186124438
186124520
186126786
186133570
186155054
186155848
186156165
186163842
186165296
186204186
186213120
186254866
186255649
186257548
186261515
186268160
186417233
186420480
186672432
186689798
186698312
186700809
186722912
186737155
186737676
186745481
186746129
186780300
186794388
186795560
186798147
186812592
186812737
186847377
186851602
186913473
186925857
186927118
186933456
186941829
186942520
186953794
186966280
186978822
186982936
187044882
187050018
187056770
187176088
187188358
187196481
187204193
187209738
187211924
187236615
187239464
187248720
187279361
187303136
187304067
187434274
187435556
187469984
187700483
187715784
187721796
187730200
187732320
187760796
187762209
187766850
187826949
187829258
187834480
187843904
187894288
187961612
187961904
188203008
188220100
188227876
188290052
188768676
188790852
188801298
188803081
188812872
188827788
188829715
188834912
188844561
188852258
188875657
188892738
188903504
188908594
188909836
188912193
188940946
188942884
189018257
189022986
189028418
189039016
189041674
189071654
189072536
189080129
189096066
189137604
189141154
189275154
189284937
189285552
189286662
189302312
189309089
189334305
189345797
189352961
189401240
189403395
189407332
189415872
189437984
189534408
189535268
189794082
189809937
189817160
189825177
189829382
189833824
189858181
189863956
189926480
189931668
189956880
190056524
190059011
190063664
190099464
190121476
190317892
190321673
192939444
192940813
192943651
192944282
192946897
192949352
192950598
192962635
192962676
192964032
192964114
192964897
192966796
192969280
192972857
192972878
192973218
192974472
192977985
192981524
192985352
192991239
193004055
193004137
193005336
193006274
193008513
193015297
193016356
193021994
193037424
193053064
193069213
193069298
193072016
193072324
193073832
193077635
193082512
193086502
193102373
193134862
193151057
193159808
193179649
193204270
193204307
193205064
193205381
193207554
193213058
193214512
193217049
193233252
193250434
193265876
193283329
193323072
193339489
193349952
193363994
193370240
193399824
193417218
193463354
193463397
193465862
193467728
193469600
193471625
193472288
193478933
193495187
193511528
193522688
193536076
193548480
193564960
193577473
193597514
193612320
193634576
193693704
193726492
193765896
193789987
193795584
193856258
193872016
193889312
193986855
193986908
193987552
193992452
193992977
193996042
193997188
194003128
194027602
194037312
194056242
194084877
194087680
194119753
194138640
194155528
194167044
194192388
194216080
194249769
194265158
194277632
194282116
194299912
194324482
194445825
194511427
194533380
194578561
194593824
194641972
194643328
194666560
194781344
194809858
194838788
199230128
199231523
199231576
199233558
199237828
199238154
199268864
199312896
199364992
199387136
199393297
199426088
199504896
199508064
199589890
199757056
199786508
200352000
200933378
201338800
201341830
201346913
201352652
201357900
201363145
201368476
201374025
201376173
201377365
201378831
201380658
201381990
201384135
201388059
201397145
201403929
201406659
201410972
201414277
201415464
201416258
201419914
201422160
201423905
201425370
201425777
201426540
201428019
201431160
201434278
201437269
201443777
201446442
201448468
201452066
201460627
201465400
201471123
201477670
201480346
201480389
201483034
201483077
201483433
201492392
201494292
201496016
201497377
201500293
201501962
201503299
201507491
201507544
201512544
201517280
201523661
201524022
201524751
201526362
201529700
201531550
201535531
201542960
201548464
201549868
201549905
201557285
201557826
201558692
201568792
201573572
201581586
201590663
201596210
201601714
201606937
201609622
201609704
201616406
201616488
201617957
201622500
201627171
201627224
201627925
201631907
201631960
201638730
201642061
201657528
201660880
201663426
201664148
201665313
201666949
201667850
201671191
201671273
201672869
201688460
201691275
201691316
201693708
201715904
201720305
201720619
201722933
201726051
201728230
201729612
201732185
201737810
201744435
201755162
201755205
201758854
201761542
201770129
201771273
201788547
201790148
201793876
201793960
201816066
201820450
201822536
201858214
201860902
201863664
201869264
201870725
201873064
201873678
201876385
201878210
201880340
201883759
201886477
201886562
201886932
201892243
201896973
201897058
201901334
201901416
201904536
201911320
201917835
201917876
201923083
201923124
201924480
201926226
201928908
201935186
201941067
201941108
201950297
201957545
201967361
201986823
201988546
201992852
201993505
201995786
201996456
201997392
201999418
201999461
202002729
202014877
202014962
202019412
202033476
202036354
202039817
202049217
202052657
202052678
202060097
202066057
202068498
202073348
202087432
202113878
202114620
202115529
202116123
202119276
202121397
202125342
202132227
202137869
202137954
202142723
202146218
202147894
202163364
202170948
202179235
202179288
202184288
202189024
202196114
202199332
202205704
202215698
202220049
202249008
202249416
202254410
202258437
202269072
202280480
202318372
202318857
202358880
202381156
202385892
202390542
202392025
202392380
202393194
202394771
202397741
202399926
202403960
202413445
202414760
202417761
202419394
202420618
202421072
202422420
202428626
202434060
202434834
202436769
202444076
202444113
202445642
202449580
202449617
202455090
202459674
202459717
202463366
202466054
202476291
202481933
202482018
202486787
202494225
202494500
202507953
202507974
202508714
202513481
202518833
202518854
202522860
202525780
202541113
202541134
202547754
202556292
202572059
202577941
202592777
202597448
202613136
202640801
202641162
202644162
202644997
202646768
202648340
202651176
202655425
202658865
202658886
202666305
202670375
202670428
202679317
202693640
202704074
202706990
202707027
202721608
202723984
202728484
202737809
202741024
202744392
202769686
202769768
202772888
202779672
202787108
202789410
202802338
202805777
202811712
202835713
202899911
202900275
202901069
202902627
202905686
202907882
202912281
202916501
202916746
202922336
202925329
202935600
202941104
202942508
202942545
202949769
202950818
202965606
202977317
202984992
203000008
203002180
203031948
203034763
203034804
203037196
203059392
203065985
203067682
203072580
203098258
203105314
203164201
203165264
203166985
203170950
203182664
203186706
203208706
203228036
203294916
203294993
203445356
203448861
203448946
203457869
203458734
203458771
203476498
203480256
203482944
203493946
203493989
203497817
203507018
203507890
203508424
203517959
203522978
203527944
203532680
203550768
203556007
203556060
203565083
203577634
203586568
203590768
203592230
203592329
203596073
203629953
203632804
203635201
203656198
203688499
203690315
203690356
203705481
203709984
203722497
203728420
203743378
203752206
203752676
203756689
203761685
203770960
203802664
203820688
203824196
203831568
203833796
203883360
203899937
203948726
203957305
203957326
203966019
203966745
203968677
203974948
203982724
203985681
204016068
204022672
204030376
204052514
204062928
204081746
204083532
204084498
204087521
204101652
204112650
204129292
204169240
204177925
204212040
204215170
204221954
204255304
204292656
204349580
204361738
204374292
204474647
204474729
204476646
204496132
204501636
204503057
204505528
204510292
204513811
204515908
204521859
204547218
204550592
204616264
204617858
204620561
204648453
204660802
204670500
204705802
204735146
204740636
204743753
204743970
204768834
204784133
204808353
204820576
204833089
204900355
204931280
204999584
205005193
205010080
205014552
205065225
205078804
205146152
205160582
205264961
205292577
205332546
205522361
205523758
205524630
205525986
205526603
205527260
205528389
205529829
205530968
205531531
205532274
205533463
205534380
205535793
205540634
205562659
205571778
205578774
205578856
205582658
205596852
205609105
205611171
205611224
205611793
205621389
205621474
205623720
205630504
205658694
205669645
205669730
205672835
205679619
205690386
205690891
205690932
205695122
205701166
205703938
205704264
205705733
205709616
205720325
205722156
205722193
205730821
205734308
205735958
205737600
205739032
205742658
205783166
205784808
205800075
205800116
205805068
205809804
205818672
205824300
205824337
205829168
205850018
205850161
205850182
205855266
205881445
205882121
205882576
205890208
205891590
205897754
205901056
205915290
205915333
205917520
205923024
205947490
205948163
205949096
205951872
205959236
206049677
206064456
206064684
206064721
206074952
206079425
206082225
206082246
206084673
206094603
206094988
206100498
206103585
206104960
206114054
206119558
206120986
206121029
206176662
206176744
206177956
206188836
206241884
206244448
206246154
206248068
206250129
206274595
206283520
206311715
206311768
206313610
206316298
206323769
206325128
206325282
206326036
206328001
206373036
206376008
206377477
206381360
206386304
206454854
206461440
206582865
206587284
206588209
206588230
206592532
206603034
206603077
206605577
206611081
206636696
206640150
206640232
206647576
206651506
206652675
206653608
206662672
206663748
206669346
206670100
206672065
206676017
206682624
206703139
206703192
206706912
206709600
206749777
206763008
206836164
206842948
206843917
206844002
206849112
206850656
206852362
206856337
206857984
206962763
206963340
206968384
206968850
206971937
207028276
207038592
207099425
207102987
207103028
207104161
207126551
207126948
207131672
207135298
207139073
207175693
207180160
207225609
207226064
207228997
207232256
207235078
207341568
207388776
207390336
207647242
207654049
207667540
207669769
207671458
207688468
207702368
207709249
207717009
207721508
207724618
207737408
207758530
207773844
207777825
207784216
207790604
207816004
207816745
207818898
207848584
207886632
207902725
207908944
207916052
207919170
207947969
207954435
208011797
208016418
208019784
208081153
208152069
208159968
208163120
208176720
208178186
208208706
208209448
208275632
208278040
208404690
208405796
208414729
208544784
208669136
208683666
208684069
208693320
208703756
208708614
208717956
208732554
208732961
208798085
208806056
208929923
208933382
209193489
209195050
209199428
209216032
209455362
209733165
209735883
209735924
209748437
209753145
209753166
209765127
209765554
209774666
209778693
209782039
209782121
209793114
209807892
209810952
209816105
209817168
209817894
209821936
209838657
209849387
209854749
209854834
209869984
209872080
209872672
209881794
209882497
209912469
209912714
209917966
209921124
209946776
209961993
209978165
209987630
209987667
209998721
210005505
210006594
210016004
210016522
210020740
210027720
210047656
210055952
210061506
210100236
210110049
210110796
210112722
210120865
210127122
210178563
210194480
210206993
210242106
210242149
210247894
210265354
210265732
210275216
210275496
210285712
210314688
210314785
210319936
210323745
210342153
210354712
210375813
210381954
210391376
210407976
210470977
210502044
210506794
210508820
210510409
210543138
210633904
210649219
210666502
210706450
210764455
210764508
210770026
210783288
210784787
210788692
210788776
210803136
210807073
210815244
210834181
210836738
210842242
210882632
210897300
210898568
210909448
210915908
210936340
210944352
210969617
210993283
211031376
211032864
211067914
211077185
211092613
211223064
211289381
211289922
211290265
211300419
211313760
211337412
211355812
211371014
211443724
211554566
211567140
211587120
211616096
211683362
211813786
211815238
211818065
211818637
211821288
211823668
211824931
211829038
211829075
211829680
211834626
211835208
211838213
211839362
211853370
211853413
211854752
211854857
211855696
211857542
211860000
211861660
211879975
211880028
211880337
211881604
211885152
211888650
211892484
211902505
211914819
211928608
211944011
211944052
211945228
211946145
211948480
211955264
211956242
211963929
211978261
212010040
212025414
212028160
212042116
212074681
212074702
212077448
212077730
212079252
212083137
212087944
212093028
212108307
212128264
212140626
212161540
212189442
212205831
212231170
212238440
212247168
212283456
212287624
212340759
212340841
212341540
212341954
212344065
212349569
212351000
212354132
212369996
212385827
212398336
212402482
212419202
212436097
212453380
212467882
212494337
212501824
212574240
212607088
212633888
212664333
212670592
212732936
212746816
212766721
212861981
212862066
212864515
212866344
212868240
212870340
212870928
212877921
212894026
212916226
212926665
212959284
212970496
213000230
213010624
213029024
213042192
213061904
213090880
213127205
213139482
213140864
213158416
213180448
213197064
213321732
213387278
213409936
213459460
213471233
213516369
213521920
213532930
213648129
213680264
213713936
213930648
213947523
213959972
213961284
213980464
213995841
213996038
214008520
214016324
214050054
214057748
214059105
214065290
214074592
214082584
214110345
214116424
214182240
214188496
214189063
214200360
214204956
214210593
214212802
214225028
214239491
214241548
214305289
214307857
214327553
214444556
214454880
214458883
214466928
214469637
214478858
214499523
214500884
214505512
214537280
214573616
214574145
214696593
214697234
214738960
214960833
214979618
214984740
214992012
214993072
215024464
215026721
215031822
215089602
215090693
215093304
215106208
215155976
215222406
215222552
215486610
215490850
215550466
218105588
218106856
218107165
218108366
218109722
218110503
218111185
218112851
218113443
218114234
218115654
218116749
218117225
218118080
218118452
218123030
218145506
218154378
218155299
218155352
218159626
218175660
218186509
218186594
218189124
218194628
218203809
218210827
218210868
218214689
218234975
218240581
218252940
218256395
218256436
218263820
218273992
218276012
218276049
218276680
218284614
218285377
218286228
218295808
218296354
218302641
218302662
218304916
218311700
218316839
218318353
218319114
218321120
218323460
218367448
218384940
218384977
218388656
218391344
218400049
218400070
218403265
218410049
218437129
218437658
218437701
218441865
218464488
218467200
218467364
218468930
218472728
218499906
218501654
218501736
218510402
218529908
218530194
218531520
218534924
218538529
218579032
218580352
218640651
218648994
218655778
218656817
218656838
218661530
218661573
218666502
218671238
218677331
218679856
218681605
218685640
218686210
218696472
218702102
218702184
218706968
218742828
218749056
218760593
218760739
218760792
218765841
218825540
218825896
218828813
218834947
218837632
218891405
218891490
218893608
218899112
218906906
218907270
218912512
218912777
218915920
218955854
218957121
218957972
218960264
218968098
219054091
219066624
219163697
219174480
219178010
219178053
219179216
219188004
219188246
219188328
219198500
219219424
219222179
219222232
219224672
219234706
219236404
219239436
219243041
219248896
219250746
219251334
219256841
219259984
219261088
219286787
219292291
219293709
219293794
219381829
219387392
219414923
219414964
219416210
219427090
219430941
219431748
219432104
219434256
219441155
219463778
219472512
219546705
219548208
219549957
219552896
219553992
219681068
219681105
219682949
219685637
219710993
219711754
219713760
219717667
219719040
219807849
219810852
219812418
219816216
219821057
219824150
219826944
220004401
220015616
220202635
220204386
220205489
220207704
220209964
220211397
220214294
220217495
220217577
220220289
220220580
220222146
220225944
220230785
220237853
220237938
220238660
220239016
220241168
220246672
220248067
220258318
220267566
220267603
220270128
220271877
220273794
220275912
220276482
220287060
220301409
220316432
220332346
220332389
220332934
220337952
220338441
220341584
220342688
220350540
220365898
220381233
220385664
220398108
220438658
220471335
220471388
220472708
220472849
220473610
220475616
220477956
220480562
220496457
220514564
220528937
220547586
220561430
220574720
220577921
220594371
220615169
220665888
220684292
220727371
220727412
220727698
220729024
220732428
220736033
220739904
220742186
220758310
220790937
220815617
220832320
220840962
220864533
220877888
220889760
220921954
220925184
220958736
220991544
221003845
221014144
221021328
221120004
221135136
221153344
221250105
221250126
221251393
221252244
221254536
221261320
221262370
221266288
221282469
221301761
221323364
221331467
221333120
221384723
221406240
221423632
221430280
221448328
221479200
221513810
221545736
221564944
221581444
221642796
221651712
221709314
221774855
221802504
221806680
221813248
221843714
221857856
221921409
222036416
222076932
222102024
222326930
222338082
222351497
222352452
222365476
222382153
222384688
222389254
222397768
222401553
222437828
222446369
222451752
222462489
222463110
222464352
222496018
222503177
222574664
222577029
222579745
222594565
222601364
222625939
222630240
222634508
222654465
222699810
222701585
222825993
222839140
222839939
222847512
222855956
222867536
222888400
222894146
222905920
222955713
222957618
222962700
222978208
222989328
223087122
223094820
223347601
223363784
223367332
223381635
223383856
223387724
223415306
223420610
223479336
223490058
223510920
223609894
223611201
223613464
223647748
223675138
223871650
223873604
226514054
226530656
226542225
226550025
226567436
226575553
226583600
226594962
226600977
226634049
226640440
226646082
226648197
226658566
226660632
226691602
226694178
226765336
226771297
226774026
226783252
226787463
226788904
226793552
226808833
226828896
226829315
226886306
226886948
226912288
227019395
227034264
227035360
227050273
227052610
227057692
227082629
227083786
227086448
227116304
227149964
227150128
227283108
227287364
227314180
227545776
227558728
227559945
227578115
227578380
227607336
227608643
227614868
227672481
227673102
227684432
227692680
227746050
227807809
227811846
228070468
228075592
228131520
232784044
232784139
232786196
232786528
232789016
232793121
232825600
232865809
232884352
232932608
232985088
233063040
233078832
233373702
233574656
234094660
234389505
234898125
234906670
234906707
234916154
234916197
234918105
234933128
234938786
234943624
234951707
234955303
234955356
234964592
234965286
234967209
234973449
234986753
234992257
234993700
234997254
235013427
235014347
235014388
235030401
235033380
235045262
235050005
235053668
235055633
235081284
235084944
235087632
235110880
235147833
235147854
235151670
235162001
235168644
235185348
235188624
235195426
235210066
235210956
235211410
235221089
235225482
235258117
235275208
235280130
235284866
235296840
235352076
235356308
235406487
235406569
235415654
235424340
235426067
235427140
235430072
235450898
235452608
235477320
235486210
235493381
235504420
235522058
235539484
235541065
235541154
235544874
235553602
235581473
235585729
235619331
235642960
235677088
235679881
235682336
235701769
235757574
235801665
235815457
235835458
235932268
235933981
235934066
235947794
235951040
235957824
235963082
235968519
235971634
235971912
235984944
235998370
236002824
236064544
236070409
236089362
236095056
236110888
236134596
236159521
236192579
236192921
236197028
236202021
236232872
236249168
236260372
236274188
236294168
236355888
236390410
236457604
236461073
236468484
236478595
236519825
236539970
236601605
236619872
236716824
236748948
236782632
237004321
237013396
237029924
237031498
237035793
237056578
237061272
237064460
237077188
237077545
237086738
237101576
237112488
237127188
237128770
237146371
237151297
237175061
237177378
237179080
237209729
237245189
237257552
237258250
237273538
237273896
237308184
237315120
237372068
237376521
237379666
237441552
237511888
237521036
237523462
237535649
237543562
237576325
237580328
237635846
237642243
237765905
237766698
237768900
237896834
238033162
238043348
238044425
238053410
238060768
238064193
238078272
238098465
238104596
238160901
238164048
238291120
238297696
238551589
238556232
238559506
238576644
238817568
239076806
239078225
239081012
239081635
239084186
239086605
239087976
239095866
239095909
239096585
239097040
239099168
239104672
239106054
239109159
239109212
239111776
239113482
239115396
239117457
239118084
239126595
239141195
239141236
239141772
239146816
239147282
239150369
239151552
239158293
239174200
239198340
239214649
239214670
239216008
239216162
239216916
239218881
239221256
239223315
239239506
239272071
239288424
239300864
239310912
239339543
239339625
239339940
239341185
239344664
239348290
239352065
239354188
239370418
239395329
239411242
239420096
239456288
239472752
239486112
239501325
239512576
239535624
239552513
239600157
239600242
239601411
239602344
239604624
239611408
239612484
239616202
239640649
239648820
239654400
239669286
239691808
239700112
239714624
239732773
239748368
239767688
239830020
239862798
239898884
239927377
239930112
239993217
240017416
240026128
240124078
240124115
240126850
240127176
240128645
240132528
240137346
240148508
240160809
240173856
240191513
240222278
240223616
240256100
240273672
240290308
240304258
240325122
240361480
240386644
240402467
240408704
240427266
240436228
240456705
240582976
240648545
240667650
240723008
240730640
240779290
240788096
240799776
240922640
240945153
240976002
243271394
243273048
243274156
243276310
243278603
243280049
243283013
243288093
243288178
243288516
243289744
243293187
243296808
243300624
243302958
243302995
243304240
243305093
243307394
243314178
243315272
243319905
243335354
243335397
243338144
243338377
243339984
243343750
243348640
243352138
243368220
243396610
243404839
243404892
243405585
243405962
243408132
243413636
243415136
243417417
243433641
243449878
243456512
243474499
243502112
243532875
243532916
243535372
243537185
243539136
243541138
243541824
243548326
243572761
243585344
243601429
243622176
243630178
243631744
243648528
243664952
243687952
243729156
243745856
243794233
243794254
243794881
243799816
243800354
243803412
243804552
243818533
243830884
243861523
243880976
243901448
243908768
243926098
243942024
243968004
243990572
243995008
244023810
244056583
244072536
244075776
244091010
244195520
244207620
244220168
244326423
244326505
244327809
244327972
244328770
244330648
244333057
244338702
244353108
244367760
244384844
244400177
244410496
244449842
244466820
244483330
244506625
244517121
244551684
244580650
244617345
244630018
244648512
244711493
244724736
244777120
244842736
244860417
244875275
244884224
244912672
244924680
244992016
245110792
245138496
245178369
249561442
249562696
249564178
249565729
249569361
249569548
249571968
249708592
249888804
249954314
250101769
250222592
250654720
250675203
251135104
251683988
251697474
251707945
251712530
251715908
251733544
251742339
251744833
251756693
251757858
251766856
251782145
251791749
251806120
251814082
251823256
251826736
251857417
251859026
251863332
251889936
251933264
251945121
251949066
251959336
251965445
251987078
251990275
252052113
252052522
252061764
252125698
252185738
252201281
252207712
252218401
252221460
252249605
252251216
252318048
252322864
252444965
252447304
252448914
252577952
252711713
252724516
252725322
252727441
252741772
252748312
252760328
252773140
252773954
252838352
252838666
252971270
252978188
253231753
253236258
253239380
253248704
253497860
257950789
257951938
257955857
257958025
258000000
258031650
258052352
258113572
258155520
258228248
258345216
258605128
258744832
259019264
259031058
262144456
262145286
262150180
262152354
262152709
262276736
262324288
262537236
262685440
262706176
262930498
263457792
263716904
264241798
264242705
264245472
264245509
264290314
264323140
264504704
264536129
264831000
265315328
265388064
