22478
27634
39801
40677
44270
44599
56627
59637
62780
72799
73142
78573
80341
87001
93756
96783
105115
110835
112158
114568
118121
122480
124641
124722
126215
130212
140789
145305
145595
146206
154748
156649
160883
179843
180605
181718
185194
185765
185945
190890
191062
195598
206223
207994
209259
212832
216517
216654
219813
220691
227532
228628
230883
236357
236826
238190
241041
248800
248971
254611
266141
274281
275759
276090
280549
289935
293052
298327
301647
309558
310736
321177
323340
323982
324425
324771
326760
343363
344765
347034
349402
349990
352998
354537
355093
364449
365370
369355
371862
373957
378824
381255
386131
397107
400558
403111
409284
415986
416657
422229
423344
424011
425496
428446
430931
435657
439398
440929
445091
451536
455175
460022
461703
466697
471761
473642
476491
480196
481571
495160
497772
501020
503988
511184
513665
514440
517700
518465
520992
530238
532433
535387
547502
549309
550776
554220
560058
560747
562071
562617
566643
575175
579412
590823
603303
611990
612700
612834
617896
619299
619790
628275
630879
634689
637209
638028
643812
647664
651913
658936
660829
662388
666540
677616
681613
682201
685642
686738
687393
695650
696806
697050
698153
699557
706449
706957
708763
709173
715888
727311
727960
731542
731845
738258
740961
756338
758194
763540
772870
774723
778294
779337
794405
796594
799181
809571
815670
816199
826426
835138
835774
838035
844071
854141
855438
859289
861773
866835
867552
877780
885676
886374
891284
895529
897984
902425
903365
919257
920545
922311
923179
934685
935991
938914
957825
959672
961348
965652
968160
968214
971916
983928
986183
987309
991387
992302
993160
1009155
1011761
1016587
1016922
1030402
1053950
1059303
1062881
1067645
1071604
1072924
1074846
1086829
1091064
1092316
1094516
1103792
1104525
1105286
1109666
1113169
1118029
1121010
1127641
1133754
1137931
1140115
1148811
1151909
1152151
1156049
1163501
1165010
1171515
1185397
1186163
1188598
1192343
1201035
1201640
1215322
1215398
1218773
1226066
1227289
1230009
1230375
1233633
1237581
1243440
1258550
1260930
1262142
1263707
1270371
1284660
1286261
1288648
1291841
1293352
1298602
1299280
1299980
1311707
1318427
1330387
1332906
1334350
1336684
1337170
1342036
1352783
1353444
1354346
1354633
1360866
1372561
1382797
1384765
1387683
1389134
1390117
1392400
1399592
1409524
1410589
1411623
1415198
1415876
1421579
1428529
1431683
1444143
1447091
1453157
1456577
1457420
1460120
1461104
1461893
1476210
1481384
1483186
1492355
1493050
1497349
1499338
1508060
1511360
1517160
1517717
1527909
1532681
1540295
1544486
1551426
1575894
1582058
1590257
1594581
1595177
1614238
1620321
1623497
1624179
1626397
1628760
1630869
1635587
1636548
1649709
1651477
1652875
1653908
1656772
1664550
1665306
1666640
1667428
1674325
1674916
1675862
1676363
1680562
1681096
1693734
1697953
1700400
1706606
1715537
1721453
1723049
1725253
1727555
1728819
1729956
1732360
1736767
1742040
1742628
1753778
1756434
1765474
1782156
1788039
1790264
1811463
1838313
1846791
1849373
1850920
1854808
1856456
1857690
1861734
1866144
1871436
1885300
1892664
1892875
1901199
1911564
1918538
1921414
1932289
1936914
1950497
1953028
1967530
1971463
1972786
1973124
1978665
1979032
1985712
1991706
1993233
2005003
2044066
2048209
2060360
2064616
2065172
2080781
2103019
2108030
2112457
2115389
2117356
2125236
2126198
2133838
2140081
2144853
2148266
2155614
2157715
2158791
2166415
2167662
2169063
2173741
2181587
2190040
2209838
2211010
2212158
2213399
2216715
2229207
2239767
2252580
2254407
2255194
2256434
2257592
2257798
2264305
2265277
2267954
2274379
2275625
2276740
2280856
2292416
2294971
2301633
2304079
2307625
2309296
2312076
2318804
2319713
2327412
2328790
2336704
2339608
2345513
2347409
2365300
2366380
2370233
2372316
2379121
2381225
2386380
2387170
2389322
2391557
2394601
2397125
2400723
2402407
2409081
2412575
2417478
2426346
2426774
2428517
2432277
2439814
2444105
2446129
2448524
2449501
2449707
2453984
2460972
2462253
2463440
2472705
2472984
2476122
2476932
2484528
2495953
2496282
2503219
2503528
2507722
2513093
2523884
2524459
2526262
2527072
2529427
2531637
2542659
2548749
2559320
2560206
2564878
2573342
2575521
2576978
2580675
2589283
2590890
2602498
2635113
2635994
2636997
2637340
2638586
2642235
2643810
2644077
2650737
2655469
2656629
2661515
2663214
2664630
2667802
2670240
2674189
2682640
2684984
2689591
2700402
2703605
2710563
2717766
2720155
2726728
2729528
2730185
2739334
2740517
2746916
2759618
2770140
2771260
2786391
2788681
2791980
2797772
2798339
2811973
2814368
2818748
2821149
2821794
2822597
2834858
2844931
2853761
2856100
2859533
2868746
2871408
2885459
2892319
2896308
2896554
2898190
2901294
2904231
2904654
2905208
2906649
2917360
2922582
2925710
2933530
2939328
2958213
2958692
2962818
2977818
2989121
2993186
2994472
3014891
3016077
3025264
3025539
3025994
3028005
3032744
3045120
3082534
3084569
3097904
3114115
3123217
3129414
3138176
3157669
3159466
3161208
3161489
3162606
3170863
3171533
3173062
3174581
3179643
3181259
3188070
3188508
3192370
3197494
3203314
3203351
3205292
3207273
3212918
3213749
3216029
3216670
3219827
3221852
3223082
3233905
3235400
3238182
3241004
3245004
3247410
3256474
3261034
3261620
3273600
3280991
3288206
3306642
3307527
3311441
3313300
3318241
3321602
3335210
3343147
3345516
3347873
3355360
3361161
3363924
3365138
3367445
3382278
3384868
3389569
3421122
3426744
3428924
3441063
3443505
3446083
3446412
3447970
3451925
3459428
3468864
3475611
3478980
3480225
3483056
3483203
3485812
3495057
3499780
3539324
3545145
3545414
3548049
3556134
3560963
3576342
3580457
3588377
3590668
3605617
3609409
3623010
3629196
3639555
3642377
3653778
3654976
3678333
3681938
3682918
3691155
3695800
3701012
3705698
3709324
3715235
3725857
3736056
3739416
3741756
3753237
3757280
3760713
3769697
3787400
3792924
3802425
3805370
3806857
3810760
3811355
3811892
3817024
3820000
3820114
3824680
3835106
3868038
3872968
3879434
3894276
3899692
3900112
3933084
3935540
3936651
3949766
3951146
3957600
3958401
3961890
3967621
3975442
3989892
4003334
4007177
4014249
4030487
4051216
4096180
4096840
4099152
4102432
4106376
4131337
4204990
4206533
4214138
4215037
4223900
4225656
4228075
4241515
4247220
4247242
4249995
4254054
4256984
4257970
4263852
4265464
4269788
4270773
4281941
4283718
4287308
4288881
4291721
4295859
4296148
4297958
4298593
4309958
4318985
4332273
4337065
4338126
4345611
4348206
4356643
4359741
4365575
4367602
4369493
4371249
4374088
4386688
4387428
4392905
4393827
4399957
4401435
4407733
4408367
4409802
4424604
4425849
4427863
4433443
4436026
4436432
4446221
4452611
4457950
4466459
4466909
4469391
4481891
4484004
4493879
4496533
4499727
4503425
4505136
4508520
4510412
4512081
4526826
4526934
4533898
4534681
4535401
4539633
4540503
4540717
4542288
4547013
4552204
4556558
4557006
4567396
4572578
4573955
4575278
4583953
4598814
4603650
4604030
4605127
4608171
4620792
4623588
4627392
4629290
4638305
4645013
4659104
4664513
4665436
4668452
4677926
4678344
4679792
4686227
4693122
4694550
4726358
4733593
4734260
4734561
4735838
4737183
4738617
4741901
4746122
4752687
4766222
4775458
4779019
4788162
4801724
4809332
4817276
4819681
4826165
4826442
4833498
4838531
4854071
4856044
4856154
4857010
4858759
4868203
4868914
4869397
4874426
4876828
4885329
4887009
4895400
4896962
4904982
4915803
4920643
4920972
4923633
4929042
4929577
4940120
4946304
4949162
4950165
4972684
4982445
4983155
4985274
4985966
4989561
4991340
4995222
5004316
5006641
5007450
5010820
5013719
5017488
5019217
5026076
5032105
5035304
5038661
5039202
5049656
5052232
5052803
5053040
5055015
5056145
5068321
5069000
5080513
5083441
5097996
5105794
5112780
5115430
5124210
5128598
5131968
5132856
5150872
5156353
5157898
5215237
5218371
5227042
5230912
5250389
5254950
5258412
5259017
5260214
5260407
5262769
5264850
5268765
5285826
5296940
5300348
5310639
5312120
5312150
5312995
5319758
5326222
5326363
5328990
5330228
5334181
5341975
5345869
5348377
5351792
5352067
5355782
5362324
5364928
5375631
5376222
5378845
5381222
5382521
5384762
5389968
5395990
5401652
5402765
5404896
5409987
5410572
5411115
5416092
5419333
5426768
5433609
5440496
5446158
5449002
5456102
5458204
5465920
5512498
5513403
5522233
5532938
5534739
5538492
5539657
5550125
5550738
5554774
5564483
5572485
5573321
5577048
5578306
5590054
5604453
5611610
5623920
5636711
5642420
5645764
5647109
5653593
5662872
5665290
5671053
5674520
5677761
5686576
5689478
5704788
5715201
5715986
5739011
5744673
5751050
5753472
5769533
5770650
5782178
5785251
5790260
5794920
5801526
5804149
5805701
5806916
5810215
5810360
5815680
5824930
5825360
5829652
5833452
5834311
5845112
5851600
5853962
5855873
5856274
5857430
5899386
5901843
5906898
5908044
5923985
5935890
5972617
5974114
5982792
5996996
5997112
6005840
6007300
6009120
6030196
6038588
6041828
6048133
6049897
6051600
6065286
6066762
6072068
6092808
6100106
6101061
6111765
6135941
6164817
6178860
6185604
6193244
6194080
6225963
6243424
6293478
6296538
6308813
6315793
6318489
6318693
6321377
6330789
6331475
6337593
6339684
6345878
6347432
6349792
6353194
6354692
6358842
6370949
6374745
6376353
6377615
6382137
6385155
6387088
6396144
6407267
6408348
6429749
6432345
6436131
6438168
6441936
6442070
6444586
6446280
6448788
6455667
6473954
6487041
6491406
6491616
6494361
6494548
6496474
6498467
6509829
6513740
6516758
6527050
6537797
6543888
6557942
6561417
6571535
6572213
6574437
6577760
6578897
6584451
6589222
6595944
6596133
6597139
6598734
6599504
6605866
6607945
6609164
6619199
6629800
6629972
6635854
6642186
6644498
6644870
6694704
6705308
6705427
6709804
6726918
6742785
6743200
6783396
6783576
6799409
6820413
6822698
6829382
6834503
6839460
6844508
6849244
6851644
6858132
6873253
6883422
6886423
6886700
6889629
6891857
6894288
6897408
6899400
6899462
6908952
6917712
6920466
6922466
6943776
6947316
6949075
6956204
6964506
6968200
6972002
6975809
6977546
6990114
6992017
7000105
7046417
7079818
7081200
7084107
7097609
7119497
7121504
7128400
7131188
7131651
7152202
7176376
7177028
7210337
7214214
7225929
7229664
7241767
7260292
7274604
7275408
7277704
7279696
7284228
7341245
7347530
7349462
7359788
7364939
7370264
7373688
7379484
7381795
7390916
7391634
7392577
7393382
7400454
7410374
7414302
7415047
7418672
7434309
7442769
7443978
7455109
7456528
7472044
7477864
7483452
7490073
7498116
7507489
7514194
7521301
7539333
7554104
7554179
7557472
7569435
7594504
7604781
7606176
7607339
7607388
7610670
7612769
7617728
7622858
7632932
7670150
7700764
7701216
7705888
7706760
7713284
7736082
7742562
7745952
7756816
7770209
7799240
7799348
7867481
7867844
7870633
7871376
7874069
7874272
7876901
7877448
7881074
7881358
7885837
7890993
7897683
7898190
7901634
7930059
7932082
7938946
7964685
7989504
7995811
7997250
7999758
8028568
8028772
8033283
8045185
8065073
8082944
8127239
8129218
8135218
8160305
8180864
8192212
8192808
8202243
8208705
8265741
8284224
8394429
8399229
8404302
8404658
8427480
8431309
8435879
8442342
8447162
8449362
8457713
8465384
8467735
8473902
8476268
8478346
8479638
8487789
8488630
8492153
8498980
8505169
8507550
8525796
8526733
8531483
8537946
8542774
8550754
8553422
8555132
8557630
8559314
8561084
8562594
8574275
8579123
8585973
8592980
8595629
8604361
8610106
8621288
8622883
8635661
8658027
8661972
8663921
8669930
8672668
8679518
8681094
8684473
8694301
8697256
8702070
8708997
8717298
8718140
8720198
8720636
8726590
8729034
8737807
8743555
8751499
8758872
8773809
8782301
8786618
8787253
8796376
8799790
8802785
8815827
8827668
8835149
8853924
8856135
8866353
8880497
8880781
8914921
8918619
8919879
8927539
8927972
8940742
8942929
8944072
8947919
8954716
8966317
8968560
8970918
8974952
8983910
8985505
8987806
8990243
8991416
8995163
8998053
8999111
9009194
9009413
9011690
9013976
9016901
9019152
9021892
9026178
9029260
9047747
9058381
9059410
9063454
9071111
9079700
9080947
9082054
9088259
9100305
9101665
9111909
9114251
9115888
9117000
9118153
9128337
9130848
9134636
9144347
9148556
9150584
9161796
9178594
9185521
9185870
9186629
9187885
9189123
9191823
9192060
9194278
9199122
9199723
9201173
9203296
9212203
9216570
9217110
9218456
9221193
9225763
9227338
9228566
9229008
9239041
9244241
9246085
9258042
9265986
9270560
9275698
9279495
9306478
9308954
9310611
9312316
9328710
9341013
9343432
9359882
9365696
9372897
9373318
9380117
9386113
9390168
9405492
9409184
9421096
9442261
9442727
9446859
9448563
9449368
9461089
9465668
9468682
9481485
9483139
9485602
9496715
9498670
9505949
9510083
9513358
9513777
9515858
9517385
9519548
9519695
9521431
9525417
9527514
9532578
9533840
9535838
9537123
9543910
9544764
9561354
9570796
9577231
9586205
9587354
9588116
9594224
9602355
9606922
9609960
9615427
9619793
9630753
9634903
9636022
9640234
9641221
9644644
9651306
9652128
9654419
9661569
9662726
9668420
9675049
9684102
9693952
9703092
9704794
9706030
9709265
9713811
9716071
9717515
9726998
9727049
9728537
9733767
9734981
9740633
9742128
9745732
9749968
9750684
9757281
9770569
9777569
9783746
9785398
9788496
9799785
9802378
9802513
9809409
9822500
9831254
9835913
9839524
9841480
9842306
9843936
9851532
9865524
9871399
9872908
9892104
9904242
9905163
9918978
9930384
9932856
9945172
9962174
9967554
9967710
9970990
9972137
9972309
9983027
9988419
9996532
9997100
9999900
10007664
10012002
10012421
10024978
10031151
10035907
10036568
10051104
10068494
10076691
10079256
10080672
10097836
10100016
10100956
10101560
10113225
10113362
10120226
10125645
10126485
10128481
10129961
10131974
10134666
10137873
10142656
10164801
10168066
10172440
10195044
10224671
10226563
10230116
10253456
10262722
10265985
10267684
10291481
10297445
10305904
10332240
10356878
10371235
10372688
10383396
10388760
10430752
10453314
10474496
10488805
10496235
10498771
10499540
10499599
10509714
10514057
10516384
10523890
10524045
10525574
10526353
10527861
10530371
10535164
10535731
10536103
10538073
10539606
10542276
10549322
10553080
10555827
10569046
10570552
10576181
10577124
10580620
10585198
10587290
10589992
10592807
10595489
10602567
10606754
10609096
10609178
10613825
10620218
10624071
10626412
10627734
10629957
10633899
10639637
10641811
10646566
10647057
10655945
10660625
10667714
10668078
10677764
10683302
10686952
10688400
10692817
10696002
10697288
10701132
10719758
10727443
10754499
10761393
10763402
10769491
10770490
10785386
10789643
10793020
10809490
10818392
10821123
10821775
10824082
10831493
10844169
10850457
10855328
10868096
10870882
10880929
10883733
10887523
10891660
10893984
10896500
10900233
10904260
10913305
10914130
10914181
10925313
10932392
10945708
10947464
10948651
10957104
10967184
10979356
10985796
10994212
11011975
11014606
11016537
11018120
11027047
11029860
11036428
11040913
11045150
11062176
11064648
11076561
11078411
11080418
11084871
11087552
11088646
11090980
11093529
11094218
11096457
11100323
11120773
11125524
11143398
11145517
11147795
11160385
11161706
11162140
11163012
11175336
11176586
11180356
11183132
11183297
11190539
11195936
11207273
11210500
11216946
11223063
11272381
11272918
11277540
11297074
11301188
11305765
11310722
11311664
11321539
11326469
11340822
11358305
11372644
11379984
11408674
11414672
11420056
11429900
11474440
11537235
11543474
11547305
11549536
11550935
11554416
11557524
11564297
11567421
11577748
11585038
11593360
11604538
11621188
11627168
11633237
11643202
11645004
11659281
11666377
11668627
11670115
11673024
11674054
11675218
11680788
11683079
11683945
11686306
11690785
11704346
11722885
11740433
11747928
11764106
11767304
11767956
11800982
11805237
11808843
11817665
11821176
11821222
11823888
11836680
11840006
11846440
11850800
11864868
11865144
11865473
11866466
11874960
11878947
11888708
11927781
11932686
11934288
11970656
12026914
12061416
12072720
12076122
12077325
12079220
12087813
12092756
12093889
12099737
12099944
12108841
12116738
12125834
12130690
12132772
12162065
12191301
12193927
12268672
12322930
12324672
12338592
12340241
12343368
12358212
12396064
12534528
12586915
12590223
12590952
12592089
12593943
12607184
12613218
12614277
12619209
12622172
12626602
12628086
12629259
12632727
12634723
12639258
12639393
12641385
12656177
12658499
12664326
12670243
12674102
12682921
12683603
12684876
12686033
12693136
12698821
12700552
12702008
12719693
12719922
12720441
12723914
12727969
12728707
12730611
12731196
12731818
12735003
12741894
12742949
12744456
12756741
12757217
12768130
12771358
12777608
12780950
12781767
12782652
12799522
12816549
12819521
12820834
12821065
12830228
12846707
12850100
12863609
12865164
12865898
12868376
12869876
12878554
12879700
12883680
12885314
12888865
12889476
12902732
12912100
12913167
12921442
12924035
12931721
12938245
12944407
12946544
12947996
12952260
12969504
12978331
12980510
12981460
12988966
12990993
12994726
12995396
12999937
13000971
13002258
13010062
13012003
13037634
13043237
13044432
13060370
13063744
13076808
13082668
13090968
13110002
13110933
13115875
13118928
13124395
13130821
13133480
13136304
13140933
13141395
13142858
13146530
13152803
13154112
13155368
13157970
13158609
13160523
13164821
13174378
13174969
13176071
13191041
13191476
13191706
13199584
13206297
13210638
13215136
13221927
13238397
13249128
13258894
13261472
13280294
13289993
13314186
13317188
13320404
13325360
13326339
13347088
13370550
13387208
13396624
13408353
13418916
13436242
13438624
13443288
13447220
13447745
13451411
13461768
13500841
13503756
13510978
13527073
13533766
13534760
13545604
13602834
13633358
13636299
13641061
13645508
13648283
13654220
13659681
13660504
13665373
13673242
13673635
13681836
13681942
13686344
13689281
13697597
13697962
13702936
13715570
13716808
13734994
13744672
13746788
13756428
13770862
13784388
13787856
13800020
13801516
13802241
13804166
13804872
13811783
13816976
13828313
13833858
13837488
13845251
13849609
13894625
13895570
13896906
13900043
13902023
13908864
13909016
13911621
13912595
13914277
13918982
13926805
13936690
13938888
13942827
13971498
13976849
13997188
14028297
14041320
14096480
14098712
14163168
14164884
14173496
14175369
14176550
14180429
14190091
14193033
14229810
14234048
14242384
14247172
14250017
14289236
14289445
14291304
14295873
14305474
14307349
14353800
14420568
14422662
14427714
14458368
14489744
14532800
14554145
14680446
14683702
14685401
14685989
14691266
14692538
14702211
14706703
14711856
14714939
14717763
14725780
14740744
14750108
14750324
14755960
14757004
14764625
14764678
14775306
14782209
14785556
14791042
14812611
14814888
14819383
14841924
14860940
14877810
14893131
14899240
14902020
14914696
14943672
14943852
14952756
14957068
14965766
14967201
14967434
14979378
14991623
14993608
15000596
15008433
15011106
15014021
15017481
15020114
15025088
15043112
15076930
15085761
15086632
15111684
15147156
15172226
15198208
15206232
15219076
15221937
15223340
15227169
15229462
15240386
15241448
15245650
15272035
15278881
15317056
15336974
15345536
15355408
15360200
15361029
15380744
15450496
15468225
15470677
15471256
15475364
15487362
15491097
15501585
15509514
15600416
15733220
15740488
15747242
15749681
15753372
15754321
15765646
15768256
15780612
15783945
15790240
15795497
15795876
15796888
15799169
15812162
15812645
15835344
15861524
15862114
15872770
15895620
15933537
15935494
15993041
15999251
16085248
16121946
16133376
16171584
16290592
16296976
16302616
16325640
16327236
16334952
16351393
16353794
16371716
16385232
16398368
16400548
16416818
16449797
16453698
16474128
16517512
16528388
16531732
16547913
16549122
16566304
16580622
16646673
16654466
16663560
16781759
16784876
16791284
16792679
16797641
16803686
16806461
16812847
16819487
16823754
16825001
16832924
16835757
16837195
16837510
16849747
16853433
16853597
16856651
16860138
16862627
16865976
16874369
16876922
16882748
16893829
16894572
16896167
16905858
16915861
16918110
16924241
16927007
16929431
16932450
16935470
16936120
16936709
16942053
16943850
16950130
16951405
16960308
16962317
16966300
16969032
16975533
16976563
16979286
16984294
16985800
16987244
16987585
16996120
16998734
17003527
17004626
17011083
17011257
17023448
17024275
17027425
17042157
17045458
17048766
17054357
17059371
17063194
17065859
17066346
17070373
17080104
17081268
17084771
17085036
17086491
17088973
17089687
17092793
17093488
17098844
17108083
17112262
17113580
17116549
17117470
17117993
17130074
17143303
17144418
17153057
17162765
17172695
17173350
17175913
17179384
17184019
17203774
17204646
17206977
17208906
17213617
17214506
17242166
17256680
17263248
17271829
17274008
17275216
17280768
17293474
17305031
17311637
17314699
17316706
17317510
17324741
17329740
17330267
17332387
17338983
17340233
17340509
17345000
17345140
17346200
17347250
17353905
17355054
17356344
17358018
17359062
17360800
17361958
17363269
17368127
17369758
17372570
17373493
17373641
17375606
17379548
17379886
17384678
17386404
17391759
17393784
17396912
17402322
17408677
17411203
17416617
17421074
17423365
17434594
17437518
17439969
17443130
17443792
17449912
17451907
17453540
17454347
17455161
17465593
17467143
17473939
17474956
17477692
17482781
17490625
17501364
17501707
17504872
17513506
17518669
17536081
17543392
17550976
17551508
17559562
17566330
17566549
17568124
17568563
17578089
17582576
17587368
17588341
17589449
17597908
17599629
17602954
17614130
17615367
17616193
17639106
17649200
17650707
17662343
17668737
17670353
17670946
17674772
17695157
17696030
17701976
17707210
17707781
17712929
17713308
17736801
17742344
17743978
17744548
17748248
17762579
17764890
17773577
17777289
17779520
17794572
17798432
17819652
17834619
17837898
17840965
17841182
17847343
17850002
17855892
17856665
17857832
17859421
17859829
17860502
17865274
17866307
17869116
17875379
17877191
17883946
17884993
17888356
17893502
17896207
17903201
17905208
17913157
17913508
17916812
17919110
17924782
17929521
17930341
17932871
17935568
17941045
17941788
17941984
17951753
17952968
17960246
17961906
17968608
17970882
17971316
17974867
17975653
17976714
17981681
17990766
17997065
17998155
18001456
18002446
18006444
18006648
18012608
18015254
18022867
18023672
18029642
18033174
18042408
18051100
18055881
18057605
18058402
18060818
18072450
18078209
18085120
18089960
18096935
18098582
18101080
18103472
18104942
18106133
18107332
18110584
18116685
18116834
18134537
18137809
18138211
18146696
18151968
18158230
18158817
18161288
18162329
18162790
18164640
18167815
18169887
18172069
18174290
18191436
18191746
18210964
18221621
18228536
18229326
18231969
18233634
18238025
18240720
18241555
18245154
18253125
18259040
18262660
18272836
18285710
18288729
18289196
18293089
18299456
18308100
18318881
18319882
18336032
18353037
18358745
18364977
18366716
18367830
18368153
18377440
18385571
18386880
18387178
18389255
18389652
18393178
18400100
18401325
18404225
18404870
18420393
18422896
18425029
18429250
18439552
18446852
18465105
18473222
18481877
18482025
18483403
18490421
18495816
18502179
18511376
18518181
18531524
18547981
18549160
18551939
18552388
18555480
18588417
18596912
18617398
18620589
18627652
18645702
18646105
18647832
18653235
18653516
18655809
18670597
18680420
18682288
18682435
18698282
18703632
18718858
18735200
18780689
18843792
18877623
18883066
18884429
18885934
18896323
18900682
18901844
18901928
18902045
18903214
18911140
18912060
18914629
18915549
18916070
18918241
18921586
18923018
18925739
18927834
18933200
18933300
18936355
18941921
18946762
18947536
18951254
18953524
18955529
18958962
18960508
18961990
18962730
18964583
18972176
18975441
18984453
18990137
18991381
18992904
19006811
19008157
19010765
19013026
19013448
19017955
19027121
19036264
19043878
19048082
19049609
19051541
19051872
19055427
19055730
19056204
19060900
19080073
19080802
19092384
19093635
19097652
19098634
19107105
19109132
19111979
19114258
19118624
19120269
19127360
19141211
19142030
19144242
19145835
19147059
19154268
19155622
19161881
19166404
19169935
19175009
19176336
19193914
19196097
19198228
19205321
19206357
19207708
19208545
19211216
19216460
19236394
19237428
19244196
19245704
19252293
19260674
19272120
19274254
19278153
19287488
19288418
19288613
19292329
19293476
19302280
19312906
19316948
19325536
19328016
19333242
19335904
19338307
19339793
19340328
19349894
19362312
19366337
19370628
19383056
19400366
19407271
19407593
19412928
19418218
19419293
19428374
19432394
19434259
19448405
19450060
19461249
19471622
19474186
19477017
19485505
19489068
19489169
19495048
19498416
19501114
19501396
19507778
19530299
19532118
19532954
19533349
19533941
19534737
19538030
19544356
19546569
19551568
19555552
19560961
19579185
19581474
19582983
19596648
19599651
19606912
19620358
19636376
19637316
19662648
19671100
19672836
19674264
19677463
19678388
19684128
19685955
19686028
19688481
19697865
19698438
19720456
19727438
19735573
19744781
19776072
19825986
19832965
19857989
19870016
19879040
19928857
19930848
19937836
19940922
19944140
19946548
19965544
19968452
19973793
19986562
19989402
19989597
19999169
20007452
20007955
20010122
20025968
20025987
20029733
20030478
20035604
20057985
20058570
20058980
20060310
20065347
20066889
20067590
20071138
20073990
20088331
20089640
20092072
20095572
20097062
20107920
20120142
20123216
20125709
20127922
20132136
20145792
20152674
20153489
20187618
20193989
20195851
20195952
20207488
20222312
20238469
20251241
20259146
20263954
20268321
20295745
20300294
20302976
20317207
20317872
20341072
20354320
20383490
20388224
20402224
20416580
20448053
20452423
20464753
20465480
20481413
20483172
20492301
20496550
20501792
20518544
20524104
20525190
20526113
20529797
20529954
20541520
20548356
20551840
20561931
20585489
20595244
20603028
20603913
20613506
20615489
20629528
20661314
20664580
20710925
20711463
20747274
20750884
20777041
20840754
20841665
20842600
20844684
20852739
20891136
20907044
20978987
20981674
20982490
20994282
20996844
20999377
20999564
21001294
21005991
21006320
21006743
21012853
21018181
21023201
21027365
21029304
21032544
21033298
21035784
21042097
21043598
21044389
21044762
21047851
21055378
21056281
21057867
21063710
21069935
21072525
21074373
21074776
21077764
21079129
21079334
21081024
21084312
21086803
21088562
21095188
21100609
21106488
21107324
21107651
21110973
21112673
21113127
21118276
21122721
21123481
21128358
21130050
21137526
21150226
21150880
21154500
21157379
21160035
21168942
21173277
21178728
21179538
21185626
21186732
21214274
21222024
21235413
21235510
21238605
21240377
21247523
21251768
21253383
21254572
21258287
21260104
21267865
21269330
21269609
21270650
21271458
21273614
21278932
21283102
21291714
21301496
21302164
21304436
21307964
21308129
21320400
21327922
21331200
21332149
21333202
21348491
21365051
21368138
21377095
21377332
21377928
21383818
21384242
21386884
21395468
21405850
21407312
21415112
21415961
21420290
21431878
21436427
21446996
21449089
21463309
21475457
21497209
21498332
21499624
21499662
21502014
21504335
21506977
21507634
21509720
21512885
21514053
21514854
21518611
21533108
21545642
21557297
21557892
21564817
21570659
21570844
21574050
21579971
21582343
21582952
21588005
21604881
21612068
21633557
21638217
21643565
21647954
21650952
21661711
21662384
21668632
21680928
21682305
21686312
21694064
21709957
21717664
21725827
21727432
21729542
21758667
21761051
21761444
21773072
21774755
21787232
21796001
21805090
21811346
21812292
21827077
21833865
21836806
21848140
21859586
21860492
21873536
21874768
21897665
21897742
21898388
21907525
21909542
21924116
21954914
21956742
22023020
22031635
22038587
22041414
22042224
22049059
22061957
22063330
22066976
22069716
22072472
22073433
22074530
22087508
22091985
22092578
22094278
22097973
22103241
22104645
22112816
22120715
22135878
22156581
22157475
22158160
22163546
22169749
22170700
22176200
22176297
22182914
22191124
22219057
22219458
22219783
22221132
22241554
22251140
22258272
22269988
22285776
22285852
22287501
22290802
22294145
22296714
22299271
22315466
22319379
22321540
22333186
22333492
22339745
22349082
22366354
22387216
22419009
22422035
22434856
22496784
22511666
22528065
22547810
22553802
22565003
22571332
22573100
22577357
22578961
22586532
22589706
22593559
22599776
22610341
22612073
22614118
22614556
22624513
22627587
22643522
22661252
22676649
22684450
22685836
22688864
22696112
22709394
22725896
22746384
22757390
22777865
22806686
22811173
22812968
22829570
22831873
22839590
22847888
22905876
22939730
23007872
23014400
23071476
23077555
23078738
23081578
23083779
23088728
23089586
23099540
23101630
23103850
23107266
23112248
23112739
23114057
23135431
23136572
23137094
23140232
23146144
23152036
23159920
23163428
23189888
23191626
23192193
23210076
23213580
23218956
23221348
23224517
23225363
23233876
23238929
23240936
23250306
23265559
23282280
23285841
23301634
23306374
23322912
23332141
23333832
23336416
23337238
23339420
23339876
23341254
23346193
23347315
23349356
23366305
23366960
23390724
23392392
23400602
23415874
23430673
23433538
23462354
23463051
23472674
23528225
23535641
23593827
23593878
23603370
23610407
23612041
23624768
23629192
23634439
23644452
23645202
23651340
23664836
23667144
23669260
23679137
23691817
23726469
23726666
23729824
23736594
23758945
23794698
23801861
23809056
23822418
23860483
23871940
23887901
23889540
23896353
23925282
23941384
23987730
23995656
24023424
24118885
24121735
24127757
24134419
24138012
24152710
24166925
24174080
24186377
24191084
24195083
24196672
24208648
24220677
24232104
24248427
24250056
24253490
24259624
24261761
24264858
24266528
24266864
24315201
24323092
24350912
24379825
24380742
24403989
24447018
24461400
24464128
24514825
24544268
24557568
24580102
24647428
24651056
24655896
24660234
24670592
24679048
24679504
24684673
24707353
24708236
24723508
24780881
24793160
24813828
24904866
24920720
24923140
24961026
25051169
25172217
25183595
25184212
25186931
25197792
25201891
25208363
25209491
25209976
25210959
25214092
25217482
25218588
25218849
25219355
25226309
25227444
25234292
25235141
25238061
25243770
25245474
25246416
25248979
25250189
25252917
25258162
25260484
25265606
25268940
25271681
25277025
25282772
25297150
25310362
25310477
25311800
25313152
25316200
25316487
25319105
25334193
25336086
25367369
25380614
25396263
25398354
25405964
25412146
25416864
25430363
25434716
25435809
25437797
25439020
25440018
25440690
25442883
25457194
25458256
25461047
25465006
25469161
25470912
25473688
25475400
25479856
25486609
25494869
25495194
25497192
25518343
25521176
25526684
25526947
25534802
25539594
25542776
25545734
25546945
25547042
25560249
25564694
25567263
25578577
25579914
25584449
25590032
25598500
25600198
25604208
25609733
25618946
25625906
25628807
25634851
25641241
25642132
25666065
25697844
25698871
25700509
25708307
25710242
25713226
25713552
25717006
25717289
25718886
25724625
25725349
25725975
25726284
25731907
25736229
25737409
25740520
25741370
25751938
25757477
25757932
25765971
25767264
25771528
25775177
25780805
25788988
25805506
25807107
25813272
25823833
25825692
25827367
25830058
25831240
25837909
25845925
25850920
25854298
25855588
25859209
25864992
25878604
25879696
25897989
25903258
25905250
25919685
25920392
25955633
25961607
25972940
25973379
25977236
25985179
25985613
25986826
26018756
26022956
26026608
26048576
26051651
26063105
26069128
26088232
26088517
26090626
26093668
26101771
26119696
26132865
26148950
26157196
26215398
26221480
26222342
26225353
26227817
26231582
26239889
26243207
26248888
26249806
26251388
26258256
26269201
26271773
26272962
26288411
26293332
26299492
26301232
26304866
26306066
26315046
26315488
26318867
26321328
26325764
26329928
26346844
26349895
26354083
26358224
26358293
26363058
26363990
26366249
26378383
26386490
26395721
26403364
26411117
26412596
26418320
26420612
26423433
26441760
26477782
26482885
26485642
26486841
26493131
26494012
26503376
26506498
26514242
26526086
26531850
26544722
26548386
26564865
26578192
26583592
26611488
26612235
26622977
26633284
26642520
26644626
26673925
26678592
26690144
26741112
26747500
26748306
26761380
26764428
26772274
26790164
26792088
26806791
26808673
26809544
26810636
26820665
26845257
26854529
26872642
26873480
26874592
26876289
26886790
26888752
26945728
26956296
26959875
26976276
27007250
27009504
27011618
27012360
27019361
27022345
27050066
27058816
27070485
27133026
27169028
27263613
27266914
27270234
27273543
27283751
27287080
27288888
27291733
27298288
27299528
27300069
27304844
27308818
27314821
27317184
27322658
27333801
27337065
27338284
27338321
27343264
27347169
27367960
27374736
27396211
27400459
27403232
27408517
27412120
27413266
27434032
27451530
27460380
27463782
27465221
27468931
27481106
27488513
27492441
27495232
27495556
27526547
27527703
27529501
27534996
27536257
27539208
27541662
27543089
27550146
27552328
27561044
27575433
27580512
27582501
27590958
27595650
27599032
27611300
27658420
27658442
27659526
27665496
27672647
27689762
27690208
27709457
27741696
27760642
27791542
27792240
27794445
27804869
27820079
27821337
27828532
27844627
27846208
27850756
27887110
27895848
27919052
27926738
27936936
27944194
27953297
27990656
28001292
28033537
28055760
28057937
28062786
28066089
28066528
28090530
28117314
28117537
28184737
28205584
28213304
28247297
28314289
28315803
28317104
28322020
28323105
28335233
28336460
28345095
28352611
28359744
28373512
28378338
28382467
28383336
28391937
28399622
28402693
28412041
28427344
28453256
28456480
28459316
28493827
28496900
28508691
28508840
28545057
28574424
28578593
28588292
28594706
28606746
28656016
28677632
28707089
28713004
28733568
28819464
28836171
28838426
28848418
28853780
28856514
28856593
28872193
28911888
28920384
28966941
28972296
28979268
29032560
29105184
29106198
29131920
29165700
29175816
29196576
29363542
29363787
29365564
29367236
29370993
29374225
29374572
29374746
29382685
29385522
29387818
29389385
29401960
29410319
29410648
29415558
29426567
29427767
29431444
29434061
29439304
29442652
29443880
29446422
29448800
29450634
29452624
29465634
29475217
29476905
29493790
29494373
29495718
29498387
29501844
29508135
29509848
29529536
29533458
29534282
29558027
29565044
29585936
29591938
29614272
29624746
29626840
29631062
29641409
29644835
29645896
29647939
29651089
29656166
29663619
29671509
29671980
29688650
29692435
29697424
29698212
29704390
29704545
29722650
29742096
29755042
29755760
29756163
29765124
29769869
29787012
29795337
29823152
29831426
29835306
29855812
29886150
29901266
29903984
29905285
29912832
29921617
29921818
29926932
29934342
29941897
29952833
29984838
30015639
30025219
30036065
30048428
30048547
30067008
30081810
30119424
30147473
30147676
30148448
30148653
30150882
30155064
30160512
30165014
30180613
30190656
30230018
30278196
30281753
30295312
30310608
30377985
30410263
30414218
30417144
30428034
30432528
30433700
30445092
30446480
30454790
30466563
30475377
30482982
30484104
30486674
30490787
30545993
30550688
30551120
30557706
30565633
30576738
30626176
30638416
30657536
30672163
30675022
30679565
30683457
30683696
30688080
30690464
30695450
30704833
30705671
30706312
30736692
30746696
30757380
30773512
30820616
30843168
30933960
30937300
30938664
30943243
30943284
30947904
30966369
30998618
31002128
31035440
31065350
31125504
31197956
31204369
31261058
31460137
31461264
31462158
31470756
31475859
31486304
31511809
31523538
31523870
31560352
31563826
31589681
31589772
31594720
31596842
31597638
31605633
31616128
31622721
31638568
31656496
31661312
31719591
31719994
31722817
31737098
31756299
31759488
31786756
31797281
31818824
31855376
31858949
31883286
31924800
31982675
31983922
31989250
31990888
31993987
31998030
32003208
32016472
32030868
32034850
32051784
32053265
32117780
32147972
32178313
32248100
32252674
32260613
32288784
32310320
32510290
32515520
32523398
32532546
32539042
32540424
32563472
32571541
32572256
32592928
32641668
32706584
32718916
32768579
32771090
32772264
32794112
32800880
32809092
32965760
33032261
33104898
33169928
33423680
33556095
33562552
33568604
33570075
33574077
33577434
33584069
33593774
33601129
33602977
33611887
33613982
33617298
33618121
33618484
33626082
33626686
33629085
33631913
33635218
33643203
33646934
33647705
33648791
33649766
33655732
33658197
33660003
33661402
33661739
33691759
33693510
33697429
33708573
33711724
33712519
33712842
33719257
33720818
33725195
33727382
33728797
33731372
33735885
33737388
33743096
33749316
33753848
33754451
33754524
33762343
33764564
33768269
33768944
33769013
33772075
33783998
33788506
33789318
33794609
33795594
33796993
33798166
33824135
33826275
33827245
33827445
33833942
33842868
33844929
33845843
33854109
33854826
33856796
33857345
33858227
33860378
33864580
33868110
33871076
33872907
33877282
33882555
33885020
33885397
33896202
33897033
33900966
33924154
33933076
33942176
33951338
33952118
33961020
33965595
33968841
33971842
33972636
33981621
33982023
33997668
33998161
33999145
34000995
34018443
34022802
34028561
34031757
34051620
34055520
34058281
34060480
34064914
34081207
34090441
34093510
34094126
34100255
34102888
34106917
34109090
34110548
34113266
34119554
34123064
34123898
34126672
34130737
34132387
34136409
34140742
34146523
34147812
34149332
34155114
34160176
34161054
34163981
34164498
34164969
34169800
34170164
34180753
34183284
34185401
34187534
34188370
34196041
34199328
34201989
34202659
34210285
34214634
34214713
34219190
34220156
34223491
34226803
34228438
34232769
34233624
34235147
34244935
34245774
34246942
34255941
34257072
34259380
34259548
34265130
34268992
34282629
34292641
34296083
34298436
34303120
34312521
34321680
34325896
34342095
34348212
34349374
34355601
34360012
34362697
34363032
34372106
34374499
34378548
34384042
34387206
34393132
34402452
34408106
34409125
34412305
34412826
34417360
34417675
34420356
34422831
34424162
34431513
34440348
34440485
34441553
34443790
34447468
34450816
34468872
34472606
34474379
34477169
34481433
34487072
34488505
34492164
34492524
34493264
34502661
34505605
34509986
34513481
34517522
34521794
34528320
34530433
34542860
34543170
34556456
34574481
34578566
34594896
34606791
34609897
34614738
34616139
34619018
34622759
34629513
34631187
34634124
34637262
34640850
34646134
34647008
34649873
34652916
34654040
34657351
34661059
34661429
34669811
34669948
34677174
34677225
34680085
34687289
34691845
34694000
34697666
34698772
34701945
34704585
34705158
34705518
34714916
34722001
34726444
34735515
34737842
34739653
34743597
34744760
34745172
34749092
34751582
34753322
34753865
34755764
34757328
34763313
34764546
34764826
34767669
34769507
34769980
34771147
34773580
34786177
34787373
34804584
34809414
34812429
34820210
34824331
34838801
34849046
34849432
34849892
34867578
34868382
34869036
34869311
34870886
34874030
34874489
34875205
34884111
34886426
34889264
34890456
34892084
34907540
34910343
34910776
34913298
34915597
34941380
34952227
34959536
34964646
34970629
34971747
34980485
34984264
34998937
35005282
35011075
35013205
35013858
35025929
35032848
35034401
35046952
35048454
35058304
35062347
35064018
35064609
35065000
35066768
35069982
35071617
35098764
35099728
35121160
35130213
35131096
35136205
35138737
35144508
35148138
35148453
35154832
35160533
35161001
35166265
35169031
35171652
35177619
35183776
35195421
35198010
35208456
35211444
35260182
35267219
35267659
35268264
35268902
35271616
35275224
35276481
35280010
35282973
35292697
35312392
35324810
35326003
35326284
35328293
35332324
35334529
35346441
35357857
35391125
35396361
35396930
35403056
35417224
35419712
35424676
35426381
35427720
35427843
35430996
35456387
35456624
35463576
35472406
35477600
35537249
35539018
35555521
35573808
35588614
35604752
35627552
35658454
35662758
35664983
35670940
35675406
35677974
35682892
35683105
35685820
35686339
35686973
35690961
35694683
35696884
35700040
35702373
35707418
35711426
35713681
35718605
35721466
35722153
35724435
35726517
35735132
35735583
35738292
35740100
35745867
35750007
35753227
35753668
35762502
35768552
35772040
35775110
35777548
35778610
35785081
35787419
35787760
35790217
35791467
35801716
35802466
35808081
35808409
35810500
35813776
35823930
35826850
35831312
35834131
35837059
35840904
35849526
35849938
35852072
35852901
35856866
35858179
35860757
35861518
35864686
35867522
35883558
35887520
35902212
35905573
35906626
35915505
35923534
35924119
35927206
35927577
35931463
35934946
35938533
35940398
35946718
35957076
35961378
35967270
35971612
35981500
35982225
35984696
35988200
35988276
35997600
35998770
36011072
36016522
36021255
36037185
36045087
36046308
36046665
36051034
36051237
36053645
36056000
36056612
36058312
36061603
36069490
36072705
36084994
36095620
36110905
36115234
36127239
36143181
36146689
36184540
36190307
36193738
36195411
36197808
36200503
36212006
36213849
36218336
36218387
36227221
36227908
36233769
36237580
36240386
36243826
36247053
36253190
36253868
36254560
36256385
36258443
36276387
36279681
36295700
36309705
36314320
36317970
36324200
36324645
36328978
36336164
36373318
36373603
36382280
36391441
36393154
36397112
36440906
36441145
36442600
36447442
36448033
36459269
36462985
36464816
36472140
36479089
36479874
36483083
36489314
36507750
36528674
36556960
36577351
36589834
36604304
36606600
36619288
36640771
36644000
36667442
36684033
36702543
36704629
36707748
36709228
36709438
36711121
36712654
36713364
36714674
36717241
36721097
36725146
36725859
36742313
36747525
36749405
36762756
36766599
36777184
36778023
36778584
36782675
36785552
36800654
36801345
36805160
36815898
36823305
36832888
36848278
36850737
36851336
36866276
36872207
36872880
36881616
36890113
36890644
36902417
36908050
36914722
36918536
36937832
36965970
36968556
36968723
36975201
36979851
36984084
36987651
36988953
36999600
37014160
37016073
37035018
37038597
37040265
37046540
37060946
37069322
37103777
37126787
37127242
37135108
37160460
37171266
37176000
37183776
37231366
37237074
37242375
37243932
37251400
37259474
37261845
37264656
37267980
37275184
37290542
37291161
37299284
37308609
37315714
37331234
37356301
37358662
37359841
37362200
37371947
37381392
37392930
37408836
37421146
37423712
37487193
37487788
37487898
37495061
37497921
37507139
37524576
37535758
37586560
37599232
37618114
37642760
37651461
37687336
37751670
37755341
37761595
37763166
37767851
37768734
37771075
37772166
37775848
37776084
37779501
37785959
37787405
37790381
37795268
37795410
37803569
37809428
37814999
37815719
37819982
37820695
37824627
37827762
37832933
37835116
37838600
37839514
37848692
37856398
37857605
37864601
37864786
37866005
37869656
37876544
37881084
37882669
37882778
37890513
37891378
37892824
37893449
37895302
37898022
37899411
37902520
37903200
37904919
37917850
37919394
37919785
37920080
37927429
37929411
37933362
37933452
37938712
37950865
37955296
37963830
37964904
37972737
37981254
37982916
37995304
37996944
38008864
38015953
38018168
38020998
38025056
38025514
38026309
38028604
38029595
38032778
38035890
38036566
38042784
38046405
38050194
38061776
38069763
38070328
38074374
38078249
38079456
38081708
38085969
38087948
38089477
38109494
38114563
38118288
38118561
38122516
38126154
38128772
38151073
38156425
38162485
38166633
38170820
38176791
38179916
38185058
38186128
38187089
38191629
38204672
38211734
38214168
38215864
38218372
38228233
38230082
38241089
38241928
38256864
38278373
38284444
38287248
38291340
38293686
38302776
38307288
38307654
38309253
38313034
38315562
38318785
38320387
38323090
38334602
38341513
38347602
38348935
38349232
38375467
38376112
38390112
38408008
38410644
38425233
38432258
38439336
38441095
38442516
38445268
38447130
38454944
38470996
38487561
38507616
38535910
38539565
38546241
38557190
38559916
38563875
38568334
38570546
38571092
38577165
38580640
38591104
38601109
38603078
38607906
38621265
38637762
38643264
38650928
38667696
38667907
38668377
38672398
38677544
38699346
38703649
38735105
38748298
38760960
38773000
38799963
38800277
38802078
38805440
38815277
38820906
38826262
38830263
38831417
38831841
38832414
38838634
38841432
38842521
38842918
38847301
38851936
38853392
38857857
38867188
38870564
38871653
38873148
38877384
38879339
38881667
38881932
38883896
38888656
38893585
38929350
38936803
38945193
38952449
38953740
38977649
38978571
38985874
39029257
39031106
39062693
39065798
39072842
39077313
39077980
39078497
39087620
39093331
39096660
39107136
39110794
39129358
39131177
39149581
39158153
39161152
39179776
39191912
39195248
39201154
39225892
39229704
39272836
39297092
39321849
39326987
39342385
39342532
39367713
39370908
39373352
39376901
39391373
39395355
39420018
39421452
39422979
39424769
39428372
39455757
39457353
39465240
39469594
39474256
39486785
39494210
39510052
39520408
39523334
39542849
39571584
39587338
39589536
39590929
39598340
39600338
39600777
39603488
39633992
39637250
39657761
39686168
39723208
39724560
39731207
39849366
39855032
39857347
39863922
39874088
39874980
39885964
39889196
39897865
39900440
39901219
39903436
39913944
39914092
39915613
39917392
39920580
39920746
39922442
39926817
39928115
39936284
39945058
39948807
39954578
39977534
39980357
39982978
39985494
39987380
39991315
40012564
40014184
40019041
40030786
40051345
40054896
40062468
40069256
40112907
40113860
40116348
40116682
40123024
40127640
40129112
40130864
40140907
40157588
40158497
40175142
40206545
40208421
40257798
40258177
40265280
40274442
40284290
40290384
40305986
40308897
40371787
40374681
40380493
40386787
40403223
40407940
40408114
40410625
40417300
40419878
40423632
40427824
40436337
40440138
40454185
40469573
40510090
40517773
40531072
40603660
40610816
40634652
40635399
40639872
40644741
40654916
40669505
40671272
40706070
40714532
40722624
40731658
40768521
40780308
40780834
40797952
40894931
40895210
40914971
40919685
40926464
40930402
40933008
40935814
40936009
40965187
40977224
40997026
40998980
41002032
41027723
41038404
41048076
41050200
41054242
41066769
41091117
41093201
41095816
41125440
41159492
41166600
41166988
41174545
41192457
41194502
41218064
41223314
41239620
41287829
41320738
41424072
41425008
41430052
41438784
41443398
41453857
41469188
41488914
41501344
41512968
41533457
41551492
41555232
41560577
41584712
41633794
41680997
41685516
41697336
41953077
41960883
41963863
41964520
41975568
41976551
41976638
41983053
41983526
41987252
41991872
41998209
42000852
42005003
42012274
42015129
42017127
42018220
42019036
42020227
42022545
42023138
42028182
42032544
42043439
42046005
42046634
42059334
42060225
42069088
42070305
42077455
42080407
42085027
42087187
42088756
42089996
42091623
42094136
42099526
42102956
42102993
42105097
42108529
42116202
42139771
42141214
42142485
42143396
42146752
42151236
42162273
42164912
42175792
42181784
42193033
42199170
42208566
42212562
42213880
42214557
42217376
42218377
42225480
42226467
42226745
42230349
42232370
42239429
42258634
42275177
42275494
42280052
42283412
42289227
42301476
42305035
42307698
42313747
42319973
42324520
42338188
42339729
42341194
42350145
42361640
42373147
42379404
42381602
42385586
42391056
42402412
42402451
42404194
42408966
42418484
42419282
42419969
42430474
42436769
42468314
42474773
42477268
42478469
42480842
42483950
42486497
42487307
42501451
42502739
42503337
42504032
42504556
42517589
42521138
42524970
42535622
42537770
42542857
42543157
42550023
42553404
42556482
42560288
42566791
42578128
42580993
42588424
42599740
42603188
42606990
42609120
42616877
42620065
42621698
42631695
42633270
42649752
42651909
42665410
42680906
42689542
42698274
42705188
42731623
42736936
42747120
42748242
42752162
42762525
42765829
42766520
42768968
42776096
42789904
42803618
42804754
42820673
42827977
42833216
42844560
42863216
42863816
42868826
42869648
42869795
42877380
42928276
42938464
42993851
43002413
43005112
43010980
43011354
43012323
43017606
43017952
43018318
43018389
43020946
43026028
43027094
43030980
43032997
43033627
43041129
43043353
43047956
43063819
43069553
43075203
43075340
43076200
43091156
43095305
43100440
43103746
43114503
43125187
43127713
43129881
43131481
43134721
43135019
43135308
43142722
43143956
43147318
43155814
43159960
43161093
43165904
43174156
43178528
43188621
43188775
43192518
43233440
43237953
43258073
43262748
43264291
43268432
43269252
43272585
43282693
43300873
43303462
43311378
43320264
43321776
43324444
43347200
43352362
43354636
43385020
43402114
43403364
43409475
43418308
43418377
43453505
43454723
43475460
43518364
43522658
43524468
43538956
43542040
43550608
43557314
43558465
43561604
43565706
43573424
43584336
43590754
43591826
43595844
43602949
43606289
43618578
43647218
43664932
43671656
43729186
43731584
43746376
43779409
43783940
43786379
43787340
43794485
43821824
43828356
43829251
43844649
43911429
43930113
43943976
44045436
44047585
44050376
44050865
44051558
44051740
44052842
44052871
44058866
44060037
44065837
44070934
44074586
44081326
44083816
44085529
44086307
44089499
44098340
44107620
44108202
44114518
44125729
44128515
44131201
44131347
44135684
44143250
44146883
44147056
44152968
44155405
44156194
44173780
44191759
44192100
44197386
44209984
44210274
44214534
44239427
44241178
44253340
44253481
44270280
44275717
44303051
44305165
44308136
44309828
44310587
44319148
44319850
44321350
44323028
44328336
44329312
44337464
44339271
44354720
44368326
44369059
44374624
44378648
44384593
44385034
44402224
44403778
44417046
44446738
44450401
44458005
44474946
44485376
44507174
44520480
44533000
44567348
44568747
44570182
44577353
44583512
44589762
44594272
44608144
44611872
44617862
44619841
44631310
44632205
44633264
44633409
44634195
44646880
44648486
44659216
44687428
44697312
44702730
44707992
44714115
44729618
44765953
44769291
44769924
44795984
44828826
44830242
44831025
44833412
44843539
44892280
44902660
44909704
44990816
45019136
45024324
45093770
45106018
45106761
45117744
45119680
45122091
45125686
45127811
45139217
45155041
45156114
45156468
45158700
45158864
45162112
45162525
45176856
45178922
45187256
45188133
45207648
45221030
45221217
45226152
45236426
45238789
45252691
45253148
45277504
45289545
45299968
45318944
45359553
45383906
45437058
45486628
45490442
45520000
45588481
45614020
45614888
45618324
45623303
45624704
45649994
45684769
45686984
45744529
45796352
45875494
45887648
45941314
46007344
46137789
46147915
46150098
46150950
46154843
46157097
46159988
46167188
46173136
46178611
46179399
46181897
46191268
46194914
46204013
46207587
46209704
46210244
46211243
46213825
46219822
46222146
46223537
46229892
46242084
46244408
46244614
46248010
46252299
46270233
46271180
46271714
46277488
46281604
46286784
46293641
46295122
46314544
46320134
46346536
46352409
46354949
46359824
46366930
46371600
46384161
46401877
46405141
46405788
46406049
46411344
46432492
46433562
46437513
46438915
46451777
46453794
46465118
46466754
46467636
46482968
46526592
46538272
46539940
46563621
46571968
46576136
46638082
46663207
46667376
46670513
46672664
46676049
46678865
46680396
46691841
46701712
46705220
46710904
46728100
46728401
46738504
46744738
46762012
46768225
46779904
46792907
46795027
46808320
46812292
46846984
46850051
46858342
46928658
46928963
46933268
46935169
46946313
46949386
46956707
46957204
47006304
47063557
47075616
47088657
47125632
47169540
47187440
47187514
47199245
47207177
47219596
47221538
47241282
47243796
47253857
47258882
47261472
47267925
47268752
47285777
47302816
47317023
47319160
47321189
47335459
47344648
47358497
47385106
47415348
47490688
47501324
47521937
47522114
47550529
47580678
47583370
47589396
47628417
47710535
47713362
47718566
47727713
47728386
47730856
47743021
47746312
47748164
47777834
47789072
47853697
47911456
47982688
47997312
48005424
48040964
48046600
48169040
48235726
48242200
48242901
48247520
48259619
48269398
48271473
48271948
48273674
48277264
48284353
48298496
48300214
48300571
48312641
48320582
48334048
48334921
48387137
48402817
48418836
48432135
48444928
48463914
48497570
48500782
48537776
48542784
48565265
48566472
48597376
48629392
48629810
48697604
48760162
48765760
48779786
48785666
48793224
48824707
48825876
48836642
48846976
48890450
48894148
48908384
48955696
48957960
49021392
49021481
49042448
49054756
49070344
49123840
49286659
49287459
49289492
49291378
49296514
49299726
49305092
49321000
49349720
49350850
49365129
49417088
49422628
49431080
49431570
49455240
49482784
49546628
49554465
49578501
49614896
49815817
49842308
49905984
50075650
50337103
50342851
50347224
50347812
50348734
50355366
50358925
50361882
50363714
50371349
50381948
50383714
50386217
50389302
50393824
50397437
50400105
50416398
50416711
50417376
50422435
50432598
50434854
50439394
50439756
50442600
50443401
50450864
50453124
50456721
50459728
50463659
50472169
50481274
50483088
50483516
50484309
50487762
50501715
50502852
50504995
50506148
50506328
50512102
50512666
50535049
50542851
50549125
50553256
50554433
50579484
50579491
50594621
50602453
50612883
50618574
50622731
50623376
50630088
50632749
50636421
50644553
50649473
50677137
50680417
50681994
50685446
50693954
50694322
50696267
50700569
50709672
50726106
50728276
50731404
50731794
50732549
50742896
50748704
50751112
50752033
50782227
50782252
50791687
50792549
50794946
50799154
50811412
50828040
50844674
50859117
50861025
50865735
50867478
50874699
50881944
50889592
50890940
50893197
50895154
50897437
50897860
50906772
50908040
50923097
50931937
50935821
50938213
50947146
50959430
50982948
50989796
50989852
50992552
50998466
51000865
51004970
51015730
51015817
51016964
51021512
51022377
51023121
51024336
51042832
51052953
51056782
51075232
51077904
51085335
51102304
51121030
51121315
51123788
51126827
51132498
51139621
51143460
51157316
51164177
51167448
51185964
51187769
51191988
51201800
51216864
51266627
51274056
51286275
51290416
51316368
51349570
51382225
51386763
51392797
51394666
51403364
51405127
51418708
51420305
51421420
51422104
51428098
51432498
51432965
51433622
51436616
51447959
51451276
51454666
51457314
51458579
51464408
51467289
51497284
51499267
51511796
51512909
51513517
51514312
51520060
51520626
51532456
51536580
51545952
51549060
51552405
51556449
51569824
51584033
51586376
51594020
51603461
51610691
51611760
51646885
51653393
51653645
51659097
51665158
51675749
51676686
51693792
51701264
51708981
51710520
51728580
51745440
51778826
51782025
51792920
51806251
51822992
51880194
51907126
51912890
51914964
51915560
51919875
51938612
51941932
51946761
51962440
51966224
51974354
51987014
51987500
51989025
52013696
52036764
52039800
52041797
52054404
52055136
52074632
52078084
52089857
52108032
52109353
52168482
52183434
52187164
52191377
52201493
52208832
52232532
52265481
52363397
52431086
52431674
52441197
52441654
52446180
52454008
52454578
52464978
52474274
52478193
52478350
52488292
52489856
52494686
52496679
52498196
52500072
52503055
52507032
52509828
52519746
52535356
52561678
52565035
52565652
52568869
52570694
52574346
52578827
52582145
52584478
52595719
52595816
52597441
52617289
52633683
52633804
52644161
52659872
52691382
52702234
52703600
52703875
52704517
52716625
52721184
52726466
52727859
52745360
52752450
52765089
52768810
52773420
52822620
52860948
52873352
52888202
52889904
52905032
52924512
52954453
52956784
52959255
52959912
52960545
52962445
52977156
52979973
52986910
52989121
52990546
53021632
53027474
53051715
53052044
53092529
53101264
53101702
53152010
53154864
53183497
53248298
53257736
53265025
53282180
53282307
53289033
53314640
53317637
53346914
53349121
53350546
53361664
53364772
53478762
53480632
53493878
53494933
53497026
53499945
53503500
53504546
53512473
53519429
53543083
53545636
53547314
53560582
53567537
53581120
53608665
53609298
53638208
53641548
53649602
53650456
53660224
53707269
53710858
53744713
53774081
53782816
53789732
53805127
53815440
53818112
53838024
53873698
53879940
53886989
54006283
54010126
54010753
54034537
54071372
54120960
54134019
54141280
54214792
54231312
54264048
54265993
54270528
54529309
54534390
54534942
54543320
54544820
54549042
54560985
54563022
54563863
54564520
54569354
54570502
54577198
54580417
54583431
54592122
54592970
54594928
54595203
54598729
54604372
54605862
54614305
54615184
54624684
54660690
54669666
54673998
54674225
54683928
54688384
54691713
54702091
54708485
54723635
54731650
54742274
54744608
54764549
54788462
54790287
54791780
54793620
54796379
54800616
54803976
54806978
54823203
54823692
54845761
54856273
54856726
54870172
54887046
54894704
54907140
54921276
54930435
54956688
55018768
55054678
55066938
55071273
55072908
55075861
55077010
55079682
55083813
55106816
55121157
55155208
55160850
55164941
55187721
55189605
55197928
55216898
55220260
55239040
55251137
55256200
55257168
55267352
55312919
55313320
55313522
55330865
55332938
55355524
55378187
55381184
55388704
55448896
55476361
55477254
55509764
55578985
55581197
55583787
55584404
55587248
55587921
55599698
55601225
55604360
55609905
55624608
55628298
55673234
55674402
55681217
55688192
55697432
55707042
55709742
55718657
55771222
55777412
55781386
55788161
55839394
55845824
55874608
55904517
55906435
55906888
55968067
55968396
56004613
56034313
56037664
56099975
56100942
56101569
56133968
56135747
56190464
56230800
56362252
56410628
56509568
56524896
56630342
56636682
56639549
56658372
56660505
56664784
56674112
56689353
56701122
56706570
56707156
56740384
56755365
56763208
56775104
56787376
56813570
56821858
56822808
56830212
56886149
56889090
56905862
56910120
56926482
56928328
56930340
56951012
56951576
57041040
57114627
57152069
57166608
57171979
57180276
57186434
57189442
57214226
57250080
57263232
57278758
57279564
57328136
57344148
57410705
57411936
57673097
57690119
57696480
57704538
57741857
57745744
57809154
57812482
57852036
57938018
57967144
58066000
58085888
58196019
58197528
58200228
58262624
58294278
58462480
58589194
58721229
58730866
58735665
58742448
58743303
58745995
58746940
58757571
58767760
58775720
58777690
58778161
58789919
58792261
58794724
58794840
58829346
58844544
58853187
58863200
58869937
58870054
58877460
58884157
58885270
58886537
58888746
58892869
58901123
58915840
58917345
58919978
58921584
58927177
58929189
58952336
58967560
58983471
58984932
58985368
58991945
58995524
59016017
59016624
59018265
59025669
59027478
59048170
59048726
59055632
59061408
59064371
59099649
59123858
59136576
59155104
59166852
59203713
59211790
59228480
59247057
59247395
59252289
59252857
59262006
59283467
59286864
59293795
59310741
59313236
59315842
59322672
59344168
59377029
59379206
59386904
59388225
59508038
59508388
59511834
59515585
59517460
59521160
59525253
59528576
59592710
59611168
59614212
59639305
59687968
59771189
59777235
59777889
59782529
59789370
59804993
59806281
59814026
59815972
59837313
59838794
59839128
59839526
59844776
59846148
59856448
59859465
59871365
59906400
59916563
59965752
60018704
60031657
60034160
60040707
60043560
60074050
60113930
60166228
60233736
60236816
60293349
60293913
60294730
60297606
60309519
60315728
60319008
60359699
60387456
60391586
60491812
60559395
60575232
60596248
60631041
60686866
60822806
60826265
60834581
60835714
60835917
60846241
60856865
60875782
60883888
60884043
60885049
60902024
60903970
60907728
60918028
60950066
60951084
60953794
60962896
60968200
60973444
60982564
61001986
61015376
61016086
61018257
61080424
61089058
61091008
61099011
61108236
61112469
61148196
61149705
61182224
61342936
61347940
61350312
61352010
61379744
61456432
61490193
61505606
61639936
61735188
61739080
61833344
61878850
61893648
61900420
61940098
61950240
61973008
62130204
62140433
62148928
62201952
62259616
62269952
62414913
62439808
62541856
62588416
62917285
62934545
62935746
62939405
62951602
62953218
62955676
62958880
62966344
62976068
62980564
62981304
62986322
62995200
62999564
63008771
63054993
63068170
63082584
63095874
63111721
63177456
63181063
63184949
63194258
63195936
63201924
63211041
63213920
63217706
63243397
63254552
63316044
63374432
63442306
63469600
63507489
63512620
63522112
63537744
63574664
63575074
63703618
63725648
63768848
63834272
63965780
63968036
63972632
63973638
64016417
64061544
64062724
64099856
64127242
64172096
64372784
64455168
64506113
64537616
64635456
64786560
65012122
65012326
65017993
65021445
65022482
65028419
65045635
65080896
65130504
65147395
65224864
65286528
65323536
65344514
65422340
65540152
65544516
65553952
65798284
66061364
66062664
66080912
66126348
66585218
66589697
66625568
66717712
66928640
67117887
67120604
67124148
67124375
67129046
67132385
67134589
67145022
67146229
67152842
67155289
67161923
67163814
67164263
67171861
67172906
67178043
67179127
67186594
67188069
67194165
67196131
67196754
67203896
67209052
67216628
67217031
67220523
67222116
67224497
67225883
67228856
67232045
67232460
67245305
67245869
67251427
67252939
67257318
67258605
67263239
67268972
67270465
67272927
67274676
67280412
67282490
67282533
67284688
67290346
67300129
67308206
67319868
67324753
67326196
67330327
67333442
67348563
67350726
67353605
67355761
67374330
67386137
67386569
67392059
67392630
67394860
67395153
67395931
67401926
67405292
67408283
67408598
67414693
67415563
67437525
67438286
67440019
67441126
67441845
67443128
67454328
67457628
67460768
67461745
67469438
67472150
67474701
67475905
67476518
67479778
67487269
67504501
67506511
67509728
67512986
67513524
67514241
67520178
67529320
67529747
67531914
67547166
67556680
67559844
67576611
67584936
67585177
67586571
67592837
67606553
67608128
67610920
67613320
67618054
67637094
67638762
67648039
67651060
67657097
67657520
67660978
67662246
67668441
67668574
67674865
67677255
67678317
67683383
67684716
67686112
67688979
67691316
67700381
67701079
67701708
67703579
67710161
67716908
67720069
67722436
67724938
67727445
67728992
67736266
67737765
67739822
67740486
67741080
67744131
67748410
67749314
67769447
67773261
67777330
67778666
67778837
67783498
67785321
67785786
67789475
67798140
67798469
67801516
67801944
67807388
67822024
67829248
67829943
67833001
67833366
67834225
67835840
67838696
67838865
67843368
67844688
67846347
67850766
67859585
67862813
67864970
67868169
67879203
67896637
67899077
67900951
67902060
67903740
67904451
67911312
67915030
67917506
67918149
67920681
67928623
67934882
67937427
67938144
67948898
67950606
67955024
67965086
67965665
67974218
67976452
67978375
67981776
67987523
67994922
67996872
68012448
68014121
68022786
68026998
68032164
68033802
68036665
68044970
68061394
68071459
68076184
68080385
68103298
68116832
68125233
68134145
68159406
68161265
68163871
68165174
68177378
68179672
68179812
68181049
68183350
68184963
68191079
68193447
68195855
68198635
68201266
68204622
68208233
68209336
68211030
68218256
68224441
68224470
68228805
68229972
68231804
68236430
68237969
68238434
68242524
68243336
68243751
68247978
68248647
68266181
68268872
68273198
68277633
68281880
68282420
68291525
68295834
68301282
68304417
68306071
68309198
68313276
68315346
68317734
68320328
68323272
68327841
68329881
68331640
68334213
68334768
68355674
68358601
68361297
68375065
68377184
68387373
68388966
68390164
68391004
68392288
68405393
68406786
68422315
68424057
68430257
68434656
68434694
68446477
68449444
68458145
68461356
68464754
68472340
68475776
68477013
68477574
68488522
68492577
68495446
68496409
68497028
68502211
68503694
68503792
68514068
68520800
68527650
68534680
68535492
68541448
68552545
68553926
68572188
68574242
68576068
68579587
68583598
68587972
68593795
68595785
68597796
68600594
68609120
68617255
68622853
68626992
68629572
68632881
68647040
68649857
68657488
68665928
68683087
68686300
68691174
68695619
68695944
68696364
68704488
68707086
68716244
68716344
68717109
68719584
68720018
68725636
68727322
68729865
68731023
68735156
68747582
68752038
68752492
68754439
68757153
68757954
68784453
68786700
68801616
68805920
68815251
68817468
68817618
68820292
68823904
68832020
68832396
68838484
68854058
68868226
68895906
68896065
68907776
68913225
68919938
68949176
68955248
68961681
68963339
68964976
68970644
68977546
68978979
68981830
69010852
69012120
69022217
69028610
69075483
69083444
69091556
69099657
69108293
69108777
69141778
69146690
69158404
69209945
69213075
69216099
69220038
69221714
69229808
69231787
69235153
69235975
69243118
69243609
69246057
69247567
69247676
69251478
69252261
69256349
69258657
69260172
69269796
69276892
69277604
69279959
69281102
69284025
69289370
69291844
69294349
69295126
69296694
69297809
69298284
69302658
69307288
69310769
69317410
69323278
69324883
69327489
69338782
69339199
69340136
69341562
69346422
69346744
69349917
69350305
69354803
69355926
69358420
69358764
69365004
69373378
69375712
69392460
69396491
69403989
69407626
69410051
69419813
69427786
69433361
69436179
69436809
69436998
69444696
69448001
69471174
69473838
69474248
69477106
69482885
69485420
69489475
69493652
69495331
69496877
69501725
69503546
69510562
69510737
69515432
69519941
69521720
69534125
69535499
69536339
69537584
69542972
69551553
69552185
69569669
69578048
69583014
69583188
69591592
69605475
69605660
69611748
69614598
69636619
69640298
69643297
69648737
69674372
69675145
69687616
69689624
69690402
69699696
69708292
69719056
69732019
69733037
69735352
69736261
69736932
69737074
69737550
69741800
69742654
69747037
69749457
69750998
69759499
69763555
69770004
69780231
69788248
69788868
69804828
69812582
69821453
69821776
69839109
69841926
69853450
69855376
69864583
69865016
69868297
69871366
69872065
69882243
69882901
69886035
69888164
69899553
69900369
69904008
69905426
69911728
69945428
69966338
69968176
69976896
69980296
69999777
70004825
70009397
70023264
70026354
70027137
70028568
70041832
70045841
70049814
70059624
70062131
70062412
70079524
70083140
70086913
70095384
70125772
70139919
70141252
70142225
70156934
70160658
70193568
70197778
70256101
70256407
70257014
70266816
70276202
70279481
70290028
70292540
70295120
70298920
70304283
70304963
70305136
70306076
70310917
70316612
70321122
70324811
70336729
70338723
70341040
70348033
70361697
70389346
70394985
70400530
70403636
70403849
70415648
70420658
70421529
70438961
70454028
70456514
70459438
70460056
70500359
70500576
70516847
70517942
70521498
70522965
70523178
70525085
70525769
70530580
70536580
70544008
70546497
70599181
70602822
70606867
70616337
70617730
70650532
70655744
70656519
70665298
70680785
70707456
70714664
70716560
70750752
70779591
70779738
70784294
70797335
70799713
70810752
70822403
70828944
70833672
70845523
70851360
70863920
70865428
70866954
70877241
70878725
70879568
70911904
70915184
70922640
70927048
70934789
70950982
70967840
70975589
71045346
71045905
71050762
71051588
71075914
71077408
71110789
71148288
71181329
71182370
71194628
71237770
71304431
71311074
71317201
71318586
71329847
71331608
71333161
71334218
71335460
71337559
71338980
71341850
71345896
71351564
71352566
71354969
71357392
71361713
71361926
71364780
71369465
71371165
71371610
71374396
71381102
71383235
71385871
71388865
71389587
71396500
71412833
71418313
71420039
71421728
71431236
71438526
71441605
71443059
71445612
71452528
71458066
71461204
71461521
71468393
71470230
71472964
71475546
71477637
71480339
71481696
71483451
71487765
71492234
71500150
71501011
71507336
71510541
71512213
71516253
71518776
71519108
71523361
71525792
71542960
71543554
71550232
71571998
71573380
71574350
71577026
71578780
71583117
71583947
71586453
71588642
71601708
71602269
71603378
71607621
71611910
71618785
71625096
71626763
71632547
71633078
71638092
71640178
71645729
71647468
71648052
71650330
71660416
71666321
71669072
71678084
71688400
71697291
71698860
71701594
71710882
71719012
71722040
71730821
71731506
71737460
71737513
71742656
71759888
71762401
71766801
71768326
71772234
71779138
71790080
71790657
71796805
71798882
71815684
71832308
71832981
71835147
71847983
71852754
71853575
71854284
71861902
71865129
71866488
71867713
71870769
71873826
71876947
71894865
71904836
71910296
71915816
71917737
71919878
71926690
71934475
71938832
71943429
71944770
71946268
71960466
71961304
71967773
71971209
71971398
71977377
71980108
71993898
72012042
72028707
72042642
72069192
72098986
72100373
72102151
72102600
72107109
72107936
72112304
72121346
72123467
72148496
72225218
72225293
72226835
72229552
72238602
72271944
72287428
72288592
72310804
72318990
72362601
72365172
72366532
72370286
72376816
72382492
72386001
72389510
72389731
72389836
72420580
72427408
72447234
72454706
72458916
72474897
72483690
72485049
72488833
72503416
72505355
72509730
72515813
72517282
72526858
72534533
72548762
72551474
72556748
72556867
72561688
72590465
72597586
72603904
72620865
72621187
72622804
72623010
72623329
72625682
72626458
72630726
72631906
72636498
72648731
72649036
72664712
72680664
72681571
72684132
72684566
72689956
72704328
72722952
72745202
72746254
72751304
72754724
72757297
72764736
72766112
72780354
72790784
72802316
72811142
72812809
72847504
72878293
72881713
72885011
72893003
72910180
72911506
72926233
72946002
72950029
72958065
72972352
73008308
73013345
73016355
73018560
73027104
73044006
73056424
73060928
73082897
73089316
73138343
73140704
73145380
73148430
73149697
73154858
73157188
73158796
73179681
73238576
73249792
73271937
73272344
73310226
73343360
73402281
73405297
73412208
73413709
73417148
73419113
73419418
73422276
73434421
73443358
73448592
73450604
73470279
73471146
73472960
73474470
73478488
73478675
73482964
73486389
73491265
73492562
73499090
73499663
73500336
73500841
73503336
73503937
73518097
73534865
73539941
73543298
73545868
73561168
73562880
73568468
73572547
73573132
73584136
73588774
73613961
73614866
73631010
73647236
73662937
73663205
73665565
73666979
73676448
73687111
73690184
73736469
73746832
73766915
73769033
73794792
73796145
73798436
73803984
73804035
73860673
73877516
73896200
73928098
73931398
73945289
73946768
73949475
73950260
73957690
73965653
73970212
73975361
73986114
73990577
73992777
73999906
74004528
74006555
74018948
74023446
74024712
74056469
74059941
74063992
74064022
74069505
74074627
74121922
74141968
74156056
74188358
74189093
74192176
74198148
74211596
74223754
74254602
74271264
74328584
74357760
74359104
74391585
74449501
74459283
74467469
74470149
74483825
74485783
74495296
74514554
74517265
74520724
74531094
74541572
74548308
74557474
74587296
74589458
74590536
74591237
74596689
74596934
74605704
74616969
74650192
74658052
74725385
74727540
74728728
74730529
74744334
74746241
74748068
74752304
74753027
74781442
74785409
74797096
74827840
74860674
74867216
74876948
74976780
74986536
74994210
74999552
75008262
75022664
75028496
75044097
75047264
75049096
75088898
75104809
75106608
75120668
75170888
75236489
75260064
75284485
75302416
75366467
75510189
75516583
75516888
75522255
75529604
75533525
75535019
75535988
75537994
75540238
75542776
75543747
75544901
75549461
75555942
75558088
75566183
75568459
75569543
75570348
75572403
75578672
75584418
75585656
75586117
75586705
75588139
75588892
75596319
75597221
75599808
75604278
75605352
75609760
75615753
75616588
75633372
75635153
75637934
75640390
75640949
75642312
75647371
75649841
75650318
75655056
75655197
75663722
75664025
75667684
75679251
75684904
75697042
75699809
75702768
75703493
75709185
75714968
75727175
75727672
75728522
75732176
75738146
75743404
75749394
75751809
75751942
75760062
75760491
75771178
75771441
75773036
75775808
75780836
75782419
75786689
75793467
75794733
75802714
75810497
75815049
75817762
75822600
75834125
75837978
75867276
75870292
75876433
75879490
75899617
75909714
75926030
75928583
75931923
75940393
75942168
75958295
75962506
75972686
75983108
75990089
76027085
76028131
76028570
76032572
76033609
76035024
76035252
76035626
76039758
76045350
76047585
76050489
76055770
76059430
76063656
76074115
76075457
76080393
76083207
76085408
76089060
76090772
76105779
76106408
76116242
76121859
76136564
76136601
76153683
76154289
76156959
76163416
76164768
76169464
76171042
76171876
76174984
76177946
76181700
76186338
76189448
76190996
76193867
76202386
76202629
76232710
76235529
76238885
76255274
76277768
76288122
76289816
76290197
76292886
76298251
76300375
76304808
76319046
76321347
76321420
76323920
76325061
76333361
76341386
76353034
76354722
76360576
76383056
76385313
76416156
76417571
76436576
76456204
76457474
76485378
76498304
76521616
76546301
76551827
76552902
76560554
76563369
76566060
76571159
76571801
76576868
76581643
76582232
76583003
76584769
76587577
76590688
76595514
76597122
76597325
76600544
76613488
76616588
76618208
76620181
76632401
76633606
76637120
76650648
76661781
76663073
76673156
76678821
76680308
76680393
76687653
76691204
76697989
76710454
76711212
76718914
76734740
76754184
76755048
76810180
76812431
76821027
76821777
76826984
76829258
76844200
76845340
76845474
76847634
76857491
76888076
76891426
76907078
76908932
76931081
76939896
76942595
76947606
76949585
76965377
76965898
76994624
77004969
77011216
77049858
77075045
77077320
77079154
77091083
77103214
77103383
77109889
77122082
77163009
77176867
77183232
77201866
77203514
77236816
77267982
77275460
77301920
77334054
77335053
77335344
77335698
77345156
77349697
77356288
77366801
77374024
77400257
77416484
77430810
77467724
77478400
77497536
77595743
77600057
77609052
77612520
77613643
77616229
77616690
77617478
77620374
77623522
77624136
77630739
77634061
77645592
77652291
77652400
77661891
77662665
77665045
77666331
77666992
77671248
77671445
77673857
77679012
77680686
77686530
77693169
77693227
77695586
77728341
77730228
77730955
77733508
77741152
77743313
77748385
77759440
77759692
77768756
77788288
77791356
77808066
77809192
77812227
77826179
77833729
77844768
77858150
77860576
77865784
77869079
77873817
77874453
77884452
77894804
77899921
77904130
77910051
77922986
77924564
77928004
77932833
77939888
77942024
77961288
77972225
77995025
78004522
78008454
78020762
78021936
78053777
78054240
78121426
78136202
78141580
78143040
78144273
78146570
78152521
78153260
78153912
78154436
78155829
78171156
78172186
78187608
78192746
78193289
78201426
78202145
78219793
78224512
78254785
78301250
78319762
78381339
78383150
78384195
78413916
78422057
78432776
78446900
78447111
78467712
78479752
78512714
78587968
78614529
78651678
78652108
78657585
78662033
78677641
78687362
78688648
78692804
78692901
78708791
78710300
78711337
78726155
78738448
78742790
78779176
78811205
78811778
78842560
78844964
78905840
78906762
78925314
78926116
78946565
78955592
78975241
79003692
79049024
79054896
79071745
79118401
79169675
79170724
79172110
79176963
79181890
79184050
79194400
79201858
79208980
79216721
79237288
79249688
79257606
79275016
79306976
79310857
79333388
79439896
79499344
79560993
79692758
79697377
79703205
79704932
79706706
79710025
79717651
79726434
79727002
79729709
79737233
79741347
79743036
79746440
79752706
79759724
79761650
79763144
79765692
79774777
79777154
79784009
79807250
79818786
79824427
79834264
79840902
79842378
79848012
79859914
79868166
79884801
79890188
79892932
79893014
79898192
79900683
79905504
79922276
79927816
79955719
79956664
79962771
79963225
79964040
79972622
79979045
79993412
80002049
80006288
80019763
80020526
80036948
80038049
80052419
80056488
80060682
80085173
80087132
80088848
80089193
80094497
80099592
80114692
80118353
80128640
80134340
80217516
80218203
80222993
80227106
80234260
80237378
80247304
80249969
80251399
80257202
80258124
80258689
80265928
80266282
80271620
80286090
80287828
80290632
80292882
80299075
80316801
80318816
80348246
80349325
80350560
80356618
80363783
80380444
80385184
80404560
80454176
80483652
80485512
80496738
80498177
80532000
80552070
80578052
80629889
80634624
80675464
80744781
80748037
80748843
80751372
80757045
80758448
80771329
80773608
80781893
80786960
80797770
80806483
80821376
80831584
80873862
80882179
80883876
80884801
80890897
80900114
80921352
80941345
80955528
80980032
81008416
81013828
81019420
81023376
81036340
81039881
81061120
81088515
81094672
81133924
81200194
81207301
81248288
81268608
81273482
81283346
81286274
81303562
81316928
81330950
81332832
81348104
81363084
81364240
81395993
81396420
81422340
81461379
81535312
81666088
81692928
81790196
81792778
81793708
81806118
81817876
81823620
81826886
81829408
81834506
81842309
81848353
81855054
81875480
81879336
81903754
81904960
81924179
81928837
81930656
81932848
81936429
81960985
81986721
82004225
82055874
82057568
82059716
82064129
82067794
82071628
82086022
82158096
82187648
82199555
82206816
82248728
82314208
82318371
82321816
82323556
82326720
82349065
82350672
82378949
82444458
82450504
82477826
82518028
82577938
82666496
82838179
82847238
82856024
82862466
82862601
82871322
82884612
82909249
82938120
82989248
83005712
83010592
83067396
83099705
83109008
83110432
83230860
83366033
83495938
83625056
83657344
83889852
83892843
83895515
83899340
83906149
83907482
83914985
83918097
83924062
83925646
83931450
83931941
83932770
83935971
83936597
83936651
83941794
83950224
83953479
83954149
83957038
83966278
83983372
83985613
83986344
83991776
83994663
83994968
84001430
84006465
84011176
84018743
84019674
84026730
84028179
84032523
84035041
84042584
84042956
84047520
84047941
84053794
84054063
84054613
84064648
84066485
84088240
84089540
84100692
84115698
84118113
84125058
84141092
84151218
84153223
84161953
84162606
84173792
84184849
84187252
84189245
84191684
84197842
84200504
84206666
84216713
84219994
84222991
84223664
84229634
84236676
84240658
84242532
84247129
84247905
84265664
84267281
84289650
84291725
84292418
84300054
84302089
84314187
84319250
84332675
84352129
84354129
84357266
84363812
84377882
84378436
84379788
84412603
84421901
84427634
84428678
84429095
84430040
84431281
84436291
84441140
84443884
84448624
84448899
84450884
84454945
84456616
84460313
84463114
84467755
84473928
84480868
84489733
84490912
84496129
84497684
84498529
84501011
84509633
84510290
84514838
84525127
84530210
84542095
84544558
84545169
84546772
84567344
84568712
84574518
84584610
84586578
84596096
84599554
84615461
84617292
84625688
84627778
84628016
84646145
84672974
84682072
84689438
84698156
84705720
84705941
84708132
84713574
84716050
84719621
84744482
84761096
84763016
84788368
84807264
84812043
84812484
84826304
84836689
84837514
84869336
84879873
84935390
84937529
84941477
84941901
84945510
84955253
84962465
84970698
84972964
84973905
84975798
84978189
84996364
85003142
85005859
85007634
85012848
85014569
85017441
85017714
85026890
85034011
85034596
85036673
85071464
85074013
85075593
85081220
85085088
85088780
85100574
85103809
85107044
85107235
85116226
85135418
85137700
85149955
85151905
85158928
85200228
85201132
85201437
85206604
85213876
85218608
85222546
85227840
85230748
85234214
85236296
85240838
85263146
85268048
85275912
85281297
85299337
85305601
85332369
85334658
85342232
85361376
85364096
85378065
85393524
85410240
85460275
85461587
85463830
85466274
85469319
85470740
85475781
85476776
85481542
85484069
85488258
85496853
85525069
85533738
85541266
85543049
85558406
85563136
85569680
85574304
85591818
85592304
85611556
85629472
85632072
85633296
85639265
85667905
85671957
85723465
85728769
85764136
85789708
85795334
85839876
85856608
85861536
85869122
85999233
86003791
86008052
86015010
86017272
86021521
86027340
86033702
86039688
86041697
86044697
86049656
86051885
86052498
86058259
86066051
86067398
86070405
86078144
86084675
86085812
86086088
86100320
86106500
86117744
86130809
86139298
86142528
86149714
86151494
86164136
86172165
86181030
86181401
86182072
86182407
86192212
86193288
86223040
86246517
86250161
86251659
86253662
86257192
86264116
86264586
86264977
86274566
86291504
86311526
86328968
86343827
86347790
86378178
86378913
86393363
86417944
86446341
86493185
86511955
86512220
86518341
86518576
86520932
86528676
86529065
86556732
86574219
86574644
86575253
86575658
86581361
86642920
86667276
86671437
86674692
86676504
86704158
86704801
86803463
86804529
86901036
86902160
86920194
86954016
87032051
87036329
87037268
87041196
87042106
87065929
87073553
87075488
87083216
87100832
87105028
87106372
87118600
87146572
87172304
87177473
87180357
87212417
87215136
87257090
87296773
87302531
87305488
87311584
87312451
87335490
87343242
87371936
87394328
87430177
87434016
87562433
87580776
87614480
87621895
87631908
87658562
87719955
87785992
87819200
87822888
87834649
87838978
87851284
87951888
88082557
88089287
88093974
88098595
88099606
88104020
88105082
88107682
88120001
88120112
88121902
88122258
88125603
88130378
88140035
88146347
88154577
88157450
88160840
88163351
88163660
88166880
88166954
88174853
88183366
88211917
88213220
88216913
88218280
88222769
88223984
88229768
88229971
88269360
88273928
88281189
88282882
88291600
88301720
88309820
88311368
88326913
88328202
88345127
88351537
88357984
88361304
88364354
88369285
88391977
88392868
88410048
88414229
88449440
88461384
88465414
88482182
88482377
88512032
88540452
88551464
88556674
88614368
88615250
88617102
88617793
88624064
88633624
88638003
88638292
88645848
88654220
88665216
88674962
88727872
88739075
88739915
88740740
88745512
88779328
88785090
88809522
88834448
88870530
88871109
88871690
88883793
88932630
88933028
89008416
89023489
89129303
89149060
89150490
89155089
89163050
89163948
89174120
89196046
89204001
89215110
89219156
89227984
89231636
89268394
89272064
89277716
89284615
89293936
89327704
89347136
89366792
89410088
89434192
89446401
89457036
89468994
89489925
89559050
89589920
89653986
89686403
89695746
89702704
89721608
89737250
89752641
89784428
89786886
89796628
89805057
89920584
89924120
89981073
90180833
90183731
90184012
90186901
90197006
90202652
90212885
90217730
90220041
90247693
90248274
90251914
90309426
90313735
90314024
90316304
90323010
90333449
90354304
90361874
90374474
90377284
90443836
90448934
90465664
90472652
90473219
90521890
90571412
90572826
90603682
90620164
90678272
90710061
90719016
90719505
90722416
90738949
90775622
90834018
90850820
90859536
90866817
90907392
90965537
90966100
90972179
91111560
91228034
91232778
91234505
91248928
91255812
91259684
91285512
91309200
91357237
91357664
91491904
91492560
91627588
91685136
91750584
91751446
91759236
91840513
91885698
92084224
92276509
92276682
92278182
92279358
92287190
92291479
92294171
92298020
92300904
92301411
92304131
92307833
92311709
92316130
92328042
92329106
92330033
92332241
92332868
92355649
92358305
92360843
92379402
92390704
92398595
92406700
92416232
92426822
92431442
92439960
92441613
92447905
92451908
92459344
92463400
92465284
92475667
92481562
92488036
92541031
92544400
92545433
92547149
92555436
92557401
92561462
92570226
92573316
92578311
92580144
92615297
92628288
92652042
92673793
92684720
92700780
92735809
92737564
92743176
92770688
92800611
92801142
92802896
92804359
92805024
92806248
92808277
92815469
92819989
92824240
92834690
92839966
92844553
92847106
92850753
92853260
92866857
92867778
92868686
92868817
92881446
92882186
92932548
92942884
92949537
93061689
93063452
93063880
93067782
93080644
93087761
93110600
93139984
93192358
93193235
93196880
93241364
93259824
93324459
93329699
93330032
93332276
93336626
93344200
93350168
93355520
93369024
93373068
93390273
93390933
93440130
93454706
93457938
93466890
93475843
93491736
93552714
93586195
93592642
93593706
93610273
93636128
93646864
93651288
93653003
93662240
93672576
93687904
93719108
93735041
93751330
93757576
93798418
93815812
93859928
93880784
93882393
93883680
93890628
93914288
93982769
93987712
93997128
94093568
94142501
94150914
94377680
94383280
94389767
94392504
94404811
94406306
94416934
94423305
94445733
94449932
94453789
94460176
94478920
94491140
94507361
94511260
94513697
94516496
94524488
94535957
94570786
94617744
94635593
94638410
94648848
94650964
94654849
94658571
94668044
94685202
94702092
94704928
94734496
94766213
94769202
94769800
94806081
94896525
94896966
94905874
94918659
94922944
94933288
94934081
94938496
94945441
94990368
94994706
95035399
95064196
95126560
95159464
95295744
95431426
95438098
95454257
95490244
95494226
95510664
95519616
95553344
95576081
95620097
95683206
95687704
95717696
95748656
95822850
95950868
96076322
96093312
96215553
96471491
96477532
96480960
96486556
96486626
96502452
96502665
96511114
96536114
96537504
96537737
96543257
96553475
96560644
96602722
96606469
96616730
96665742
96684052
96690209
96699409
96736305
96736390
96741898
96755912
96765464
96776204
96803008
96848128
96895298
96993642
96997545
97011850
97028320
97036552
97050660
97067267
97082368
97125576
97138816
97159186
97190405
97263713
97304579
97337368
97520696
97528160
97550534
97569296
97571074
97587244
97599753
97628161
97657868
97681449
97720322
97781908
97854208
98055424
98059269
98079236
98181186
98304050
98369604
98436608
98576160
98576657
98581512
98589312
98608208
98631912
98697816
98722306
98732168
98861456
98893905
98962464
99090955
99157632
99172612
99354753
99618052
99746051
99880965
100139792
100666795
100669820
100673520
100675815
100686037
100688746
100689317
100695561
100701006
100705107
100708101
100709430
100714436
100738606
100739258
100740294
100745671
100747929
100748067
100758278
100758856
100762685
100767632
100774044
100778890
100781218
100784172
100797139
100799381
100805174
100808338
100817800
100826160
100830259
100830540
100832097
100832568
100839594
100842562
100849162
100851982
100852884
100856592
100862385
100862820
100865047
100865704
100874628
100876634
100881700
100886721
100892905
100895365
100913600
100917769
100927583
100929190
100930474
100931147
100940835
100943592
100944773
100945328
100953412
100955281
100963470
100967729
100968130
100987425
100995952
100997702
100999385
101007645
101009864
101011873
101048579
101065805
101067532
101069264
101092489
101103873
101109844
101125890
101126341
101130566
101141524
101155370
101155536
101189075
101191869
101199386
101206599
101208666
101209414
101218456
101221965
101224535
101235844
101241512
101242129
101247618
101254262
101254986
101262599
101265996
101270242
101275139
101304596
101319098
101319463
101320585
101326370
101332192
101337115
101337776
101343334
101344132
101344785
101363737
101392594
101418756
101427520
101434386
101441696
101450673
101452244
101456909
101459340
101460617
101462372
101469024
101470347
101483745
101484306
101532748
101542944
101556741
101558296
101589141
101591618
101594632
101598504
101616148
101622820
101632258
101646396
101648608
101663297
101666850
101721629
101727553
101729692
101736627
101743622
101745850
101746845
101751908
101753165
101757219
101765660
101765730
101767433
101770322
101779884
101784752
101788425
101795018
101796374
101796997
101803049
101808416
101843692
101846539
101849141
101849418
101851930
101860163
101863826
101868992
101869841
101876821
101894496
101914755
101917600
101926672
101929604
101941515
101949490
101980812
101983499
101990573
101992198
101997760
102009282
102011653
102023243
102048402
102056292
102057041
102073448
102107241
102107414
102109267
102109484
102114456
102116640
102146577
102223873
102239513
102242128
102242693
102248463
102249136
102253688
102258738
102272022
102289152
102304865
102305881
102316546
102334896
102335043
102368610
102375537
102377610
102416902
102473740
102498894
102508563
102509092
102511746
102512712
102516257
102531416
102535210
102573376
102588426
102596870
102613520
102630050
102635664
102730752
102764847
102768177
102771727
102777550
102779730
102781463
102785805
102787808
102790172
102794162
102796968
102809722
102812742
102826484
102833221
102836547
102836876
102837540
102840528
102842985
102843431
102848610
102855840
102859097
102859564
102859926
102863444
102863946
102872081
102900436
102902865
102905156
102909003
102914625
102918680
102920325
102925358
102937094
102942496
102953056
102958017
102959306
102973587
102983686
103008520
103022963
103028790
103029065
103033240
103044448
103056848
103056931
103061700
103088670
103093510
103097482
103106114
103115520
103121545
103123234
103155221
103174696
103178882
103186856
103191617
103223448
103232001
103288708
103290506
103294258
103294657
103306176
103323970
103326097
103326306
103350351
103351000
103351720
103367472
103374080
103400544
103424330
103448916
103449114
103499392
103550052
103555235
103555920
103585284
103599105
103617728
103629186
103744264
103814353
103814732
103817464
103817867
103820436
103833940
103835685
103891004
103909395
103911437
103941261
103942236
103942435
103944294
103944473
104025152
104074881
104079780
104096816
104100104
104104500
104106760
104126466
104136881
104143376
104146984
104194052
104202298
104202565
104334389
104350308
104352265
104358028
104367115
104368197
104370328
104376368
104407569
104465554
104499840
104534336
104597638
104613968
104644896
104663297
104728128
104861325
104862317
104862934
104870229
104871051
104872113
104881413
104882333
104893680
104896527
104897172
104898681
104898996
104907100
104910090
104917516
104920704
104924446
104928369
104929698
104934164
104949296
104958264
104963090
104964182
104968416
104993618
104998983
105002021
105003530
105005765
105007246
105010338
105022054
105031880
105033248
105041993
105056299
105056468
105057809
105060673
105082892
105095457
105120953
105123169
105130212
105135376
105141060
105148528
105161481
105165122
105165864
105186375
105186964
105189434
105195905
105204354
105218500
105224960
105236489
105259054
105263636
105271811
105274376
105275653
105283740
105300864
105324563
105382555
105401417
105404752
105408554
105414890
105435236
105450022
105451828
105456804
105485448
105497220
105508865
105515122
105530520
105537810
105546544
105555074
105578952
105587224
105611345
105645350
105651776
105661459
105663000
105711756
105722000
105750562
105779368
105801856
105812228
105842208
105906575
105909556
105917080
105917602
105940739
105943633
105946632
105957764
105959555
105973321
105974433
105992584
106021154
106038992
106044164
106051664
106062432
106079492
106103061
106119344
106139688
106171784
106182145
106186897
106202692
106211333
106251009
106256388
106304644
106324994
106431905
106433346
106442850
106447886
106458128
106459652
106469568
106471816
106496596
106497666
106517536
106580232
106692637
106693508
106726544
106856968
106956152
106960147
106963509
106963546
106969350
106972049
106972245
106978818
106980674
106983570
106992289
107001921
107030553
107058212
107086065
107102986
107106593
107119698
107124784
107153682
107160840
107162176
107168068
107208720
107219554
107221388
107223557
107243540
107252996
107258500
107266242
107285664
107288072
107294788
107298949
107357313
107364377
107479494
107522816
107530376
107547714
107614816
107630598
107643145
107677825
107741364
107745362
107750424
107766273
108016001
108020900
108022320
108037056
108044388
108052521
108061186
108070660
108102168
108134931
108139530
108208258
108302408
108331019
108462176
108527916
108529690
108676097
108703744
108798210
109054585
109054946
109058838
109060222
109061530
109069083
109071588
109073543
109074475
109078083
109081172
109086505
109089969
109093015
109099784
109102110
109105460
109109417
109118125
109119366
109125945
109128199
109135241
109135568
109142182
109144330
109150414
109151315
109155852
109156688
109198465
109201733
109207843
109225281
109235840
109248814
109261346
109267468
109267971
109297762
109314615
109319588
109333642
109338116
109338834
109357633
109363980
109382440
109382917
109385777
109390992
109392905
109400204
109401360
109412532
109450282
109453835
109459524
109462164
109481056
109482625
109486136
109552384
109577912
109581187
109583808
109594936
109595014
109614178
109619213
109619474
109626784
109642076
109642593
109645090
109654177
109676648
109683760
109708393
109709390
109712196
109713697
109726800
109727811
109752704
109826560
109842630
109849606
109851153
109855274
109864576
109871716
109937282
109986821
109989912
110037001
110107916
110111176
110118995
110125356
110134100
110135521
110142114
110146632
110149848
110150691
110158593
110166435
110168390
110174283
110175254
110187041
110201392
110219274
110241328
110247993
110260744
110268528
110275076
110298336
110321744
110334212
110363960
110367813
110371461
110374408
110389408
110397713
110403598
110403936
110428697
110440640
110462081
110564864
110575880
110628420
110630409
110640160
110653760
110693512
110723848
110756260
110788745
110887144
110904386
110925828
110956832
111151303
111152281
111153310
111155912
111163556
111165621
111173721
111181933
111184769
111186400
111186488
111191620
111194194
111203337
111204496
111215674
111219522
111223905
111229954
111235265
111241264
111264416
111286658
111288498
111288713
111296598
111299106
111324168
111416208
111436038
111446027
111452360
111465024
111521824
111560776
111579148
111673885
111674022
111681829
111694114
111743364
111744544
111788035
111805955
111853608
111894784
111937952
111949056
112005130
112066641
112198354
112198449
112200778
112219520
112226307
112232740
112271908
112273537
112279813
112332048
112354308
112394762
112460819
112533776
112658436
112722019
112759041
112869904
113000577
113247836
113248551
113258700
113262778
113268264
113271712
113278016
113279563
113280166
113293442
113296901
113313939
113321408
113328496
113363012
113370120
113381529
113400336
113410728
113414179
113417220
113436928
113463554
113483908
113509006
113514570
113518114
113533208
113534979
113545424
113561857
113582184
113607968
113610758
113688586
113705122
113739792
113776260
113776684
113807640
113856584
113861122
113904258
113909812
113918497
113935936
113976321
114035760
114098213
114176002
114295957
114300482
114313738
114337832
114362381
114397824
114434448
114443552
114458700
114492224
114559680
114574345
114592770
114694145
114860049
115081731
115352744
115409800
115413033
115414160
115441685
115443202
115476004
115476748
115607360
115613709
115626144
115819008
115886097
115900430
115941456
116031632
116130946
116164672
116404248
116425793
116654150
116672768
116916808
117442412
117445368
117448451
117451892
117452680
117455328
117455388
117474411
117482185
117490152
117490191
117497376
117507026
117523636
117525800
117526614
117527938
117529408
117539221
117541003
117551173
117569538
117577906
117580514
117580935
117581977
117584169
117589273
117592866
117609733
117624984
117639437
117642338
117645432
117654216
117654542
117687425
117704885
117705998
117716038
117720261
117725260
117727416
117727765
117740480
117746848
117747800
117753990
117771809
117776963
117779528
117818144
117835680
117838436
117845520
117891264
117928192
117940244
117965087
117965429
117971650
117977490
117978185
117983788
117989468
117998745
117999142
118002954
118014130
118018820
118037540
118040849
118055202
118057092
118071848
118098280
118100499
118102278
118104236
118129057
118137488
118147140
118162501
118171138
118230097
118233648
118244099
118263972
118280257
118285568
118293808
118294535
118301825
118361220
118472712
118493767
118505771
118507170
118509136
118510353
118516484
118524612
118546818
118554854
118559284
118560782
118562957
118568576
118575208
118593920
118606344
118621361
118630977
118640964
118646824
118653578
118688290
118723136
118751387
118752594
118758420
118764042
118765697
118770945
118786563
118819970
118821185
118851620
118853650
118915142
118928384
118965280
119015173
119023200
119035024
119048460
119079450
119091460
119115809
119160963
119277192
119277666
119283781
119304224
119410697
119539286
119542213
119546214
119546937
119550545
119562435
119573254
119578778
119580805
119583936
119587859
119597328
119605026
119609505
119628868
119636529
119670216
119670369
119673418
119675916
119680258
119685383
119687812
119704720
119739152
119754761
119759392
119800041
119802393
119812244
119820314
119832869
119867716
119881840
119905280
119939345
119948096
119966240
119997458
120078740
120081568
120097352
120132102
120144200
120193922
120195139
120201737
120202260
120325385
120326418
120329250
120340550
120342032
120586797
120589152
120591494
120594455
120611472
120628258
120639648
120653080
120653897
120669697
120729648
120735762
120889353
120981696
121110730
121114114
121131013
121242664
121577472
121635750
121637701
121644705
121653641
121655461
121655566
121659844
121677128
121677874
121696544
121703812
121717348
121725704
121735490
121737481
121754128
121767238
121775130
121779584
121782930
121793540
121794577
121798931
121801793
121803276
121817248
121856066
121868418
121898371
121902610
121903396
121906384
121907241
121924160
121936008
122030480
122069506
122097744
122160188
122162976
122163491
122169859
122173508
122177090
122193092
122198033
122209313
122241232
122374656
122430980
122454042
122684648
122687580
122687938
122697992
122716694
122717197
122728580
122748985
122767632
122865152
122888228
122954004
123060352
123077153
123093064
123209765
123281480
123345920
123404546
123473926
123734226
123746848
123760712
123764807
123768874
123769168
123787268
123797857
123805872
123871267
123880496
123995210
124256345
124305666
124335104
124395712
124523136
124649477
124783633
124846658
124915777
125011968
125044000
125307264
125338113
125834789
125865236
125868102
125870347
125871148
125879184
125896944
125897290
125899176
125913125
125932035
125944070
125963056
125964365
125968662
125977169
125977768
125988994
126030980
126044544
126059044
126070792
126091484
126092945
126093370
126108002
126141520
126150664
126165284
126223412
126240258
126242849
126362786
126370441
126372370
126374496
126386501
126390472
126391824
126421764
126427288
126439681
126459970
126486549
126550051
126556224
126615627
126626112
126682688
126697632
126713873
126747016
126878809
126879852
126880146
126880775
126887236
126919824
126928136
126944808
126957584
126959761
126976028
127000608
127057925
127082753
127140109
127144112
127146752
127148624
127223872
127404704
127533580
127680784
127926588
127927713
127935018
127961169
127992389
127995992
128025736
128057572
128067200
128090888
128225410
128254211
128385064
128450707
128461825
128475652
128485410
128720944
128979585
128980064
129013768
129024066
129114184
129239073
129253896
129400848
129762308
130023539
130030752
130032450
130036368
130072601
130073122
130090753
130121889
130126912
130130192
130158088
130171652
130195552
130290952
130306068
130355744
130418694
130450560
130548144
130556037
130614278
130703368
130843392
131076107
131342466
131860488
132139048
132178048
132202514
132263940
132777216
133239040
134220031
134229752
134232940
134233643
134240573
134244305
134247338
134254471
134255837
134256437
134265619
134267866
134270300
134274497
134276299
134296374
134299397
134300503
134300855
134305082
134311690
134313052
134313377
134317391
134324601
134326950
134330192
134330936
134331073
134337202
134340102
134343060
134346787
134350713
134356325
134360006
134361214
134370970
134372521
134374683
134376598
134377923
134386424
134387894
134388121
134393442
134395105
134396832
134402838
134415975
134416298
134419292
134425241
134428807
134450222
134455749
134466136
134468932
134487385
134492343
134494930
134499572
134501858
134502163
134508665
134521502
134523964
134530872
134531179
134537697
134543682
134546409
134547290
134550414
134551097
134558307
134563244
134564273
134566260
134575760
134579605
134580435
134595284
134597257
134602887
134615532
134617739
134617912
134618135
134622616
134628081
134629469
134630284
134633012
134635623
134647562
134654243
134659081
134664497
134676798
134681677
134683746
134684906
134686529
134687506
134689818
134703148
134712964
134718501
134719572
134722944
134729802
134746846
134751343
134755249
134755514
134761369
134762855
134763992
134764452
134764666
134769347
134771538
134771765
134778706
134783945
134786756
134788646
134789292
134790289
134792974
134793788
134794394
134795819
134802210
134806788
134808949
134814283
134816407
134818417
134819018
134819728
134831640
134834253
134844881
134853386
134859208
134859843
134861868
134870034
134873563
134875927
134878351
134883570
134884622
134885915
134890858
134898356
134904416
134908517
134909577
134910916
134913584
134915665
134916404
134940892
134942002
134944401
134957353
134957706
134964928
134967464
134971934
134973256
134974725
134982147
134982680
134988002
134994192
135006652
135008885
135009130
135010185
135011854
135013864
135016097
135019794
135021659
135023190
135026955
135033132
135033540
135038789
135050529
135054501
135062928
135080234
135082310
135083089
135084069
135084680
135086979
135089256
135094798
135095088
135106587
135107718
135109896
135111817
135112880
135118961
135130624
135138756
135146249
135155742
135157313
135157924
135168157
135169324
135173456
135176474
135180392
135193121
135196802
135207058
135209424
135217764
135222024
135230468
135234241
135235936
135250308
135272278
135277723
135279066
135286362
135287672
135296240
135296581
135297586
135301581
135302386
135304475
135310441
135310614
135318163
135320630
135324102
135334716
135334851
135336061
135337131
135341468
135343220
135345033
135347872
135350485
135354242
135357769
135360618
135365050
135370392
135377990
135382136
135389718
135400369
135400733
135405998
135406437
135411979
135416056
135417915
135422300
135423139
135426960
135431652
135431772
135434556
135435081
135440940
135449412
135462016
135463071
135469520
135469603
135472786
135480658
135486512
135488526
135489888
135498771
135504674
135512740
135513281
135529703
135533229
135537003
135537612
135543585
135546569
135548201
135549148
135551622
135552400
135558920
135561787
135562609
135564001
135564180
135567296
135568468
135572896
135573674
135574037
135578375
135578766
135585281
135595566
135601414
135609416
135612256
135614987
135620867
135641602
135645520
135661446
135662026
135662110
135666276
135669273
135676086
135680834
135692397
135697541
135701062
135708755
135729238
135738116
135742485
135744642
135750224
135758001
135764033
135792492
135797530
135798147
135803782
135809230
135814244
135816980
135817509
135824572
135825314
135832163
135834064
135837000
135846184
135848168
135852556
135861812
135870768
135873968
135877217
135883304
135884807
135889063
135906072
135907845
135923664
135924902
135926004
135926696
135927394
135930041
135932616
135937029
135938575
135939640
135956566
135980546
135987910
135992586
135995475
136020361
136024085
136052862
136054426
136058140
136059537
136063810
136066059
136105152
136106305
136106514
136121477
136122968
136127140
136143042
136155234
136160514
136171656
136185161
136193164
136205600
136206416
136219266
136225029
136319775
136322977
136329106
136330294
136338517
136341563
136342854
136345828
136346776
136349246
136350131
136361737
136362268
136368624
136374632
136374945
136377442
136382926
136388140
136389806
136394440
136395586
136398505
136401485
136406226
136413895
136418598
136421980
136424978
136435764
136439064
136450475
136451302
136453012
136461388
136464352
136465948
136469041
136469066
136470949
136481126
136483157
136484296
136485923
136489545
136490320
136491562
136495159
136496233
136497798
136512813
136517170
136517961
136518794
136523932
136529681
136530951
136532193
136538692
136540426
136546616
136546837
136549001
136552192
136552562
136571936
136577973
136580382
136582332
136585702
136585837
136589059
136593615
136595043
136597914
136606593
136608296
136610170
136613417
136614691
136620173
136623684
136626477
136632912
136634548
136635080
136639505
136647315
136649010
136651322
136653969
136656140
136659192
136659740
136662720
136671270
136676177
136676577
136684618
136685830
136692162
136695041
136706176
136722705
136725317
136731912
136733195
136736976
136751298
136751664
136761444
136782497
136785416
136792864
136807698
136814857
136823944
136846648
136849813
136851272
136858480
136864030
136866860
136872406
136877761
136880693
136889652
136897543
136898642
136907474
136907688
136907878
136911633
136914369
136918531
136919202
136921930
136930594
136938290
136940593
136943768
136947460
136955536
136966464
136971978
136975201
136975635
136976140
137003801
137007762
137017350
137027721
137044007
137044300
137056900
137071808
137077122
137086988
137108192
137114392
137124930
137136451
137136908
137141284
137146418
137168280
137171748
137172010
137175315
137177176
137185604
137200266
137207877
137233586
137235096
137250913
137271809
137281826
137290816
137308292
137332256
137365432
137376903
137380895
137382818
137386123
137390860
137399690
137399877
137401058
137402413
137405348
137417996
137421393
137432139
137432964
137435670
137439401
137446501
137449753
137450192
137455152
137460738
137462925
137463618
137464496
137467425
137482374
137495765
137499278
137501778
137504052
137504881
137508161
137511267
137535638
137544774
137564423
137617668
137630177
137631306
137640328
137642724
137644565
137651284
137652298
137659539
137683490
137728776
137732448
137742376
137757394
137758855
137759968
137774124
137777225
137781634
137792772
137854990
137871873
137890019
137893041
137896745
137904519
137925176
137926675
137930001
137935616
137949328
137953819
137962320
137963534
137966616
137967681
137969750
137971212
137978248
137994881
137998372
138027682
138039333
138052634
138068500
138069376
138086545
138119202
138151266
138152013
138166577
138177792
138192929
138199128
138250816
138353664
138354736
138418643
138420106
138421987
138424805
138427746
138432353
138435095
138435659
138442544
138446198
138448045
138448593
138449582
138451258
138451572
138453055
138453972
138462696
138465395
138466844
138469994
138475596
138480562
138482846
138483652
138486730
138489417
138494428
138495427
138496744
138497053
138504339
138514200
138519660
138519827
138525706
138544926
138545061
138545551
138545852
138550809
138561228
138564141
138570840
138572369
138581904
138588994
138601740
138602503
138608877
138615201
138615378
138617014
138620436
138626164
138633609
138642567
138643734
138655761
138658129
138677035
138677813
138680024
138680108
138680654
138684534
138687828
138692794
138695270
138697377
138699853
138702402
138703304
138703914
138708678
138711401
138720323
138723545
138725766
138734625
138740317
138744007
138745916
138748323
138752240
138761025
138764341
138779208
138783237
138791012
138795026
138798400
138808530
138814180
138814577
138822947
138829966
138831489
138838243
138841409
138842506
138842693
138844452
138878224
138883593
138887528
138887706
138889364
138912048
138913928
138925088
138940651
138941273
138944890
138951616
138954869
138967078
138975509
138980514
138981778
138989752
138989765
138992720
139002143
139003558
139004357
139004461
139006522
139009192
139011158
139011369
139018961
139025665
139029124
139031112
139036811
139043480
139048128
139055394
139072572
139075996
139081120
139081812
139083943
139087240
139088240
139088643
139092076
139097097
139108914
139112485
139117617
139166497
139172480
139192384
139199442
139199879
139215653
139216496
139223571
139229249
139233310
139233956
139237122
139239628
139280525
139281674
139282467
139300948
139309600
139331985
139379472
139399265
139403906
139429008
139462388
139463742
139465395
139466185
139469469
139470258
139470680
139474190
139475732
139477357
139478826
139480199
139486113
139499722
139502789
139504449
139505844
139506187
139511363
139512099
139514921
139520536
139529509
139539985
139542713
139545350
139554064
139567884
139575311
139583585
139592531
139599236
139600919
139601128
139608267
139614984
139629649
139633953
139638818
139645488
139661618
139662017
139669604
139675169
139675690
139690634
139691106
139725036
139739482
139745293
139745632
139780372
139789363
139789644
139792788
139807112
139807809
139809816
139821379
139822672
139823266
139864137
139872326
139880992
139888752
139895938
139903424
139904516
139920548
139985382
139985803
140002641
140009515
140017152
140021344
140022480
140023088
140034948
140036169
140051681
140052242
140056710
140061000
140089377
140093458
140108808
140123208
140126339
140133088
140151050
140167312
140189958
140193936
140251427
140256464
140264616
140272646
140275760
140280089
140314121
140345862
140378165
140382345
140386656
140445888
140510705
140514005
140515816
140516621
140526204
140531528
140534101
140534438
140544345
140553740
140554849
140556930
140565792
140569792
140575589
140575641
140576339
140582544
140587053
140593419
140605700
140608728
140612372
140615857
140617795
140618528
140644473
140650542
140656160
140665624
140674856
140675276
140675843
140691482
140701828
140720320
140772683
140773978
140774563
140774756
140776982
140781504
140788648
140788793
140790209
140798242
140821125
140824738
140839017
140862048
140874113
140894220
140903266
140903828
140906511
140907184
140908289
140911125
140931105
140939346
140956168
140970245
140977155
141001796
141033901
141044259
141054356
141058573
141072482
141076804
141080080
141080585
141082977
141083018
141089284
141110277
141115704
141119588
141127697
141150368
141156866
141165611
141173041
141198853
141230222
141231640
141232240
141238849
141271080
141295926
141301809
141304033
141305384
141312106
141322376
141329824
141331528
141362370
141363841
141378580
141431080
141436946
141517056
141567626
141570642
141576275
141579936
141580344
141590761
141592089
141592884
141593130
141597825
141615235
141627786
141631577
141638152
141641804
141666436
141672498
141688950
141691177
141692056
141708546
141709697
141755910
141789504
141800448
141820529
141826194
141828485
141831216
141836327
141839880
141853570
141870176
141893702
141910160
141920273
141951146
141955268
141991972
142089236
142092704
142094476
142099602
142104768
142114965
142123120
142131244
142152197
142166544
142184520
142221386
142229828
142238752
142295049
142346576
142349377
142354948
142381316
142413984
142495746
142610013
142625551
142631579
142631908
142638664
142641068
142642489
142645790
142647108
142649185
142653834
142660686
142662368
142664263
142665773
142672510
142679324
142686294
142686385
142687680
142690200
142697571
142699329
142707601
142729634
142739095
142741300
142742968
142743758
142745347
142749001
142751110
142760218
142768900
142773404
142778710
142779045
142780184
142788272
142790819
142799892
142807095
142811229
142813478
142821586
142824321
142826628
142829061
142837859
142840843
142844046
142852245
142860388
142873927
142875187
142878283
142881051
142882332
142883952
142886610
142887063
142891116
142894388
142894473
142898721
142904176
142908169
142910178
142912705
142919268
142934823
142936269
142937254
142971282
142975019
142976518
142983438
142993480
142999727
143001722
143004249
143006036
143007376
143012800
143017292
143028357
143032564
143032651
143037062
143038240
143046674
143049244
143050890
143051329
143057954
143068456
143071756
143086850
143089953
143102213
143131453
143136419
143140746
143142422
143149227
143153701
143158552
143159452
143168153
143170760
143173721
143175992
143176453
143181385
143197711
143199379
143201224
143203425
143213958
143221076
143229364
143231530
143239457
143241283
143251585
143255558
143263015
143263925
143267265
143270087
143274340
143276432
143278198
143282882
143283984
143286541
143294650
143296962
143298652
143313000
143328364
143328850
143336610
143340052
143344163
143385856
143394508
143395433
143397360
143399302
143402832
143410529
143412160
143414410
143428884
143439940
143469580
143478866
143491605
143500384
143533604
143543816
143544361
143548497
143589770
143598152
143607813
143625218
143658976
143660813
143662230
143662648
143664806
143664915
143665340
143669637
143674421
143675790
143678225
143684634
143688163
143688751
143692401
143698276
143702672
143704884
143706278
143707912
143708370
143709828
143712664
143721782
143722730
143725796
143730217
143731719
143737131
143738452
143757868
143761555
143774992
143787226
143788756
143790886
143804225
143805451
143808581
143814160
143815171
143819666
143821063
143823976
143831236
143835746
143835785
143852931
143853196
143854345
143860042
143865120
143868017
143886412
143890562
143922072
143936610
143941683
143942292
143961098
143966405
143967257
143988242
143993536
143995014
144016578
144036416
144052419
144064824
144065061
144081942
144107524
144114144
144125969
144149024
144180633
144181682
144188868
144193640
144196312
144196679
144212806
144220214
144248392
144248986
144253069
144253168
144257570
144261569
144274496
144278796
144288896
144310379
144310558
144320129
144334994
144351648
144378244
144380065
144413440
144468097
144476488
144478222
144515841
144531480
144574483
144583744
144613904
144637990
144704490
144707032
144709457
144715170
144718361
144724421
144726115
144728305
144740503
144751140
144755084
144757386
144762408
144765190
144771747
144773323
144775461
144775876
144777908
144787609
144793678
144802361
144808017
144810284
144813124
144814304
144825352
144838241
144839122
144839709
144843366
144845608
144851539
144856644
144859196
144865410
144869126
144870474
144875736
144886913
144902419
144909704
144915457
144929312
144933281
144943744
144950024
144967474
144968252
144971652
144974172
144986165
144992517
144994882
144999594
145000264
145001479
145002700
145004960
145015696
145031283
145035294
145051944
145056273
145113314
145116178
145133848
145138820
145163796
145164358
145229133
145229911
145238220
145241225
145248944
145255489
145264152
145267969
145269322
145270915
145280034
145289249
145298640
145307912
145309868
145311328
145326343
145326424
145359700
145361289
145366176
145377542
145408196
145425541
145428536
145446976
145490339
145494539
145505792
145512720
145523793
145547780
145572867
145582112
145590281
145638017
145664256
145735696
145756764
145760551
145762514
145769922
145772776
145779844
145789226
145791046
145793549
145797456
145801291
145821201
145823048
145831428
145842450
145846401
145868992
145885746
145887537
145889548
145889921
145891467
145900420
145903638
145908808
145916076
145921552
145934624
145966224
146016708
146023720
146028578
146034947
146082314
146113156
146138112
146146640
146154049
146180240
146215048
146279046
146289344
146298370
146301026
146309221
146310024
146335752
146344288
146376724
146409560
146416646
146436352
146513984
146538698
146547088
146559108
146670092
146673760
146805039
146805877
146812204
146820548
146820882
146821972
146822322
146822425
146823722
146825607
146826570
146835064
146839047
146842025
146847368
146849040
146854689
146859537
146867989
146868468
146869291
146870618
146879376
146883237
146886761
146896920
146901698
146912289
146915414
146941069
146944099
146950467
146950768
146952420
146965472
146969356
146974776
146988544
146999704
147002920
147008033
147008578
147014675
147030566
147034224
147064041
147067779
147070529
147071813
147072039
147072688
147077161
147080222
147085506
147087960
147095868
147112770
147113091
147116180
147128982
147133832
147137320
147138641
147149360
147157060
147161697
147193943
147194673
147202450
147232897
147235331
147244112
147268868
147275969
147327086
147327884
147336241
147350113
147358932
147391344
147395142
147407960
147419266
147426624
147447856
147459652
147460741
147470850
147472537
147473224
147490057
147490434
147523657
147542276
147562625
147570698
147587131
147591340
147595413
147607559
147610656
147624984
147628928
147653701
147702017
147722314
147783708
147858274
147866310
147867873
147875340
147879296
147883905
147914855
147927299
147947910
147980741
147981369
147984540
147989044
147989384
147994944
147997734
148037890
148046124
148047893
148070532
148113686
148114053
148123940
148128162
148131921
148145698
148177016
148177035
148194944
148220160
148250785
148256256
148308548
148341761
148374670
148379715
148382215
148385026
148386328
148390450
148400208
148409104
148409349
148471889
148506792
148509058
148521249
148545548
148637204
148652132
148654090
148702496
148772868
148899484
148902712
148910278
148914394
148917352
148931875
148933257
148933808
148941392
148946973
148965250
148966216
148966593
148972880
148980066
148981004
149001792
149014800
149016579
149032070
149033672
149034250
149042320
149046793
149055505
149063717
149103114
149160334
149177508
149178452
149197329
149217345
149262372
149307910
149311808
149358752
149422739
149428362
149440645
149441090
149446948
149473024
149487669
149494304
149498000
149520908
149521426
149557286
149564424
149587040
149592080
149693697
149823556
149848200
149947344
149949028
149951507
149954304
149956888
149959776
149979670
149988612
150020258
150078880
150089733
150110402
150209289
150243340
150472225
150515714
150540560
150667904
150998811
151002096
151004540
151007831
151018073
151021353
151026821
151029481
151035554
151036835
151038138
151059504
151062230
151065991
151068975
151073434
151075859
151080214
151081876
151084577
151085769
151089776
151091528
151097184
151103121
151103692
151111242
151127502
151128547
151133242
151140553
151147464
151161300
151162390
151164020
151171123
151171404
151174402
151178464
151180422
151181323
151197198
151197809
151198594
151211153
151230534
151235649
151237125
151242024
151258803
151263390
151263657
151267613
151272202
151274315
151276746
151280964
151281875
151282341
151295019
151295636
151298520
151298673
151301704
151306598
151311448
151317249
151324144
151332234
151339117
151340625
151348036
151357193
151357765
151367874
151384104
151391788
151392317
151394016
151405254
151413788
151417362
151421717
151429769
151439168
151439493
151464966
151472195
151486614
151487392
151534913
151538227
151540332
151550986
151552924
151561273
151561542
151564423
151568835
151575360
151577114
151578721
151594636
151601693
151605450
151615232
151618652
151618851
151624228
151625834
151626005
151631952
151652685
151653459
151654966
151659053
151663896
151667884
151668114
151673122
151675973
151683882
151707984
151717065
151724866
151732487
151750817
151790172
151791813
151795248
151803925
151806122
151809104
151810569
151816912
151817314
151823875
151832200
151834848
151848710
151849634
151863640
151867681
151945287
151982356
152028161
152045117
152048483
152058022
152061350
152065354
152068491
152071716
152076507
152076918
152081093
152084240
152089746
152095002
152095432
152098977
152100903
152101552
152109809
152112472
152115788
152118120
152119941
152122381
152126983
152134096
152144425
152149124
152152450
152162388
152175915
152179085
152184209
152190472
152192660
152196193
152197396
152201858
152210469
152216512
152224545
152244450
152245009
152279064
152281256
152297538
152309132
152309569
152310074
152310214
152311883
152315414
152322962
152327299
152341282
152391948
152401936
152404028
152412944
152420737
152421394
152453273
152461416
152473800
152488464
152490018
152512776
152570895
152571568
152573408
152576436
152577609
152580197
152593458
152602929
152605010
152611334
152618576
152633742
152641026
152643619
152643736
152644868
152653969
152666770
152675872
152700988
152711210
152727744
152736780
152748170
152764772
152765462
152831269
152841346
152842513
152901952
152913926
152961411
152961648
153026634
153043104
153071616
153093533
153095529
153098026
153101541
153103921
153105037
153111085
153121865
153126370
153131203
153132057
153135371
153136262
153142153
153146898
153162293
153168664
153173088
153175496
153192478
153193640
153194771
153207939
153208905
153220100
153225525
153225848
153232399
153233064
153236272
153239916
153247360
153249932
153251910
153256346
153266948
153270416
153273605
153290949
153292098
153295892
153322028
153338560
153358446
153359665
153364712
153376944
153377283
153396008
153396545
153399457
153406476
153420854
153424552
153430593
153444994
153454627
153487658
153489168
153493620
153498658
153520209
153551688
153560256
153575429
153616975
153627300
153628792
153631250
153654176
153658568
153660704
153667984
153689217
153694788
153707041
153720328
153737218
153748897
153760900
153765379
153772616
153786440
153817480
153823241
153883013
153883976
153887377
153896516
153928240
153960641
153969672
154018054
154026066
154043412
154141351
154166624
154167318
154169605
154181938
154191970
154194468
154210394
154215171
154219904
154226723
154230948
154240532
154266112
154289432
154304752
154311170
154371144
154403960
154409496
154411162
154436420
154437796
154471968
154477068
154505360
154539524
154553345
154601490
154668306
154669649
154673602
154684552
154685454
154695712
154722372
154730541
154731208
154798660
154806016
154866208
154894468
154927528
154931842
154948624
155090953
155190367
155202737
155206542
155206827
155207885
155212844
155214306
155215444
155216784
155225000
155229512
155236641
155241993
155242759
155248001
155248804
155255155
155264058
155264325
155265636
155276624
155286018
155291817
155293232
155305108
155306252
155321074
155333268
155337014
155349048
155356298
155357214
155372816
155373776
155390099
155390816
155395848
155419220
155424001
155452280
155461955
155462284
155463456
155464969
155465816
155468181
155471899
155475472
155477266
155485121
155493126
155501091
155510794
155517102
155522122
155537794
155543744
155552897
155582684
155582821
155583912
155587114
155587846
155589665
155639876
155656274
155716231
155716404
155719052
155719457
155728424
155732328
155740185
155747429
155747610
155750925
155754579
155754796
155781720
155792001
155801648
155811894
155812169
155910328
155918532
155935746
155992124
156041777
156050592
156051476
156107789
156114979
156143664
156190728
156243590
156244082
156244865
156250824
156256192
156272966
156305888
156305939
156312707
156315928
156371346
156371553
156378434
156401830
156402024
156434957
156439688
156463105
156500239
156500900
156504660
156516592
156529728
156553856
156571392
156582466
156598468
156634626
156766265
156778904
156781068
156786821
156799522
156836362
156849156
156852512
156864896
156894756
156897287
156901641
156975184
157026465
157098049
157288199
157288633
157288870
157290868
157291619
157297738
157303521
157306402
157307177
157309250
157319985
157335750
157336657
157353548
157360530
157378600
157391361
157401125
157419153
157428993
157454626
157459504
157485704
157499420
157500162
157558821
157587524
157589602
157591936
157598024
157617416
157619332
157626896
157630985
157684760
157730848
157814337
157831704
157835440
157843619
157848582
157942720
157944088
157960322
158008580
158101508
158108162
158138375
158171408
158204068
158335818
158369168
158385162
158401080
158401826
158406692
158419073
158491140
158498885
158609666
158613644
158638593
158859356
158867494
158912513
158926914
159026176
159385918
159390310
159392722
159393002
159400167
159403432
159405579
159406467
159409175
159413016
159432193
159434835
159441225
159449275
159454808
159468322
159484039
159486998
159493384
159498920
159516553
159517227
159518933
159520305
159526084
159532152
159533589
159535150
159553857
159576704
159590785
159596748
159615028
159625488
159646365
159647861
159650506
159664666
159666757
159667104
159672390
159673984
159678558
159681682
159703180
159719636
159720497
159723593
159726112
159729164
159731864
159732832
159777550
159781155
159782028
159786336
159826194
159842872
159877312
159918916
159921228
159926364
159932707
159944809
159946928
159949028
159957045
159960196
159976073
159977588
159978761
159987844
159999012
160000528
160007306
160039400
160041618
160046340
160047889
160056100
160057537
160059411
160073008
160082056
160106510
160106832
160112737
160170579
160176170
160178506
160187537
160207632
160221472
160232448
160235685
160284740
160309424
160318470
160334920
160371201
160433859
160436916
160446272
160456820
160457290
160466376
160469269
160473358
160474193
160482563
160493856
160499466
160500897
160512010
160514198
160520832
160550921
160568594
160573453
160573538
160584272
160599616
160694636
160694737
160706642
160800773
160831536
160833812
160875648
160891522
160961669
160969096
160971792
160976192
161022740
161042690
161120773
161162248
161220480
161231364
161285200
161349828
161483915
161484556
161485228
161488987
161493393
161497654
161499856
161502356
161512704
161515045
161546894
161552530
161555718
161572867
161612167
161616410
161623554
161632393
161645204
161645587
161657864
161671232
161679136
161694785
161726470
161749824
161751587
161759600
161793090
161810708
161841682
161896452
161898760
161909256
161940490
161943632
161980448
162010498
162029702
162040416
162058320
162079616
162088208
162091013
162112513
162146324
162169100
162213890
162275341
162300352
162535048
162538524
162564152
162570882
162578577
162607152
162630658
162661476
162697600
162809092
162809986
162830337
162856985
163062944
163119235
163186721
163579438
163586827
163587972
163588259
163588552
163589656
163590693
163594809
163596581
163613234
163613253
163620418
163627306
163635346
163645152
163649832
163661898
163669001
163709213
163710132
163710800
163712290
163717825
163730437
163735072
163756036
163777284
163782663
163808268
163841474
163844150
163846417
163855362
163858177
163866672
163988112
164102385
164114694
164121603
164124224
164157448
164171811
164241496
164301952
164366488
164375041
164380745
164397190
164431968
164470792
164626605
164627098
164629769
164643922
164663427
164699200
164700752
164725025
164806676
164890184
164893840
164939840
164955142
165036035
165150995
165192000
165200032
165233153
165282881
165681684
165712024
165716044
165742605
165745088
165937860
165938197
165942816
165946504
166051968
166068265
166072450
166199976
166202404
166265098
166289472
166334721
166738048
166748193
166793730
166854670
166887968
166928640
166988064
167248260
167776204
167779111
167781783
167785148
167789485
167790310
167792405
167801241
167804001
167809211
167811414
167813990
167815395
167820295
167823844
167826257
167828236
167829136
167832841
167839435
167845457
167846642
167848990
167857104
167873986
167874061
167881010
167896133
167906422
167906521
167908654
167910802
167911759
167913102
167920531
167924073
167924295
167929426
167931552
167937449
167948498
167952953
167961349
167970877
167978296
167979848
167986018
167991558
167997492
168014882
168019459
168038859
168039518
168043353
168045898
168066060
168072816
168077192
168087976
168105999
168106672
168108741
168109350
168115330
168119576
168126024
168126562
168139041
168146433
168157336
168170196
168170253
168175643
168175972
168179472
168182442
168187265
168192532
168198962
168204866
168206737
168220696
168231333
168235345
168248417
168256384
168263782
168264136
168272396
168304885
168306329
168307098
168310029
168314169
168327697
168331565
168334740
168336005
168345096
168354512
168354956
168363181
168363804
168368524
168374323
168374616
168379064
168383600
168385058
168389952
168396385
168404610
168406052
168430138
168433240
168437089
168437901
168445077
168447052
168462483
168462680
168466177
168468526
168481090
168494234
168497708
168502660
168507402
168526736
168538688
168546337
168562032
168562243
168563859
168567498
168569877
168572002
168575441
168579378
168585478
168592438
168600664
168609297
168616003
168622112
168624342
168629664
168631364
168648865
168657208
168674112
168694168
168702593
168715312
168723467
168756741
168765505
168827955
168829495
168835149
168837618
168838769
168841930
168843587
168845403
168848440
168850212
168854159
168859432
168865822
168866465
168874373
168876144
168880772
168887118
168892772
168902830
168908946
168921159
168921992
168931728
168952732
168957296
168957571
168959508
168965512
168966289
168968421
168970263
168979716
168980614
168984698
168987938
168995346
169003202
169006656
169017972
169018025
169019674
169025752
169027746
169028617
169050465
169054726
169084376
169090185
169094800
169101475
169104488
169108753
169111745
169117785
169126156
169133232
169133378
169140324
169157714
169167428
169174148
169181988
169191553
169214913
169218466
169223210
169230603
169235474
169256001
169300512
169346141
169346282
169347756
169353635
169355787
169358866
169362249
169365122
169366100
169370890
169382086
169386800
169399320
169419077
169424001
169444688
169450000
169460098
169481257
169515268
169518224
169519200
169525521
169551892
169607565
169613334
169624162
169632261
169643265
169656361
169674890
169685004
169741856
169742858
169743552
169755280
169821192
169872267
169876586
169877821
169888054
169890003
169894122
169896594
169899304
169902925
169905968
169907096
169907553
169911956
169916465
169923268
169926947
169937137
169943195
169950480
169956674
169959780
169961993
169970053
169970250
170002590
170003170
170003987
170009840
170017222
170027075
170051760
170056708
170082389
170086936
170103952
170132055
170132270
170134369
170143108
170145862
170149014
170149712
170150985
170151979
170152268
170165529
170169538
170175584
170183204
170202048
170206249
170232852
170233944
170250754
170263946
170269744
170295356
170299780
170311873
170319878
170330704
170345732
170346506
170393963
170415142
170416289
170422920
170428950
170440896
170444811
170446952
170459558
170483860
170528020
170528854
170533404
170561840
170566920
170600736
170615809
170624006
170659982
170673674
170674472
170696996
170710272
170721868
170724610
170762768
170787744
170787944
170821700
170852489
170921409
170921486
170924880
170928482
170943424
170951943
170952392
170956948
170963011
170984646
170985225
170996354
171000225
171026512
171038721
171049139
171049448
171051812
171065932
171080192
171092352
171098882
171181730
171214898
171245674
171246232
171329856
171344480
171443090
171475228
171478056
171483274
171492417
171513092
171573827
171579522
171589744
171712708
171728914
171770401
171839745
171982465
171984143
171985720
171998226
172002851
172011888
172015925
172016698
172018258
172030336
172033713
172034350
172036409
172041735
172046484
172051594
172056696
172056774
172061217
172069762
172073553
172081315
172102452
172103265
172112140
172117029
172118106
172120337
172127748
172131658
172138914
172147348
172148873
172198052
172229108
172234851
172240925
172241570
172245699
172248960
172250633
172253962
172264744
172265637
172266010
172269060
172269707
172270132
172296345
172315268
172328009
172361272
172361540
172372227
172378696
172384592
172403456
172425763
172426254
172482561
172491571
172496232
172497436
172498182
172530464
172534849
172544265
172564681
172570720
172577552
172581123
172591312
172594193
172624097
172626245
172632720
172647200
172671553
172683280
172691618
172704262
172755400
172765776
172766344
172770500
172788233
172805122
172822032
172900620
172957732
173016419
173016492
173022488
173025520
173025673
173033112
173036565
173049620
173067276
173094208
173113436
173118048
173142018
173162556
173179149
173184036
173191240
173215755
173219889
173261840
173279537
173281464
173281799
173285526
173285929
173309998
173310609
173430912
173549313
173558036
173605824
173606036
173621285
173622338
173645984
173703203
173736040
173801547
173811736
173933826
173965444
174070313
174072883
174073164
174074568
174076689
174082220
174092302
174096626
174101515
174101588
174107906
174109856
174114885
174130236
174135322
174152256
174162600
174170150
174200965
174203049
174208066
174231168
174260419
174261004
174293522
174309448
174326925
174328454
174331170
174358854
174371080
174407762
174561280
174590725
174592706
174597254
174611464
174613584
174620729
174621520
174655264
174666112
174688520
174719192
174721346
174735379
174745604
174871072
174948448
175114269
175128788
175129904
175132769
175149330
175165576
175171616
175179811
175181969
175186216
175227396
175244361
175280641
175376650
175409344
175514240
175637044
175640618
175670786
175917057
175973376
176161982
176164650
176165101
176165830
176173658
176177771
176180419
176183700
176186584
176187667
176189479
176194268
176204564
176211338
176227611
176228965
176234961
176236813
176240224
176244005
176244794
176251420
176264385
176276080
176292213
176293421
176294738
176297043
176309526
176310728
176311073
176313890
176321856
176329316
176331281
176332040
176335905
176336909
176343124
176351752
176357810
176359563
176367728
176370312
176390428
176438529
176440839
176444049
176456803
176465958
176469136
176472408
176492161
176511296
176522284
176527492
176563270
176574576
176576515
176636038
176653888
176687352
176689687
176694704
176702370
176703300
176711780
176716928
176718194
176720966
176730274
176739331
176750819
176752918
176764162
176769105
176791944
176808449
176820096
176820491
176833164
176850084
176901152
176902288
176916996
176922642
176955689
176975944
177013092
177020935
177027088
177034752
177061922
177103362
177111302
177145104
177180680
177213843
177215184
177215785
177217850
177222112
177222932
177226013
177226921
177251144
177275061
177283180
177283972
177284234
177301537
177303816
177308186
177309088
177311779
177342510
177343621
177349314
177355778
177361932
177365377
177422660
177447940
177455144
177472782
177473313
177479765
177484546
177488026
177492038
177544224
177578032
177736996
177767473
177769152
177791236
177865568
177872933
177875208
177877072
177930265
177932354
178000432
178176064
178260332
178266947
178273152
178278956
178279186
178297874
178299282
178299977
178307174
178310464
178324884
178328625
178329098
178333830
178342660
178389688
178389701
178395654
178398469
178457612
178458788
178487618
178522277
178524338
178528976
178532869
178542728
178544771
178571281
178595584
178688033
178741312
178792784
178794548
178821132
178856488
178930754
178938016
178946069
179045404
179048770
179060805
179086338
179112128
179178497
179306617
179306838
179315857
179331590
179344132
179351040
179446544
179447876
179478562
179519491
179570755
179601545
179650596
179717632
179838016
179849360
179851273
179865858
179896370
179933312
179963016
180158728
180361120
180369968
180373044
180375691
180389201
180390444
180395104
180398225
180409604
180416552
180421958
180425093
180432032
180437416
180438593
180439047
180455044
180457993
180486919
180489242
180490898
180510789
180519017
180555852
180576290
180586753
180620364
180633645
180642912
180658258
180687952
180691084
180750724
180765832
180797984
180822544
180889794
180899938
180916672
180930593
180945546
180950052
180983810
181014577
181084480
181143304
181143842
181160452
181186561
181207216
181273280
181404106
181404237
181409954
181429251
181431040
181438475
181473812
181535828
181540097
181551633
181569032
181672456
181685264
181796962
181833744
181937192
181960850
181981696
181995649
182458576
182462561
182467588
182478464
182485412
182503554
182562832
182589728
182624772
182649440
182715156
182780193
183009347
183043081
183500935
183575041
183779400
184025312
184551348
184553948
184560812
184561488
184562883
184564024
184564420
184585106
184585301
184591922
184592933
184599762
184602725
184622346
184623673
184627278
184633513
184633908
184636169
184640780
184649112
184652496
184662176
184683397
184684823
184696975
184697684
184710288
184715534
184718409
184722708
184731172
184747968
184749348
184760848
184771082
184797952
184812514
184814158
184829226
184832568
184833602
184837568
184840276
184846644
184849682
184852557
184861572
184864782
184878284
184879491
184889489
184891652
184929344
184943209
184945929
184951303
184996353
185024720
185042984
185075083
185076070
185090135
185091297
185094802
185100488
185102752
185111089
185117057
185124168
185133076
185139751
185142406
185150977
185152552
185167937
185213832
185223746
185238150
185278595
185310208
185336602
185337016
185343616
185345038
185353492
185376914
185402689
185414146
185454608
185476672
185491588
185501056
185533474
185540632
185598063
185598393
185601634
185605381
185608066
185616684
185622684
185631907
185633308
185640010
185672880
185676065
185680067
185709064
185714304
185733274
185733669
185734214
185745970
185746632
185762385
185764512
185796120
185812225
185817152
185870433
185873432
185878610
185887240
185897225
185899138
185929840
185932289
185933835
185993364
186003776
186105860
186126537
186128784
186144288
186171907
186190089
186192516
186196242
186207248
186221573
186261580
186384550
186387528
186516497
186647258
186653329
186655177
186664014
186664473
186665800
186671685
186683722
186685478
186687040
186687574
186696354
186698785
186710024
186716739
186717346
186719008
186721368
186722325
186739072
186753632
186784068
186787890
186797136
186810467
186811532
186822913
186835472
186852868
186878082
186921544
186927300
186960130
186974477
187008288
187040837
187057312
187074050
187172140
187172674
187175700
187182148
187238504
187269265
187285764
187302058
187305480
187305997
187355264
187433013
187457632
187467800
187646464
187696211
187699260
187705475
187706632
187707600
187715970
187744592
187766920
187831048
187835425
187846673
187891750
187974432
188014720
188023937
188227609
188265472
188285962
188483844
188514370
188745545
188746074
188747169
188748202
188749877
188762883
188777862
188780945
188781380
188789772
188790850
188792907
188801672
188812840
188817573
188826662
188844129
188858816
188877350
188882688
188883146
188885513
188895267
188901472
188920352
188940377
188981392
189010130
189015569
189028616
189039840
189056005
189057168
189079880
189088048
189108258
189137073
189215744
189268125
189270059
189273610
189276624
189287072
189303856
189325346
189375232
189405202
189416976
189466629
189534308
189538565
189550721
189809256
189822980
189825730
189827205
189831208
189833475
189861957
189862930
189866082
189874442
189878432
189931908
189976832
190055562
190071108
190317318
190328962
190333961
190353428
190449952
190679040
190849826
190852240
190860548
190874126
190875667
190894128
190910726
190923408
190972171
190972950
190973280
190997512
191041576
191103313
191105584
191377441
191399169
191434832
191627650
191799296
191889701
191924992
191987721
192036930
192158720
192422464
192544897
192972045
192972906
192987553
192990722
192991764
193004332
193008289
193011766
193020242
193040440
193056898
193071175
193075228
193078538
193081448
193086176
193135637
193155360
193201748
193208710
193209136
193224729
193238536
193258048
193267800
193332355
193347658
193364120
193367044
193466661
193468744
193470748
193471074
193527885
193529392
193530272
193537216
193600032
193613892
193642505
193728660
193735712
193741345
193759297
193814784
193855532
193873936
193993234
194003589
194004368
194011298
194027561
194052359
194062656
194085444
194117961
194119428
194122912
194251300
194257096
194266177
194281491
194290944
194318720
194331152
194382082
194445345
194519696
194543756
194592864
195035443
195037634
195038880
195048976
195069040
195080324
195084488
195105860
195118120
195141642
195182629
195182738
195201296
195269120
195301569
195428881
195430496
195433728
195560455
195627522
196086281
196134916
196280512
196349962
196681732
197132412
197134486
197136977
197137449
197165848
197171840
197257216
197271841
197296324
197330434
197394825
197395748
197460035
197492756
197530116
197658241
197661968
197691652
197730321
197738628
197796868
197804290
197885984
198181411
198199432
198248496
198320146
198774792
199254036
199265288
199379456
199508002
200016960
200314944
201332675
201337523
201342376
201342548
201343358
201348465
201354346
201357590
201358978
201359997
201361305
201377202
201380171
201385507
201385800
201405017
201410078
201410748
201413318
201418180
201419301
201426658
201428305
201432195
201443553
201454337
201458109
201462501
201474859
201475399
201478770
201480644
201507777
201509970
201512081
201519394
201526512
201526662
201527514
201531990
201533092
201534753
201544969
201548556
201550984
201552208
201560334
201564323
201574692
201577000
201592229
201607050
201609390
201612104
201613884
201615513
201623978
201628312
201634378
201634608
201635921
201640140
201641312
201643077
201652740
201657863
201659624
201660180
201666144
201666699
201671062
201671274
201704459
201706032
201724818
201732449
201733635
201739457
201745169
201753678
201755155
201769510
201777240
201805831
201810096
201820560
201844738
201852318
201852538
201857593
201868264
201872156
201873543
201879630
201884342
201884843
201888051
201890004
201893284
201894680
201899104
201905026
201920937
201922338
201923666
201925042
201926683
201927012
201934099
201936950
201943425
201953799
201953904
201982190
201984930
201988419
201988748
201991384
201995286
201996449
202011141
202012936
202019017
202020890
202031416
202080594
202081420
202105360
202119370
202122886
202129650
202129997
202135080
202143040
202149948
202181441
202187811
202188312
202199569
202219848
202235940
202245954
202252842
202267138
202270788
202312740
202317837
202327120
202344968
202379702
202379886
202384565
202392532
202392812
202394894
202408734
202414884
202415146
202416850
202417475
202417804
202419729
202427529
202435652
202447498
202450694
202457485
202457906
202462356
202464576
202475670
202478018
202499202
202500360
202506938
202507379
202510871
202512984
202516264
202516708
202521872
202524354
202540805
202548262
202555508
202572860
202638933
202639986
202642642
202647591
202647896
202650914
202654778
202657891
202664513
202709011
202709156
202711489
202720417
202737677
202756384
202769547
202769840
202801506
202805772
202819744
202836292
202852376
202875012
202911266
202913938
202915901
202921221
202933073
202938946
202950180
202957074
202966472
202970000
202973289
202984128
202999306
203003040
203006996
203031009
203040130
203049058
203051160
203063700
203063912
203104536
203116612
203163360
203163925
203166532
203187072
203196516
203212040
203248642
203260112
203296902
203298320
203298856
203390979
203427027
203430069
203431450
203432901
203444008
203444899
203457639
203461458
203462919
203466992
203469962
203474516
203483157
203490028
203490425
203491280
203493692
203498289
203502094
203508056
203510624
203533321
203534992
203538856
203560325
203568177
203571861
203574434
203588892
203592244
203595821
203606624
203630738
203645972
203654020
203690452
203690616
203693442
203696932
203697221
203704422
203711502
203711777
203714064
203718841
203736736
203737219
203753952
203755621
203758089
203760520
203780168
203785740
203792899
203825458
203834952
203845892
203852104
203859712
203882523
203899076
203919490
203956890
203964974
203967513
203969802
203972709
203974210
203977008
203980891
203982184
203982990
204005538
204014165
204016908
204044800
204051728
204063241
204089873
204096274
204112419
204117060
204118400
204153866
204157024
204161073
204211349
204223009
204248073
204253824
204280386
204288020
204293888
204308769
204310546
204475033
204475697
204478668
204484635
204484964
204487173
204494353
204503120
204544385
204546250
204571174
204573792
204587329
204604746
204608448
204630145
204637345
204638275
204638992
204669296
204669571
204703880
204709905
204735757
204751304
204753170
204767430
204771905
204775690
204782592
204787732
204805168
204875788
204887168
204933153
205005009
205014051
205031689
205034116
205065346
205074690
205130250
205201924
205211904
205259286
205260976
205340768
205523913
205530681
205533987
205534374
205538963
205549780
205559369
205560881
205570729
205582866
205587892
205588328
205596888
205600322
205601033
205608974
205609041
205611290
205617312
205619413
205621362
205638728
205640068
205653474
205656347
205659654
205661259
205663024
205672872
205678633
205685944
205686813
205688940
205709712
205718069
205738640
205742595
205783964
205784188
205785329
205786254
205787445
205788128
205800912
205807972
205817633
205826594
205838376
205849881
205851332
205857616
205857925
205868292
205881383
205898504
205917856
205928453
205931092
205981827
205983884
206013954
206048295
206048600
206054053
206055180
206056585
206057585
206066849
206073120
206079936
206082374
206105089
206114893
206127940
206135394
206153740
206165504
206213649
206217440
206217475
206242570
206243201
206243910
206257152
206259240
206310150
206317121
206327896
206340464
206340739
206413841
206443554
206450960
206455105
206473249
206479876
206572198
206586014
206588185
206589040
206591046
206592386
206598181
206612641
206638225
206639657
206651992
206680144
206700839
206704980
206709262
206719506
206733459
206738696
206743104
206771205
206776960
206799264
206832041
206832330
206843980
206859392
206867728
206870534
206880817
206898562
206900264
206917824
206979205
207028305
207036450
207096609
207114259
207134854
207159466
207165464
207168048
207208577
207226504
207233093
207359042
207368706
207390856
207413312
207438096
207619374
207622238
207623576
207623780
207633411
207635394
207653446
207657736
207668489
207675448
207686172
207687201
207691892
207701216
207709704
207716684
207719808
207720473
207757706
207758532
207767604
207769669
207820096
207847521
207882552
207888556
207892625
207901456
207902852
207948880
207958304
207972353
208012325
208024128
208044305
208144659
208146610
208150857
208177345
208177712
208212616
208216195
208257104
208274513
208277248
208298624
208405017
208455936
208502916
208668210
208668997
208674915
208703777
208718464
208732325
208806064
208806657
208887872
208930436
208931331
209076512
209125896
209190927
209193064
209199380
209232392
209324164
209387538
209485858
209716209
209720974
209730573
209734947
209736764
209742156
209743955
209750071
209751713
209752936
209752980
209758406
209773701
209789827
209794824
209798221
209798314
209809700
209814217
209816332
209819153
209819689
209822746
209847764
209848040
209854523
209859217
209879462
209879642
209890564
209893448
209895439
209916998
209932032
209965121
209980099
209984708
209996888
209998093
209998358
210015498
210038976
210042941
210044832
210045210
210047696
210051174
210059587
210074624
210076996
210100496
210109317
210113697
210114598
210116812
210117653
210158849
210178376
210192480
210206770
210223744
210243925
210256293
210257457
210262089
210264514
210272716
210273309
210280979
210290000
210290954
210293316
210306360
210312708
210313486
210315842
210325728
210330768
210338854
210339909
210346628
210354976
210371480
210372908
210382986
210384448
210393136
210396163
210405649
210412584
210504969
210530338
210535600
210575528
210585730
210632805
210667652
210765161
210783042
210784433
210797284
210800134
210804096
210804828
210819075
210822192
210839602
210841669
210862361
210895692
210897059
210898989
210912648
210915680
210919494
210933780
210935905
210965040
211001864
211028046
211030132
211036546
211039368
211044112
211048992
211094036
211116546
211159688
211161114
211165449
211173584
211288278
211288874
211291217
211293258
211300641
211305091
211330816
211355907
211402824
211425472
211462146
211509280
211558467
211601424
211697924
211813549
211817031
211817353
211826881
211830814
211846593
211847508
211847826
211850328
211855402
211858720
211865873
211872512
211881608
211890211
211894407
211897410
211910812
211943769
211949720
211953164
211953986
212000786
212011556
212044816
212054020
212077329
212080722
212081704
212084353
212109409
212191236
212238916
212340844
212343554
212366340
212373698
212386952
212468788
212473861
212476292
212505096
212533448
212607328
212862756
212863400
212866210
212873364
212936964
212965888
213073932
213141513
213156376
213164192
213188754
213352704
213386896
213403716
213418288
213910923
213911237
213914141
213921537
213934126
213942629
213945411
213948556
213952036
213981825
213983457
213984546
213988372
214045505
214045988
214047824
214049128
214049442
214050838
214058081
214067392
214091810
214114577
214184580
214188555
214206912
214212760
214303276
214338568
214347808
214392840
214437416
214439442
214442580
214523909
214536336
214630564
214632976
214706248
214745100
214762018
214836352
214843410
214925376
214959388
214967490
214981640
214993480
214995000
215000073
215026000
215058468
215090946
215110148
215123076
215253764
215258176
215487136
215507208
215613552
216007061
216007273
216008930
216015634
216023091
216026628
216035464
216047623
216062016
216106024
216139787
216163584
216175617
216203526
216301642
216403988
216551937
216614920
216637696
216809664
217072769
217137920
217341956
217450560
217579842
217589761
217646084
217759744
217845768
218106716
218111284
218111688
218112952
218115459
218117584
218117676
218131026
218137542
218156039
218156928
218161260
218162328
218172494
218174282
218174549
218175641
218188170
218194069
218206748
218212874
218219344
218226738
218236013
218244274
218249762
218254896
218255452
218255653
218260065
218272515
218277129
218281488
218303272
218309064
218313988
218333489
218355840
218367433
218370897
218374683
218382643
218383064
218393864
218398949
218399827
218405409
218436146
218441889
218450004
218488897
218500032
218503700
218510408
218514530
218546568
218563217
218583616
218599460
218630881
218632874
218635013
218637094
218640413
218649155
218654337
218664009
218669450
218690080
218696466
218702544
218702601
218704944
218707074
218710179
218711392
218728836
218744849
218747144
218760469
218765412
218777622
218793632
218808844
218828933
218841984
218865670
218891682
218894422
218895457
218905152
218911876
218914823
218923277
218965060
219021481
219065344
219088136
219152874
219154337
219165001
219170001
219170921
219170994
219173600
219194592
219206032
219226786
219230230
219232448
219234630
219240453
219247648
219271682
219286696
219288601
219291843
219293958
219296324
219305728
219350212
219384324
219419662
219427472
219437192
219448962
219449489
219459587
219465988
219480199
219482416
219489793
219497544
219514946
219548752
219615490
219678278
219684104
219699728
219710089
219746315
219766796
219816466
219939363
219940890
219941508
219958304
220203811
220205718
220217499
220219781
220222880
220225866
220227332
220234346
220236076
220236850
220237937
220248384
220252696
220272385
220274765
220285600
220288024
220300554
220332119
220338450
220339265
220343332
220367489
220374082
220454920
220464992
220483778
220499136
220513552
220528978
220564224
220594701
220595459
220628008
220628998
220674048
220725561
220727176
220729383
220735586
220746052
220759569
220766356
220782849
220808198
220923456
220999690
221005896
221122577
221252148
221252290
221256848
221258328
221263362
221282333
221299844
221351976
221384868
221446409
221463056
221511974
221517920
221519921
221528705
221602048
221691968
221783045
221807362
221841921
221913224
222135296
222298295
222298925
222302018
222304454
222312977
222315832
222319156
222336133
222342184
222351498
222352480
222365336
222365959
222366882
222367864
222405153
222408962
222432524
222438917
222445955
222463011
222470284
222474305
222504032
222513472
222568533
222568746
222570642
222576718
222579104
222597400
222630212
222693480
222710273
222720128
222806032
222839012
222848072
222857506
222872208
222888386
222889475
222892305
222900260
222954630
222961809
222963722
222970402
222978308
223086352
223175168
223348875
223352067
223354400
223354940
223356296
223372034
223396420
223462656
223490336
223512768
223611909
223617632
223633417
223690788
223739926
223871509
223903818
223918080
223941184
224067617
224149634
224403873
224421956
224428310
224434336
224477251
224527882
224530977
224534864
224548872
224593937
224658608
224692233
224788673
224920146
224929026
224938017
224993304
225153024
225444905
225481232
225520640
225542274
225576994
225969344
226230529
226526796
226526994
226527448
226542633
226559372
226560561
226562214
226575109
226582616
226601056
226608320
226624116
226624542
226632005
226640522
226660520
226696200
226697260
226713858
226758178
226758803
226763940
226766904
226771396
226789635
226803874
226853160
226859024
226887705
226907152
226910724
227016892
227021082
227025097
227026981
227052052
227082856
227094848
227180675
227246104
227280389
227319888
227344784
227412034
227541519
227545986
227547460
227552328
227582337
227616016
227623328
227682448
227690532
227707144
227738658
227819541
227819786
227835977
227840132
227846656
227873288
228008000
228082712
228114438
228136992
228347968
228590790
228591160
228598293
228602528
228629508
228630808
228638789
228692097
228720817
228722764
228724096
228725508
228771328
228864068
228876432
228884532
228904968
228933665
229116225
229124616
229184016
229245961
229379088
229392898
229572612
229640211
229773378
230197376
230699082
230703441
230704390
230705928
230720928
230723668
230738049
230753317
230785035
230788608
230818323
230823552
230859520
230867016
230883536
230949537
230951504
230959364
230986242
231112709
231211079
231231776
231346188
231474186
231739489
231776290
231821328
232128896
232333440
232785224
232849712
232931460
233447456
233964560
234883828
234888348
234889056
234889708
234894456
234895236
234895939
234918173
234920498
234925202
234931289
234931500
234932625
234942640
234948065
234948775
234951493
234963059
234977348
234984100
234986756
234988480
234988712
235000082
235013066
235030812
235035172
235036826
235039490
235041472
235046083
235051077
235052192
235053680
235078425
235082019
235086993
235127364
235144646
235148585
235152933
235155726
235162153
235168326
235178820
235183176
235184340
235205634
235209906
235210860
235219473
235233576
235259264
235275436
235278897
235284614
235291104
235292722
235358465
235373592
235406166
235408709
235410129
235423632
235426593
235430165
235430450
235440899
235441544
235443237
235448394
235450900
235459776
235474592
235475982
235496964
235516192
235543312
235554400
235610657
235626568
235670162
235670570
235672102
235679488
235684170
235691024
235693065
235705096
235733515
235739265
235741296
235753732
235766850
235798803
235816066
235839624
235931286
235931866
235932717
235938705
235939017
235947395
235952769
235966569
235971864
235986986
235996458
235999826
236000529
236006784
236013579
236017160
236028437
236063302
236073221
236080272
236098192
236109964
236126285
236173312
236193989
236194720
236199426
236200162
236206128
236208659
236212560
236226057
236241600
236263688
236294212
236331592
236340292
236347425
236357642
236458378
236464720
236467268
236479648
236488866
236519571
236527654
236528264
236548112
236585605
236586252
236717063
236734476
236978397
236978747
236988170
236989601
236990914
236995768
236998772
237017225
237023308
237027907
237045846
237046057
237054498
237060366
237068880
237084948
237096448
237101185
237114889
237123604
237127174
237131024
237144588
237145345
237146131
237175908
237181568
237241652
237248587
237253138
237279504
237297984
237307208
237373585
237374530
237486112
237504572
237507651
237509188
237511175
237515920
237521090
237538384
237570448
237580297
237586437
237600810
237650312
237781636
237846552
237916224
238043928
238049540
238062113
238064138
238069766
238076050
238078024
238096608
238101507
238166098
238174880
238289730
238290017
238291992
238293123
238372992
238551209
238633474
238693376
238814592
238845969
239077034
239083731
239092263
239094086
239097424
239098056
239100489
239108395
239117410
239121665
239122456
239145424
239159042
239177795
239206806
239207729
239214684
239217984
239218738
239231140
239245570
239248001
239284992
239292512
239308820
239312906
239339789
239342785
239359012
239362704
239403362
239447040
239472710
239519748
239542464
239602084
239607992
239608706
239613472
239633944
239665242
239667249
239674640
239730733
239751688
239845632
239894597
239911072
239945792
239993876
240124021
240124955
240128708
240134418
240141640
240192518
240214276
240223265
240257576
240259233
240273473
240406538
240423296
240683524
240779458
240918657
241111040
241175121
241199368
241206417
241207648
241209478
241230852
241242672
241271553
241303658
241313296
241377285
241434778
241451267
241475617
241700885
241713228
241737746
241829024
241973248
242090498
242221474
242227266
242245649
242287752
242485284
242648064
242750208
242810945
243282473
243302840
243304777
243306542
243319430
243336739
243338292
243341848
243347602
243352392
243376165
243386504
243389472
243405026
243405196
243409700
243421205
243435028
243483154
243533338
243536460
243540145
243548361
243550500
243566620
243583042
243673360
243684096
243728468
243737632
243794063
243795650
243803464
243808516
243837472
243851288
243875881
243875910
243927617
243966020
243990789
243992072
244000896
244062304
244073040
244092946
244122756
244156672
244318780
244319334
244321029
244328473
244387977
244424962
244457640
244482563
244517152
244580756
244583744
244646496
244744228
244863012
244925696
244989962
245113872
245370118
245383521
245387338
245391556
245399715
245405312
245432977
245440928
245442632
245499176
245502544
245522945
245532864
245547268
245564546
245596169
245633049
245662496
245760007
245772416
245892369
245989952
246024210
246170656
246415627
246432848
246449164
246484998
247204352
247466153
247467664
247468212
247468810
247497265
247497928
247505164
247509568
247532808
247548448
247597156
247608328
247611657
247648384
247660600
247677956
247808017
247858689
247995393
247996451
248022274
248521025
248522884
248549381
248561760
248590368
248594562
248775840
248872968
249176576
249565508
249610760
249823344
250122272
250644496
251659559
251660823
251662427
251663588
251664152
251666603
251668884
251669096
251674957
251675313
251679794
251684878
251693113
251699553
251703938
251725445
251727917
251733314
251756660
251756962
251791697
251793026
251797557
251832323
251841544
251850756
251855004
251855622
251921437
251925129
251926850
251953354
251953708
251991043
252008480
252011536
252051768
252052050
252190918
252191763
252201072
252202242
252207936
252231813
252252336
252265608
252314698
252319236
252336129
252350498
252395556
252412096
252447009
252453536
252496384
252510740
252514376
252576068
252709642
252725696
252731696
252735554
252743942
252744840
252765185
252775056
252780625
252805448
252854793
252871698
252928128
252970544
252989956
253018136
253034664
253035780
253133568
253231427
253234305
253243905
253297440
253298756
253501704
253756818
253773504
253776012
253789508
253792773
253837585
253874240
253894924
253905184
253919320
253927584
254019746
254021124
254027856
254046209
254050960
254091270
254165012
254214528
254280160
254346273
254388224
254411312
254435330
254542401
254804868
254836929
254937093
255005696
255066188
255083522
255332370
255361060
255857250
255864839
255870476
255873920
255878274
255887436
255909968
255924740
255926802
255928608
255930504
255937537
255967272
255984777
255988040
256016676
256018960
256049824
256131169
256182282
256213568
256263424
256377544
256417801
256442636
256462850
256508673
256676864
256901968
256934064
256952322
256967041
257167377
257304576
257426466
257556504
257950339
257956097
257958977
257982856
257984032
258081348
258085008
258476038
258736168
259006474
259063828
260050002
260052289
260053130
260056582
260057729
260059426
260065056
260065860
260067536
260071816
260081828
260091921
260102400
260116756
260141568
260186648
260227120
260277504
260310120
260315141
260415616
260476992
260508160
260574220
260604426
260703376
260972545
261107724
261132832
261195777
261226630
261646336
261653568
261755136
261947394
262150192
262209634
262408456
262439937
262668372
263192728
264250416
264314948
264441857
264503570
264765988
265290024
266359808
266406016
266502146
266609152
268443356
268447604
268449708
268450296
268457651
268462415
268471733
268481370
268495592
268496324
268497825
268507933
268510954
268522980
268525456
268527429
268536437
268542678
268548167
268552366
268555594
268564688
268570086
268579449
268586705
268594068
268598088
268604587
268604951
268609739
268610311
268616335
268617332
268620216
268621937
268625201
268633562
268636381
268645523
268652854
268659362
268662152
268665324
268672448
268676148
268677643
268682396
268693608
268704662
268707053
268719960
268720585
268728032
268732205
268735334
268738083
268747898
268754500
268757650
268768675
268768851
268773467
268773671
268779891
268781788
268783117
268788524
268791949
268796664
268802323
268807872
268809260
268818968
268820596
268831658
268837305
268840203
268850502
268853790
268857120
268862300
268864647
268875584
268875832
268881172
268882476
268895156
268901404
268903523
268909440
268912952
268919972
268965606
268966299
268967027
268967754
268969310
268969683
268970605
268974261
268979293
268987667
268988884
269011621
269017293
269021214
269025979
269031630
269032745
269034617
269039384
269043618
269044976
269046598
269050307
269069216
269084693
269101411
269104496
269114885
269115543
269125934
269128401
269143075
269145170
269159241
269159980
269165985
269168726
269174548
269182990
269190850
269193255
269202180
269222735
269228713
269233556
269242248
269249578
269253380
269256369
269258981
269259868
269264322
269272203
269273712
269275782
269304229
269306562
269313352
269316688
269322394
269324681
269343872
269357238
269365836
269369643
269371724
269377762
269378821
269379216
269388355
269393965
269419857
269423125
269423716
269426994
269429344
269438210
269441089
269490074
269490542
269491107
269493863
269494685
269495865
269497651
269497798
269504360
269513005
269514851
269524336
269527379
269535787
269546633
269550031
269559445
269564520
269577416
269578948
269580310
269583930
269585804
269598807
269601554
269604937
269605536
269607244
269634317
269634606
269640345
269649825
269656158
269669666
269676563
269682457
269685425
269686060
269687618
269698698
269701639
269705648
269715485
269721987
269746871
269752629
269753572
269756174
269759573
269764042
269765443
269767378
269775664
269782314
269785681
269787589
269791388
269799656
269805582
269828697
269831584
269834564
269837186
269845673
269846642
269848929
269849880
269855120
269870337
269873218
269888208
269903913
269911067
269913288
269915010
269944389
269951526
269972992
270010197
270010618
270012905
270017334
270028550
270031185
270034273
270037194
270043287
270045963
270056964
270058796
270059914
270068802
270080549
270083466
270084867
270086221
270086802
270090649
270091307
270106844
270107496
270119080
270127237
270140615
270148139
270154888
270159964
270164550
270170370
270181004
270183712
270186576
270188867
270227600
270262464
270273805
270274210
270277190
270279833
270280899
270287461
270290967
270329376
270337234
270338326
270340898
270344298
270381073
270385314
270402004
270402348
270405140
270419465
270453504
270470177
270483986
270536139
270536378
270537973
270543318
270545707
270546205
270547087
270547682
270555321
270556683
270559128
270566131
270573336
270578021
270588768
270588966
270595664
270615985
270618965
270623802
270633293
270634882
270639509
270641336
270649635
270651596
270655826
270664047
270666925
270675560
270676402
270678565
270681987
270682950
270686604
270688978
270713621
270716576
270717378
270722248
270735172
270750745
270766378
270770977
270792960
270800519
270806668
270812443
270825553
270835998
270836976
270844455
270845318
270847304
270847505
270848688
270864950
270868937
270882823
270887050
270894133
270897347
270929669
270930657
270932084
270935194
270944856
270947378
270960142
270961289
270963908
270966873
270968980
270981634
270987393
270993858
270999575
271001168
271058079
271058418
271061591
271068453
271075446
271079619
271081960
271091491
271099996
271111265
271114890
271116673
271124133
271133508
271139603
271141268
271147696
271156809
271157354
271166728
271170064
271176232
271189558
271190543
271190705
271197261
271200916
271201474
271209486
271214113
271221368
271221668
271224388
271227042
271238277
271270157
271311888
271321301
271322438
271326032
271326354
271328307
271339044
271339804
271360594
271368517
271380738
271392966
271397025
271418004
271444032
271468098
271487025
271501352
271515888
271520386
271583547
271584142
271588885
271589595
271599524
271601822
271610243
271617039
271618457
271620754
271626952
271628554
271636564
271639096
271649351
271652024
271664482
271668993
271673477
271680714
271696529
271705602
271714645
271718096
271729227
271729996
271733528
271746450
271754501
271780065
271782054
271785504
271791176
271802468
271810904
271832192
271845470
271846577
271847539
271847757
271852888
271854978
271862853
271870002
271894722
271909100
271909716
271915216
271921414
271927569
271949837
271962148
271991345
272007564
272015682
272059400
272106228
272109153
272110469
272113838
272113991
272118836
272120256
272141464
272159298
272178242
272182289
272189528
272210177
272214146
272239882
272262016
272271397
272302896
272307205
272311330
272368715
272370195
272373272
272378440
272386188
272392400
272396297
272401064
272401446
272449802
272456192
272466368
272501121
272519488
272544768
272564252
272633047
272635705
272637037
272640874
272641551
272641938
272642742
272642887
272653028
272655925
272659591
272662879
272666226
272673945
272675357
272677268
272681890
272683715
272687562
272688716
272701067
272710284
272715879
272723233
272730001
272734758
272737592
272740553
272749618
272753060
272761779
272764249
272774372
272784800
272786896
272790554
272810217
272811842
272816900
272822928
272828526
272833328
272842907
272844464
272847434
272855201
272855364
272861477
272863374
272865032
272867973
272869928
272879105
272884866
272909673
272913009
272914486
272930248
272946213
272958650
272960325
272983051
272984582
272992299
272996768
272999234
273025641
273031501
273033780
273035970
273041164
273041762
273047635
273056854
273058001
273083456
273090307
273092665
273156903
273162359
273162958
273167529
273172014
273174083
273175256
273192864
273195369
273203591
273204452
273207628
273220915
273220941
273226084
273228078
273232433
273234498
273246258
273248521
273268913
273286757
273289092
273295010
273296454
273297423
273303732
273311016
273322594
273324105
273376002
273384012
273385794
273421876
273424779
273437010
273437889
273443337
273450522
273456388
273457937
273462416
273467672
273482216
273482524
273484874
273491744
273506401
273543172
273552134
273564321
273569922
273580388
273602048
273614861
273630232
273679787
273682991
273683314
273692761
273697620
273703226
273704707
273714856
273715386
273717517
273719042
273719439
273719985
273732622
273733777
273750067
273752873
273753568
273756490
273757730
273761388
273772696
273797506
273813715
273819948
273828486
273831185
273836609
273842612
273842904
273851922
273854856
273863177
273877410
273891657
273894466
273908785
273932308
273945241
273951176
273957091
273959600
273965672
273989709
274008842
274009617
274039600
274040450
274076037
274080022
274082976
274085956
274089108
274126880
274137768
274163968
274203576
274204361
274205003
274205214
274209848
274214720
274215313
274247750
274254528
274272519
274273444
274276515
274278788
274287392
274287621
274293260
274309697
274318656
274346532
274351490
274374681
274399892
274403354
274439168
274478338
274479137
274489636
274497776
274502665
274503698
274546758
274556032
274563116
274605121
274606594
274662208
274728542
274729689
274731438
274736037
274747013
274750034
274752930
274756233
274763049
274765187
274766150
274766385
274772178
274776277
274784283
274796827
274801251
274807888
274811444
274813730
274816130
274844740
274861858
274863683
274867377
274867530
274870357
274875177
274876455
274891942
274893194
274895386
274899526
274923960
274924260
274933028
274948369
274965513
274972934
274990183
274991507
275004704
275006674
275013816
275019266
275022452
275022744
275028056
275040353
275062276
275063152
275068040
275071619
275108416
275149064
275159045
275169354
275203456
275252076
275253729
275255418
275255971
275259072
275261193
275265580
275295746
275297285
275301908
275326098
275337664
275349900
275359777
275361802
275383559
275388176
275390995
275392788
275399792
275403332
275404817
275431570
275434752
275449025
275466880
275480628
275522644
275532546
275549313
275551298
275579945
275644760
275652650
275677888
275724288
275775964
275776822
275777171
275781829
275784529
275786780
275789696
275810467
275812427
275813600
275818600
275826056
275829040
275833889
275847464
275865794
275874148
275875862
275913737
275921026
275927208
275956258
275968064
275977474
275984897
276005760
276044322
276055872
276075265
276095616
276107285
276147200
276169292
276171782
276178961
276201528
276825084
276841023
276841443
276845901
276851377
276859998
276862188
276863331
276863920
276870712
276879660
276883220
276886880
276887825
276895930
276900276
276900972
276902535
276902732
276909656
276917892
276918836
276919817
276926735
276926836
276931041
276933194
276940200
276942018
276943748
276948005
276961052
276962484
276964691
276965104
276967726
276977896
276979024
276980828
276982881
276990424
276991525
276996964
277000345
277004658
277022597
277026018
277029427
277029532
277039908
277040149
277043586
277046096
277056196
277072048
277073990
277089740
277089931
277095990
277097080
277100828
277105848
277109893
277115300
277117576
277121203
277121708
277123785
277124882
277137888
277143768
277145154
277147689
277153492
277156776
277157973
277161257
277168782
277186400
277201996
277203490
277218383
277218680
277220177
277227910
277235400
277238356
277239833
277246722
277259144
277267722
277275184
277287376
277303564
277307538
277352248
277361570
277374066
277382826
277385089
277385806
277394451
277404930
277420566
277427393
277430636
277447958
277449229
277454987
277463818
277467224
277481227
277493254
277496998
277504585
277506352
277520917
277524802
277526561
277530136
277537156
277545171
277554444
277556752
277574272
277578793
277613109
277618781
277622994
277623144
277627824
277627949
277659797
277676634
277679396
277685424
277695233
277697556
277723144
277743428
277747329
277754904
277760644
277777568
277813282
277825056
277831748
277876434
277885172
277895474
277909703
277912714
277924229
277926426
277932144
277940525
277941588
277942050
277946553
277955312
277958685
277975496
277976705
277978148
277996168
278005134
278008470
278010915
278016705
278033474
278038697
278039874
278047761
278055496
278057124
278086185
278114832
278142721
278144170
278151516
278168355
278173772
278182048
278187648
278200742
278207024
278212696
278221864
278225089
278242322
278251784
278253712
278268423
278270058
278274189
278282438
278283556
278302741
278342660
278397299
278413965
278418824
278419012
278423704
278424100
278432818
278435105
278438608
278458433
278463078
278463541
278504516
278530976
278533201
278540338
278547713
278561411
278577166
278577201
278597908
278601862
278659482
278663225
278692968
278694410
278726408
278726824
278728900
278729731
278733332
278751234
278757637
278796552
278855753
278927980
278931270
278940814
278955193
278958173
278963594
278963876
278971212
278972469
278989158
278993729
278995186
278998027
279017986
279036185
279063937
279064666
279069364
279085290
279088396
279091732
279106113
279111704
279119139
279120410
279122033
279134818
279142568
279163936
279186019
279194706
279200993
279202070
279205388
279218896
279226689
279227432
279236944
279250009
279258754
279262213
279267088
279267432
279288068
279314827
279318064
279321672
279340352
279359494
279364752
279365700
279382053
279447980
279451185
279454405
279456298
279457831
279463570
279473312
279478811
279497222
279513393
279516294
279523356
279535697
279548304
279552608
279581512
279585049
279593377
279642190
279646756
279648265
279685124
279713089
279717064
279724202
279740746
279774306
279809536
279839765
279912832
279971281
279974708
279975014
279979031
279980109
279988554
279993604
280006048
280013441
280019238
280035435
280055890
280068770
280105485
280110136
280111378
280118409
280135814
280167620
280175368
280205376
280233513
280240864
280249093
280266777
280363186
280371284
280375329
280397568
280433680
280495267
280514056
280530988
280544448
280561232
280643604
280757892
280762373
280769026
280797232
280821905
281024970
281027996
281047566
281054502
281066049
281068216
281092499
281098530
281105169
281105548
281108586
281117255
281129136
281130244
281139520
281150765
281154101
281156166
281156248
281166284
281174073
281182998
281191592
281194572
281200001
281208868
281224096
281225537
281229332
281232736
281250826
281268768
281272584
281283378
281289050
281290177
281294855
281308290
281314609
281317459
281321638
281330066
281332244
281350437
281352834
281353225
281366752
281370900
281387033
281428069
281451536
281486408
281526275
281543928
281547617
281548058
281548843
281553165
281567558
281572424
281576589
281581620
281585762
281596421
281611152
281612437
281624777
281641522
281643304
281644049
281684609
281686608
281690202
281715210
281747493
281776320
281805079
281822498
281839812
281842440
281908256
281936530
281978112
282069897
282070043
282072241
282075740
282077334
282088098
282098192
282101188
282101861
282116689
282137921
282139396
282149398
282169385
282198183
282222730
282263878
282332204
282334730
282337393
282347809
282362126
282363032
282371077
282398994
282430016
282461792
282462608
282503176
282538112
282595859
282620036
282648616
282659970
282661512
282665993
282723356
282743552
282789936
282857888
282919457
283116175
283132273
283137108
283137320
283142352
283142944
283149098
283156525
283182536
283187214
283191813
283206785
283216036
283218018
283246806
283248669
283280472
283282016
283283748
283287952
283289603
283300866
283315344
283345425
283382596
283386894
283388041
283400705
283423264
283443523
283459597
283459634
283510034
283517464
283541665
283648075
283665680
283681540
283722788
283773985
283777282
283779424
283803717
283904056
283927104
284037132
284166407
284186720
284199248
284206146
284209169
284237876
284248448
284263436
284297416
284328201
284446744
284966915
285179904
285214071
285217487
285234602
285238499
285248922
285252714
285255561
285256222
285259526
285260163
285265165
285266229
285289922
285292193
285296986
285298747
285303563
285303961
285320532
285324049
285325604
285328184
285330241
285333012
285347470
285357618
285358109
285363275
285364397
285373220
285376925
285380432
285390224
285403665
285409823
285410161
285412409
285414098
285421738
285430896
285435170
285435404
285446756
285450928
285482569
285485537
285486103
285487222
285493646
285494932
285496349
285500784
285508203
285508814
285512025
285537298
285540822
285546668
285548723
285553812
285563650
285569345
285574026
285590820
285618628
285623122
285623404
285627032
285632643
285635617
285638773
285639315
285642978
285662216
285663494
285673256
285688355
285689025
285746475
285754833
285760028
285761970
285766289
285777425
285799688
285800962
285805738
285817106
285820300
285827936
285835379
285835598
285838532
285840024
285844506
285869235
285876468
285880899
285887780
285906244
285918024
285934246
285938008
285940100
285955586
285972528
285984777
286002536
286003651
286003952
286004108
286009000
286012708
286017619
286041668
286043184
286075524
286081078
286093442
286099745
286101608
286138112
286139266
286139474
286144656
286164514
286191680
286212496
286220328
286264537
286267858
286268551
286271659
286279365
286280215
286286502
286289792
286296548
286298398
286306513
286329187
286335134
286336804
286345524
286353489
286394182
286394972
286401448
286425383
286434345
286435906
286445642
286460816
286469377
286524850
286525041
286526154
286548243
286554244
286558392
286566437
286577155
286600202
286659348
286671018
286679092
286692358
286693505
286720267
286728386
286737028
286790683
286792980
286798136
286802836
286812425
286818873
286823600
286870026
286878752
286885379
286886480
286933274
286939712
286961794
286984262
286991504
286998817
287014954
287058256
287065102
287066402
287067265
287093504
287098948
287114001
287114296
287129800
287180825
287180964
287252740
287317267
287320659
287333125
287333452
287344761
287347349
287347370
287359086
287376947
287377896
287378588
287379757
287384180
287388548
287391947
287393488
287408550
287447256
287449553
287467809
287469579
287488065
287506613
287520774
287539271
287573445
287574812
287579173
287588941
287592595
287595200
287606360
287615746
287638279
287647785
287650370
287655074
287673362
287675649
287686684
287711398
287789124
287834969
287837827
287838566
287839625
287840688
287845584
287851206
287853848
287855370
287858745
287861058
287868684
287879332
287901723
287925251
287981667
288006166
288006440
288033300
288039616
288064258
288096474
288110849
288118273
288131296
288151568
288170264
288195720
288233538
288240160
288244484
288361586
288363873
288364046
288365193
288375055
288375160
288387904
288393008
288400532
288410882
288440772
288458796
288465288
288497948
288520208
288528644
288538705
288571414
288625316
288633232
288642114
288643336
288646184
288689412
288711184
288719968
288754496
288789000
288883944
288885068
288888874
288901266
288915651
288924992
288940545
288948562
289018386
289145222
289149012
289153121
289413489
289413779
289419661
289429377
289433716
289437224
289440827
289441132
289441436
289446476
289447120
289452656
289481624
289481773
289489577
289493172
289502400
289513495
289522190
289526793
289532944
289546891
289549445
289555002
289558888
289581360
289599493
289603811
289604812
289606932
289610305
289613329
289637792
289654880
289676450
289687059
289699906
289714472
289716864
289719108
289740044
289772065
289777160
289785861
289801456
289804489
289806616
289825184
289835526
289842212
289869440
289948826
289949488
289954822
289964754
289970344
289978688
290001704
290037860
290039041
290066630
290071364
290089152
290098200
290099219
290103457
290138115
290193593
290197072
290204684
290260099
290267666
290325257
290373644
290455790
290457357
290458804
290460385
290460758
290470406
290479169
290499844
290501656
290504818
290521778
290554009
290557000
290588056
290589121
290604067
290627780
290644736
290660408
290719829
290722148
290727696
290735652
290767384
290791809
290792004
290799912
290885712
290914341
290993665
290996704
291004483
291015713
291110966
291136516
291162114
291177992
291242538
291248320
291275393
291374368
291506255
291511684
291514052
291523633
291547276
291596864
291604674
291605264
291656322
291668517
291672896
291684632
291703049
291713168
291767010
291772048
291808386
291841089
291854368
291873028
291897937
291899560
291901475
291915796
291987458
292032721
292041762
292062816
292085840
292094849
292110378
292115472
292131332
292229216
292297224
292308040
292315265
292323378
292358288
292555914
292557400
292573221
292585749
292588097
292594186
292619425
292683917
292718736
292814875
292827148
292962496
293606997
293614107
293619372
293621514
293622256
293623909
293636437
293657168
293668690
293673035
293677830
293691478
293693736
293696784
293699757
293700848
293701145
293709873
293728268
293734605
293740647
293741876
293746882
293750210
293757321
293759556
293762180
293774350
293787392
293803656
293810528
293814929
293833219
293834778
293839109
293840448
293865350
293869894
293884966
293889292
293901061
293909633
293954208
293968960
293972098
293995236
293996590
294000032
294005896
294045729
294072836
294132888
294136712
294138644
294139488
294153236
294162595
294169609
294175814
294191841
294192716
294196274
294209670
294257266
294258576
294261834
294277382
294334481
294371364
294409024
294412806
294420780
294453291
294462722
294519137
294553858
294586888
294654007
294657352
294661158
294662796
294668514
294679073
294682986
294683795
294688290
294702120
294703428
294724675
294731822
294735361
294764641
294781019
294785208
294798114
294814481
294880520
294912841
294930956
294945956
294978573
295062530
295063617
295076288
295180930
295274880
295306785
295315496
295321808
295341060
295486720
295608321
295700899
295702842
295707441
295708826
295712820
295716673
295717401
295724578
295736642
295739527
295742736
295744068
295780901
295784776
295814154
295819265
295822080
295830211
295832452
295852066
295854192
295870985
295928112
295994403
296059457
296091980
296108554
296256176
296262400
296272224
296288468
296292867
296407048
296485513
296487946
296503680
296558628
296748332
296750660
296753233
296764296
296779980
296784905
296823936
296919200
296944001
297025636
297068544
297074826
297273090
297295882
297353376
297369624
297435712
297799136
297799838
297800899
297804437
297804978
297826688
297830539
297845812
297853217
297878789
297894692
297906690
297931092
297935404
297945361
297964161
297967697
297997345
298025108
298069025
298071108
298078473
298123372
298222152
298256450
298271488
298324644
298327297
298336872
298395672
298405954
298468361
298653700
298680640
298844473
298853058
298870789
298879004
298883360
298910219
298911940
298951712
298975813
298987523
299189312
299369572
299370641
299385100
299405384
299409426
299504768
299638920
299893172
299901977
299911492
299925953
299928581
299931666
299942466
299961384
299962437
299974808
300038656
300089862
300189960
300208132
300417564
300427270
300495104
300957769
301074468
301089296
301211682
301271041
301991823
301994363
302011990
302013203
302030002
302033965
302035598
302040605
302042328
302051591
302058810
302066513
302069125
302069803
302076973
302078320
302080590
302084776
302092104
302105058
302106276
302108956
302111761
302115331
302127813
302128330
302131374
302132803
302133862
302134550
302138489
302149709
302154349
302161504
302166496
302180513
302186903
302187877
302191374
302210082
302219577
302219939
302221074
302237770
302248964
302259857
302267202
302269495
302270663
302275109
302276966
302284975
302285297
302286754
302288406
302297141
302306608
302307410
302307468
302318442
302320179
302325288
302327324
302337345
302343362
302354644
302366867
302371585
302386401
302389608
302394456
302399732
302404776
302408129
302417304
302418608
302449350
302469208
302524258
302524951
302527269
302528011
302533274
302535561
302538923
302545600
302549716
302551498
302555564
302584241
302584434
302588806
302598243
302607880
302613736
302629398
302630968
302646382
302649121
302654296
302678107
302684181
302688642
302695686
302719540
302721049
302728323
302748682
302753281
302778926
302782680
302784851
302801016
302803233
302818016
302823489
302856198
302874695
302877442
302891656
303044695
303057522
303058593
303059809
303064236
303074104
303074691
303075891
303099992
303105740
303105859
303105968
303110804
303111256
303116628
303128867
303139522
303143202
303148576
303150272
303183009
303193156
303197314
303207752
303219140
303241608
303249456
303272082
303287552
303311970
303313430
303319504
303321676
303334042
303334756
303343176
303355010
303377032
303382586
303386114
303415904
303417364
303431987
303432014
303433380
303437862
303444744
303473712
303489029
303498516
303505489
303565940
303567911
303576168
303579880
303589445
303612006
303621504
303638880
303648782
303652946
303657473
303669285
303669784
303694005
303699504
303730178
303762624
303784200
303849606
303855632
303864352
303866122
303874129
303890657
303894580
303907588
303925320
303960195
303964576
303988758
304090701
304096625
304096931
304109249
304110740
304113976
304122503
304134665
304136374
304137556
304166418
304173219
304180482
304187141
304190256
304194660
304204368
304221616
304222263
304222556
304222892
304227724
304232224
304261232
304270345
304286804
304295552
304300488
304322584
304324746
304351972
304355357
304366229
304367160
304373504
304382739
304386828
304388257
304391553
304394344
304419916
304460416
304482347
304496782
304501765
304511008
304517712
304537872
304546961
304552068
304570377
304612126
304613265
304615629
304616746
304622730
304624184
304641281
304648804
304653121
304664595
304678232
304683232
304685353
304697496
304749604
304756808
304759090
304777992
304793792
304824484
304842016
304874162
304908340
304941448
304941633
304955476
304971801
305005093
305017092
305156336
305156646
305165322
305170186
305170888
305195776
305201717
305213856
305215500
305234117
305267618
305276436
305278272
305300515
305302033
305311780
305381388
305398996
305440771
305465506
305467907
305531160
305535041
305667201
305677136
305678595
305692730
305715208
305725590
305735424
305762384
305803281
305848322
305857153
305959044
306194851
306197603
306209993
306214156
306219873
306226980
306236423
306243665
306254665
306258156
306263065
306266509
306267683
306276224
306285082
306316950
306316969
306323765
306331934
306359553
306385316
306391234
306447453
306448824
306450120
306450611
306455380
306459180
306463495
306467744
306479673
306490378
306512075
306515330
306522133
306532882
306562312
306578010
306610443
306648129
306655266
306659372
306713742
306713937
306718341
306721074
306724943
306725236
306728384
306743404
306768928
306775704
306777696
306795778
306796564
306799684
306815424
306843888
306846248
306868290
306881608
306888993
306939012
306987848
307019818
307048520
307054752
307104324
307109916
307171600
307233253
307234138
307238469
307242608
307245699
307247904
307250058
307250374
307251253
307259714
307261540
307282195
307299110
307309633
307319937
307334288
307340546
307347656
307367448
307368140
307398698
307398740
307438352
307455008
307503143
307517443
307530624
307536040
307562596
307658946
307696132
307761940
307765580
307766294
307782178
307791010
307823178
307823912
307824913
307888899
307894592
307906689
308019554
308288392
308289807
308295240
308310065
308332162
308347794
308352672
308380065
308380691
308388372
308404264
308423180
308445337
308446656
308461668
308484610
308570496
308579872
308584517
308615425
308634640
308660226
308682976
308683522
308742216
308807076
308818438
308823065
308838925
308871207
308874252
308921088
308936809
308938886
308945281
308978208
309072401
309331745
309337106
309404804
309414401
309416196
309465488
309479712
309526578
309592769
309608470
309613600
309626128
309666336
309724296
310381735
310384041
310396784
310399644
310404377
310407366
310413595
310417528
310420237
310423298
310430277
310432578
310435336
310438280
310448842
310453578
310465562
310466636
310477720
310482512
310485022
310491652
310518121
310535584
310548494
310564032
310576329
310582785
310632465
310645218
310650119
310651082
310659370
310664288
310667348
310676816
310679172
310690465
310725264
310742152
310772253
310775973
310776624
310782001
310791180
310805542
310806601
310811008
310812803
310848002
310850816
310903867
310906508
310916420
310917146
310922385
310928146
310935847
310937140
310952146
310968773
310993036
311018753
311029762
311034198
311038499
311039122
311051592
311062548
311066849
311104024
311132992
311171331
311181342
311193729
311234573
311312657
311332932
311430376
311434640
311438020
311440932
311457832
311460274
311464672
311465222
311477322
311510464
311511178
311525713
311559699
311572485
311578890
311623772
311664706
311690129
311693708
311694386
311714314
311725089
311754775
311760962
311795844
311869464
311961218
311988369
311994388
312001312
312127496
312168512
312182785
312353344
312477230
312478377
312481539
312482354
312488784
312503872
312509800
312510620
312533089
312548616
312555537
312558661
312615431
312625233
312627256
312641153
312641825
312705412
312758345
312775697
312803612
312844546
312852672
312869080
312872066
312902184
313000053
313002882
313026569
313033097
313035779
313139244
313140304
313262215
313271048
313348352
313399312
313525912
313537601
313541012
313577477
313796644
313804034
313861128
313983296
314052888
314057249
314064972
314086912
314116612
314180868
314181666
314573942
314575089
314581587
314583590
314584120
314593729
314595474
314597541
314606467
314614472
314624304
314631186
314671436
314687622
314706443
314707336
314709314
314718304
314738821
314773523
314851481
314852676
314984640
314986502
314991617
314998896
315031937
315101276
315106593
315109768
315114180
315179288
315228940
315233285
315263504
315320320
315374080
315392577
315425286
315687557
315699206
315712064
315753136
315761856
315769168
315802628
315884328
315884675
315951128
316149954
316164102
316309888
316424720
316538916
316670584
316676133
316694856
316714112
316801857
316810274
316813321
316817794
316874820
316883976
316933385
316944404
316949028
316965002
317210885
317235224
317243552
317261842
317530113
317718700
317728778
317983808
318773492
318774104
318776804
318777144
318784918
318788202
318790793
318793779
318797317
318800122
318802023
318805157
318818051
318822666
318825296
318833573
318837969
318841031
318857493
318863384
318869842
318870029
318871752
318873090
318881881
318898998
318903833
318906651
318917088
318918851
318923846
318965322
318967913
318980274
318983300
319029977
319032075
319035169
319039820
319047785
319056932
319063317
319066502
319078962
319091208
319095835
319098919
319138320
319152161
319161485
319161698
319170308
319173762
319176997
319236256
319244305
319260932
319266888
319293753
319294554
319297298
319313092
319324811
319327648
319333510
319336489
319336532
319344192
319360259
319362076
319374385
319416576
319437316
319450113
319460000
319479832
319497312
319555520
319603010
319621232
319652388
319685176
319690785
319694858
319821026
319823989
319828262
319837960
319859848
319879169
319886272
319914164
319923217
319924230
319947399
319949845
319950120
319953418
319959632
319975808
319981200
319997988
320028994
320082988
320090179
320098353
320117008
320151856
320235584
320274584
320340371
320340579
320373836
320375553
320407692
320475404
320479425
320610828
320673280
320684035
320869530
320873354
320876289
320880860
320883089
320884242
320886052
320903040
320906251
320917825
320932961
320936322
320936516
320939176
320947465
320950801
320958560
320983046
320996412
321028483
321036932
321079336
321093840
321133648
321162372
321175968
321196208
321208594
321242624
321258384
321267717
321269784
321398308
321405729
321406600
321406990
321431569
321438754
321464354
321520068
321542400
321630208
321650796
321663168
321677824
321814593
321847302
321922322
321925253
321930848
321946182
321951840
321962121
321987137
321995394
322052138
322111491
322175273
322178568
322474242
322502948
322538496
322846736
322964166
322967078
322972336
322975937
322978604
322983000
322986593
322990242
322998332
323040544
323060448
323062820
323069961
323098304
323098631
323110209
323125827
323127944
323170824
323174992
323230228
323233160
323233346
323236113
323241121
323243280
323244101
323280916
323290672
323305570
323372042
323388192
323440768
323489289
323491938
323506576
323520534
323551317
323563652
323617162
323626256
323633669
323750273
323764866
323788803
324016280
324026577
324031108
324034574
324043592
324068416
324075804
324079360
324102272
324151329
324161554
324239617
324282386
324370442
324439040
324648992
324666434
324796504
324939776
325058711
325059115
325080067
325099872
325125444
325132314
325192016
325227552
325322790
325325128
325593352
325601345
325615816
325652489
326117444
326131969
326238980
326370309
326634016
326639760
327156403
327157353
327160213
327163170
327165967
327169106
327172430
327182657
327182978
327190210
327193880
327201568
327223836
327227140
327233801
327262849
327272466
327290064
327291778
327292004
327321762
327324675
327328274
327336040
327336212
327358736
327420997
327423176
327426220
327459936
327500164
327500360
327504897
327551617
327573538
327680868
327684142
327689745
327700505
327704800
327719044
327729676
327754250
327768576
327782465
327876776
327910416
327979522
327983488
328073410
328204760
328205342
328210593
328221733
328223504
328303362
328345096
328351884
328402050
328403520
328468614
328492160
328499732
328598785
328634400
328730890
328736838
328750082
328810516
329007144
329271460
329288202
329314320
329327636
329361472
329449485
329529346
329583360
329778480
329785603
329790472
329843841
329908250
329918592
330301765
330306088
330432561
330436614
330522624
330563666
331375128
331426818
331489414
331500576
331618344
331644941
331686080
331753728
331874633
331875476
331907121
331908106
331940130
332187648
332400707
332402800
332405764
332431398
332442112
332665345
333464768
333468416
333512977
333627393
333709409
334365184
334594176
335547039
335553011
335564167
335571750
335583109
335584283
335586462
335591649
335597196
335598386
335599960
335603769
335613793
335615098
335616810
335621714
335623939
335624358
335632945
335634973
335642855
335645106
335651497
335670282
335683458
335686981
335693411
335695145
335696554
335700015
335709082
335709455
335719704
335720756
335734401
335737410
335744664
335750729
335754772
335757932
335762113
335767640
335774562
335792660
335812978
335817806
335819833
335829155
335831349
335832660
335849360
335856330
335857844
335860995
335864168
335866885
335872825
335878856
335884040
335893577
335904925
335905099
335913350
335922706
335935520
335937659
335938253
335943725
335946186
335947046
335957104
335957510
335964300
335972964
335986759
335989121
336004428
336011476
336078641
336081227
336081549
336090268
336096065
336096356
336115974
336119883
336131202
336136239
336136568
336136884
336143564
336146672
336148872
336176676
336180544
336184016
336201576
336202805
336216421
336224540
336227712
336243248
336266267
336281714
336288776
336291873
336301152
336306245
336318481
336332131
336338193
336347246
336356004
336365964
336372129
336376360
336381700
336401932
336421905
336432148
336433234
336462215
336464304
336464969
336468504
336474305
336501056
336530180
336547972
336598219
336607755
336622161
336623792
336628625
336630392
336640021
336642289
336650507
336654784
336662701
336666969
336666982
336674998
336693480
336696898
336725212
336726095
336728996
336730424
336732725
336734032
336740771
336742856
336757331
336761893
336766146
336775430
336790294
336828426
336833025
336838712
336856969
336867752
336877061
336880675
336889110
336934017
336986397
336999442
337043600
337051795
337120720
337121459
337132304
337139725
337150406
337160520
337188144
337218818
337269952
337284225
337309700
337318274
337318472
337348112
337404226
337412297
337416484
337420295
337432600
337444949
337453760
337461800
337515041
337519880
337560578
337645095
337659662
337660809
337667401
337670264
337677668
337681060
337682892
337683312
337683331
337686036
337694859
337721417
337735200
337736770
337743056
337746956
337778982
337786378
337790660
337791792
337810768
337821726
337831170
337838223
337838770
337841194
337844624
337846632
337875461
337879204
337905052
337905935
337913027
337926676
337938242
337939594
337949960
337951296
337980048
337986272
338004038
338027648
338035030
338043560
338047760
338061378
338084616
338084900
338112524
338120737
338184490
338184780
338196498
338198829
338204872
338205744
338231754
338243876
338245248
338305636
338330698
338331907
338363540
338365953
338429648
338436498
338449792
338461281
338494725
338499624
338501643
338542640
338564099
338690793
338696515
338697608
338698902
338701089
338703116
338706898
338707501
338712194
338713128
338715234
338723242
338736641
338749505
338758256
338765076
338792836
338817032
338825259
338840579
338855464
338921760
338968711
338994244
338997378
339001936
339018778
339019300
339084736
339087448
339149378
339222921
339225606
339259488
339264769
339265696
339282116
339297416
339312654
339346241
339361830
339372040
339382536
339419216
339615876
339744039
339745193
339751818
339753235
339756374
339757521
339759195
339763008
339773645
339774222
339775970
339789323
339801360
339809172
339812922
339813769
339841324
339842069
339861571
339871034
339873364
339874439
339890716
339891337
339909666
340002660
340003538
340005112
340042328
340050214
340050972
340066839
340069413
340071618
340091042
340109330
340111617
340136776
340139521
340165155
340166018
340181328
340263350
340265585
340269340
340271557
340273306
340276306
340293761
340299336
340299929
340304532
340314196
340336144
340339752
340344974
340377704
340394318
340427984
340428545
340443684
340459817
340465824
340527912
340530049
340543495
340592016
340608576
340631688
340657196
340688917
340793486
340797554
340798085
340799841
340804147
340804268
340813504
340828500
340829960
340839460
340846722
340849184
340855372
340856088
340875778
340935568
340957712
340968520
340985632
340987956
341018756
341050936
341079048
341086912
341127696
341131401
341155936
341196826
341317922
341319912
341336085
341344299
341353520
341377561
341378146
341381313
341444869
341573937
341623168
341643528
341845548
341846059
341850648
341853016
341857825
341874312
341887026
341889542
341891329
341901421
341911820
341943872
341954704
341987426
341990404
342000201
342001708
342016416
342034499
342036680
342114858
342126784
342134825
342135060
342172930
342232328
342233234
342245893
342263312
342294566
342371393
342377348
342377603
342392934
342405504
342431749
342458689
342622238
342641680
342657540
342708226
342755424
342886820
342889136
342896678
342905098
342917906
342918277
342925464
342950275
342953600
342967361
343016074
343154762
343942251
343943385
343951732
343956066
343958412
343961749
343968594
343978642
343985712
343992342
344003225
344027336
344040017
344042753
344066762
344069714
344076451
344081562
344086052
344092168
344114500
344129845
344131689
344131980
344134669
344155184
344167682
344176768
344196247
344198684
344199601
344208770
344213281
344214402
344216784
344222992
344228308
344231990
344235296
344238852
344263730
344287808
344313861
344336004
344336736
344342857
344368208
344393233
344394944
344395843
344399914
344458585
344460558
344464260
344465722
344467843
344487680
344497157
344501392
344515105
344527139
344540677
344541212
344607249
344621236
344654420
344663106
344720500
344728216
344740361
344786057
344793409
344817888
344860677
344887426
344900160
344916248
344983117
344986375
344986922
344990254
344994844
345000641
345001030
345002089
345048339
345054728
345056464
345057922
345081863
345129045
345137824
345196096
345196578
345206785
345211073
345244099
345248592
345261196
345272326
345277104
345292898
345310305
345440780
345506588
345508905
345526928
345572225
345577489
345583626
345587906
345608736
345628688
345643044
345645201
345653544
345781312
345899090
346036064
346039896
346041540
346044712
346053656
346080338
346088128
346102817
346104071
346114194
346128948
346161605
346163440
346171406
346181906
346193959
346197506
346292430
346295112
346302626
346317330
346325637
346395138
346432521
346460256
346505236
346562900
346569217
346570980
346690600
346710146
346730512
346784384
346834977
347111777
347117602
347132672
347144524
347157056
347161220
347210136
347217987
347243540
347430944
347603064
347608082
347743744
348134422
348135455
348136816
348142240
348148102
348152901
348160737
348180592
348193446
348195083
348203078
348215332
348218000
348227860
348261507
348274742
348280897
348293169
348340357
348389547
348397868
348406342
348444674
348446849
348455497
348488576
348588576
348652077
348652994
348673041
348721208
348729860
348782691
348787088
348833920
348851204
348913873
348922883
349178420
349182160
349188233
349193056
349225108
349241776
349251617
349295616
349314304
349339938
349504772
349569793
349716641
349733894
349868033
349966356
349978696
350236994
350341632
350425856
350488645
350491684
350503304
350558224
350585857
350750868
350753033
350765616
350782752
350815242
350822560
351021312
351275586
351290402
351420676
351469608
351600832
352329484
352332204
352332500
352335512
352341298
352342567
352350562
352355095
352366210
352367629
352372576
352390677
352392473
352403704
352405581
352408204
352425098
352428812
352439329
352453305
352453451
352454823
352457102
352458838
352459553
352461701
352478229
352479498
352503954
352506052
352510273
352519811
352526674
352542854
352549376
352559129
352585498
352590033
352592199
352592526
352600977
352604968
352611520
352618036
352626825
352632859
352652112
352653620
352667690
352672784
352688644
352716081
352725268
352732548
352749065
352780706
352786528
352848354
352849046
352850041
352870016
352912937
352916547
352919956
352948640
352978460
352982306
352987217
352989960
353018883
353027112
353079308
353118243
353124577
353124692
353142872
353146048
353223169
353251334
353274496
353387147
353387340
353388700
353391878
353393025
353395800
353406488
353407880
353429792
353437032
353446980
353469840
353480738
353493568
353504960
353513516
353567045
353577096
353584137
353640688
353646112
353668161
353673496
353681452
353697870
353698465
353722373
353763890
353768584
353788424
353816832
353903178
353912338
353912881
353929254
353931841
353976420
353992969
354031619
354099744
354189458
354288708
354419557
354420365
354426434
354428294
354440976
354443937
354447752
354451802
354453908
354459699
354470403
354472520
354486326
354488546
354517700
354526496
354550318
354554480
354564256
354582753
354664482
354684800
354685974
354686056
354691172
354707480
354717848
354787408
354853248
354877513
354944058
354945688
354971713
354976852
354985994
355008684
355014736
355049601
355059716
355076137
355078420
355123728
355141762
355211396
355213844
355275520
355281920
355472162
355478537
355535114
355569681
355598534
355609092
355614896
355619329
355633224
355795092
355893253
356010752
356025984
356131074
356319266
356516470
356517465
356530213
356532509
356540563
356541732
356549041
356549955
356565093
356587104
356591840
356592385
356593692
356598466
356616584
356623492
356649316
356654152
356679786
356697094
356732931
356781208
356782659
356791044
356811432
356819985
356830720
356859953
356877346
356909071
356926048
356975128
357044680
357067268
357078052
357081888
357107460
357111818
357154834
357171905
357174032
357199904
357302860
357310658
357314569
357325056
357336328
357339664
357369921
357504000
357568661
357575056
357577858
357585232
357698057
357701124
357732512
357794306
357826665
357847074
357861634
358109704
358129676
358156308
358220817
358301824
358614480
358621496
358624274
358626561
358629542
358712344
358725632
358760524
358762625
358809988
358891841
358932512
358943234
358944897
358958084
359146632
359186441
359205152
359662087
359670880
359744032
359924488
359961600
360712775
360713329
360722769
360727753
360734890
360751220
360755588
360775966
360781972
360784482
360789032
360796690
360808835
360813376
360846481
360851202
360858125
360874630
360875058
360876584
360878345
360907864
360972776
360977058
360990981
361017410
361038021
361052416
361110532
361185416
361235621
361248780
361251224
361300784
361318720
361324553
361343488
361406656
361514114
361517104
361594886
361760404
361764890
361768352
361769489
361775672
361783492
361796688
361824968
361948160
361955492
361990160
362087938
362152198
362283150
362287426
362291461
362338304
362545760
362549377
362808210
362808587
362809450
362861600
362873956
362881472
363012624
363021568
363069485
363111936
363151426
363202563
363337220
363347990
363465792
363626753
363858053
363858224
363876364
363962372
364135425
364445761
364773384
364905550
364907148
364909336
364923056
364941319
364963904
364975488
365184040
365201444
365298753
365431842
365445889
365592836
365830160
365988992
366043138
366084242
366084424
366232192
367010369
367067171
367133344
367136778
367231040
367337480
367558786
367792192
368050260
369104344
369104692
369110376
369113712
369121806
369123415
369124998
369132914
369133203
369134186
369144201
369148745
369155456
369156708
369164891
369171778
369175601
369183428
369199196
369202465
369213483
369236057
369240617
369246636
369250481
369254768
369267400
369271324
369283110
369293320
369297008
369305890
369317893
369340496
369361261
369361635
369362769
369365271
369369906
369373338
369373765
369380377
369382946
369396237
369399320
369412880
369444481
369447178
369451408
369461345
369493642
369494339
369509650
369521728
369525510
369537156
369558569
369623262
369625321
369636373
369639993
369640715
369643028
369662248
369664195
369665616
369689357
369691267
369705109
369721700
369724425
369743936
369759620
369759809
369763384
369764548
369770946
369803277
369822992
369824544
369854470
369889940
369899680
369918003
369934532
369950886
369969170
370040835
370049128
370148053
370149745
370151186
370161858
370165061
370173728
370174536
370185364
370187072
370190362
370190500
370201640
370213546
370213903
370217752
370233411
370237664
370254120
370282526
370286982
370344400
370347524
370377864
370409590
370417868
370423044
370475397
370509568
370573473
370622470
370673196
370674568
370678794
370683393
370688278
370721409
370787332
370839618
370843905
370853904
370870312
370881536
370950320
370954497
371065616
371200902
371202330
371204269
371226944
371233799
371245445
371245720
371298472
371304832
371328792
371329125
371337347
371401476
371441729
371460216
371463305
371467872
371468806
371500050
371526659
371542052
371560768
371662896
371729312
371741776
371753200
371754370
371762209
371782144
371787332
371795988
371821088
371826760
371853904
371863586
371888257
371933194
371982785
371987016
372007940
372156416
372246574
372248936
372270209
372278360
372289808
372312216
372315170
372375860
372387976
372415488
372417088
372442369
372461584
372510757
372515352
372588616
372642050
372772128
372850721
372904452
373309795
373310192
373312680
373313848
373320210
373322497
373327244
373337156
373364840
373367648
373380612
373392936
373397633
373407796
373426852
373431440
373457074
373457221
373474321
373492488
373498886
373507264
373561792
373564468
373588046
373598496
373605472
373678592
373686929
373691680
373704737
373823240
373825817
373828866
373842568
373850277
373874694
373920258
374083681
374089808
374153476
374276162
374348833
374350406
374477346
374505752
374546441
374604178
374608976
374620428
374628417
374673568
374702097
374866003
374869124
374899296
374974464
375013444
375391458
375408714
375410701
375459862
375464129
375488778
375537812
375587361
375664643
375687312
375784516
375939168
375981104
376049688
376178697
376324352
376459840
376506688
376602630
376702466
377491667
377493645
377497225
377505062
377506209
377521060
377528646
377541137
377554076
377562896
377595010
377619002
377619654
377629732
377631000
377643082
377651601
377665024
377684739
377692864
377753154
377760009
377766001
377796624
377815378
377817102
377819236
377823777
377882792
377930016
378013874
378016112
378020456
378032396
378062884
378085395
378098816
378114068
378153728
378308737
378536778
378538531
378540198
378568757
378628100
378637376
378668928
378669204
378716290
378834947
378930248
378948096
379061441
379191303
379225120
379322692
379330594
379519104
379586837
379597872
379601704
379635970
379641868
379716172
379733025
379736704
379786304
379813906
379913600
380114950
380125761
380404744
380437008
380643408
380649498
380731905
380901504
381198464
381223170
381684056
381685508
381686857
381693994
381698156
381699472
381757576
381813216
381847618
381977106
382028800
382075156
382144520
382255424
382277888
382354434
382468362
382468768
382734609
382734860
382754864
382781441
382927888
383254680
383779122
383780369
383787650
383811780
383820033
383873024
384958593
385122336
385876892
385879244
385883192
385888932
385890112
385897569
385909038
385927189
385934384
385941811
385941961
385959448
385966124
385991746
386008147
386010497
386041412
386052354
386084993
386106240
386116608
386139655
386147370
386148738
386155848
386159184
386177058
386192388
386204756
386209801
386236472
386269334
386271816
386277473
386306065
386339330
386406721
386408502
386425217
386443360
386465898
386475272
386478608
386500752
386549794
386551880
386666776
386680968
386752576
386859265
386925962
386929298
386933507
386953236
386958881
386992210
387056678
387061008
387121681
387187492
387203266
387228288
387453096
387497994
387522690
387612804
387975873
387977993
387985422
387990068
388009224
388012560
388065281
388080130
388173860
388251683
388286528
388399114
388518018
388538628
388890784
389041156
389056642
389088448
389169416
389292352
389546012
389560320
390071593
390072347
390074929
390104848
390111749
390136978
390154246
390201560
390268976
390332784
390349321
390365377
390599809
390668321
390727692
390873124
391119011
391127592
391137376
391217220
391455744
391660800
392171936
392193536
392202273
392566784
392692544
393052160
393265168
394270218
394299840
394333824
394363909
394395787
394396940
394400276
394414104
394552064
394560770
394674244
394789584
394953217
394993668
395330054
395333920
395354177
395448512
395454466
395840528
396378448
396395104
396427398
396501280
396527620
396628228
396632193
396890145
396953608
398465600
398469140
398479496
398540865
398589989
398987282
398992448
399507844
400097792
401605640
402656115
402662063
402680026
402682443
402699970
402700617
402704022
402704415
402706835
402714709
402725941
402728306
402733326
402737273
402741672
402744851
402751799
402752397
402754374
402757722
402760733
402778636
402780298
402780464
402790089
402790958
402796305
402797607
402801906
402810212
402810933
402813580
402817766
402820216
402821199
402831460
402836866
402840193
402856672
402867078
402868564
402871363
402874936
402880521
402891160
402899211
402907713
402920758
402922691
402924758
402927130
402928081
402930082
402933933
402941105
402954629
402955432
402961060
402964892
402966401
402975012
402981109
402990980
402995396
403002629
403016488
403018060
403047195
403049109
403055218
403077126
403079634
403103912
403112263
403112493
403114570
403132578
403139600
403183367
403188871
403197345
403205680
403211992
403212473
403215148
403216864
403218703
403219572
403227219
403235652
403246676
403247813
403264649
403265555
403275885
403282978
403310004
403317473
403319849
403325745
403327047
403328832
403341731
403346457
403348226
403365962
403378282
403425824
403441181
403442010
403442021
403456570
403472618
403512833
403538467
403576194
403579668
403612678
403613825
403619892
403705159
403705485
403708145
403723820
403728833
403732760
403739092
403746873
403751257
403753068
403765824
403771731
403780705
403783966
403786392
403800651
403803905
403808880
403809444
403812613
403844170
403856898
403857671
403876016
403901009
403901588
403907148
403919048
403940672
403967792
403970828
403972127
403972468
403972792
403975748
404000807
404013362
404023313
404026372
404034700
404052001
404070600
404080136
404101272
404102464
404112288
404130057
404140304
404145185
404161826
404172840
404227635
404237536
404239200
404251661
404281088
404310338
404325521
404330564
404357962
404367684
404390256
404402689
404409352
404423429
404423768
404424715
404440100
404475906
404493424
404522372
404522562
404554025
404556672
404570260
404631618
404656288
404754118
404755547
404760149
404761699
404768039
404771178
404775777
404780480
404784779
404787318
404795816
404800684
404805125
404817716
404820440
404824994
404850116
404862081
404883282
404889806
404890381
404902023
404905056
404927506
404949412
404963418
404967468
404979859
404984386
404996448
405014248
405014710
405019205
405078187
405083906
405090329
405096978
405144668
405148713
405162243
405212225
405219362
405278033
405284366
405285170
405285513
405291187
405291676
405298048
405324512
405344436
405363716
405389350
405408104
405412036
405425296
405432834
405434392
405447840
405459204
405473152
405545356
405549156
405562498
405570616
405573840
405605536
405619205
405709320
405735696
405799546
405801801
405806370
405807537
405808236
405809702
405827073
405832014
405866177
405872852
405889035
405901340
405931557
405932712
405942660
405954856
405967041
405967648
405979288
406028329
406074528
406075412
406077966
406093909
406103568
406131296
406147456
406208788
406260228
406326036
406332498
406341673
406364233
406388849
406454295
406460464
406536768
406585509
406587137
406589714
406651972
406859931
406867252
406868174
406870341
406872773
406887558
406889562
406901640
406905072
406917740
406919939
406921295
406938792
406946154
406948500
406949088
406972674
406981104
406981315
406981452
406988440
406991192
406993064
406996487
407016800
407027758
407033922
407048642
407051332
407055744
407056902
407093444
407097368
407121157
407133442
407140496
407142927
407143090
407144788
407152224
407154710
407186080
407192464
407211020
407225361
407253792
407254028
407274633
407276056
407314698
407329280
407372693
407374506
407375052
407381315
407382225
407385668
407389026
407390610
407392285
407393922
407397524
407405591
407433219
407454219
407471396
407475008
407503446
407510145
407529729
407539860
407571970
407574792
407585184
407640168
407642544
407703590
407703704
407732610
407766600
407784452
407806032
407920726
407921036
407923746
407931288
407964258
407966624
407983680
407999491
408027229
408037124
408040496
408064262
408068163
408093073
408159046
408161368
408166016
408195624
408203393
408225799
408227913
408232980
408371248
408422981
408434698
408453569
408469530
408479748
408521224
408554768
408571969
408576528
408585284
408691464
408703492
408717600
408813582
408950940
408954903
408956068
408961508
408966289
408995090
409007112
409026710
409030400
409044514
409055300
409059465
409081476
409093258
409100338
409101377
409108869
409116700
409125456
409142293
409142376
409178272
409207069
409217100
409241348
409248003
409272972
409278530
409305114
409344384
409355808
409470640
409472026
409477720
409486406
409502342
409536774
409600226
409602596
409604617
409731651
409744000
409751809
410007809
410010312
410014211
410058798
410087456
410099984
410124570
410127936
410198152
410264585
410338306
410386753
411048215
411052837
411060940
411061801
411066744
411067794
411073539
411078163
411080098
411083654
411095590
411096216
411105412
411108977
411111979
411115074
411119788
411128017
411129632
411132610
411138144
411146888
411150672
411156805
411176610
411181538
411199530
411201712
411226440
411239272
411239482
411248840
411251792
411277600
411305637
411324164
411336825
411341837
411345173
411345484
411359280
411381810
411396480
411403523
411404310
411406497
411415296
411437473
411449409
411472962
411479552
411517961
411567307
411568286
411570573
411571286
411573292
411583765
411591553
411595018
411615529
411617936
411632451
411633120
411651082
411652620
411763376
411779346
411832419
411835168
411839106
411841668
411880449
411881856
411885586
411898129
411926668
411967499
411992833
412092534
412094821
412100296
412101187
412102734
412114112
412147873
412158628
412160312
412173445
412198921
412234761
412236320
412240017
412254776
412321282
412336512
412353619
412373129
412377132
412385704
412391682
412420417
412422661
412450916
412549904
412614892
412626965
412632736
412650017
412656664
412663892
412687616
412713250
412877505
412879878
412886049
412893954
413009040
413026336
413141039
413145456
413150864
413152298
413156938
413161737
413184515
413188154
413197569
413205015
413206620
413221258
413270929
413287728
413311025
413354497
413361154
413401754
413409351
413411594
413420192
413426712
413450761
413467013
413507728
413540456
413598400
413666821
413671608
413673248
413680080
413709376
413761729
413811240
413827154
413926000
413935633
413995080
414077952
414187677
414192450
414209057
414220563
414221920
414253857
414259203
414376448
414450740
414452872
414494728
414728721
414778408
414793988
414846986
414876673
415241680
415242660
415247444
415251208
415265828
415269705
415277872
415279118
415286370
415302414
415310276
415312402
415320226
415340549
415386496
415387938
415399963
415412354
415433353
415466768
415500363
415511569
415523362
415612968
415629496
415696002
415793764
415795459
415891793
415900690
415909056
415928360
416022860
416025984
416039560
416106512
416287080
416296065
416301848
416322580
416336386
416374801
416451616
416711296
416809268
416814114
416848000
417336642
417403928
417407241
417415748
417629376
417670176
417751168
417796097
417866114
417878034
417906760
418152468
418185984
418382917
418390568
418398384
418457664
418517072
418646544
418648070
419435768
419436388
419442096
419445076
419449131
419453578
419456142
419472677
419473557
419480156
419481137
419481968
419496285
419496851
419497067
419498226
419499401
419499558
419500513
419517586
419524645
419533446
419537219
419549282
419552512
419565125
419565938
419566243
419570070
419578309
419580312
419591744
419596164
419596460
419611674
419621892
419632292
419635341
419651808
419659978
419663368
419692967
419706178
419706929
419718024
419729840
419735634
419750921
419775558
419777120
419779201
419794965
419828817
419832108
419840023
419859744
419897617
419955625
419963249
419966722
419967202
419975497
419977424
419981700
419988526
419990090
420020538
420023052
420027464
420091432
420095424
420096038
420096536
420107284
420184593
420217494
420218084
420220943
420234499
420236048
420250464
420262024
420282953
420331530
420350036
420385284
420417728
420479790
420486185
420487957
420495541
420499527
420507816
420517249
420517448
420517940
420522760
420528962
420546216
420556304
420595715
420612867
420616608
420619348
420659213
420675635
420692744
420708628
420741325
420749955
420758057
420775120
420786272
420807194
420831266
420872536
420884485
420898048
420913162
421007516
421012164
421016582
421017729
421019754
421085744
421086273
421101792
421151361
421168386
421169217
421191712
421305344
421306388
421416968
421544275
421544880
421545076
421547201
421554338
421556756
421569176
421574176
421599288
421603136
421626529
421631056
421650449
421663308
421673224
421691721
421691954
421711905
421724430
421734480
421744912
421792208
421799188
421811336
421828618
421830852
421843712
421925012
421930497
421937208
422004864
422054282
422065169
422085778
422117986
422122784
422133836
422136065
422215780
422348805
422381072
422510625
422578277
422581444
422590530
422595204
422642961
422652192
422707737
422725642
422905928
422936834
422970498
423100707
423113224
423149832
423231888
423503872
423626442
423627293
423634022
423652672
423661796
423665945
423668227
423695877
423696784
423698740
423700618
423760907
423772745
423772836
423827490
423921864
423964675
423976984
423987248
424019476
424028736
424067329
424084800
424150356
424157214
424172033
424181880
424185348
424215577
424216740
424248386
424283232
424284452
424315264
424326144
424416274
424419876
424448065
424461344
424493316
424676048
424695072
424709138
424714656
424739649
424740228
424761352
424805168
424809026
424810513
424823936
424838657
424912896
424939912
424945704
424984582
425068804
425074832
425209936
425231496
425476113
425726738
425739277
425746694
425771560
425790467
425824520
425927200
425985066
425986817
426016913
426115142
426263936
426315906
426409994
426516800
426789136
426804260
426844165
426885184
427036720
427820835
427825797
427828749
427839578
427844177
427851958
427854948
427856650
427866136
427870470
427894853
427897218
427901233
427926036
427950808
427952458
427967649
427983457
427990144
428026912
428064848
428085804
428087520
428114115
428116864
428147042
428147992
428148881
428154894
428218882
428343750
428344858
428351635
428380864
428384808
428445956
428466304
428474425
428524034
428540931
428632072
428749056
428868976
428870036
428876338
428885068
428910784
429023256
429072897
429131811
429151744
429261864
429396737
429424651
429457736
429459474
429559824
429752832
429919254
429921541
429924708
429928648
429932828
429937248
429949776
430014568
430088450
430112930
430189060
430272512
430277636
430441569
430441612
430458928
430596097
430739488
431017986
431030342
431030928
431112512
431236160
431489572
432020528
432021609
432029908
432046476
432064128
432066577
432162828
432169026
432313600
432345664
432439330
432548128
432554022
432612864
432930945
433071114
433078657
433262596
433389728
433719808
433848386
434110578
434113154
434114721
434242312
434243649
434392064
434668033
434831376
436215460
436218460
436218792
436221132
436225179
436227410
436236402
436240839
436241077
436241998
436243145
436249115
436249809
436249898
436262953
436267078
436275531
436275854
436277478
436283169
436290273
436290772
436304640
436310129
436316264
436326984
436338923
436345869
436353666
436359632
436389640
436390209
436396578
436408504
436414981
436420647
436441221
436474981
436482217
436486964
436487820
436494605
436504930
436507267
436521482
436530304
436536440
436543968
436559894
436565024
436568658
436577552
436603084
436606470
436629521
436635685
436675720
436748748
436748935
436753482
436754724
436757036
436758081
436767772
436777856
436800304
436804752
436830386
436835844
436848772
436864708
436875428
436889680
436930660
436941057
436944924
436978752
436998484
437008648
437027145
437037572
437047301
437059854
437060241
437078025
437128210
437129824
437143936
437257525
437265234
437269034
437286528
437292228
437293228
437294162
437299489
437331987
437338472
437338897
437357578
437426179
437440532
437458688
437461284
437494400
437521000
437522581
437523715
437651024
437683212
437731457
437782918
437801122
437805105
437822467
437883144
437912961
437919770
437977634
438059288
438077584
438173765
438305210
438309285
438316057
438321261
438323747
438327384
438346072
438351108
438371715
438373576
438383140
438403087
438419856
438436465
438440259
438452505
438468886
438489098
438502036
438507553
438530176
438570028
438572432
438577345
438577936
438584194
438617091
438648881
438665380
438704648
438706756
438767634
438830633
438836738
438839904
438846816
438867080
438870149
438894869
438912018
438994448
439033922
439255170
439355204
439380104
439387009
439394528
439405584
439419276
439421698
439421957
439444544
439486672
439489560
439551136
439554116
439619784
439624710
439689473
439718912
439762978
439895172
439914529
440010764
440148008
440189440
440402393
440406669
440408650
440415618
440421009
440421956
440423648
440434846
440436144
440446480
440472618
440472852
440477976
440480448
440494116
440533350
440535091
440541800
440550788
440557699
440566545
440600100
440633920
440665874
440672314
440762629
440796040
440801360
440844306
440863008
440927442
440940549
440959754
440969352
440975920
440976513
441098500
441155593
441196614
441254440
441320481
441454646
441459364
441470209
441484392
441491477
441518248
441525768
441585960
441591814
441630880
441713180
441722144
441754114
441779392
441792512
441846273
441868296
441999552
442009666
442110592
442302482
442501236
442504032
442506305
442513442
442515994
442548492
442556929
442581313
442714128
442794568
442828289
442835074
442847240
442896420
442903552
443023499
443029776
443089092
443225088
443302032
443554308
443695109
443818064
444599649
444604811
444608817
444615190
444617477
444634657
444635330
444645517
444662612
444663442
444686409
444707848
444729656
444730952
444760714
444761157
444764210
444768404
444796162
444858478
444860818
444865556
444868136
444875938
444895524
444924681
444935232
444973572
444990019
444990912
445125288
445127248
445129766
445130913
445137076
445139720
445218890
445256992
445306880
445383556
445415960
445452418
445554720
445649433
445656076
445661796
445727792
445731330
445811456
445907184
445925381
445931840
446048384
446103562
446169614
446170434
446171209
446235024
446236161
446325760
446694628
446697742
446702220
446718512
446779412
446796033
446825483
446851328
446898200
446961216
447250756
447250978
447300224
447361536
447498242
447754258
447758529
447842336
447905864
448791266
448794695
448798998
448856093
448897027
448943120
448993408
449055552
449057048
449087648
449105984
449134850
449323120
449323529
449332236
449400833
449710088
449844360
449855530
449884416
450035777
450461700
450625793
450890113
450921104
450921478
451149843
451217412
451313920
451412264
452003072
452067842
452985580
452988568
452992448
452997900
452998196
453006609
453021987
453030465
453054603
453056534
453061186
453068192
453071172
453083690
453085457
453091716
453115998
453138480
453140521
453151810
453153160
453190674
453202952
453215265
453247091
453247813
453265436
453267620
453283329
453316904
453321733
453346434
453398786
453411520
453425152
453443636
453510818
453511363
453513798
453528616
453546010
453547104
453574872
453591810
453644433
453708416
453779746
453804193
454035514
454042945
454052417
454083844
454090770
454100068
454124036
454174992
454295830
454298784
454301764
454379776
454393921
454435360
454559252
454705158
454722056
454822402
455083185
455086165
455090215
455115556
455147888
455164037
455215241
455217376
455279361
455348770
455368714
455385136
455606803
455608468
455631120
455940096
455999752
456136193
456171532
456212504
456394769
456675392
457180357
457182222
457188225
457195704
457261075
457319584
457322564
457400576
457408518
457467905
457475096
457574530
457732104
457752644
457771328
457843202
457970432
458245634
458326544
458360904
458752044
458763264
459277904
459298944
459383808
459415569
459948064
460325312
460783616
461378694
461406727
461407400
461410380
461430820
461457600
461488392
461513536
461574210
461648512
461770761
461914250
461915216
461932288
461940738
462031105
462422944
462585985
462718984
462958624
463480192
463480872
463488516
463503385
463749377
463995464
464520226
464525568
465305728
465584480
465602640
465634376
465635841
465699216
465739784
465830410
466617361
466886660
468193284
469765740
469766036
469774748
469775080
469781274
469783567
469786854
469789777
469793057
469795305
469799523
469805637
469815461
469818388
469828014
469831831
469838101
469845704
469846595
469856802
469862937
469869330
469876814
469886048
469893973
469894547
469903753
469911065
469922856
469927979
469934103
469966961
469967498
469971360
469973058
469975209
469996616
470008837
470024798
470025771
470030000
470034537
470043794
470045572
470049155
470059313
470059654
470060624
470068482
470073877
470157538
470163621
470171918
470178064
470193412
470208521
470254752
470258192
470290898
470296662
470300033
470303348
470303941
470312198
470313128
470322370
470322976
470328841
470331480
470337797
470342152
470343825
470360124
470402072
470429188
470452300
470466694
470483396
470488097
470489108
470559168
470560787
470567553
470599714
470614211
470618464
470647364
470688864
470696136
470737152
470812514
470818369
470821162
470827448
470831881
470833226
470837780
470857864
470879267
470887232
470901377
470915344
470926084
470945060
470947973
470954192
470954754
470960673
470966345
470967428
470982924
470991370
471031826
471058496
471074876
471106376
471110673
471114792
471139075
471139664
471224356
471269768
471335015
471335195
471361539
471371798
471376544
471402116
471467050
471468688
471601800
471672864
471863853
471865514
471870026
471886224
471894976
471925091
471928082
471931652
471933989
471934104
471947456
471974530
471996931
472000568
472008717
472027276
472077824
472088660
472134736
472144897
472154220
472159266
472166405
472195396
472204328
472255620
472389729
472395910
472408840
472421121
472432962
472453146
472482819
472514713
472524048
472646434
472649224
472662097
472910932
472924741
472926560
472928306
472940724
472950144
472962112
472978441
472991750
473043974
473170832
473199104
473268353
473333778
473375744
473437728
473452673
473498016
473571361
473957533
473961804
473966102
473966982
473983584
473998467
473999412
474013709
474029344
474051585
474067464
474096576
474121740
474153244
474156041
474158098
474218835
474224665
474225188
474227912
474230882
474244864
474272896
474286408
474304532
474366594
474382632
474493224
474497417
474498098
474505552
474518538
474546912
474565760
474612280
474618432
474633472
474710050
474747909
474767370
474847232
474939905
475008522
475014417
475023556
475038245
475043936
475070674
475082884
475087137
475137217
475152706
475268134
475402243
475534480
475547137
475564049
475791952
476053703
476054283
476087408
476121264
476123713
476188976
476228096
476233731
476317057
476324400
476610728
476790788
476842114
476881920
477176322
477233684
477304832
477413384
477627656
477630532
478150991
478152933
478155827
478159641
478162058
478165510
478167730
478172482
478172801
478184756
478189713
478194080
478218690
478225988
478226984
478252164
478285944
478291489
478292560
478331104
478331664
478341121
478348609
478367754
478419336
478421826
478423188
478449985
478462982
478479434
478482694
478488579
478494884
478495256
478556680
478692456
478720036
478773297
478813186
478840192
478938386
478959620
478975488
479219988
479245314
479268962
479290376
479333400
479367744
479401088
479592497
479742336
479748672
479756421
479855113
480067585
480248532
480250953
480256054
480265604
480272425
480325904
480329840
480347904
480354370
480380002
480407616
480452737
480543106
480641316
480708616
480772769
480774424
480837645
480839714
480890880
480903686
481297923
481298956
481307680
481429761
481558570
481563904
482115648
482345896
482347066
482357509
482363413
482366024
482382098
482397440
482443352
482542146
482610272
482623792
482642433
482713604
482740482
482742464
482873475
482877580
482883600
482910273
482934806
482939968
483394193
483401828
483426442
483655693
483663890
483804160
484114688
484443282
484446754
484468738
484491300
484589592
486539764
486545768
486549104
486550556
486554496
486566409
486572175
486572753
486592568
486596884
486613511
486614209
486643777
486675650
486678819
486682650
486689540
486695568
486706193
486711844
486735974
486737680
486740489
486770946
486801594
486818853
486830092
486859266
486873218
486875936
486900160
486913024
486935562
486959136
486965276
487000069
487065409
487066001
487069746
487080236
487117825
487163944
487211019
487329028
487335056
487362818
487474688
487522322
487588887
487590157
487596185
487628870
487638050
487653972
487687180
487719564
487735569
487854369
487858564
487981633
488114376
488141056
488311808
488375305
488638790
488640899
488644818
488658980
488670726
488710186
488712324
488734981
488767912
488784450
488907017
489034048
489186336
489202240
489242768
489296512
489423938
489685067
489689368
489702920
489861120
489980448
490487812
490737281
490737710
490754241
490766874
490772740
490778768
490816522
490818064
490866836
490882128
490918400
490963073
491001352
491029572
491276354
491454536
491524256
491792449
491819017
491848752
491929640
492307328
492732416
492832856
492867650
493109266
493158496
493355060
493362176
493904000
494938386
494970176
494993491
494995748
495001776
495010836
495079808
495141408
495191744
495231009
495329410
495469188
495485026
495521928
495585440
495587393
495715080
495780896
495980288
495981604
495994960
496026113
496042025
497041698
497043592
497093184
497095682
497291777
498073824
498606096
499123012
499224608
499450113
499648521
499680272
500172806
500183552
501228548
502300928
503317368
503323056
503326036
503328448
503330860
503343237
503351379
503352358
503355138
503368352
503374024
503382582
503401484
503402521
503427078
503441424
503448079
503448481
503465012
503466088
503482520
503492641
503531650
503545900
503580811
503585537
503611674
503612549
503615712
503646416
503653890
503685129
503719169
503750722
503776064
503782400
503843365
503844907
503849037
503874188
503890017
503907409
503908936
503939457
503974154
503992338
504103336
504238092
504369601
504373857
504374322
504381532
504414215
504437280
504442952
504483968
504517633
504562754
504725538
504766484
504898308
504908864
504958981
505196544
505414686
505426561
505431809
505455144
505467168
505484420
505544870
505548320
505553992
505595008
505614600
505696262
505700512
505840129
505948417
505987092
506070021
506204208
506487042
506529296
506757380
506987200
507215872
507512387
507513634
507519306
507536408
507544148
507560322
507578437
507610432
507646090
507774998
507783688
507904073
508035335
508036196
508055684
508201984
508231824
508581904
508593792
508629250
508692864
508838432
509165576
509616420
509689890
509740290
509935888
510151168
510656568
510669824
511715426
511755840
511775616
511805954
511842624
511903761
511967523
511969840
511975512
511987752
512016528
512234520
512241856
512254240
512376961
512491541
512770696
512787713
512795152
512819396
512885010
513017348
513085456
513802696
514129985
514196496
514329728
514334730
514859013
514986016
515915858
515924484
515966081
516166658
516170112
516424464
517474336
518002696
518651968
521699600
521797728
526451208
526647428
528497664
528506883
