831
15555
16176
52284
53184
61491
62220
199884
200451
208911
209136
245955
246576
261120
789519
789744
798780
799680
835788
836355
983091
983820
3148851
3149580
3158220
3158787
3194895
3195120
3342396
3343296
3932355
3932976
3984384
4141056
22151588
22151768
23134616
23134820
26280296
26280596
27394388
27394728
34947210
35029062
35225673
35274885
36012165
36061257
36257862
36339850
54804770
54821393
59261201
59277858
67458305
67480065
67528962
67540482
67724802
67737858
67787265
67806465
101718408
101721672
102766212
102771012
121709600
121772048
134568450
134587650
134637057
134650113
134834433
134845953
134894850
134916610
168827460
168830340
169874760
169880200
193008656
193079328
213924864
213959424
214106304
214695984
217055235
272712725
272730153
272779302
272794650
276908058
276923430
276972585
276989973
286295681
286296386
287327810
287328641
307758240
308545632
311691408
313001040
319097096
319161860
340005140
340271652
344203800
344461608
354820160
355012736
385900553
385912838
407118120
407376408
411308580
411574548
420876416
421077056
541148202
541165590
541214745
541230117
545343525
545358873
545408022
545425450
554714498
554715713
555779393
555780738
576194640
576980112
580125792
581437600
587793668
587860488
608440872
608706840
612639012
612897300
622141568
622465088
675553812
675811620
679743768
680010280
690294848
690626688
721440773
721461258
817889295
817941504
818086656
818675904
821047296
1006633020
1006633155
1006841856
1007422464
1009827840
1079332880
1079681040
1080463392
1080647712
1083596832
1083805728
1084596240
1084903440
1090818692
1090822472
1091064392
1091068292
1111494810
1111498854
1115689065
1115693205
1125196034
1125257729
1146094865
1147144737
1150290450
1151337762
1157760137
1157761094
1192788992
1193560064
1213204770
1214252562
1217398305
1218447633
1224803462
1224804425
1343493125
1343760393
1344546822
1344803850
1375839360
1375885440
1410416900
1411547652
1443365505
1477607688
1478574600
1497399440
1501577312
1510211970
1611932682
1612191750
1612978185
1613243397
1644259392
1644336192
1678918152
1679917320
1698725984
1702903952
1711538754
1745977860
1747075332
1778909505
2153095200
2153402400
2154192912
2154401808
2157350928
2157535248
2158317600
2158665760
2164543880
2164548164
2164822340
2164826760
2185236645
2185240665
2189430870
2189435050
2199982337
2200052226
2219836962
2220886290
2224032033
2225079825
2231436362
2231437445
2286946833
2287994145
2291139858
2292189730
2298610757
2298611850
2333361152
2334689280
2417235978
2417501190
2418287625
2418546693
2449578048
2449630272
2484175368
2485272840
2504016032
2508226640
2517107010
2551333380
2552332548
2583953985
2685675525
2685932553
2686718982
2686986250
2717996160
2718083200
2752676100
2753643012
2785280385
2819703048
2820833800
2839560272
2843771040
2852651650
3233808435
3233869824
3234008064
3234595584
3236954124
3422552268
3422552835
3422797824
3423350784
3425697840
4026532080
4026532620
4026534915
4027367424
4029874176
4296086609
4296091809
4296153234
4296156258
4297136226
4297139346
4297200801
4297205841
4315948553
4315949318
4320138758
4320139529
4328809512
4328822808
4329068580
4329088020
4363403600
4363682448
4364468832
4364714400
4387667972
4387848200
4395696678
4395761946
4418699393
4421845058
4430528928
4430774880
4431561360
4431839568
4450566152
4450779140
4462805289
4462871061
4568666180
4569735300
4572880968
4573909128
4580336144
4580348192
4601810946
4605681666
4672489728
4714661921
4714923026
4735388160
4837118088
4838154312
4841300100
4842360900
4848705824
4848718352
4869988353
4874375169
4915988498
4916249633
4936730112
5008016640
5373183041
5373462657
5377394754
5377639554
5408687112
5411768328
5419042448
5419043168
5440082240
5444346432
5507260800
5511385728
5520760868
5521805336
5637472340
5637800100
5672828961
5905973400
5906169960
5929173248
5932057088
5940199458
6446941314
6447188034
6451120257
6451397697
6481381380
6486557700
6513889920
6518022528
6527393816
6528438308
6580937280
6585192768
6711279720
6711476376
6734217728
6737625344
6745522194
6979649700
6979977300
7014989841
8591053986
8591059026
8591120481
8591123601
8592103569
8592106593
8592168018
8592173218
8610911498
8610912773
8615109893
8615111178
8623777812
8623789092
8624034840
8624056360
8658371232
8658649440
8659435920
8659681872
8678375432
8678686724
8690663961
8690729253
8725496400
8725741968
8726528352
8726807200
8749662212
8750006280
8757772566
8757838378
8779726913
8784969858
8863637640
8864698440
8867844228
8868880452
8875233824
8875254032
8896716801
8900710401
8942519330
8942782481
8967439872
9030370560
9132089412
9133117572
9136263240
9137332360
9143734544
9143755296
9164886018
9169412098
9231681792
9278063633
9278326818
9303001600
9668151426
9668428866
9672361089
9672607809
9703589892
9706800132
9735053952
9739309440
9748615208
9749667860
9802224192
9806356800
9932439720
9932767320
9954656768
9959637248
9967779858
10200940644
10201137300
10235183121
10741909569
10742154369
10746086466
10746366082
10776282120
10781591560
10787751248
10787752608
10808860992
10812985920
10875900288
10880164480
10889465876
10890518568
11006247060
11006443620
11040473121
11274616920
11274944680
11296571648
11302076928
11309973538
12897484860
12897484995
12897693696
12898274304
12900679680
13086228720
13086229260
13086231555
13087064064
13089570816
13690209072
13690211340
13690220547
13691191296
13693354176
16106128320
16106130480
16106139660
16106176515
16110059520
16320036864
17184396356
17184467076
17184663624
17184724104
17188594824
17188657224
17188853892
17188922436
17198225936
17198228768
17199012128
17199015440
17218705410
17219740674
17222887425
17223947265
17251189061
17251205769
17255383686
17255399754
17265950753
17265999890
17287414272
17290363392
17297572004
17297834072
17318298186
17318314374
17322492297
17322508869
17332011026
17332060193
17353539840
17358455040
17448587345
17448607905
17448853650
17448865890
17483046936
17484025896
17502839360
17507029376
17515480400
17515547280
17582590560
17582654880
17605593092
17608737800
17717026914
17717039250
17717285025
17717305425
17751416868
17752526868
17783916960
17783981664
17806918664
17810065412
17851025040
17851091280
18254677076
18254694564
18255726744
18255742056
18278877440
18278925824
18287560722
18287756322
18354315792
18409332737
18413260802
18421404192
18527354945
18532663425
18564546564
18796904514
18799984770
18807259433
18807259670
18828525576
19328419944
19328435352
19329467556
19329484884
19348424192
19348474112
19361237025
19361563665
19415961602
19419897857
19428040992
19495162128
19602145410
19605356610
19612565798
19612566041
19634077704
19869597825
19874775105
19906445316
21480341525
21481652265
21484797990
21485584410
21492204161
21492269378
21512749152
21516861600
21526249988
21527281928
21625858112
21625869440
21744665600
21746058240
21776828553
21811433729
21879595521
22013429760
22014167040
22045262922
22080921858
22146978306
22548664325
22548750345
22584762432
22615950596
22683322884
22821213200
23093848080
23622426630
23622471690
23657193600
23689955592
23756801544
23899153440
24075370496
24163391520
25775570970
25776357414
25779503145
25780813845
25786909250
25786974593
25807650960
25811894352
25853715584
25853728832
26039912448
26040748032
26071794822
26107449858
26173513986
26308150272
26309379072
26340231237
26374840833
26442993921
26843648010
26843701254
26878677120
26911180296
26978027784
27120375840
27384620064
27497922560
27917377545
27917455365
27953205312
27984660996
28052030724
28189927440
28462552080
34364266632
34364335176
34364531844
34364594244
34368464964
34368525444
34368721992
34368792712
34377831968
34377836816
34379142416
34379147808
34398577665
34399606785
34402751490
34403821570
34431058314
34431074886
34435252809
34435268997
34444754978
34444836881
34467086592
34470428928
34498167429
34498183497
34502361414
34502378122
34512912401
34512994338
34533081600
34538652160
34544549972
34544812200
34628456610
34628477010
34628722785
34628735121
34662912036
34663899156
34695349920
34695416160
34717304840
34722546692
34762459536
34762524240
34896896145
34896908385
34897154130
34897174690
34931281944
34932400168
34951139648
34955338368
34963786320
34963850640
35030893920
35030960800
35052848132
35058092040
35434546344
35434563672
35435595876
35435611284
35454536192
35454616832
35467428897
35467626513
35521830914
35526283265
35534180640
35601277200
35707289730
35712467010
35718693146
35718693413
35744137224
35976708225
35979919425
36008640516
36508289172
36508304484
36509336664
36509354152
36532471040
36532554240
36541105170
36541433890
36607906320
36662677505
36667138050
36675035680
36782080065
36785160321
36813701124
37049401410
37054709890
37060870421
37060870698
37086593032
38660210730
38661521430
38664667161
38665453605
38671810946
38671876673
38692602000
38696747088
38738614400
38738633792
38924617728
38925846528
38956697670
38991307266
39059460354
39193248768
39194084352
39225132165
39260787201
39326851329
39728537610
39728615430
39764365440
39795821064
39863190792
40001087520
40114454528
40273712160
40802291721
40802344965
40837320768
40869824004
40936671492
41079019536
41343263760
42955440165
42956226585
42959372310
42960683050
42967040321
42967106178
42987503712
42991780000
43001069828
43002135048
43100689472
43100711040
43219829760
43220567040
43251663945
43287322881
43353379329
43487938560
43489331200
43520100490
43554705666
43622867458
44023521285
44023566345
44058288192
44091050244
44157896196
44300248080
44564486160
45097242630
45097328650
45133340800
45164528904
45231901192
45369791520
45642426400
45818707968
51552190668
51552191235
51552436224
51552989184
51555336240
51740934960
51740937228
51740946435
51741917184
51744080064
52344914880
52344917040
52344926220
52344963075
52348846080
54760836288
54760845360
54760882188
54761029635
54763979520
64424513280
64424521920
64424558640
64424706060
64425295875
68719740245
68719740585
68719741350
68719741530
68720002458
68720002662
68720003433
68720003733
68742940673
68743136258
68746085378
68746283009
68754179616
68754229536
68755212816
68755293456
68774021192
68774036612
68786671700
68786692260
68786741400
68786753640
68812841216
68813869568
68821721106
68822503458
68853784680
68853797016
68853846180
68853866580
68875751936
68876787968
68888567841
68889874449
68992450880
68992795200
68996727168
68996907648
69007081508
69007327256
69027758598
69030904074
69038309537
69038374994
69059220545
69063420033
69126334530
69130523778
69260952192
69261164928
69265097280
69265408320
69274468376
69274714148
69295145481
69300388101
69327660162
69331851330
69394765953
69398963265
69810034721
69810037778
69831501312
69835430400
69865832516
69871337604
69902434305
69934252104
69937135752
69944607248
69944803616
69965283330
70062707024
70063760016
70229428260
70331146848
70332191136
70351200260
70355324936
70430754840
70883760146
70883763233
70904981760
70909433088
70940622984
70944030792
70951239968
70951436816
70971965442
71006945412
71011926084
71043203073
71136453024
71137497696
71156502536
71160635396
71236060200
71404884624
71405936976
71571604500
73015824644
73016156676
73016942856
73017135624
73039880336
73040138336
73048023618
73048035714
73082618885
73083684873
73115764800
73149745158
73150776330
73182546048
73355296784
73427714064
73602701312
73628975136
73635201668
73690906656
73702310216
74092396820
74096607780
74356688129
74424012800
74625190401
74759835648
75166155288
75170332968
75179917376
75180884096
75212521478
75430496514
75565129728
75698865666
75766210560
77310857736
77311058184
77311844868
77312168196
77330653280
77330911376
77342986881
77343007041
77377602570
77378635782
77410468992
77444696073
77445760005
77477774400
77629236224
77654523936
77661733448
77718421536
77728842116
77919813648
77990002704
78387380520
78391558680
78401126528
78402125888
78433746953
78651721218
78786109440
78920091906
78987681792
79461106212
79465316628
79725398529
79793000448
79993898241
80128266240
85903610129
85903680033
85907808786
85907869986
85918224521
85918228550
85950107648
85950291968
85970928656
85975402512
86038316064
86042232864
86083896578
86167803140
86167824900
86235217925
86302654473
86337683520
86436243720
86436255240
86503981062
86538993792
86570762250
86974415105
86975742465
87006773892
87041315840
87109542912
88048435458
88049205762
88080449928
88102404128
88116172800
88182171648
88332568640
88600740992
90199557440
90204801600
90370482180
90765263376
91335163985
92476014753
94495574400
94498719360
94506125348
94506189848
94598336520
94782914561
94791794976
95047139330
95697240210
96703873122
103083483426
103083545106
103087673889
103087743249
103097045126
103097049161
103151061024
103155008544
103196657153
103217924112
103222363152
103347676680
103347689736
103415349258
103449395328
103482261510
103616109060
103616128260
103683588105
103750893573
103784923200
104154546690
104155349250
104186577480
104209580048
104222238720
104288360448
104438695040
104706869312
105228042753
105229336833
105260384580
105294996480
105363084288
107380475520
107383622016
107391027224
107391091748
107479048200
107667800066
107676434976
107932057601
108582142050
109588775058
111674395200
111679636800
111841120260
112239837456
112810000545
113950851153
137439217002
137439217302
137439218073
137439218277
137439479205
137439479385
137439480150
137439480490
137461303298
137461629953
137466545153
137466873858
137473657104
137473705488
137474688288
137474771488
137497691204
137497708680
137506148520
137506168920
137506218084
137506230420
137528107520
137529168128
137541193761
137541984273
137573261460
137573273700
137573322840
137573343400
137599406336
137600475648
137608040466
137609355298
137711944320
137712255360
137716187712
137716400448
137725493288
137725771796
137747235081
137750381061
137778698370
137782895682
137845810305
137850001473
137980444992
137980625472
137984557440
137984901760
137994977300
137995255848
138014621958
138019865098
138026221649
138026287266
138047137857
138051327105
138114241602
138118441090
138529494050
138529499153
138550974720
138554909952
138585571464
138590552136
138596909600
138597237008
138621829122
138653466756
138656874564
138684809217
138782184096
138783236448
138802176008
138806431748
138948903960
139050623376
139051668048
139150230564
139603252241
139603257378
139624453632
139628915200
139660361796
139663245444
139691393025
139726159944
139731665032
139737760016
139738087968
139762761730
139855929936
139856974224
139955537940
140124361056
140125414048
140144349188
140148613128
140291082280
141735305736
141735629064
141736415748
141736616196
141755158688
141755424848
141767500161
141767512641
141802096650
141803160582
141835175040
141869220873
141870254085
141902087232
142054790144
142075887648
142086242696
142146076704
142153351748
142347468816
142411366416
142811873832
142816084248
142825586816
142826684480
142858518533
143076166146
143143772160
143344665858
143479037952
143885631780
143889809940
144149972481
144284356608
144418343169
144485928960
146030338308
146030531076
146031317256
146031649288
146054320208
146054586528
146062463298
146062484098
146097080325
146098111497
146129881152
146164171782
146165237770
146197317760
146374983696
146436915216
146618198016
146638176288
146649645380
146710593568
146716754568
147106857492
147111035172
147371198721
147505827840
147639567873
147706908672
148180582680
148184793640
148194279488
148195410048
148227227658
148444873986
148512202752
148713376258
148848025600
154623087138
154623156498
154627285281
154627346961
154636652618
154636656773
154690422816
154694861856
154736265473
154757777424
154761724944
154887281160
154887300360
154954760202
155022065670
155056095360
155155719684
155155732740
155223392265
155257438272
155290304517
155693908482
155695202562
155726250312
155752333328
155760863232
155828951040
155978041472
156246737984
156767896065
156768698625
156799926852
156835587072
156901708800
158919035520
158924277120
158930633768
158930700308
159085760520
159203229698
159475843073
159484477728
160054640802
161195491410
163215050304
163218196800
163313623044
163511009808
164416716897
165423349905
171802960401
171803021601
171807150354
171807220258
171817570373
171817574538
171849371648
171849719808
171870553104
171874469904
171937383456
171941857312
171983243778
172067154180
172067165700
172134891525
172169904192
172201672713
172335584520
172335606280
172402999302
172470435850
172505464960
172874039553
172874809857
172906054020
172941775872
173007774720
173947502850
173948830210
173979861640
174006992928
174014404608
174082631680
174231651392
174500350080
176099952960
176103097920
176202715140
176396173584
177301618833
178308251745
180393870720
180399114880
180405470228
180405536808
180564795400
180678049793
180950695938
180959576608
181529477202
182670327970
206171013360
206171013900
206171016195
206171848704
206174355456
206359757760
206359759920
206359769100
206359805955
206363688960
206963739840
206963748912
206963785740
206963933187
206966883072
209379659520
209379668160
209379704880
209379852300
209380442115
219043345152
219043381440
219043528752
219044118540
219046480896
257698053120
257698087680
257698234560
257698824240
257701183491
257911947264
271388246016
274883416385
274883682945
274884469314
274884727170
274887614850
274887873090
274888659585
274888925505
274895081513
274895085590
274895278118
274895282201
274915758600
274915811592
274919940612
274920018180
274929311840
274929324176
274950341696
274951473216
274954617984
274955585664
274961827364
274961828120
274983290886
274987222026
275017517184
275018515584
275021662272
275022758976
275028919832
275028920612
275050137609
275054593029
275171812352
275172055040
275179903506
275179906338
275214499925
275215548585
275247693840
275281608870
275282657370
275301663233
275305791746
275314475040
275436050432
275436299264
275448337953
275448342801
275482935450
275483983974
275502989570
275507118593
275515850784
275550044265
275551092885
275583156240
275951731025
275951747745
275951796882
275951812962
275977895945
275978928134
275986776600
275987562792
276006830144
276010696832
276019024976
276019292304
276086138976
276086396064
276224279876
276228475524
276398346240
276492716616
276496909704
276506478608
276507460640
276598628352
277025473122
277025489298
277025538465
277025555025
277047443462
277048475657
277060256292
277061566740
277092770976
277093029984
277159876752
277160141904
277298022792
277302216264
277311783968
277312768016
277400788992
277566457476
277570652484
277735280640
279177397520
279177726480
279181658400
279181854240
279192012932
279192273992
279223306241
279223354370
279244197905
279248412705
279311327250
279315501090
279357690368
279441588485
279441867273
279477092928
279508489220
279575668740
279710040582
279710286090
279744414336
279764271128
279776994312
279844034568
280247686400
280248756480
280315101185
280383586305
280414421124
281321448960
281322478080
281390153730
281421054024
281456017410
281605578881
281874010178
283472430624
283472628000
283476560400
283476886800
283485931592
283486192772
283539181602
283543363602
283585552640
283606278177
283610484753
283736572170
283736818182
283771011456
283790802980
283803523080
283870569480
284004991497
284005269765
284040429888
284071897092
284139066372
284542671360
284543706624
284611182594
284642263176
284677439490
284826804290
285095235713
285616400640
285617460480
285684137985
285751967745
285783113796
292058891525
292058958345
292059941382
292060005642
292082943137
292082944082
292091627904
292091872896
292126216196
292127547396
292158578817
292193603592
292194377736
292225618050
292331471120
292336730640
292600971552
292604101152
292611522692
292611571784
292646289410
293202886676
293274255396
293400285440
293467079681
293669052672
293802641409
294255596552
294280888344
294291243584
294343737384
294357303680
294474355200
294607946754
294742467072
294809257986
296352747860
296352752292
296522614800
296692744256
297032745024
298542170625
300647715480
300647719272
300670914560
300673998848
300750472224
301059014784
301256409216
301738786832
301763395842
302812250144
309238761738
309238826502
309239809545
309239875845
309258618002
309258618977
309271480896
309271758144
309306351624
309307150344
309338382402
309373214724
309374504964
309405552705
309512389152
309515551008
309522956360
309523005572
309557985281
309779792400
309785018640
310361724932
310386950184
310397370752
310449930264
310463431232
310580421120
310714058754
310848655872
310915400706
311456563236
311527800852
311653966080
311720708097
311922594048
312056235009
313532617320
313532621208
313555755008
313558962176
313634326560
313939984512
314145243264
314623672352
314644103682
315697168400
317827584420
317827588692
317996401680
318172037184
318503125056
320012812545
343602631700
343603685412
343606831128
343607874600
343614298688
343614301568
343706436240
343748673665
343748919362
343769350560
343783047176
343866953729
343868088321
343899906180
343934240000
344002660608
344135471106
344136441858
344168075400
344203986432
344269785600
344671470596
344671815684
344706779265
344738238725
344805351945
344944017425
345216909345
345745294344
345745475592
345779471490
345811984902
345879089418
346022215698
346063667456
346286194722
347896610885
347900870793
347936931840
348160803920
348429256848
350073528336
352191643782
352195772490
352205144609
352206192914
352226672640
352455788640
352724206752
353294749728
353420444672
354422884352
360778629200
360780005520
360810840105
361356198912
361855209536
362933166144
365072487425
365139411200
366415446020
369367721985
369501569280
372053639172
377958826080
377959547040
377978618372
377982550280
377990692890
378267568128
378376560656
378577883168
379039289472
380108824704
382252622850
382386455040
384937492488
386547324930
386614264320
387891331080
412322112552
412323158040
412326303780
412327355412
412333709696
412333712960
412401041474
412401287297
412421718624
412435480580
412493021520
412586500098
412587495426
412619120712
412654766592
412721088000
412854886401
412855980033
412887814212
412922415360
412990309632
413391013896
413391225864
413425207362
413457719562
413524824582
413667688482
413709386240
413932191762
414464706564
414465016836
414499996737
414531457545
414598570245
414737498145
415009865745
416616153162
416620281990
416629654034
416630702369
416651968512
416880297120
417148717152
417719197728
417840760832
418851587072
420911054985
420915314757
420950065152
421175249040
421443699792
423087902736
429498368160
429499220064
429518225672
429522158084
429530300454
429803046912
429916164128
430117494800
430578884736
431648444544
433792227330
433926013440
436209713160
438086935554
438153921024
439698325512
446678040720
446679285840
446710186005
447251284992
447754575936
448832491584
450971838465
451038839040
452584275972
455267062785
455400833280
457683501060
549761323650
549761589570
549762376065
549762634305
549765521985
549765779841
549766566210
549766832770
549772922906
549772927013
549773250581
549773254698
549793669380
549793714692
549797843208
549797929480
549808263248
549808283808
549828266112
549829362816
549832509504
549833507904
549839717672
549839718932
549861196809
549865129989
549895439424
549896407104
549899551872
549900683392
549906842900
549906844200
549928043526
549932501002
550045509632
550045783040
550057810209
550057813521
550092406890
550093455510
550112395778
550116655361
550125518880
550159515801
550160564325
550192431120
550318134272
550318417920
550326244626
550326250018
550360842405
550361890905
550393708560
550427951190
550428999850
550447939841
550452199938
550461145120
550829638050
550829654610
550829703777
550829719953
550851592202
550852657157
550864683300
550865469972
550896933024
550897198176
550964044944
550964303952
551102187144
551106382152
551115884576
551116997648
551271014400
551370623364
551374816836
551473385472
551903380113
551903396193
551903445330
551903462050
551929528325
551930593290
551938162968
551939473960
551958151232
551962673280
551970678864
551970935952
552037782624
552038049952
552175929924
552180123012
552281837568
552444364104
552448559752
552458060816
552459175968
552618434560
554055305760
554055632160
554059564560
554059761936
554068870280
554069133380
554122108962
554126315538
554168750336
554189230113
554193412113
554319495690
554319773958
554354934144
554377936916
554386401288
554453570568
554587947273
554588193285
554622386496
554654898180
554721944580
555125598720
555126658560
555193335810
555261165570
555292311624
555409739906
555678179393
556199352576
556200387840
556267864065
556298944644
556334120961
558350338320
558350534160
558354466080
558354795040
558364886084
558365149320
558396163073
558396246018
558417092625
558421266465
558484181010
558488395810
558530830848
558614479365
558614724873
558648853056
558681433092
558748473348
558882898182
558883176970
558918402688
558941339688
558949798920
559016978440
559420581120
559421610240
559489286145
559520186436
559555149825
560494302720
560495372800
560561717250
560630202370
560661037192
560778448961
561046888578
566936798730
566936865030
566937848073
566937912837
566956655714
566956656785
566969534016
566969780544
567004143624
567005433864
567036481602
567071498244
567072296964
567103529025
567209394720
567214620960
567220977800
567221059652
567256809473
567478862352
567482024208
568059765764
568080859176
568094360192
568152096792
568162517312
568278262272
568345004034
568546890240
568680530946
569158729764
569221709844
569352200448
569485838337
569620435200
569687180289
571230654888
571230659160
571252809728
571257982976
571399472160
571575107712
571906195584
572321464352
573395451920
573415883010
575525622372
575525626260
575627331600
575932989504
576138248256
576637108737
584116668933
584116733193
584117716230
584117783050
584140719185
584140720290
584149386624
584149666432
584184270852
584185044996
584216285313
584251101192
584252432392
584283463810
584390312208
584393441808
584657682720
584662942240
584669282372
584669364360
584705376258
585264922644
585327771684
585458389248
585591981057
585726501120
585793292289
586313377800
586334404632
586347970880
586405773352
586416128640
586531803648
586598597634
586800570880
586934159362
588410524308
588410528100
588513281040
588821823552
589019217984
589526204673
592705491288
592705495720
592727576576
592732889088
592875358240
593045487744
593385488512
593796284432
594870304800
594894914050
618480539688
618481591320
618484737060
618485782548
618492139136
618492143936
618559455362
618559733825
618584342880
618594893828
618647257680
618744881154
618745974786
618777808968
618812410368
618880304640
619013365761
619014361089
619045986372
619081632000
619147953408
619549394952
619549705224
619584685122
619616145930
619683258630
619822186530
620094554130
620136251648
620623185924
620623397892
620657379393
620689891593
620756996613
620899860513
621164363793
622774517898
622778777670
622788084002
622789132817
622813544448
623038711968
623307162720
623936276480
624951365664
625072931840
627069550665
627073679493
627105349632
627333694608
627602114640
628172595216
635656601760
635657846880
635676393992
635680850180
635688747030
636007489568
636229847040
636343029776
636733137024
637811052672
639950399490
640017400320
641562837000
644245623810
644379394560
646662062088
652836667536
652837519440
652868599845
653141345280
653917184064
654986743872
657130526721
657264312576
659548012548
661425234945
661492220160
663036624900
687200020500
687201063972
687204209688
687205263400
687211681088
687211686528
687299625360
687346040897
687346319490
687370928800
687381544968
687464419329
687465390081
687497023620
687532934400
687598733568
687732772866
687733907458
687765725320
687800059392
687868480000
688268936196
688269117444
688303113345
688335626757
688402731273
688545857553
688809836577
689342596104
689342941192
689377904770
689409364230
689476477450
689615142930
689888034850
689929486848
691494060165
691498188873
691529072640
691758205008
692026623120
692597166096
695788961862
695793221770
695802528017
695803576866
695829299200
696053154912
696321607840
696946525184
697965879328
698091571200
704376340560
704377061520
704408207385
704685081600
705456803904
706526339136
708670137345
708803969280
711355006980
712964839425
713031778560
714308845572
721555882080
721557258400
721575739652
721580196360
721588092970
721906831376
722133452800
722242379808
722632462464
723710419072
725849740290
725916664320
727192698888
730144974850
730278822400
732830892040
824646304560
824646306828
824646316035
824647286784
824649449664
824835050688
824835059760
824835096588
824835244035
824838193920
825439031040
825439039680
825439076400
825439223820
825439813635
827854959360
827854995648
827855142960
827855732748
827858095104
837518638080
837518672640
837518819520
837519409200
837521768451
876173328399
876173380608
876173525760
876174115008
876176486400
877179961344
892279455744
1030792151091
1030792212480
1030792350720
1030792938240
1030795296780
1034025959424
1043878379520
1099515843920
1099515849360
1099515861600
1099515864480
1099520039328
1099520042592
1099520054928
1099520059728
1099529611268
1099529622536
1099530593288
1099530606596
1099562227778
1099562230913
1099583258705
1099583586465
1099587518610
1099587715170
1099597873673
1099598135558
1099618615320
1099621744680
1099629167168
1099629216128
1099650433122
1099650629778
1099654561953
1099654889553
1099663933958
1099664195849
1099684675620
1099689902100
1099780133189
1099780137609
1099780199046
1099780202826
1099806285857
1099807330322
1099815227904
1099816002048
1099847451716
1099847731332
1099882956801
1099914577992
1099914822792
1099948951554
1100048568906
1100048572806
1100048634249
1100048638533
1100070526994
1100071571489
1100083405056
1100084695296
1100115903624
1100116150344
1100150342658
1100182997124
1100183274564
1100218434561
1100586747200
1100587076160
1100587862400
1100588058240
1100610799652
1100611060760
1100618942982
1100618958090
1100653547585
1100654616705
1100686696452
1100720676930
1100721705090
1100753477640
1100895879696
1101139443713
1101139623938
1101160055328
1101173620808
1101206137088
1101273241088
1101660554880
1101660752256
1101661538880
1101661865280
1101680347160
1101680608292
1101692683785
1101692700933
1101727305858
1101728342082
1101760172040
1101794402433
1101795463233
1101827477508
1101944733698
1101944946689
1101965426976
1101978927236
1102011442688
1102078548224
1102237991184
1103811920129
1103813050881
1103816196354
1103817163266
1103823405161
1103823405206
1103844868680
1103848800648
1103858630672
1103859351584
1103879214080
1103884723200
1103947634688
1103950522368
1104076080404
1104077130276
1104242811024
1104344517144
1104345564456
1104364570688
1104368698496
1104444137568
1104880603409
1104880869921
1104947528720
1105014720528
1105220075525
1105559814153
1105954349586
1105954607394
1106008629248
1106021352480
1106088380448
1106365120518
1106562252810
1108106953218
1108107952386
1108111098369
1108112195841
1108118356070
1108118356121
1108139573892
1108144030020
1108175235072
1108178638848
1108241556480
1108246533120
1108371048744
1108372096536
1108391101568
1108395231296
1108470665376
1108639483428
1108640532756
1108806209616
1109175574818
1109175833106
1109229867008
1109242562592
1109309621280
1109582151690
1109787672582
1110249312801
1110249578769
1110316255248
1110383412240
1110592978953
1110924328965
1116691841300
1116691923492
1116692120088
1116692169000
1116718268480
1116719038592
1116726100626
1116727148898
1116746153993
1116750282758
1116758610965
1116758616105
1116825720870
1116825723930
1116964390145
1116968847873
1117031321600
1117102706688
1117233088770
1117237020162
1117278716960
1117304020992
1117366886400
1117770486020
1117775733252
1117941401664
1118102093840
1118438948880
1118845280520
1118848422408
1118855831696
1118855893088
1118948033664
1119243993120
1119444533280
1121020160256
1121054687300
1121122910340
1121154793473
1122328658240
1123670852160
1125315058176
1125350768712
1125373706768
1125382635522
1125416763528
1125436621088
1125567176708
1125835345928
1126374049793
1126892077440
1127446742018
1127697367680
1133871726888
1133871776280
1133871972900
1133872054548
1133893927040
1133894729792
1133905969569
1133907018321
1133938481178
1133938484262
1134005589033
1134005594133
1134144521730
1134148454658
1134190151696
1134215405568
1134278369280
1134412696065
1134417151233
1134479708160
1134550929408
1134951404040
1134954553608
1134961959008
1134962020496
1135049967744
1135349334048
1135551447072
1136024101380
1136029339908
1136190817344
1136357015568
1136691249168
1138199963136
1138235605128
1138258608416
1138267291650
1138301730888
1138321523216
1138452074504
1138720251908
1139258950658
1139776963200
1140331644929
1140582285696
1142494991616
1142529589380
1142597681220
1142629351425
1143803511360
1145145672000
1168235581445
1168235864073
1168239796230
1168240037898
1168271085696
1168274169984
1168281440804
1168281444632
1168302474500
1168306735620
1168369649928
1168373777928
1168383150224
1168384197728
1168499872784
1168500205584
1168566665489
1168633791009
1168768377888
1168768571424
1168835117586
1168894066688
1168902209826
1169305960469
1169307074601
1169338957968
1169578542080
1169852236800
1170379767846
1170380750874
1170399560321
1170403754306
1170412421280
1170657527808
1170920736768
1172568016929
1172795818049
1173065564289
1173096660996
1173599818820
1174673565828
1174843425024
1176838113536
1176838358528
1176858788898
1176905064449
1176972103682
1177092096066
1177123176456
1177359220866
1177894791240
1178063602176
1178968528008
1185411056705
1185411139713
1185447151620
1185478349120
1185545724480
1185683603540
1185956233380
1188128890881
1189707010064
1190784204800
1194003046416
1196157370368
1202590943298
1202590991490
1202625710088
1202658484608
1202725327488
1202867667096
1202878284032
1203131908200
1203145605632
1203815612420
1204235014146
1204822229000
1206887944224
1209042075648
1211181850656
1212259368960
1236955074570
1236955324422
1236959256585
1236959531013
1236989517888
1236994691136
1237022017032
1237026146568
1237035518048
1237036565648
1237089061380
1237093319940
1237219416096
1237219615776
1237286158626
1237341175808
1237353251346
1237487790096
1237488112656
1237554577953
1237621702929
1238025502746
1238026485798
1238045295170
1238049489281
1238058172512
1238302230528
1238567503872
1239099179049
1239100293141
1239132160080
1239372825600
1239644390400
1241262622208
1241262868736
1241283299346
1241329569794
1241396617217
1241516343426
1241547636744
1241783992386
1242319299720
1243393038408
1243494744576
1245582459921
1245810524289
1246079746113
1246111023108
1246614263940
1246717018368
1247688008772
1254130549890
1254130600002
1254165578760
1254198088320
1254264938880
1254407274600
1254417826304
1254671515800
1254685278464
1255355203592
1256361852932
1256579928066
1258427539488
1260577751040
1262721470496
1263802908672
1271310403713
1271310484545
1271346234372
1271377699392
1271445066048
1271582949540
1271855579220
1272686059521
1275606376464
1276688007168
1279902371856
1282052259840
1374390862865
1374391142433
1374391928850
1374392173602
1374423156888
1374423221352
1374446160128
1374449305088
1374457762064
1374458880528
1374524940576
1374525919776
1374544732292
1374548922440
1374663540740
1374669111300
1374699946113
1374933286920
1374936236040
1374943445648
1374943707488
1374964170882
1375467541505
1375471806465
1375534858496
1375606440192
1375731732500
1376000188452
1376541352962
1376545478658
1376613057024
1376654458913
1376675725824
1376805494808
1377073909800
1378684850240
1378685198400
1378720161801
1378751612225
1378818722433
1379763486800
1380842471568
1381402936320
1382979899520
1382980083840
1383014076426
1383046580802
1383113688450
1383401013248
1383601307648
1384063696992
1384070119940
1384623900672
1385132196000
1385143795976
1391611879440
1391838893120
1392108382272
1392274047492
1392643407941
1393717411977
1393752686592
1395868582916
1396132872209
1400167761924
1400696340513
1408766075393
1408766087426
1408787292192
1408833815552
1408900597760
1409019815040
1409185480968
1409287198848
1409823539334
1409858764800
1410897018954
1413052662792
1413581242386
1417343420424
1417607708706
1443110076740
1443111142020
1443143221761
1443276825600
1444518363200
1445927714880
1447471349780
1447676612864
1451833688100
1452244214016
1460361232385
1461362623760
1477613453313
1479616236048
1511829570120
1511830602120
1511849623568
1511853735968
1511862370818
1511929190400
1512113702921
1512382137350
1512921632768
1513573384320
1513994067968
1514311647360
1516258197528
1516668719616
1520485793832
1520691061248
1529152012290
1531155843360
1537648623680
1546261626882
1547261969952
1649268786210
1649269032978
1649269819425
1649270096913
1649301062820
1649301129300
1649335734816
1649336721696
1649355530312
1649359720580
1649402782224
1649403891984
1649542561800
1649545904136
1649552917088
1649553179024
1649573658690
1649810210820
1649815126020
1649846272065
1650345515010
1650349646850
1650416976384
1650458624018
1650480136704
1650609655848
1650878079000
1651419195393
1651423450113
1651486785792
1651557810432
1651683385380
1651951833108
1653562826880
1653563035776
1653597020166
1653629520258
1653696628290
1653982920704
1654185279488
1654645588128
1654653059336
1655716184160
1655726735876
1656012146688
1657857744960
1657858052160
1657893031941
1657924486785
1657991596353
1658937409680
1659233633280
1660014297168
1666464112898
1666464125441
1666485588000
1666531788800
1666598700032
1666717849728
1666985239680
1667084845320
1667521577034
1667555819520
1668595056774
1670750685192
1671279214626
1675041473544
1675305811986
1683669389328
1683896674368
1683996279300
1684166153280
1684701184137
1685775188037
1685809348608
1687926376452
1688190713889
1692225520644
1692754051089
1717988000136
1717989032520
1718008037408
1718012182544
1718020866306
1718087608320
1718272133126
1718540567561
1719079804928
1719664771200
1720152756224
1720537120896
1722416365608
1722822959616
1726644486168
1726853681664
1735307296770
1737314272800
1752423202818
1753420400928
1756691955776
1786707460740
1786708525380
1786740539649
1786874188800
1788182921280
1789457924160
1791068995620
1791278194944
1795430809620
1795837399296
1803963858945
1804960008720
1821205594113
1823213618448
2199027472032
2199027476832
2199027489168
2199027492432
2199031667280
2199031670160
2199031682400
2199031687840
2199041169416
2199041188868
2199042282500
2199042304008
2199074116673
2199074121858
2199094886562
2199095214162
2199099146337
2199099342993
2199108452618
2199108715013
2199130226724
2199133388820
2199162060945
2199162257505
2199166189650
2199166517410
2199176610053
2199176872458
2199196287000
2199201546280
2199207887168
2199207969408
2199291761034
2199291765318
2199291826761
2199291830661
2199313715234
2199314767889
2199326843136
2199327641856
2199359080584
2199359358024
2199394518018
2199426204804
2199426451524
2199460643841
2199560196741
2199560200521
2199560261958
2199560266378
2199586344977
2199587397666
2199595012608
2199596343808
2199627532356
2199627777156
2199661905921
2199694623816
2199694903432
2199730128898
2200098376320
2200098702720
2200099489344
2200099686720
2200118232104
2200118495252
2200130570505
2200130586117
2200165179522
2200166240322
2200198254600
2200232300673
2200233336897
2200265166852
2200382570498
2200382881793
2200407441696
2200417861700
2200449325568
2200516437248
2200671748368
2201172183360
2201172379200
2201173165440
2201173494400
2201196168212
2201196431400
2201204311302
2201204328970
2201238937665
2201239965825
2201271738372
2201306026050
2201307095170
2201339174920
2201476989456
2201724731393
2201725075458
2201749684768
2201760039048
2201791501568
2201858615808
2203323564546
2203324662018
2203327808001
2203328807169
2203335016538
2203335016613
2203356496260
2203360428612
2203391109120
2203396085760
2203459003392
2203462407168
2203587708456
2203588757784
2203607697536
2203611956288
2203754434656
2203856144676
2203857192468
2203955761296
2204392231458
2204392497426
2204450705408
2204459173920
2204526330912
2204735897610
2205067247622
2205465977121
2205466235409
2205532964880
2205600023568
2205872553993
2206078074885
2207618597121
2207619564033
2207622709506
2207623840258
2207630000213
2207630000298
2207651201352
2207655658120
2207664898064
2207666274336
2207687119872
2207690007552
2207752919040
2207758428160
2207882676756
2207883724068
2207982297168
2208151110936
2208152160808
2208171099200
2208175360128
2208317841568
2208687202833
2208687460641
2208754205712
2208821233680
2209097973765
2209295106057
2209760940306
2209761206818
2209819435008
2209827865632
2209895057440
2210100412422
2210440151050
2216203469352
2216203551000
2216203747620
2216203797012
2216225439872
2216226734144
2216237728353
2216238776721
2216270238762
2216270243862
2216337348633
2216337351717
2216476019202
2216480474370
2216521925648
2216543035392
2216614256640
2216744715777
2216748648705
2216815595520
2216878559232
2217282118152
2217287356680
2217293713568
2217293783120
2217448834176
2217615032352
2217949265952
2218356904452
2218360054020
2218455468096
2218754834448
2218956947472
2220531783168
2220566380680
2220586172960
2220634472520
2220657475856
2220666142722
2220783575048
2221052268548
2221589661698
2221840302720
2222664451073
2223182463360
2224826688768
2224862331012
2224894017537
2224928456772
2226403689024
2227209011520
2233383354900
2233383403812
2233383600408
2233383682600
2233409486912
2233410814080
2233417597266
2233418646178
2233437585413
2233441845258
2233450108965
2233450112025
2233517216790
2233517221930
2233656150273
2233660081665
2233727078400
2233789943808
2233924322562
2233928780290
2233970231328
2233991258112
2234062643200
2234463035652
2234466177540
2234565788736
2234861748240
2235062288400
2235535724808
2235540972040
2235547324496
2235547394208
2235706640512
2235867332640
2236204187680
2237711587584
2237747298372
2237779165185
2237813293188
2239288607040
2240093897280
2242006624768
2242041151560
2242061009168
2242109374600
2242132312608
2242141257730
2242258407428
2242527109128
2243064497153
2243315122560
2244139288578
2244657316480
2267747213322
2267747487750
2267751419913
2267751669765
2267782651968
2267785859136
2267814103560
2267818362120
2267827668128
2267828717648
2267881276932
2267885406468
2268011505696
2268011828256
2268078293538
2268145418514
2268200173568
2268280002576
2268280202256
2268346745121
2268413837841
2268817588266
2268818702358
2268837446018
2268841640513
2268850569312
2269091235840
2269362800640
2269891395609
2269892378661
2269924065360
2270168122368
2270433395712
2272054757888
2272055035136
2272079643666
2272121659394
2272188829697
2272307708034
2272576929858
2272608206856
2273111447688
2273214202368
2274185192520
2276370417681
2276603461761
2276634755076
2276871110721
2277406418052
2278480156740
2278581862656
2284922685570
2284922766402
2284958516232
2284989981312
2285057347968
2285195231400
2285208994304
2285467861080
2285478412544
2286080262152
2286298341378
2287221096452
2289218658336
2290300354560
2293514653728
2295664607232
2302102570113
2302102620225
2302137598980
2302170108480
2302236959040
2302379294820
2302643536020
2304551948289
2306399559696
2308549705728
2310693490704
2311774863360
2336466706437
2336466948105
2336470880262
2336471162890
2336501076096
2336506388608
2336512545044
2336512549416
2336533645572
2336537773572
2336600687880
2336604949000
2336614253648
2336615303328
2336731046928
2336731240464
2336797786641
2336864878881
2336999412768
2336999745568
2337066205458
2337133330978
2337192542208
2337537130533
2337538113561
2337569783952
2337814889472
2338078098432
2338610806806
2338611920938
2338630664513
2338634859138
2338643804320
2338883389440
2339157084160
2340794926113
2341028233281
2341059313668
2341295358081
2341830928452
2341999739136
2342904665220
2345069200640
2345069480448
2345094088738
2345136099329
2345203277826
2345321889858
2345591636098
2345622732808
2346125890632
2347199637640
2347369497088
2353642178625
2353642226817
2353676945412
2353709719872
2353776562752
2353918902420
2354183143524
2355286249473
2357939179536
2360093245440
2362233085968
2363310538752
2370822030402
2370822113410
2370858125320
2370889322880
2370956698240
2371094577240
2371108274432
2371367207080
2371377824256
2371979591684
2373120458760
2373539864578
2375117983776
2376195244032
2379414020128
2381568409600
2473902491682
2473902769170
2473903555617
2473903802385
2473934784612
2473934849172
2473969394208
2473970503968
2473989247112
2473993445444
2474036564496
2474037551376
2474175496200
2474180411400
2474186637728
2474186900048
2474211557442
2474444718084
2474448060420
2474475814977
2474979174402
2474983429122
2475046765056
2475117789696
2475159453713
2475243364392
2475511812120
2476052977665
2476057109505
2476124438784
2476187599104
2476317118500
2476585541652
2478196498560
2478196805760
2478231785478
2478263240322
2478330349890
2478550581248
2478885060608
2479276163232
2479286714888
2479572387840
2480353050720
2480360521988
2482491514944
2482491723840
2482525708293
2482558208385
2482625316417
2483574276240
2484644872272
2484940833792
2491097829890
2491097850113
2491123240992
2491165313024
2491232617472
2491350526080
2491450130952
2491620004992
2492155035786
2493229039686
2493263216640
2495380228104
2495644565538
2499679372296
2500207902738
2508299178000
2508531439680
2508798829632
2508898435332
2509335167049
2509369393152
2510408646789
2512564275204
2513092804641
2516855063556
2517119402001
2542621704840
2542622769480
2542641709088
2542645952528
2542654783746
2542788433920
2542905852938
2543174289413
2543712739328
2544097165440
2544787263488
2545372168320
2546983239720
2547192439296
2551345053720
2551751643648
2559878103042
2560874252832
2564145807488
2577119838210
2579127862560
2611341197700
2611342230084
2611374063873
2611440804864
2613017968704
2613890318400
2615769563172
2616176156928
2619997683732
2620206878976
2628660494337
2630667470352
2645776400385
2646773598480
2748780414993
2748780659745
2748781446162
2748781725730
2748812690520
2748812757160
2748834645248
2748839889408
2748847366416
2748848345616
2748914405664
2748915524128
2748934262852
2748938461320
2749054386180
2749057335300
2749085270145
2749321510920
2749327081480
2749332980048
2749333242528
2749357916290
2749857145857
2749861271553
2749928849664
2749991518464
2750121287700
2750389702692
2750930818050
2750935083010
2750998135296
2751069716992
2751111102498
2751195009048
2751463465000
2753074466880
2753074651200
2753108643849
2753141148225
2753208255873
2754158264400
2754718467072
2755226763408
2757369352320
2757369700480
2757404663818
2757436114242
2757503224450
2757722390528
2758058999808
2758447988832
2758459588868
2759526973600
2759533396488
2760087439360
2765996957712
2766229480512
2766395146500
2766496864320
2767033204869
2767068413952
2768106684489
2770262328324
2770790907921
2774553085956
2774817374241
2783155605761
2783155626498
2783181283360
2783223022592
2783290460160
2783408297088
2783677786240
2783843451400
2784212811846
2785286815882
2785322106880
2787437986824
2787702276114
2791737165832
2792265744418
2817499628100
2817500660100
2817532428801
2817599247360
2819243442240
2819981705280
2821928255508
2822338777344
2826155851812
2826361118976
2834822070273
2836825901328
2851931684865
2852932027920
2886219088200
2886220153480
2886239076368
2886243352608
2886252233218
2886385838080
2886503236613
2886771673098
2887309856768
2887627374720
2888384913408
2889036726400
2890580361240
2890785624576
2894942699560
2895353225728
2903470243842
2904471635232
2920722464770
2922725247520
2929218027648
3298547467200
3298547469360
3298547478540
3298547515395
3298551398400
3298736213760
3298736222400
3298736259120
3298736406540
3298736996355
3299340202752
3299340239040
3299340386352
3299340976140
3299343338496
3301756124160
3301756158720
3301756305600
3301756895280
3301759254531
3311419785231
3311419837440
3311419982592
3311420571840
3311422943232
3350074490931
3350074552320
3350074690560
3350075278080
3350077636620
3350892380160
3353497042944
3504693313596
3504693313731
3504693522432
3504694103040
3504696508416
3508719845376
3517590798336
4123168604364
4123168604931
4123168849920
4123169402880
4123171749936
4123382513664
4136858812416
4380866641920
4398052033796
4398052313604
4398053099784
4398053344776
4398056244744
4398056491272
4398057277956
4398057555204
4398063700112
4398063715424
4398063896672
4398063912080
4398084327810
4398084392514
4398088521345
4398088587585
4398097892390
4398097893401
4398118932485
4398120050697
4398123196422
4398124175370
4398130405793
4398130405970
4398151929984
4398155849856
4398186106890
4398187094022
4398190239753
4398191349765
4398197510546
4398197510753
4398218780736
4398223216704
4398316323089
4398316651041
4398317437458
4398317633826
4398340374665
4398340636742
4398348518040
4398348534120
4398371717120
4398374813696
4398383125520
4398384195600
4398450254880
4398451284000
4398584824098
4398585020946
4398585807393
4398586134801
4398604615814
4398604877897
4398616953252
4398616969812
4398651578400
4398652613664
4398718674960
4398719734800
4399120323860
4399120329252
4399120390680
4399120393512
4399146477632
4399147521152
4399187640341
4399187918889
4399223144592
4399254765606
4399255011354
4399289139360
4399308996872
4399392903425
4399397118465
4399460320256
4399531951104
4399661359362
4399665533442
4399707721760
4399733213184
4399795931136
4400194066728
4400194070040
4400194131492
4400194136340
4400216024192
4400217069632
4400261398554
4400261644326
4400295837792
4400315630084
4400328491049
4400328769557
4400363929680
4400466661890
4400470843650
4400513032208
4400538322944
4400601434112
4400735085057
4400739291393
4400802825216
4400873800704
4402360655873
4402360897538
4402381332768
4402384474656
4402391883908
4402391945288
4402412782676
4402416978084
4402479892632
4402484085864
4402493655296
4402494637568
4402610181440
4402610448960
4402677104705
4402744295553
4402780307460
4402878622080
4402878879360
4402945622082
4402981371912
4403012649090
4403416269125
4403417318025
4403449463040
4403583002625
4404490011270
4404491059530
4404510064673
4404514193426
4404522877440
4404589634562
4404774209540
4405042627592
4406654570498
4406654820353
4406675251728
4406680490256
4406707751016
4406711944344
4406721512960
4406722496768
4406774858916
4406779054164
4406905153152
4406905411968
4406972137602
4407007117320
4407039197250
4407173585472
4407173850432
4407240523905
4407307681857
4407342399492
4407711236682
4407712285062
4407731290130
4407735418913
4407744152064
4407810856962
4407995433992
4408263854084
4408784978313
4408786027077
4408818090240
4408951706625
4415227515200
4415227601472
4415228584320
4415228629632
4415251570724
4415251583000
4415260205574
4415260463370
4415294800961
4415296112769
4415327209476
4415362172994
4415362958466
4415394236424
4415670976545
4415780104193
4415780164610
4415847694592
4415872303122
4415914525184
4416304578896
4416309035664
4416635670596
4416872646912
4416971219076
4417378583136
4417382515104
4417392345092
4417393065992
4417424212034
4417677952512
4417776525384
4417977847944
4419521365265
4419521382945
4419588788240
4419656228880
4419794043140
4420066738692
4420667457536
4421813551104
4423816333842
4423816348962
4423871105024
4423884083232
4423950868512
4424093270280
4424103624848
4424357446152
4424371011680
4425033744384
4426037231616
4432407401088
4432407454080
4432408437312
4432408514880
4432427245592
4432427257892
4432440070665
4432440336645
4432474932354
4432475719746
4432507012104
4432541780097
4432543089729
4432574170116
4432691536898
4432691599361
4432759112192
4432779542562
4432825975040
4433115086865
4433484710304
4433488642656
4433498406920
4433499258884
4433530339457
4433783032320
4433882648712
4434083979336
4434558190224
4434562646352
4434889285764
4435125208320
4435224825924
4436701235490
4436701251090
4436756268032
4436768923680
4436835831840
4436978106888
4436988526688
4437242413320
4437255913616
4437915500544
4438925279232
4440996202017
4440996219153
4441063694352
4441130995728
4441268945412
4441541509380
4442147536896
4443283144704
4466771247185
4466772312225
4466775457938
4466776490082
4466782913033
4466782929158
4466804391960
4466808258600
4466817892928
4466818679168
4466917255172
4466917512200
4467035538500
4467036653700
4467068536833
4467202334976
4467304040520
4467305022600
4467323832848
4467328025888
4467336693762
4467403657728
4467840061505
4467840393345
4467875422212
4467906856256
4467973982784
4468913872962
4468914065538
4468948099080
4468980615552
4469047707264
4469334999041
4469535277058
4471065236480
4471069516800
4471132520705
4471204086273
4471329394709
4471597834281
4472136008720
4473211062288
4473787252800
4475360286720
4475364403200
4475431944450
4475473395728
4475494597122
4475624366118
4475892797466
4476432286752
4477004284032
4477504718880
4483979421840
4484014014740
4484082172452
4484219801600
4484493742080
4485023794181
4485288116240
4486101731337
4486630375440
4488241102916
4492536348804
4492571574273
4501159285920
4501194932760
4501218132032
4501260992808
4501280981120
4501404917760
4501668372480
4502207858694
4502736486432
4503277405194
4503541743648
4505421250632
4505456410626
4507584962816
4509715939464
4510806184448
4535490740322
4535491772562
4535494918305
4535495983185
4535502324230
4535502340361
4535523606564
4535527997460
4535569622024
4535569881092
4535755080840
4535756064840
4535774873888
4535779067408
4535787750402
4535854637568
4536023451780
4536024564804
4536056431617
4536190177536
4536559603842
4536559804482
4536593846280
4536626349696
4536693442944
4536979685378
4537182060545
4537633284225
4537633607745
4537668620292
4537700076096
4537767200064
4539784783872
4539788924928
4539856192002
4539897888800
4539919368450
4540048875546
4540317306918
4540856535072
4541929489440
4542234099840
4544079700992
4544083940352
4544147227137
4544218267905
4544343838761
4544612278293
4545150715920
4545459519552
4546225243152
4552698894432
4552734540072
4552757674112
4552800600600
4552820654144
4552943738880
4553208766464
4553747465226
4554276044832
4554817013766
4555081400352
4556960841864
4556995035138
4559124566528
4561255563336
4562345795840
4569878766672
4569913360932
4569981518100
4570120458240
4570391777280
4570923141129
4571187544080
4572001076229
4572529639440
4574140465284
4578435678276
4578469806081
4672924439621
4672924444809
4672924457094
4672924460106
4672959682560
4672960407552
4672991854916
4672992182916
4673027211777
4673059029576
4673059225992
4673082228752
4673085112352
4673093255682
4673197117520
4673201381520
4673465622624
4673469747360
4673479123460
4673480167688
4673578731584
4674040137744
4674267922496
4674537685056
4674568716297
4675088943617
4675089204482
4675109668896
4675155955712
4675222986752
4675342975104
4675374022662
4675610116224
4677220515860
4677221646372
4677253464225
4677493064705
4677766744065
4678297587716
4678628671760
4679375790084
4680037958160
4681515565080
4681516531752
4681535357504
4681539535232
4681548169314
4681793274882
4682056468482
4682597011464
4683259183392
4683666300936
4683997381152
4690108825601
4690113363969
4690148327556
4690175595776
4690246904064
4690372985876
4690641684516
4691179081745
4692253876257
4695473062976
4699264684032
4700841838656
4707289022466
4707292905474
4707322953864
4707334553888
4707359663616
4707422575104
4707553118232
4707821290536
4708360003602
4709432692770
4711730118665
4712149573632
4713726739584
4715957977094
4716947900544
4741644177680
4741644460560
4741711070225
4741778245665
4741983649796
4742323404804
4742722945280
4743801995520
4746007023680
4750267386372
4750370152512
4759092199745
4776540504705
4778319151104
4810363674912
4810363916832
4810417901570
4810430613522
4810497655842
4810774429704
4810971578376
4811447665152
4811453890724
4812516229632
4812527632472
4814691895560
4814794657920
4815212576768
4819021471872
4819238912000
4827562148864
4828080112194
4844740954112
4844991545730
4845898039296
4947802347594
4947802350726
4947802363017
4947802368069
4947837330432
4947838571520
4947869827464
4947870024264
4947892764704
4947896172560
4947904069890
4947936871044
4947937198404
4947972210945
4948075090080
4948079222880
4948088594696
4948089639428
4948188202112
4948343464080
4948347719760
4948893108482
4948893369857
4948913849376
4948960108544
4949027164160
4949146894464
4949178122250
4949414527104
4949991769104
4950219849792
4950489055296
4950520299525
4952098488360
4952099487768
4952118296960
4952122475072
4952131109010
4952375166978
4952640455682
4953179693064
4953775014432
4954249498632
4954647429408
4956393406500
4956394504212
4956426338385
4956666988545
4956938568705
4957470728196
4957868655120
4958548398084
4959143723280
4964987011074
4964990992386
4965022040136
4965032591888
4965057698304
4965120615936
4965251154984
4965519329304
4966058037282
4967130734610
4969428156422
4971424712832
4973656014857
4973874143232
4974646002816
4982166683649
4982171058177
4982205055044
4982233377024
4982304675072
4982430763044
4982699459604
4983236861985
4984311648273
4986759057408
4987530905664
4992899548224
5016522101280
5016522350880
5016576335873
5016589042722
5016656087058
5016928681992
5017134186504
5017605112320
5017612320920
5018675642880
5018686062692
5020850325000
5020952043648
5021370810368
5025180946560
5025397538816
5033720563712
5034238542210
5035950342144
5050899399680
5051149976130
5085241565712
5085241839888
5085308454945
5085375628305
5085585244164
5085916577796
5086321443072
5087398265088
5089605460032
5093864768772
5093966483520
5102689583745
5103662923776
5120137888065
5497559453780
5497559720100
5497560506520
5497560764520
5497583706368
5497583899136
5497591799826
5497591844898
5497659329040
5497713362945
5497717539842
5497726174752
5497868527620
5497898926400
5497971278400
5498132764680
5498172604800
5498179026980
5498234471040
5498246070296
5498636156996
5498640433284
5498676445185
5498900317265
5499168753825
5499709980744
5499714093192
5499723481616
5499724513568
5499744944130
5499974060178
5500242494562
5501853434885
5501853763593
5501888792640
5501920235780
5501987365380
5502126014480
5502398922768
5503196401664
5504539693056
5506148468742
5506148664330
5506182695040
5506215223560
5506282312200
5506425438240
5506466841089
5506689433632
5507373334592
5507760857088
5508379705472
5508565180416
5514743317520
5514748626960
5515007508485
5515277008905
5515309088832
5515812033536
5515878924545
5516886057984
5517019841025
5519037173825
5523336339585
5525508980772
5531924300832
5531927382048
5531934656132
5531934656840
5532037419008
5532188442630
5532220457088
5532455813130
5532992182272
5533125968130
5534065649664
5534132535810
5536221241410
5538393882648
5540512010370
5566278669569
5566279723521
5566346117120
5566414602240
5566445387913
5567422664720
5567620055300
5568567713808
5568962494980
5570572648784
5574867681936
5588087997440
5600679330048
5609898378240
5634998151426
5634999195138
5635066920960
5635097755782
5635132784640
5635282346048
5635550761088
5636121297920
5636213444640
5636608229640
5637215887392
5637413274120
5639292191328
5639319322628
5643587092896
5643609047048
5652194263073
5652218921472
5661370877952
5669373870098
5674054453248
5772440240405
5772444434985
5772704564480
5772771856385
5772973082880
5773107666945
5773577946116
5774617092672
5774719846404
5781202206720
5789683040336
5793912193280
5806930034832
5815388340480
5841159980096
5846524248065
5858335461380
5909883914304
5910447521808
5920612450305
5944234876932
6047318147622
6047322341658
6047331909761
6047332892738
6047364562952
6047582553600
6047717134338
6047850908160
6047918202882
6048421257600
6048524010504
6049529595912
6051625707536
6051781017600
6055920669728
6064628072544
6067199148032
6073086116352
6081740816544
6083041034240
6085970231808
6116042343552
6116604903456
6126770864130
6150393303048
6184757364864
6190121648130
6201932849160
6597071085672
6597071343768
6597072130212
6597072396372
6597091136000
6597091336448
6597103411233
6597103489041
6597157880834
6597162059777
6597170694432
6597238064400
6597375960072
6597414748800
6597422219288
6597478711680
6597489262628
6597648585732
6597680038464
6597750292800
6598147850376
6598151995464
6598161367328
6598162399760
6598183616514
6598411946082
6598680380562
6599221543044
6599225786436
6599260504065
6599485686945
6599754123345
6601365128202
6601365325830
6601399370880
6601431880200
6601498976520
6601641852960
6601683501314
6601906339872
6602589732992
6602976534528
6603596628032
6603782823936
6605660030985
6605660357637
6605695370304
6605726835204
6605793956100
6605932888080
6606205239312
6607004110848
6608345174016
6614255994912
6614259205152
6614266414664
6614266415492
6614368133120
6614520184842
6614552019072
6614787588102
6615323928576
6615457661442
6616397420544
6616464359682
6618552995970
6622843772994
6623946866712
6631434881040
6631440057360
6631699021833
6631968489477
6632000258112
6632503550976
6632570487297
6633577534464
6633711272193
6635728674945
6636831768612
6640027832385
6665790301698
6665791346946
6665858875392
6665889906762
6665925132288
6666074493056
6666342916160
6666913384448
6667001405472
6667400118792
6668012228640
6668205687048
6670084342176
6670110425096
6674379244128
6674402246660
6682986414098
6683006894592
6691961702400
6700166021153
6705047930880
6734509775361
6734510826753
6734577549312
6734645379072
6734676492357
6735657967632
6735851422212
6736794619920
6737193337092
6738803753616
6743098786128
6756654646272
6768906223872
6777793938432
6871951868442
6871956062502
6871965630530
6871966613633
6871998300164
6872216259072
6872350597122
6872484644352
6872552181762
6873054974592
6873156683784
6874164364296
6876259427360
6880554391568
6880642596864
6889261777056
6891568627712
6897719050752
6906374553696
6907938996224
6910604739072
6940675803264
6950330859522
6975026962440
7009391346816
7009689665568
7015829094402
7026566631432
7146829775145
7146833969685
7147094116608
7147161657345
7147362600192
7147496935425
7147968530436
7149006623040
7149108331524
7151229665280
7164072591504
7168303038720
7181319553104
7189776564480
7215549777984
7215849144336
7221987540993
7232725065732
7284273185856
7293928226817
7318624342020
8796098330964
8796098331304
8796099445096
8796099445396
8796102590872
8796102591076
8796103573924
8796103574104
8796109799667
8796109800396
8796109814796
8796109851651
8796109861056
8796109999152
8796110009088
8796110045196
8796110589696
8796110598147
8796110635056
8796110782656
8796112948416
8796112957488
8796112995072
8796113141763
8796113731596
8796131312146
8796131328289
8796135244321
8796135260434
8796202145824
8796202214416
8796265064464
8796265124896
8796323708940
8796362523969
8796362525314
8796363588994
8796363590209
8796395603464
8796395669764
8796429946944
8796430278784
8796498108544
8796498432064
8796529250314
8796529270789
8796630976066
8796630976897
8796632008321
8796632009026
8796663777796
8796663842056
8796699496576
8796699697216
8796730580998
8796730593289
8796765560896
8796765753472
8796927688752
8797116433152
8797167046980
8797167051400
8797167325576
8797167329860
8797202485762
8797202555137
8797233939525
8797233940618
8797301113930
8797301115013
8797335881728
8797337175040
8797506519120
8797510729888
8797842063520
8797846274128
8798240805448
8798240809348
8798241051268
8798241055048
8798275183105
8798275244290
8798307746950
8798307747913
8798342760448
8798343562240
8798374790281
8798374791238
8798647386208
8798651564176
8798848712848
8798852890720
8799343608000
8799532354560
8800136343552
8800392189189
8800392190474
8800396387594
8800396388869
8800459636740
8800459980808
8800530956296
8800531267588
8800561004674
8800566247489
8800656511248
8800656532000
8800723797009
8800724060194
8800925012512
8800925032720
8801059341346
8801059604497
8801529892884
8801530945576
8801735672064
8801741177344
8802569029024
8802569030224
8802670743592
8802671796244
8803078111744
8803083092224
8804687160838
8804687161609
8804691351049
8804691351814
8804758863880
8804759076868
8804789911618
8804793057409
8804821794820
8804821975048
8804951548192
8804951560720
8805085874194
8805086135329
8805219918352
8805219930400
8805287200801
8805287461906
8805790254688
8805790255504
8805891973144
8805893017636
8806300123648
8806303531264
8806898606116
8806899650584
8807105691904
8807108575744
8809007284992
8809196040192
8809800056832
8812216123392
8813274207504
8813274212896
8813275518496
8813275523344
8813341130769
8813341212706
8813409288226
8813409370129
8813440925800
8813441187988
8813613679620
8813618923528
8813847515776
8813851713856
8813949224968
8813954466820
8814350910720
8814350993920
8814418202625
8814422663170
8814615068949
8814615069226
8815428848128
8815428928768
8815559057410
8815563509761
8815957246234
8815957246501
8817568186689
8817568252546
8817634989120
8817635010688
8819346374656
8821863416194
8821863481921
8821897445896
8821898510596
8821997066368
8821997085760
8824379539456
8830454339872
8830454343184
8830455126544
8830455129376
8830522064914
8830522114081
8830553686168
8830553948260
8830588125217
8830588174354
8830758953344
8830763143744
8830861706248
8830864852996
8831063033860
8831066178568
8831534990848
8831535040768
8831665442818
8831669379073
8832063373606
8832063373849
8832604539136
8832604587520
8832672079873
8832676007938
8832868679977
8832868680214
8834748318274
8834748383617
8834782363912
8834783396356
8834881971328
8834881984576
8837532811264
8839043023489
8839043088706
8839109830720
8839109842048
8840552710144
8847661992960
8847850782720
8848454909952
8850871418880
8860537454592
8864818070529
8864818399234
8864823314434
8864823641089
8864854459528
8864854476868
8864884871424
8864885940736
8864956178944
8864957239552
8865082261524
8865082540072
8865351745576
8865352024084
8865382989922
8865383055505
8865886262289
8865886267426
8865953677584
8865954005536
8866158940164
8866163204104
8866960020514
8866960025617
8867094528544
8867094855952
8867501121544
8867505377284
8869111926864
8869112193184
8869411563520
8869443010884
8869510120072
8870182338624
8870183469184
8870215286794
8873411088544
8873411354704
8873974961152
8874006413704
8874073522756
8875551064192
8875552161856
8875583995909
8881993420869
8881993425034
8882093033986
8883110150176
8883334808640
8883603507328
8886287402004
8886287468584
8886559981569
8886832627714
8899174338634
8899174342789
8899206160384
8899206467584
8899340011777
8901362712592
8901588420736
8901857117248
8907762238504
8907762305044
8908034834434
8908307447809
8933538661378
8933538859009
8933541808129
8933542003714
8933569742980
8933569758280
8933608559104
8933609595136
8933671477504
8933672505856
8933802803224
8933803048996
8933834031250
8933834096737
8934070190116
8934070435864
8934605756434
8934605759521
8934740328736
8934740525584
8935146917896
8935151050756
8935679481889
8935679484946
8935746961936
8935747158304
8935952228356
8935956353032
8937835602016
8937835860112
8938398426112
8938430923336
8938498032004
8939975622784
8939976622144
8940008243209
8942126375056
8942126633056
8942424954880
8942457455236
8942524563784
8943196864576
8943197831296
8943229468678
8950713946246
8950713950281
8950745817088
8950746025984
8950879618561
8952899174416
8953128289408
8953396463680
8959301847064
8959301911588
8959578619906
8959842877441
8967892766857
8967892770886
8967992378626
8969004253216
8969234417728
8969502590080
8972186748964
8972186813464
8972463538177
8972727762946
9002280824832
9002469752832
9003074322432
9005492600832
9015153131523
9053807837196
9070971260949
9070971265066
9070971588634
9070971592741
9071006601376
9071006621776
9071038055700
9071038057000
9071105180968
9071105182228
9071243842560
9071244126208
9071310733569
9071314993666
9071516477440
9071516750848
9071646278146
9071650537729
9072049930245
9072050995210
9072314221584
9072315336736
9073127866378
9073128931333
9073156554880
9073160945728
9073656399904
9073657512976
9075267208260
9075267471496
9075367092736
9075576274984
9076608077889
9076876517506
9079563224200
9079563487300
9079594502146
9079594583041
9079729164544
9080139677716
9081976787074
9082245226561
9088154993745
9088154994850
9088419315780
9088419397768
9088455409666
9089258104840
9089292697920
9089360855680
9092451078144
9092456390656
9093519786000
9094593806368
9105339057250
9105339058321
9105867620488
9105867702340
9105903452161
9107511714820
9107546309248
9107614466368
9113925984256
9113931157504
9114994638880
9116068626448
9139690476864
9139690482304
9139757793345
9139758071938
9139793297416
9141334606336
9143986422033
9143987470882
9145130419200
9146275465216
9156874731780
9156879188488
9157205823504
9157541371936
9208410019456
9208410024256
9208544379010
9208544657473
9208579817476
9211127808256
9217000866082
9217001914897
9218149058560
9219285713920
9242774077960
9242778534148
9243105173536
9243440713744
9345849233446
9345849237529
9345849430057
9345849434134
9345883463824
9345883476064
9345915979288
9345915980068
9345983071780
9345983072536
9346125961216
9346126210048
9346255814914
9346259943937
9346390205440
9346390448128
9346457141761
9346461270274
9346932047878
9346933080073
9346960916608
9346964914240
9347460629536
9347461613584
9348001595401
9348002627590
9348265936912
9348266918944
9350146164808
9350146425988
9350177457154
9350177507329
9350311846144
9350718423076
9352559730754
9352828162177
9354440083588
9354440344648
9354539700736
9354744954904
9355780956289
9356049387586
9363037095058
9363037096033
9363565674568
9363565723780
9363600703489
9365209749508
9365245395328
9365311455808
9371625005056
9371628212224
9372692922400
9373766418448
9380212769953
9380212770898
9380477108356
9380477157448
9380511875074
9381315875848
9381351522880
9381417582976
9384509968384
9384513052672
9385577840656
9386651303968
9414568450432
9414568453696
9414702825538
9414703071361
9414737264644
9417017803264
9423159296530
9423160344865
9424370403328
9425381229568
9448932770056
9448936702468
9449330708512
9449532039184
9483287861824
9483287864704
9483355193473
9483355439170
9483389566984
9484663554304
9487583805985
9487584854290
9488799106048
9489801545728
9500472377860
9500476309768
9500870320144
9501071642656
9620756152320
9620945633280
9621551972352
9623964745731
9633628422156
9672283127856
9826901950656
9895605785604
9895605807112
9895606900744
9895606920196
9895638733954
9895638739009
9895673069829
9895673332234
9895741227274
9895741489669
9895772504704
9895772586304
9895878332433
9895879385122
9896150962210
9896152014865
9896682849300
9896683112488
9896947171329
9896947515394
9896982478984
9897013941504
9897081055744
9897760785448
9897761048596
9898289364994
9898289676289
9898324656196
9898356120064
9898423231744
9899899633749
9899899633834
9900172313664
9900176574592
9901015343104
9904194617434
9904194617509
9904229580832
9904230826000
9904735717504
9904739976256
9906384031744
9912790040640
9912791367808
9913086543904
9913858330704
9913858400416
9917150789904
9917222093344
9917348188164
9917616889864
9918154277889
9919229069314
9929974120576
9929975414848
9930002202634
9930006462469
9930534847504
9932111941792
9932112011344
9938625626656
9938696929552
9938823028744
9939091722244
9939629115394
9940703904769
9964392285264
9964393334944
9964769247232
9965402063169
9965406257794
9968619373824
9968619653632
9968686272513
9968753451010
9981773545728
9982043095552
9982644862980
9983785730056
10033077162280
10033077166612
10033178870944
10033179920464
10033752702976
10035195281794
10035199476289
10041633819136
10041634096384
10041700720642
10041767890945
10067672957440
10067942375680
10068544225288
10069685059588
10170553864260
10170558062728
10170751254864
10170751517344
10171724070946
10175114133504
10175450742784
10175851331844
10176925139464
10187662446849
10187662467586
10187729863680
10187797301248
10239206309904
10239210586144
10239470470149
10239738906634
10240277090304
10241352146944
10282185261184
10445399263744
10445404505344
10445498880136
10445503078468
10445897597344
10445897859664
10447675719697
10454288072704
10454622552064
10455024206344
10456098013444
10479720223234
10479720243457
10479787706368
10479855010816
10582803709984
10582807953424
10583067853834
10583336290309
10583874740224
10584949264384
10604307808384
10995117483016
10995117496324
10995118467076
10995118478344
10995150100609
10995150103618
10995185746438
10995186008329
10995217039744
10995217089088
10995251806729
10995252068614
10995394158610
10995395203105
10995658399777
10995659444242
10996198672408
10996198933540
10996727300098
10996727513089
10996761493636
10996794009088
10996861114624
10997268219940
10997268481048
10997532622849
10997532803074
10997566799944
10997599316224
10997666420224
10999411277926
10999411277977
10999446437920
10999447289872
10999952442496
10999956572224
11001596514304
11003706228841
11003706228886
11003978975296
11003983103104
11004817727488
11012306124928
11012306927680
11012334026758
11012338155529
11012866590736
11014443704416
11014443765904
11020961579296
11021024494096
11021155045384
11021423222788
11021961921538
11023034615809
11029481816128
11029482586240
11029778023456
11030549831824
11030549893216
11033846481424
11033909395744
11034039951364
11034308120584
11034846824449
11035919516674
11063869313560
11063869317412
11063971022944
11063972070544
11064478007296
11065987433026
11065991627137
11072425985536
11072426232064
11072492933122
11072559980545
11098466091520
11098733543680
11099403468808
11100410118148
11132623390864
11132624438368
11132932980736
11133633168001
11133637361986
11136850495744
11136850740736
11136917446657
11136984485890
11150005764352
11150273085952
11150943092740
11151949709320
11270034032128
11270037178624
11270132605000
11270136795268
11270531318368
11270531580304
11272242331666
11278987853824
11279190212608
11279657992456
11280731668996
11304353947906
11304353960449
11304421623808
11304488535040
11407437479968
11407441625104
11407701575686
11407970010121
11408509247488
11409582198784
11446121398336
11544943403140
11544947593288
11545140789904
11545141051744
11546046496801
11549571825664
11549772120064
11550240932356
11551314608392
11562051985921
11562051997954
11562119726080
11562186508288
11613595926544
11613600038944
11613860005897
11614128440326
11614667935744
11615740370944
11639394926656
12094657462272
12094849155072
12095449989123
12097865908236
12107529584688
12146184290496
12300803113728
12919278406656
13194139878480
13194139895968
13194140206240
13194140223568
13194175185946
13194175186981
13194206646609
13194206646946
13194273759586
13194273759889
13194412425285
13194412687498
13194685055050
13194685317253
13194715365376
13194720526336
13195218523200
13195219576960
13195322327560
13195515797536
13196296460416
13196297512000
13196463177988
13196857970704
13198435831809
13198436114434
13198502724864
13198503840256
13199512502289
13199516762146
13199776695300
13200045148168
13202731851778
13202732126209
13202763092104
13202763161668
13202864802304
13202865915136
13204881211426
13204885471249
13205145405448
13205413856260
13211323617300
13211323637800
13211587908609
13211587979266
13211655225600
13211722613248
13212394520580
13212395896840
13212426731650
13215656839168
13215883853904
13216153338016
13228507680808
13228507701268
13229036214274
13229036282881
13229103546880
13229170901248
13230648197128
13230649442308
13230680342593
13237131412480
13237358690464
13237628174416
13262859092229
13262859108874
13262926386180
13262926653448
13263131641104
13263135836704
13264269344769
13264605937666
13267321782304
13280110248000
13280181616768
13285407592704
13290776306176
13331578634506
13331578651141
13331613352576
13331614662976
13331712972808
13331713238020
13332119553568
13332123748624
13334063611906
13334398107649
13340336209936
13366009659520
13366080897088
13371306942976
13376675647744
13469090054160
13469095559200
13469286928644
13469287981576
13469453650048
13470091445505
13470091708930
13470158376960
13470225571840
13473316618560
13473320829568
13486230995488
13490559385605
13494921461770
13537778868226
13538810658900
13539884400808
13542300647424
13546864377856
13554917852160
13572098787328
13744035332128
13744040312848
13744433271304
13744434323716
13744599991360
13746043094530
13746043357441
13746110046208
13746177200128
13752489493120
13752493703488
13778288771344
13782617161738
13786979237893
13881376247809
13882408042600
13883481784468
13885898358784
13890461433856
13898515253248
13915696153600
14293655687424
14293656019456
14293722481665
14293726693378
14293986770964
14294053945384
14294725968144
14294727033376
14298516554242
14299087241280
14300228354176
14310831031620
14310831032968
14311000907776
14362639093824
14362907549824
14364551809024
14366670848004
14370971058184
14379550769169
14396730900514
14568530182209
14568531296386
14568563179528
14572824040464
14577119012896
14587055308800
14605581549568
15393171513856
15393171837184
15393301219330
15393305428993
15393766834216
15393834008596
15395311338016
15395312402704
15402323149057
15402894098560
15404034687040
15427522528648
15427522529860
15427691352064
15530870202496
15531138650176
15532782846976
15534903001096
15539201114116
15547781873698
15564962005009
15942919716994
15942920831041
15942952697860
15947213576224
15951508546576
15961717473280
15979698454528
17592187113749
17592187118121
17592187130406
17592187134234
17592188162586
17592188166438
17592188178729
17592188183061
17592207171713
17592207183938
17592211300418
17592211312769
17592219935136
17592219996768
17592220193424
17592220262736
17592242147336
17592242937860
17592254530580
17592254859300
17592255645720
17592255841320
17592278583872
17592278844800
17592286726290
17592286741602
17592321705000
17592321902616
17592322689060
17592323015700
17592341498240
17592341759552
17592353834145
17592353851473
17592459793664
17592460912896
17592464057856
17592465037824
17592471266468
17592471267416
17592527110145
17592532631553
17592563662980
17592595529730
17592598429698
17592626512008
17592640078112
17592728295936
17592729282048
17592732428544
17592733537536
17592739697816
17592739698788
17592796610562
17592800002050
17592827904072
17592841404944
17592862932993
17592867897345
17592899141700
17593264308485
17593264636425
17593268568582
17593268764938
17593278922913
17593279184978
17593299665280
17593302794880
17593310216228
17593310265368
17593331110916
17593335326724
17593398240264
17593402415112
17593528501520
17593528781328
17593595400209
17593662578721
17593796954400
17593797199392
17593851184130
17593863905298
17593930944546
17594338115850
17594338312710
17594342244873
17594342572293
17594351616146
17594351878241
17594372358720
17594377584960
17594404870152
17594409051144
17594471966724
17594476172292
17594602260000
17594602506528
17594656491521
17594669207586
17594736254994
17594870680080
17594870957328
17594937581601
17595004751889
17596481094980
17596481112708
17596481161800
17596481176968
17596507260944
17596508292128
17596516141314
17596516926978
17596548386885
17596548653193
17596583940096
17596615499910
17596615757898
17596649938944
17596753641809
17596757836449
17597022077586
17597026271586
17597035839497
17597036822534
17597068492928
17597731438608
17597891347520
17598125187588
17598227941440
17598645675008
17598645868544
17598712414721
17598737809440
17598779506946
17598930493704
17599033246848
17599233525888
17600776063368
17600776078920
17600776128132
17600776145220
17600798032928
17600799066128
17600810846721
17600812156161
17600843358282
17600843616390
17600877846528
17600910463113
17600910729285
17600945934336
17601048609378
17601052803474
17601062371334
17601063354377
17601095041088
17601317044641
17601321239121
17601866897408
17601867097088
17601933639938
17601955102752
17602000732673
17602151715336
17602253424768
17602455798912
17603095691280
17603261106240
17603493892356
17603595600960
17609383233545
17609383248902
17609403664920
17609407857960
17609417427008
17609418409088
17609438269520
17609443516560
17609506431072
17609509572768
17609516982788
17609517043976
17609635660100
17609636971140
17609668067841
17609802654720
17609904357960
17609905144200
17609924411408
17609928278048
17609936421378
17610003978240
17610439660865
17610439666305
17610507108416
17610574561344
17610609524745
17611513403970
17611513406850
17611581177984
17611616157702
17611647975552
17611800743936
17612068118528
17613665358080
17613669835008
17613732250625
17613803620353
17613996441620
17614332002340
17614735737104
17615810593296
17617960604160
17617964524032
17618006183954
17618031477762
17618094327810
17618358534168
17618559844392
17619031818528
17619054755972
17620104446496
17620124303432
17626562840582
17626562855945
17626583533092
17626587728148
17626619187360
17626622337120
17626629742856
17626629804548
17626685251728
17626690490448
17626815791496
17626816578120
17626835779616
17626839777296
17626847871234
17626915153920
17627083965060
17627085275460
17627116355841
17627250693120
17627619531138
17627619534402
17627687256192
17627721236490
17627754152064
17627906859008
17628174258176
17628693272193
17628693276993
17628760801344
17628828090432
17628862087173
17630845493760
17630849438208
17630891085857
17630916315138
17630979294210
17631243419688
17631444762648
17631916655136
17631939657800
17632989413664
17633009205380
17635140215040
17635144651008
17635207153665
17635278390273
17635471294500
17635806822420
17636210639376
17637285363984
17660906853440
17660907137088
17660907922560
17660908165248
17660939151366
17660939211786
17660973744449
17660974858881
17661006742020
17661040919106
17661041901954
17661060710441
17661064904726
17661073572360
17661215940624
17661459440129
17661459697922
17661480165408
17661526443008
17661593470976
17661983523920
17661987784848
17662247714885
17662516166793
17662552375296
17663057332320
17663061460128
17663070833156
17663071880456
17663170453568
17663321473158
17663357485056
17663589892170
17665200832529
17665201176609
17665236140196
17665267602704
17665334716944
17665473381380
17665746274308
17666279477249
17667358466049
17669495881746
17669496061986
17669530058856
17669550047744
17669562575136
17669629679136
17669772805128
17670036785160
17670579687426
17671648190466
17678090715140
17678096039940
17678127857793
17678354875409
17678624360481
17679159398420
17679498871040
17680233406500
17680912351488
17682648862784
17687212335168
17688856396800
17695271698440
17695274795016
17695282053776
17695282069856
17695303270530
17695535794194
17695803180066
17696339533848
17697014284800
17697413009448
17697756676608
17699713581056
17700097233024
17701741283328
17703940653056
17704123703424
17729626347648
17729626596480
17729627383872
17729627657280
17729658624009
17729658692613
17729693286786
17729694270018
17729713078310
17729717272601
17729725956360
17729760330369
17729761444161
17729793310980
17729910481154
17729910739457
17729931218976
17729977468928
17730044527616
17730203832336
17730703066272
17730707196000
17730716567816
17730717615620
17730816184448
17730967208010
17731002433536
17731235627142
17731776743568
17731781002320
17732040933513
17732309385285
17732344283136
17733920374818
17733920587794
17733954568344
17733974622464
17733987083808
17734054189344
17734197053448
17734461555720
17735003152386
17736073744386
17738215292961
17738215604241
17738250584148
17738282048016
17738349159696
17738488088580
17738760455172
17739294973953
17740371857409
17746811256840
17746814451720
17746821661280
17746821677456
17746843140162
17747075400738
17747342788626
17747879137320
17748490977792
17748952621080
17749359198720
17751252402176
17751636779136
17755481047040
17755663372416
17756502116352
17763990142980
17763995303940
17764026941505
17764254222369
17764523705361
17765058748452
17765469520128
17766132748308
17766740394240
17768548278336
17769387033600
17773111611456
17867068424276
17867068702884
17867072635032
17867072880744
17867083251968
17867083432448
17867103928338
17867107008546
17867114283401
17867114283590
17867216005121
17867217048578
17867332715585
17867333044353
17867368073220
17867399516480
17867466646080
17867601217602
17867601413250
17867635443720
17867667972480
17867735061120
17868138811460
17868139929732
17868171812865
17868305598720
17869212622920
17869213601928
17869232415248
17869236605216
17869245276162
17869312230912
17869631389700
17869832454152
17871400872000
17871431270660
17871503622660
17871628668944
17871898419216
17872432661525
17872705372160
17873506404393
17874051809280
17875691640960
17875731480840
17875737903248
17875793347080
17875804946528
17875924946976
17876192075808
17876727629862
17877272985600
17877801370650
17878074163200
17884243907600
17884243994640
17884311191825
17884378563105
17884516454405
17884789088265
17885323068416
17886402315264
17886961729680
17888539852865
17892835885185
17892867964932
17901423797280
17901423843360
17901491323410
17901549535232
17901558169890
17901700521990
17901964759050
17902508181504
17903067856992
17903576942592
17905720787010
17905752801288
17906272307456
17910014689410
17910298838528
17935787640065
17935791852033
17935855063040
17935926693888
17936051929364
17936320430628
17936925343760
17938067259408
17941152399680
17945078005761
17946521371200
17953030407236
17970178826496
17970277386372
18004507134210
18004511311362
18004553499680
18004579000320
18004641718272
18004771471896
18004798603328
18005039841576
18005061795968
18005712977952
18006718578720
18008814690308
18010945880448
18013109637128
18013461938178
18014166844032
18021718430208
18021816993864
18023847165953
18038929753224
18039953227778
18141946347624
18141946593432
18141950525604
18141950804052
18141960094208
18141960306944
18141980786721
18141985964049
18142026802178
18142027847681
18142210688130
18142210885698
18142244930568
18142277440128
18142344536448
18142479059073
18142479385665
18142514398212
18142545863232
18142612984128
18143016784008
18143017771080
18143036580128
18143040770576
18143049453570
18143116331520
18143435292680
18143636881412
18144090464388
18144091574340
18144123441153
18144257180928
18146274583680
18146313372168
18146320842848
18146377335048
18146387886224
18146507628576
18146775273504
18147310569498
18147851796480
18148384310310
18148661231616
18150573741120
18150605193732
18150675448068
18150801809424
18151071027216
18151605535785
18151882506240
18152679278613
18153220423680
18159121831968
18159121884192
18159189360930
18159243395072
18159256207890
18159398555658
18159662800902
18160205432832
18161275766784
18161571201120
18163418808450
18163450642440
18163970344448
18167712743490
18167996877056
18176301688848
18176301765648
18176368968225
18176436338961
18176574234633
18176846860293
18177382155264
18177677328528
18178458780672
18180597645441
18184893644865
18184925413380
18210665563650
18210669742338
18210711930896
18210737233920
18210800345088
18210929901864
18210955985024
18211198272024
18211221274688
18211870375968
18212878041120
18214973116424
18215593836546
18217104048768
18219268071428
18220325536128
18227875815936
18227975423112
18230005530626
18245088184392
18246111723521
18279385025025
18279389234433
18279452774400
18279523749888
18279649313316
18279917814036
18280523792400
18281663578128
18284111986689
18284750045760
18290118492480
18296627792004
18313775157504
18313874768964
18691702916165
18691703965833
18691707111558
18691708159050
18691714582049
18691714582802
18691736094720
18691739977728
18691806732801
18691848970256
18691849211936
18691869643266
18691967238224
18691968368784
18692000186409
18692235755616
18692236722336
18692255547908
18692259725576
18692268359706
18692807075856
18692838523220
18692905632420
18693044310080
18693317206080
18693879765024
18693912265368
18693939593216
18693979373928
18694001524736
18694122508416
18694386491520
18695996903444
18696001167396
18696261096449
18696328511744
18696529553409
18696664383744
18697067708420
18698142777348
18698173808769
18700291940376
18700296065064
18700305441344
18700306485632
18700405049348
18700556084226
18700690850304
18700824500226
18700891980288
18701363986440
18701395034178
18702436433928
18708878921729
18708880302081
18708911136900
18708945716480
18709013891328
18709955493905
18710219785220
18711033446433
18711562029060
18713172771920
18717468002448
18718047338496
18726059118594
18726059843586
18726090985608
18726126650880
18726192695808
18726476841089
18726678167618
18727139573778
18727182008576
18727668155400
18728209104930
18728473397256
18730352904288
18730929094656
18734647608480
18760422654224
18760428159504
18760753745924
18760987576896
18761090342916
18761490977024
18761558262785
18762564804864
18762699376641
18764783435840
18769149722688
18781891985669
18794944790544
18803366822409
18829143441696
18829146325536
18829153796228
18829153992776
18829188022274
18829438617984
18829541380104
18829741662216
18830210535936
18830345110530
18831284199936
18831351482370
18833574215808
18836132724752
18837797896320
18839085514784
18846341669888
18846484332576
18854906429958
18863517341696
18867791331594
18966575846660
18966576114180
18966642769925
18966709960713
18966745972800
18966915318800
18967255058448
18967918805249
18969262031361
18975199101456
18983759708480
18989191270400
19000943837760
19011806957568
19035295060049
19039591138304
19052743639040
19104014540961
19106203959300
19112606696448
19138911682560
19241453758728
19241454016008
19241520758790
19241556508800
19241587785738
19241772388352
19241864528928
19242061662240
19242544040000
19243066196226
19243617764480
19243870454274
19245774143489
19245782040864
19250064654338
19258641875328
19258652229668
19269437890560
19275817484928
19275831050264
19281316159488
19310172971154
19312358195208
19318765062144
19345069867008
19378892443746
19383188588544
19396341301248
19791214544970
19791215592582
19791218738313
19791219787845
19791226144274
19791226145057
19791247475712
19791251850240
19791293485088
19791293734928
19791314166018
19791385465089
19791478931616
19791479930976
19791498739976
19791502918148
19791511552038
19791747317904
19791748415568
19791780249621
19792317654048
19792350151272
19792376496128
19792417259928
19792440393728
19792560136320
19792824635520
19793392440336
19793423892900
19793491001940
19793629945920
19793902309440
19795508596776
19795512729624
19795522101632
19795523146304
19795621708808
19795772741634
19795907314176
19796041163778
19796108837376
19796580401160
19796611629186
19797653340168
19799803502628
19799807758356
19800067696641
19800135434496
19800336143361
19800470651136
19800874582020
19801949093892
19801980338241
19808390815746
19808391663618
19808422748232
19808458394112
19808524469760
19808808599618
19809009926273
19809471316002
19809513505280
19809999849480
19810540879890
19810805220360
19812684661920
19816979368032
19817287385088
19825570488321
19825571729409
19825602629700
19825637230848
19825705370880
19826647007265
19826911348740
19827724926993
19828253459460
19829864269968
19830175432704
19834159498320
19859935330848
19859938738464
19859945947208
19859946143876
19859980189697
19860230768256
19860332486664
19860534857736
19861002674688
19861137000450
19862076363264
19862143894530
19864362188928
19866656440352
19868594225280
19870146101264
19877133817856
19885698580746
19894309495808
19894389243936
19898583482886
19928654021136
19928659001616
19928985903108
19929218680128
19929320394756
19929722102016
19929789630465
19930795888896
19930930217985
19933018751040
19937376616512
19945928917008
19950123090441
19971597926661
20066087478792
20066087737608
20066154463242
20066189443200
20066221522950
20066406047744
20066494056480
20066699576352
20067177759872
20067698868738
20068251486272
20068505223426
20070407602178
20070415745568
20074698637313
20083275530880
20083285950488
20093064978432
20100451271040
20100464771108
20106956513280
20134806691938
20143397799936
20169435414528
20203526164626
20204637650952
20207823292416
20221243195392
20340965382660
20340965647620
20341032321033
20341099479045
20341134196800
20341309048848
20341640397840
20342309388801
20343650517249
20349588619536
20358149308992
20364721655808
20375333306688
20385055641600
20409684594849
20410800275460
20413981787136
20427401871360
20478404075601
20486995117056
20513032519680
21990237017105
21990237284385
21990241216530
21990241473570
21990282914048
21990282925568
21990303940880
21990308217360
21990371131680
21990375244320
21990384631940
21990385664072
21990417432578
21990501339140
21990501687300
21990536650881
21990568101125
21990635211273
21990769856520
21990770040840
21990804033666
21990836537862
21990903645450
21991307428865
21991308560385
21991340378244
21991374721280
21991443144960
21991579975700
21991853654052
21992381252610
21992382220290
21992413856904
21992449774080
21992515576320
21992658960408
21992665383488
21992922153000
21992933753216
21994533093440
21994538664000
21994569498633
21995098081296
21995601285200
21996675047568
21998829371520
21998832320640
21998839530020
21998839791896
21998860255242
21999124612128
21999250313216
21999447449600
21999896272992
22000969994400
22007412490325
22007412555945
22007448633360
22007685071936
22007957719104
22009601986560
22011708445700
22013049831425
22016004466692
22016170132032
22018687238145
22024592359590
22024592425050
22024615363073
22024618508546
22024627191840
22024869151872
22025133377664
22025708052480
22025817032720
22026823664672
22028889367560
22029055033728
22031571877890
22033183283208
22034524930050
22058956230980
22058960429700
22059130291200
22059287838800
22059623645328
22061133070881
22063516500224
22064387915780
22068080967936
22069823799300
22076132230400
22076199030785
22093312428288
22093446029313
22127675712072
22127679902088
22127689474064
22127690453024
22127781611520
22128074686560
22128275751072
22128770957312
22128778805778
22129840259072
22131983255681
22132505461248
22134248243208
22136278221890
22136530960896
22137402425352
22144852035072
22144985632770
22145438580740
22162031577600
22162098380802
22265111512400
22265112562320
22265278242852
22265689800960
22266255507521
22267400552577
22269405499649
22269472818176
22273700536833
22273835172864
22282626990080
22283364090116
22300143452160
22301617717764
22333831249925
22335172121600
22355308970000
22402552037385
22402583134272
22405233779712
22445507477520
22539989420640
22539990468000
22540009474052
22540013601800
22540089040920
22540273614881
22540299010560
22540542033938
22541204717634
22542207156354
22544283476226
22544418097152
22546482200576
22548578374146
22548645709824
22557185548352
22557840506880
22559315755272
22574365151360
22574685880320
22575421866504
22608710467590
22608741548160
22611392206848
22651661713440
22677428633610
22678769510400
22698910548000
23089744462145
23089744740993
23089779966468
23089811362880
23089878542400
23092596326400
23094107308049
23095117088000
23098470432801
23100489992448
23106995617796
23107192492304
23124247052292
23124640801296
23158463677460
23158736355329
23176718319680
23227183171620
23227728527361
23235807154176
23263692456000
23364627353600
23365696159760
23369185493060
23639510519808
23641648136208
23648626802820
23673893292033
24189256106562
24189256352130
24189290480136
24189310337120
24189323060352
24189390100608
24189543646208
24189810771968
24190346338313
24191420076038
24191772426240
24193687093266
24195706652160
24197913903138
24198923684352
24206578548744
24206972559648
24215042539520
24223687376904
24223883989536
24227927392256
24257975322648
24258520612866
24266599047168
24294483558528
24326694781992
24326967525378
24344950472832
24464144228352
24466281791520
24473260523592
24498527011842
24601723666688
24739016908800
24740085760032
24743575027848
24807814988288
26388283347009
26388283367554
26388287606914
26388287627329
26388322328584
26388323635204
26388350633280
26388350896768
26388421936768
26388422199616
26388547507284
26388547508392
26388650263072
26388815946856
26388815947924
26388985807120
26389354119249
26389354381474
26389663188994
26390428909666
26390429171857
26390460186664
26390460268564
26391005365249
26392579294224
26392580360224
26392843583493
26392844697610
26392876580992
26393648108544
26393648441344
26393714901249
26393782026754
26396878456864
26396879520784
26397406986250
26397408100357
26397439967296
26399016822784
26399017145344
26399083610626
26399150735617
26405459215365
26405459232778
26405526114564
26405526184456
26405731893264
26405736415264
26406802182144
26407071686656
26409787465762
26410831839300
26411909775496
26422639346698
26422639364101
26422673475712
26422674588736
26422773092872
26422773162244
26423180263456
26423184654352
26425055813632
26425325277184
26431262302225
26432306675848
26433384611908
26457069846549
26457074040874
26457267245313
26457267511810
26457334170624
26457401362432
26458073335044
26458074384904
26458240065664
26461335585280
26474178429264
26474178445984
26478541799424
26482905186304
26525856432154
26525860626469
26526255157762
26526255423745
26526322100224
26526389257216
26527866553864
26527867603204
26528033280064
26534349963520
26560077775264
26560077791824
26564442456064
26568803221504
26663158366464
26663158710784
26663225136129
26663226189826
26664234914064
26664239112736
26664566521860
26664902328328
26667519115344
26667586289824
26680513036288
26684900246784
26689463650816
26731910531104
26732150128704
26732423807104
26736171438084
26740466425864
26750130126849
26768383803394
26938037338624
26938037649664
26938068435274
26938068435589
26938170152962
26938171204609
26940186563104
26940190761232
26940518432776
26940853714948
26946691989664
26946759163984
26972566601728
26976958024192
26981521425664
27075507913744
27075748561024
27076020142144
27079768825864
27084063805444
27093727576066
27111981121537
27487790761233
27487790762530
27487858085904
27487858368544
27488063340804
27488067551752
27488936853504
27489009270784
27492086714688
27492087767680
27492253435912
27505306107969
27505641652354
27507152126464
27556510498884
27556510826632
27556545855490
27562147315728
27567784460320
27573694239744
27590878308352
27763239165952
27763742360640
27764816119936
27766968025089
27771267448834
27779849519124
27797030436904
28587302454562
28587302455825
28587436826656
28587437101072
28587843404296
28587847614724
28589523337216
28589593526272
28595893310080
28595894362432
28596060029956
28621997604994
28622333149249
28623843361024
28724741603464
28724741931076
28724776943617
28730646855712
28735747129360
28741925349376
28759109407744
29137628631040
29138131896448
29139205653568
29141357821954
29145656721409
29154239053864
29171419971604
30786393751620
30786394816648
30786426896386
30787667820864
30787936322176
30790620807444
30790621069864
30790960287744
30791300030464
30803510690049
30803515933186
30804646298640
30805787150368
30855046172688
30855047290912
30856123269120
30857201483776
30859340022849
30863634991234
30889975218184
31061207745540
31061212006408
31061471936529
31061740388386
31071976554496
31078383620160
31095563755648
31885879148704
31886106952704
31886376699904
31886910951429
31887984697354
31907312123904
31928787042304
32229501698304
32573166191104
35184373158186
35184373162518
35184373174809
35184373178661
35184374207013
35184374210841
35184374223126
35184374227498
35184393146498
35184393166913
35184397406273
35184397426818
35184405979728
35184406040976
35184406237536
35184406307488
35184432123908
35184433438728
35184440576040
35184440902680
35184441689124
35184441886740
35184460433024
35184460695872
35184472770657
35184472786065
35184507750420
35184507946020
35184508732440
35184509061160
35184531735872
35184531999360
35184539878482
35184539895970
35184645843456
35184646952448
35184650098944
35184651085056
35184657306728
35184657307796
35184713433090
35184718397442
35184749641800
35184760062224
35184781328385
35184784719873
35184812621892
35184914343168
35184915323136
35184918468096
35184919587328
35184925746260
35184925747368
35184982900737
35184985800705
35185013883012
35185048698882
35185054220290
35185085251720
35185095606816
35185450353162
35185450680582
35185454612745
35185454809605
35185463918690
35185464180881
35185485693504
35185488855360
35185517160456
35185521366024
35185584281604
35185588462596
35185714547232
35185714824480
35185772987393
35185781448738
35185848619026
35185982998032
35185983244560
35186049945633
35186116993041
35186524160517
35186524356873
35186528289030
35186528616970
35186538709073
35186538971298
35186558386560
35186563646080
35186569986068
35186570068008
35186590917636
35186595092484
35186658006024
35186662221832
35186788305168
35186788550160
35186855256081
35186922295329
35187056723232
35187057003040
35187115165698
35187123621906
35187190800418
35188667139720
35188667156808
35188667206020
35188667221572
35188689094688
35188690158608
35188702184961
35188702972161
35188734431370
35188734697542
35188769906688
35188801544265
35188801802373
35188836028416
35188939686306
35188943880786
35188953382922
35188954497029
35188986363968
35189208121953
35189212316049
35189757913088
35189758235648
35189824700930
35189891825921
35189913026592
35190078441600
35190311227656
35190412936320
35190919921680
35191116534276
35191218243648
35191420617792
35192962107972
35192962123140
35192962172232
35192962189960
35192988255248
35192989321248
35192996889858
35192998201858
35193029402757
35193029660745
35193063837696
35193096507462
35193096773770
35193132064768
35193234653841
35193238847841
35193503088978
35193507283618
35193516785669
35193517899786
35193549783168
35194145079312
35194337763588
35194440516672
35194640795712
35195126617088
35195126949888
35195193409793
35195260535298
35195286192160
35195446101120
35195679941128
35195782695040
35201569014794
35201569032197
35201589709092
35201593902612
35201624318112
35201629556832
35201635914248
35201635983620
35201692471440
35201695621200
35201821704840
35201823015240
35201841758240
35201846149136
35201854095618
35201988433920
35202090402180
35202091188804
35202122481921
35202189763584
35202625705602
35202625710402
35202693234816
35202760523904
35202794520582
35202912002048
35203181465600
35203699448193
35203699451457
35203767173184
35203801153545
35203834069056
35205851423232
35205855859200
35205897265169
35205918361602
35205989598210
35206182502440
35206518030360
35206921847328
35206941638792
35207996571936
35208019574852
35210146636032
35210150580480
35210217457665
35210280436737
35210544562212
35210745905172
35211217797648
35212290556176
35218749146117
35218749163530
35218769577240
35218773772840
35218783274048
35218784389248
35218805235792
35218808377488
35218871292000
35218876539040
35218882892036
35218882961928
35219001836100
35219002622340
35219033899521
35219101455360
35219270009160
35219271320200
35219289997328
35219294519328
35219302416898
35219437004800
35219805575745
35219805578625
35219873349696
35219908329477
35219940147264
35220879316290
35220879321730
35220946763904
35221014216832
35221049180170
35221165592576
35221435097088
35223031550208
35223035470080
35223102424065
35223165274113
35223429480468
35223630790692
35224102764816
35225175392784
35227326239232
35227330716160
35227372101666
35227393131522
35227464501250
35227657322520
35227992883240
35228396618016
35228416475204
35229471474208
35229494411400
35253092903040
35253093176448
35253093963840
35253094212672
35253125194761
35253125257221
35253159789186
35253160902978
35253179645978
35253183840293
35253192769800
35253226963329
35253227946561
35253259632900
35253377044994
35253377310977
35253401964576
35253443987456
35253511144448
35253666222096
35254169569440
35254173828192
35254183134728
35254184184068
35254349860928
35254433759370
35254702211142
35254737174528
35255243375760
35255247505488
35255507517513
35255542677504
35255775936645
35257386893346
35257387204626
35257422184536
35257445318912
35257453648416
35257520760096
35257659688968
35257932055560
35258466574338
35259543457794
35261681909793
35261682122769
35261716103316
35261748618768
35261815724304
35261958588420
35262223090692
35262764687361
35263835279361
35270276841480
35270282002440
35270288228768
35270288245328
35270313640002
35270540920866
35270810403858
35271345446952
35271756218880
35272419446808
35273027092992
35274652909568
35274834976896
35275673733120
35279013675008
35279398310016
35287457693700
35287460888580
35287489577025
35287721837601
35287989225489
35288525574180
35289137414400
35289599057940
35290005635328
35292283215936
35296309809216
35297148552192
35321812395072
35321812637760
35321813423232
35321813706880
35321844667398
35321844738058
35321879331393
35321880314241
35321911984644
35321946374466
35321947488898
35321966231573
35321970425898
35321979372040
35322117251088
35322364956929
35322365223426
35322389897248
35322431882240
35322499074048
35322889111632
35322893239440
35323153252485
35323189198848
35323421671497
35323962786912
35323967047840
35323976353028
35323977402888
35324143083648
35324226977862
35324495429770
35324531703808
35326106435601
35326106615841
35326140612708
35326173128976
35326240232976
35326383358980
35326647339012
35327190241281
35328258744321
35330401320978
35330401665058
35330436628648
35330459828736
35330468091168
35330535205408
35330673869832
35330946762760
35331479965698
35332558954498
35338997350404
35339000446980
35339028922497
35339261446161
35339528832033
35340065185812
35340739936512
35341138661412
35341482328320
35343822884928
35345466934272
35347849355328
35356176105480
35356181430280
35356187574608
35356187591328
35356213248130
35356440265746
35356709750818
35357244788760
35357584261632
35358318796840
35358997742080
35360550944768
35360734253184
35364914331648
35365297725568
35366941788160
35459254468776
35459254747224
35459258679396
35459258925204
35459268182528
35459268493568
35459289907233
35459293118481
35459334936578
35459335988225
35459518761090
35459519087682
35459554100232
35459585565312
35459652686208
35459787261057
35459787458625
35459821503492
35459854012992
35459921109312
35460324860040
35460325969992
35460344713760
35460348911888
35460357836802
35460491576832
35460676583432
35461011865604
35461398663300
35461399650372
35461431332865
35461498210560
35463586911360
35463618363912
35463628914848
35463688618248
35463696089168
35463814979616
35464084197408
35464618705962
35464895692800
35465692448790
35466233610240
35467877688384
35467916476932
35467980439812
35468110733328
35468378378256
35468913674265
35469454884864
35469987415077
35470264320000
35476429957152
35476430033952
35476497236514
35476564607250
35476618625024
35476702502922
35476975128582
35477510424576
35477805596832
35478587049984
35480725913730
35481010047488
35485021913154
35485053681672
35485573448960
35493609838608
35493609890832
35493677367585
35493744214545
35493886562313
35494150807557
35494693438464
35495763772416
35496059207760
35497906815105
35497938649092
35502200750145
35527973685762
35527977895170
35528020329488
35528041439232
35528112414720
35528237974056
35528260976768
35528506474776
35528532557888
35529112453152
35530252238880
35532281241608
35532700647426
35533338706560
35536576221188
35538707153280
35545216452744
35546239991810
35562363818496
35562463429704
35564493537281
35596693177857
35596697356545
35596764844032
35596827955200
35596957516068
35597225886228
35597897990160
35598905655312
35601621450753
35603131662912
35606353150272
35613903429888
35614003037316
35631115798596
35734132392084
35734132637796
35734136569944
35734136848552
35734147121408
35734147465728
35734166765586
35734172074018
35734178234693
35734178235018
35734279951361
35734281005058
35734396733505
35734396929153
35734430959620
35734463488320
35734530576960
35734665102402
35734665431170
35734700460040
35734731903360
35734799032960
35735202832452
35735203811460
35735235485697
35735302440192
35736276504648
35736277622920
35736296362256
35736300560928
35736309506050
35736443292160
35736627970052
35736963776520
35738460624960
35738500464900
35738562331140
35738693931024
35738961059856
35739496613925
35740041953280
35740570354713
35740843130880
35742759790720
35742790189320
35742801789008
35742862541320
35742868963488
35742987587616
35743257337888
35743791580182
35744064307200
35744865323050
35745410744320
35751307879440
35751307925520
35751375405585
35751442252065
35751584604165
35751848841225
35752392262656
35752951939152
35753461023744
35755604869185
35755636883460
35759898771585
35768487728160
35768487815200
35768555012370
35768622383650
35768680611840
35768760274950
35769032908810
35769566889984
35770646136832
35771205550240
35772783673410
35773067822336
35777079705730
35777111785480
35777631226368
35802851608833
35802855785985
35802923470848
35802986188800
35803115946516
35803384316196
35804057452560
35805063053328
35809290355008
35811806412801
35812511318592
35820062904576
35820161468484
35837274227844
35871571068162
35871575280130
35871617714208
35871638495232
35871710126080
35871835357464
35871857311808
35872103858728
35872130990208
35872708771872
35873850687520
35875878621188
35876935827840
35880173608968
35880861433858
35882304799360
35888813835336
35889837309953
35905962254848
35906060814472
35908090986498
36283888960650
36283890010182
36283893155913
36283894203525
36283900560674
36283900561937
36283922088960
36283926070272
36283967889440
36283968163856
36283992772866
36284055691521
36284153299104
36284154396768
36284173140488
36284177350916
36284186230806
36284421783696
36284422783056
36284454404133
36284993115168
36285024567720
36285047767040
36285091676760
36285117956096
36285230620800
36285502984320
36286065812496
36286098309732
36286165418388
36286308294720
36286572793920
36288182951976
36288187207704
36288196514432
36288197566784
36288363234308
36288447145986
36288514884096
36288715592706
36288850100736
36289254031368
36290328543240
36290359787586
36292477980708
36292482113556
36292742125569
36292876697856
36293010547713
36293078221056
36293549785092
36293581013121
36294622724100
36301065035778
36301066276866
36301097177160
36301131778560
36301199918592
36301415907458
36301751451713
36302141554722
36302405896200
36303219474450
36303261663488
36303748006920
36305358817440
36305671028736
36309654045792
36318245101569
36318245949441
36318277034052
36318312679680
36318378755328
36319325601825
36319854135300
36320395165713
36320659506180
36322538947728
36326833653840
36327140622336
36352608961056
36352613941536
36352620298376
36352620625988
36352655638529
36352940843016
36353173620096
36353275334664
36353677042176
36353744570370
36354750829056
36354885157890
36356973691008
36358525550624
36361331556480
36363625824272
36369804044288
36369883856928
36374078030346
36386988102656
36395552866566
36421329224208
36421332631824
36421624661568
36421726380036
36421928751108
36422396567808
36422530893825
36423470256384
36423537787905
36425756082240
36429988118592
36447092474121
36455783137296
36459977376261
36558761892360
36558762157320
36558828830730
36558895988742
36558930706560
36559105558560
36559348895744
36559436907552
36559852161152
36560105898498
36560925918272
36561447026946
36563078086658
36567376986113
36567385129248
36575945818752
36575959318568
36582518169600
36593129816448
36593140236308
36602852155392
36627481104546
36628596785160
36631778297856
36645198397440
36696200585298
36704791627776
36730829045760
36833639802372
36833640061188
36833706786825
36833741766720
36833773846533
36834046380048
36834251899920
36835251192321
36836057547009
36837968069136
36850827854400
36860617297920
36868003594560
36874508832768
36902359015521
36910950122496
36936987721728
36971078488209
36972189974532
36975375614976
36988795502592
37383400589445
37383401636937
37383404782662
37383405832330
37383412253969
37383412255266
37383433439232
37383437977600
37383500206593
37383546621968
37383546904608
37383571513858
37383664992336
37383665959056
37383697596441
37383933345888
37383934476448
37383953203460
37383957414408
37383966294058
37384503695376
37384536195732
37384603304292
37384746438720
37385010421824
37385578489888
37385609937240
37385632022528
37385677046440
37385704439808
37385815724160
37386088620160
37387694645268
37387698769956
37387958789121
37388093554944
37388227205121
37388294684928
37388766691332
37388797739073
37389839138820
37391989542936
37391993806888
37392003109184
37392004162176
37392169830408
37392253735938
37392321151488
37392522192898
37392657023488
37393060347912
37394135416840
37394166448258
37400576921601
37400577646593
37400608788612
37400644453632
37400710498560
37401657376785
37402185958404
37402726907937
37402991200260
37404870707280
37405445849088
37409165411472
37417756463106
37417757843458
37417788678280
37417823258112
37417891432960
37418107404353
37418442948738
37418833035282
37419097326600
37419910987810
37419953422848
37420439570440
37422050313312
37426345543840
37426925928448
37452121637136
37452124520976
37452416813376
37452519575556
37452719857668
37453188731136
37453323305985
37454262395136
37454329677825
37456552411200
37460776091712
37469462528016
37477884625413
37490769527049
37520839803168
37520845308448
37520851402820
37520851730568
37520886759426
37521170894856
37521404725888
37521507491848
37521908126208
37521975411714
37522981954048
37523116525570
37525200584832
37526488219664
37529566871680
37532125364256
37538035143680
37542309134598
37555219212288
37555361939488
37563783971338
37658273523972
37658273781252
37658340524037
37658376273984
37658407550985
37658684294160
37658881427472
37659885961473
37660690219521
37662601806096
37675461640512
37686257651712
37692637250112
37698135920640
37726992736401
37729177960452
37735584826368
37761889615872
37795712208993
37800008352768
37813161050112
37933151425800
37933151693320
37933218349062
37933285539850
37933321552000
37933490897952
37933738500096
37933830637600
37934241694784
37934494384386
37935315454080
37935837610498
37937467359233
37941766782978
37941774680608
37950335287680
37950348853268
37955766853632
37967519416960
37967529771048
37978382540800
38001870639186
38006166718464
38019319234560
38070590120098
38072779538440
38079182276608
38105487278080
39582423062562
39582423327762
39582427259937
39582427518993
39582490001952
39582494245152
39582503551112
39582504616004
39582536630273
39582557159952
39582561304848
39582687404040
39582687711240
39582722691138
39582754145802
39582821255430
39582955888644
39582956097540
39582990082113
39583022582025
39583089690117
39583493490690
39583494587394
39583526421576
39583561032192
39583628923392
39583767068712
39583777620608
39584038649880
39584046121280
39584567281665
39584568280065
39584599902276
39584635560192
39584701878528
39584843956260
39585109245972
39586719465600
39586724380800
39586730606888
39586730869268
39586755526662
39587074285568
39587284059168
39587405631488
39587787333792
39588861087840
39591015219264
39591018561600
39591046316037
39591310592016
39592082313360
39593156042832
39599598534762
39599598600342
39599620489730
39599625732353
39599634399264
39599871133824
39600143746176
39600756099104
39601783775232
39601896948752
39603894495240
39603994100352
39605504573442
39608190505992
39610604584962
39616778403993
39616778469477
39616813482000
39617055180864
39617319437376
39617889964032
39621075408900
39623489748993
39625369330692
39625468936512
39626979147777
39651142275720
39651146473800
39651155976224
39651157086224
39651311093760
39651474145440
39651809427552
39652233347072
39653311004672
39653319115026
39655449822338
39655703609856
39656641134600
39659744790593
39660265947648
39661942669320
39668318341632
39668385095682
39668636712968
39685498406400
39685632053250
39719861756292
39719865946692
39719964509184
39720260468880
39720462057552
39720964849953
39724690473216
39726367244292
39728718037248
39729655513092
39737038014720
39737171664897
39754217686272
39754284437505
39857297557152
39857298606432
39857317545992
39857321804804
39857464283160
39857581735970
39857850187793
39857871389184
39858445746306
39859582402626
39861591548418
39861659142144
39862717644800
39865886576898
39866020939776
39874493423744
39874881257472
39875550151176
39891673550912
39892261404672
39893803745544
39926017556490
39927626606592
39951794176032
39994737819654
39994769096832
39997151385600
40033394360352
40132175464848
40132176512592
40132275081252
40132481122560
40133386567809
40134397395009
40136469516801
40136603894784
40140764422401
40140831998976
40149960425472
40151501783556
40166937919488
40167607927044
40200896249865
40200927543360
40203309818880
40239556984848
40269614940165
40271223985152
40295387365392
40681930506882
40681930785090
40681965945096
40681988948048
40681997412480
40682064581760
40682217015296
40682486236160
40683020750858
40683440209920
40684094496773
40686294401058
40687307328000
40690655428626
40692671841792
40699186118664
40699378541088
40703422005248
40716428640264
40716826841376
40724896759808
40750649722920
40750926659586
40754978758656
40769979154560
40819369215000
40819910311938
40854803710080
40956814467072
40957882531872
40961639973000
40974021560322
41025678606848
41231695503360
41233833852960
41240544411720
41369208881408
41781442150785
41781442396737
41781476589828
41781509101632
41781576148032
41783153147904
41785872089121
41787888503040
41790100996113
41791113921792
41798760660996
41799158600208
41815877353476
41816070037776
41850161366052
41850702528513
41885596909632
41918880827412
41919157698561
41923209596928
41938209210432
42056329236480
42058467639312
42065178132612
42331203981312
42332272001040
42336029507652
42348411094017
43980469461058
43980469473409
43980473589889
43980473602114
43980504440836
43980505223176
43980540873088
43980541134400
43980603787840
43980604048768
43980733555864
43980733556836
43980902367760
43981001987236
43981001988184
43981103694112
43981541212306
43981541474401
43981572505624
43981572554788
43982113474561
43982613905569
43982614167634
43982918779906
43984769549344
43984770582544
43985298128902
43985299111945
43985330798656
43986907961344
43986908161024
43986974703874
43987041796609
43989060323344
43989061354528
43989324660745
43989325643782
43989357314176
43990129189888
43990129383424
43990195929601
43990263021826
43997645522950
43997645538313
43997679715456
43997680699456
43997779271944
43997779333636
43998186635296
43998190632976
44000063021056
44000330420224
44006268473377
44007317045320
44008386592900
44014825129993
44014825145350
44014892032516
44014892093704
44015098134544
44015102001184
44016169160704
44016436535296
44019153375250
44020201947268
44021271494728
44049322999846
44049327194137
44049721729282
44049721987585
44049788717056
44049855775744
44051333122312
44051334170116
44051432738944
44057812402432
44083544343136
44083544359312
44087975084032
44092203728896
44117975367721
44117979562006
44118172770817
44118173028610
44118239773696
44118306801664
44118978857476
44118979904776
44119078477888
44122236846592
44135083950736
44135083966816
44139515478016
44143742550016
44255345525248
44255345737984
44255376572806
44255376573001
44255478293506
44255479339009
44257494704416
44257498894864
44257893416968
44258095005700
44264000192608
44264067235984
44289807646720
44294534596096
44298561128704
44392815790096
44393059844224
44393325133888
44397076975624
44401371930628
44412109389826
44428215582721
44530222399744
44530222580224
44530289092609
44530290136066
44531298869776
44531303059744
44531697844228
44531898908680
44534583132304
44534650175584
44547509862400
44552232634624
44556259165696
44598974219296
44599219322944
44599482515584
44603235409924
44607530356744
44618267885569
44634373947394
45079976871442
45079976872225
45080111255584
45080111505424
45080517837064
45080522015236
45082200899584
45082264797184
45088567730560
45088568775232
45088667337736
45114739130434
45114940457089
45115444036096
45217416085576
45217416282244
45217450328065
45224126578720
45227616239632
45234603956224
45251779634176
45630034616320
45630806328448
45631880054848
45634036170754
45638327205889
45646914519064
45664093339684
46179488433697
46179488434450
46179555778576
46179556020256
46179761029636
46179765207304
46180639768576
46180701700096
46183784391232
46183785435520
46183883999236
46197070889089
46197272215618
46197776056576
46248208236676
46248208433224
46248242462722
46255187165200
46258139955232
46265396110336
46282571782144
46454668398592
46455440050240
46456513774720
46458670153729
46462960664578
46471548239908
46488727060504
48378545202688
48378545215744
48378646921288
48378647953540
48378679787521
48380927672704
48381196042816
48387101819416
48387102081316
48387508412416
48387713929216
48412877652226
48412880798209
48414079321120
48415085955088
48515951759392
48515952746512
48517033000960
48518102794240
48520245545026
48524540511361
48550612303876
48928271762440
48928275892228
48928535904274
48928804323361
48937965715456
48945447833728
48962627444800
50577572626576
50577805674496
50578073322496
50578608627718
50579682365449
50603304779776
50616189730816
50989918847488
51196144386304
52776570720000
52776570728640
52776570765360
52776570912780
52776571502595
52776759459891
52776759521280
52776759659520
52776760247040
52776762605580
52777363439820
52777363440387
52777363685376
52777364238336
52777366585392
52779779359536
52779779361804
52779779371011
52779780341760
52779782504640
52789443038400
52789443047472
52789443084300
52789443231747
52789446181632
52828097753856
52828097790144
52828097937456
52828098527244
52828100889600
52831331549184
52841183969280
52982716563471
52982716615680
52982716760832
52982717350080
52982719721472
52983534452736
52986139115520
53601191854140
53601191854275
53601192062976
53601192643584
53601195048960
53605218385920
53614089338880
56075093016816
56075093017356
56075093019651
56075093852160
56075096358912
56076099649536
56091199143936
61572683661312
61572869259456
61573473242112
61575889207296
61585553620992
61624207540227
61778826362928
62397301654272
64871202828288
