41353
57441
82706
114882
165412
229764
270917
283009
330824
394251
459528
541834
566018
589909
661648
665609
689281
788502
791617
919056
1083668
1090577
1132036
1179818
1323296
1331218
1378562
1577004
1583234
1597697
1605705
1838112
2105367
2106529
2114181
2167336
2181154
2264072
2359636
2646592
2662436
2757124
3154008
3166468
3195394
3211410
3343361
3676224
4210734
4213058
4227605
4228362
4268801
4325705
4334672
4362308
4458113
4528144
4719272
5293184
5324872
5514248
6294545
6308016
6332936
6390788
6422820
6686722
7352448
8389041
8421468
8426116
8455210
8456724
8465409
8537602
8651410
8669344
8724616
8880129
8916226
9056288
9438544
9503241
10586368
10649744
11011585
11028496
12589090
12616032
12665872
12781576
12845640
13373444
14704896
16778082
16781849
16795909
16826387
16842936
16852232
16910420
16913448
16930818
17075204
17302820
17338688
17449232
17760258
17827977
17832452
18112576
18877088
19006482
20217857
21004481
21172736
21299488
22023170
22056992
25178180
25232064
25235489
25331744
25563152
25691280
26746888
29409792
33556164
33563698
33591818
33652774
33685872
33704464
33820840
33826896
33861636
34079363
34150408
34603233
34605640
34677376
34898464
35520516
35655954
35664904
36225152
37754176
38012964
40435714
41959491
42008962
42345472
42598976
44046340
44113984
46139905
50356360
50464128
50470978
50499585
50663488
51126304
51382560
53493776
58819584
67112328
67127396
67143969
67183636
67305548
67313697
67371744
67373123
67408928
67633677
67637409
67641680
67723272
68158726
68229121
68300816
69206129
69206466
69211280
69354752
69796928
71041032
71305349
71311908
71329808
72450304
73924865
75508352
76025928
80871428
83918982
84017924
84690944
85197952
86048773
88080899
88092680
88227968
92279810
100712720
100794387
100928256
100941956
100999170
101326976
102252608
102765120
106987552
117441601
117639168
134224656
134236241
134254792
134287938
134367272
134611096
134627394
134742817
134743488
134746246
134817856
135267354
135274818
135283360
135446544
136317452
136458242
136601632
138412258
138412307
138412932
138422560
138709504
139593856
142082064
142606437
142610698
142623816
142659616
142873089
144900608
147849730
151016704
151093505
151519299
152051856
161742856
167837964
168035848
169381888
170395904
172097546
176161798
176185360
176455936
184559620
201425440
201588774
201856512
201883912
201998340
202653952
204505216
205530240
205570049
213975104
234883202
235278336
268436177
268449312
268472482
268509584
268575876
268700929
268734544
269222192
269254788
269485634
269486976
269492492
269635712
270534708
270566720
270893088
272634145
272634904
272916484
273203264
274727043
276824516
276824614
276825864
276845120
276874241
277419008
278134787
278923329
279003264
279187712
284164128
285212874
285221396
285247632
285319232
285746178
289801216
295699460
302022725
302033408
302187010
303038598
304103712
306446345
323485712
335675928
336071696
336101379
338763776
340791808
344195092
352323596
352370720
352911872
369119240
402850880
402980993
403177548
403713024
403767824
403996680
405307904
409010432
411060480
411140098
427950208
469766404
470556672
536872354
536898624
536944964
537019168
537053185
537151752
537401858
537411729
537461763
537469088
538444384
538509576
538971268
538973952
538984984
539004961
539271424
541069416
541133440
541786176
542134273
545268290
545269808
545390627
545832968
546406528
548405253
549454086
553649032
553649228
553651728
553690240
553748482
554838016
555753481
556269574
557846658
558006528
558375424
568328256
570425748
570439681
570442792
570495264
570638464
571492356
572653633
574619697
579602432
591398920
603983941
604045450
604066816
604374020
605028993
606077196
608207424
612892690
646971424
671121541
671351856
672143392
672202758
673253377
677527552
681583616
688390184
704647192
704741440
705823744
738238480
738328585
805308961
805322765
805701760
805961986
806355096
807426048
807535648
807993360
810615808
818020864
822120960
822280196
855900416
939532808
941113344
1073744708
1073746067
1073751361
1073758769
1073797248
1073875329
1073889928
1074038336
1074106370
1074285569
1074303504
1074803716
1074823458
1074923526
1074938176
1076888768
1077019152
1077942536
1077947904
1077969968
1078002697
1078009922
1078345729
1078542848
1082138832
1082266880
1083572352
1084268546
1090536580
1090539616
1090781254
1091665936
1092813056
1093140513
1096810506
1098908172
1107298064
1107298456
1107303456
1107304969
1107380480
1107496964
1109676032
1111506962
1112539148
1115693316
1116013056
1116750848
1136656512
1140851496
1140879362
1140885584
1140932673
1140990528
1141276928
1142984712
1145307266
1149239394
1159204864
1182797840
1207967882
1208090900
1208133632
1208222725
1208748040
1210057986
1212154392
1216414848
1217398785
1225785380
1293942848
1342187523
1342243082
1342703712
1344286784
1344405516
1346506754
1355055104
1359085633
1363167232
1376780368
1409291265
1409294384
1409482880
1411647488
1476476960
1476657170
1512046593
1610617922
1610645530
1611403520
1611923972
1612710192
1614852096
1615071296
1615986720
1619034177
1621231616
1636041728
1644241920
1644560392
1711800832
1879065616
1882226688
2147489416
2147492134
2147502722
2147516473
2147517538
2147594496
2147750658
2147779856
2148076672
2148212740
2148532611
2148549185
2148571138
2148607008
2148925473
2149607432
2149646916
2149847052
2149876352
2151747587
2153777536
2154038304
2154823689
2155885072
2155895808
2155905793
2155939936
2156005394
2156019844
2156691458
2157085696
2164277664
2164533760
2167144704
2168537092
2168586257
2181073160
2181079232
2181562508
2181563649
2183331872
2185626112
2186281026
2193621012
2197816344
2214596128
2214596912
2214606912
2214609938
2214760960
2214993928
2219352064
2223013924
2224553985
2225078296
2231386632
2232026112
2233501696
2273313024
2281702992
2281758724
2281771168
2281865346
2281981056
2282553856
2283832321
2285969424
2290614532
2298478788
2298484737
2318409728
2323709953
2365595680
2415935764
2416181800
2416267264
2416445450
2417496080
2420115972
2424308784
2432829696
2433744901
2434797570
2451570760
2587885696
2684355083
2684356881
2684375046
2684486164
2685407424
2688573568
2688811032
2693013508
2710110208
2718171266
2726334464
2753560736
2818582530
2818588768
2818965760
2823294976
2952953920
2953314340
3024093186
3221235844
3221291060
3222807040
3223847944
3225420384
3229704192
3230142592
3231973440
3238068354
3242463232
3254829057
3272083456
3288483840
3289120784
3423601664
3490250753
3758131232
3764453376
4294978832
4294984268
4295005444
4295032946
4295035076
4295188992
4295501316
4295559712
4295786529
4296147089
4296153344
4296425480
4297065222
4297098370
4297130305
4297142276
4297214016
4297850946
4299214864
4299293832
4299694104
4299752704
4303495174
4303626497
4307555072
4308076608
4309647378
4311770144
4311791616
4311811586
4311875873
4311879872
4312010788
4312039688
4313382916
4314171392
4328525957
4328555328
4329067520
4332717059
4334289408
4337074184
4337172514
4362146320
4362158464
4362227713
4363125016
4363127298
4366663744
4371252224
4372562052
4387242024
4395632688
4429192256
4429193824
4429213824
4429219876
4429521920
4429987856
4438704128
4446027848
4449107970
4450156592
4462773264
4464052224
4467003392
4546626048
4563405984
4563408905
4563517448
4563542336
4563730692
4563962112
4565107712
4565508609
4567664642
4571938848
4581229064
4596957576
4596969474
4636819456
4647419906
4697784321
4731191360
4831840263
4831871528
4832363600
4832534528
4832890900
4832919809
4834992160
4840231944
4844486657
4848617568
4848632321
4865659392
4867489802
4869595140
4903141520
5000134657
5175771392
5368710166
5368713762
5368750092
5368972328
5370814848
5377147136
5377622064
5386027016
5420220416
5436342532
5437915139
5452668928
5502935057
5507121472
5637165060
5637177536
5637931520
5646589952
5905907840
5906628680
6048186372
6442452005
6442471688
6442582120
6443106817
6445614080
6446653505
6447695888
6450840768
6459408384
6460285184
6463946880
6476136708
6484926464
6509658114
6544166912
6576668809
6576967680
6578241568
6777995281
6847203328
6980501506
7516262464
7516456961
7528906752
8589957664
8589968536
8589970049
8589987849
8590008513
8590010888
8590065892
8590070152
8590377984
8591002632
8591119424
8591573058
8592294178
8592306688
8592621577
8592850960
8594130444
8594196740
8594260610
8594284552
8594428032
8594653281
8595701892
8598429728
8598587664
8599388208
8599505408
8604876801
8606990348
8607113217
8607252994
8610911233
8615110144
8616153216
8619294756
8623540288
8623583232
8623623172
8623751746
8623759744
8624021576
8624079376
8626765832
8627699841
8628342784
8657045529
8657051914
8657110656
8658135040
8659685376
8665432385
8665434118
8668578816
8674148368
8674345028
8690598433
8724221969
8724292640
8724316928
8724455426
8725217283
8726250032
8726254596
8726380673
8733327488
8742504448
8745124104
8774484048
8791265376
8858384512
8858387648
8858427648
8858436613
8858439752
8859043840
8859975712
8877408256
8884060161
8892055696
8898215940
8900313184
8925546528
8934006784
9093252096
9126811968
9126817810
9127034896
9127084672
9127461384
9127924224
9130215424
9131017218
9135329284
9143582979
9143877696
9162458128
9193915152
9193938948
9273638912
9294839812
9395568642
9462382720
9663680526
9663743056
9663942689
9664727200
9665069056
9665781800
9665839618
9669984320
9680463888
9688973314
9697235136
9697264642
9731318784
9734979604
9739190280
9806283040
9932144657
10000269314
10351542784
10737420332
10737427524
10737500184
10737549379
10737944656
10738221057
10741629696
10745807881
10754294272
10755244128
10772054032
10840440832
10871644417
10872685064
10875830278
10905337856
11005870114
11014242944
11274330120
11274355072
11275863040
11293179904
11811815680
11813257360
12096372744
12884904010
12884943376
12885164240
12886213634
12891228160
12893307010
12895391776
12901681536
12903776273
12918816768
12920570368
12927893760
12952273416
12969852928
13019316228
13088333824
13153337618
13153935360
13156483136
13421904897
13555990562
13694406656
13961003012
15032524928
15032913922
15057813504
17179869455
17179869801
17179915328
17179937072
17179940098
17179975698
17180012549
17180017026
17180021776
17180131784
17180140304
17180755968
17181082113
17182005264
17182238848
17183146116
17184147457
17184588356
17184613376
17185243154
17185701920
17188260888
17188389953
17188393480
17188521220
17188569104
17188856064
17189306562
17191403784
17196859456
17197175328
17198776416
17199010816
17209753602
17213980696
17214226434
17214505988
17214537745
17221822466
17230220288
17232306432
17238589512
17247080576
17247166464
17247246344
17247503492
17247519488
17248043152
17248158752
17253531664
17255399682
17256685568
17264279569
17314091058
17314103828
17314221312
17316192321
17316270080
17318543393
17319370752
17330864770
17330868236
17337157632
17348296736
17348690056
17381196866
17389584513
17448443938
17448585280
17448633856
17448910852
17450434566
17452500064
17452509192
17452761346
17465114633
17466654976
17485008896
17490248208
17548968096
17716769024
17716775296
17716855296
17716873226
17716879504
17717264705
17718087680
17719099905
17719951424
17754816512
17768120322
17783857155
17784111392
17796431880
17800626368
17851093056
17868013568
18186504192
18253623936
18253635620
18253643937
18254069792
18254169344
18254922768
18255848448
18260430848
18262034436
18270658568
18287165958
18287755392
18324916256
18387830304
18387877896
18526241281
18547277824
18589679624
18791137284
18924765440
19327354001
19327361052
19327486112
19327885378
19329452035
19329454400
19330138112
19331563600
19331679236
19339968640
19344203777
19360927776
19377946628
19394470272
19394529284
19462637568
19469959208
19478380560
19612566080
19864289314
20000538628
20703085568
21474840664
21474855048
21475000368
21475098758
21475889312
21476442114
21481127941
21483259392
21491615762
21508415489
21508588544
21510488256
21541946377
21544108064
21609120257
21680881664
21743288834
21745370128
21751660556
21810675712
22011740228
22028485888
22548660240
22548710144
22551726080
22586359808
23623631360
23626514720
24192745488
25769808020
25769886752
25770328480
25771114625
25772427268
25778209281
25782456320
25786614020
25790783552
25803363072
25807552546
25837633536
25841140736
25855787520
25904546832
25939705856
26038632456
26176667648
26306675236
26307870720
26312966272
26843809794
27111981124
27388813312
27922006024
29058138113
30065049856
30065827844
30115627008
30333206561
34359738910
34359739602
34359750915
34359804185
34359830656
34359874144
34359880196
34359937027
34359951396
34360025098
34360034052
34360043552
34360263568
34360280608
34360393777
34361511936
34361999365
34362097809
34362164226
34363950085
34364010528
34364477696
34366292232
34368135713
34368274689
34368294914
34369176712
34369226752
34370486308
34371403840
34376521776
34376779906
34376786960
34377042440
34377138208
34377302021
34377629761
34377712128
34378613124
34382807568
34387001347
34393399297
34393718912
34394350656
34395408385
34397552832
34398021632
34414264577
34419507204
34427961392
34428452868
34429011976
34429075490
34431041577
34443644932
34460440576
34464612864
34477179024
34493964301
34494161152
34494332928
34494492688
34495006984
34495038976
34496086304
34496317504
34507063328
34510799364
34513371136
34528559138
34628182116
34628207656
34628442624
34632540160
34637086786
34661729540
34661736472
34674315264
34696593472
34697380112
34712068097
34762393732
34779169026
34896887876
34897170560
34897267712
34897821704
34900869132
34905000128
34905018384
34905522692
34930229266
34933309952
34938552329
34970017792
34980496416
35097936192
35165045121
35433482277
35433538048
35433550592
35433710592
35433746452
35433759008
35434529410
35436175360
35437674577
35438199810
35439902848
35500851713
35509633024
35536240644
35567714310
35568222784
35592863760
35601252736
35702186112
35736027136
35972449281
36373008384
36507247872
36507271240
36507287874
36508139584
36508338688
36509845536
36511696896
36520861696
36524068872
36540776455
36541317136
36574331916
36575510784
36649832512
36775660608
36775755792
36909875233
37044174849
37052482562
37094555648
37179359248
37582274568
37849530880
38654708002
38654711297
38654722104
38654972224
38655770756
38658904070
38658908800
38660276224
38663127200
38663358472
38679937280
38688407554
38721855552
38755893256
38788940544
38789058568
38923419649
38925275136
38939918416
38956761120
39225132160
39728578628
39745257473
40001077256
41406171136
42949674273
42949681328
42949710096
42950000736
42950197516
42951778624
42952884228
42958061589
42962255882
42966518784
42983231524
43016830978
43017177088
43020976512
43083892754
43088216128
43218240514
43361763328
43486577668
43487600641
43490740256
43503321112
43621351424
44023480456
44056971776
45097320480
45097420288
45103452160
45172719616
47247262720
47253029440
48385490976
51539616040
51539617809
51539773504
51540656960
51542229250
51544854536
51556418562
51564912640
51573228040
51573424193
51581567104
51606726144
51615105092
51673862145
51675267072
51682281472
51711575040
51808568321
51809093664
51879411712
52077264912
52353335296
52613350472
52615741440
52625932544
53687619588
54223962248
54777626624
55844012048
58116276226
60130099712
60131655688
60231254016
60666413122
68719477820
68719479204
68719501830
68719608370
68719661312
68719748288
68719760392
68719874054
68719902792
68720050196
68720068104
68720087104
68720527136
68720527409
68720561216
68720787554
68721838089
68722102275
68723023872
68723675149
68723714049
68723998730
68724195618
68724328452
68724785281
68727877761
68727900170
68728021056
68728955392
68732584464
68736271426
68736388097
68736549378
68736589828
68738353424
68738453504
68740972616
68742807680
68744642825
68753043552
68753049089
68753424641
68753559812
68753573920
68754084880
68754276416
68754604042
68755128357
68755259522
68755424256
68757226248
68761452561
68765615136
68774002694
68786798594
68786851857
68787437824
68788701312
68790816770
68795105664
68796043264
68821196801
68828529154
68839014408
68853698881
68855922784
68856905736
68858023952
68858150980
68862083154
68870480385
68887289864
68920881152
68929225728
68954358048
68987928602
68988322304
68988665856
68988985376
68990013968
68990077952
68992172608
68992635008
69004771329
69014126656
69021598728
69026742272
69057118276
69122129941
69256364232
69256415312
69256885248
69265080320
69274173572
69323457793
69323459080
69323472944
69348630528
69393186944
69394760224
69424136194
69524787464
69558338052
69793775752
69794341120
69794535424
69795643408
69801738264
69810000256
69810036768
69811045384
69860458532
69866619904
69877104658
69940035584
69960992832
69995069441
70195872384
70330090242
70866964554
70867026449
70867076096
70867101184
70867421184
70867492904
70867518016
70869058820
70872350720
70875349154
70876399620
70879805696
70950846593
71001703426
71019266048
71072481288
71135428620
71135658049
71136445568
71185727520
71202505472
71404372224
71472054272
71940702497
71944898562
72746016768
73014460577
73014495744
73014542480
73014575748
73016279168
73016677376
73019691072
73023393792
73041723392
73048137744
73081552910
73082634272
73148663832
73149711361
73151021568
73299665024
73551321216
73551511584
73819750466
74088349698
74104965124
74189111296
74358718496
75164549136
75699061760
77309416004
77309422594
77309444208
77309542441
77309944448
77311541512
77317808140
77317817600
77320552448
77326254400
77326716944
77359874560
77376815108
77443711104
77511786512
77577881088
77578117136
77649149953
77846839298
77850550272
77879836832
77913522240
78450264320
79457157256
79490514946
80002154512
81604379393
82812342272
85899348546
85899362656
85899420192
85900001472
85900394565
85900395032
85903557248
85905768456
85907800067
85916123178
85924511764
85933037568
85966463048
86033661956
86034354176
86041953024
86167785508
86176432256
86436481028
86723526656
86973155336
86975201282
86981480512
87006642224
87242702848
88046960912
88113943552
90194640960
90194840576
90206904320
90345439232
94494525440
94506058880
96770981952
103079232080
103079235618
103079547008
103079747649
103081313920
103084458500
103089709072
103112837124
103129825280
103146456080
103146848386
103163134208
103213452288
103230210184
103347699840
103347724290
103350534144
103364562944
103423150080
103617136642
103618187328
103758823424
104152973321
104154529824
104706670592
105226700944
105231482880
105251865088
107375239176
107378507777
108447924496
109555253248
111688024096
116232552452
120260199424
120263311376
120462508032
120795955233
121332826244
137438955640
137438958408
137438965801
137439003660
137439085829
137439216740
137439322624
137439496576
137439520784
137439748108
137439805584
137440018469
137440100392
137440136208
137440174208
137441054272
137441054818
137441122432
137441575108
137443676178
137444204550
137446047744
137447350298
137447428098
137447997460
137448391236
137448656904
137449570562
137451569161
137455755522
137455800340
137456042112
137457910784
137465168928
137472542852
137472575521
137472776194
137473098756
137473179656
137476706848
137476907008
137481945232
137485615360
137489285650
137506081281
137506087104
137506098178
137506717761
137506849282
137507119624
137507147840
137508169760
137508552832
137509208084
137510256714
137510519044
137510848512
137514452496
137522843905
137522905122
137531230272
137548005388
137573597188
137573703714
137574224001
137574875648
137577402624
137579463169
137581633540
137582100481
137590211328
137592086528
137642393602
137657058308
137678028816
137707397762
137707454531
137711845568
137713811472
137715912705
137716047904
137716301960
137724166308
137740960770
137774579728
137841607689
137841762304
137858451456
137908716096
137975857204
137976086689
137976644608
137976874049
137977331712
137977970752
137980027936
137980155904
137984345216
137985270016
137996795909
138009542658
138028253312
138043197456
138053484544
138114236552
138244259882
138512728464
138512830624
138513219591
138513743897
138513770496
138530160640
138537869313
138548347144
138646915586
138646918160
138646945888
138697261056
138786373888
138789520448
138848272388
139049574928
139116676104
139586633857
139586708481
139587551504
139588682240
139589070848
139591286816
139596922913
139603476528
139603738633
139620000512
139620073536
139622090768
139720917064
139733239808
139754209316
139859083265
139880071168
139921985664
139990138882
140190449665
140391744768
140660180484
141733929108
141733937163
141734052898
141734152192
141734202368
141734842368
141734985808
141735036032
141738117640
141744701440
141750698308
141752799240
141759611392
141901693186
142003406852
142038532096
142144962576
142270857240
142271316098
142272891136
142371455040
142405010944
142808744448
142944108544
143881404994
143889797124
145492033536
146028921154
146028991488
146029084960
146029150737
146029151496
146032558336
146033354752
146039382144
146046787584
146062450693
146083446784
146096275488
146163105820
146165268544
146179883041
146297327664
146299422722
146302043136
146599330048
147102642432
147103023168
147639500932
148176699396
148209930248
148378222592
148717436992
150323859521
150329098272
151398123520
154618832008
154618845188
154618888416
154619084882
154619355649
154619888896
154623017345
154623083024
154635616280
154635635200
154637828097
154641104896
154652508800
154653433888
154719749120
154753630216
154887422208
155023573024
155155762176
155156234272
155298299906
155457683457
155693678596
155701100544
155759673664
155827044480
156900528640
158914314512
158922180609
158981029892
160004309024
163208758786
165624684544
171798697092
171798725312
171798840384
171800002944
171800789130
171800790064
171807114496
171811536912
171815600134
171832246356
171849023528
171866075136
171932926096
171933171715
172067323912
172068708352
172083906048
172335571016
172352864512
172872962056
173142982656
173447053312
173946310672
173950402564
173962961024
174013284448
174485405696
176093921824
176094248961
176227887104
180389281920
180389681152
180413808640
180690878464
188989050880
189012117760
191127093249
193541963904
206158464160
206158471236
206159094016
206159495298
206160601089
206162627840
206168917000
206179418144
206191984777
206225674248
206259650560
206292912160
206293696772
206326268416
206426904576
206427914753
206460420368
206695399680
206695448580
206701068288
206729125888
206846300160
207234273284
207236374656
207517646848
207769044993
208305946642
208309059648
209413341184
210453401888
210453659653
210462965760
210503730176
214750478352
214757015554
216895848992
219110506496
223376048192
232465104904
240520398848
240526622752
240534945809
240925016064
241591910466
242665652488
274877911280
274877916816
274877931602
274877940259
274878007320
274878169177
274878171658
274878185479
274878235681
274878433480
274878501377
274878645248
274878993152
274879029251
274879041568
274879496216
274879611168
274880036938
274880200784
274880272416
274880348416
274881577089
274882108544
274882109636
274882244864
274883150216
274886297641
274887352356
274888409100
274892095488
274894700596
274894701577
274894856196
274895994920
274896912520
274897313808
274899141124
274903138322
274911463445
274911511044
274911600680
274912084224
274915821568
274930337856
274945085704
274945151042
274945552388
274946197512
274946359312
274953413696
274953814016
274955505665
274963890464
274971230720
274978571300
274979356673
275012162562
275012174208
275012196356
275012258305
275013435522
275013698564
275014239248
275014295680
275016339520
275017105664
275018416168
275020513428
275021038088
275021697024
275024715777
275028904992
275045687810
275045810244
275046727937
275062460544
275096010776
275146359553
275147194376
275147407428
275148448002
275149751296
275151587329
275154805248
275158926338
275164200962
275180422656
275184173056
275284787204
275314116616
275356057632
275414795524
275414909062
275414974721
275423691136
275427622944
275431825410
275432095808
275432603920
275448332616
275481921540
275549159456
275683215378
275683524608
275716902912
275817432192
275951648909
275951714408
275952173378
275953289216
275953748098
275954663424
275955941504
275960055872
275960311808
275968690432
275970540032
275993591818
276019085316
276056506624
276086394912
276106969088
276228473104
276488519764
277025456928
277025488901
277025661248
277026439182
277027487794
277027540992
277029585057
277060321280
277075738626
277096694288
277293831172
277293836320
277293891776
277293973512
277394522112
277562527745
277572747776
277579040896
277696544776
278099149856
278101237761
278233352208
279172878609
279172884609
279173267714
279173416962
279173923333
279175103008
279177364480
279178141696
279182573632
279193845826
279206953056
279207477266
279208558593
279240001024
279240147072
279244181536
279324131329
279441834128
279466479616
279508418632
279718166530
279760142336
279843971328
279980277764
280380899330
280783489536
281320360968
283467858216
283467874326
283468105796
283468304384
283468404736
283469684736
283469971616
283470072064
283476235280
283489402880
283501396616
283505598480
283509915649
283519222784
283803386372
284006813704
284077064192
284289925152
284541714480
284542632196
284545782272
284742910080
284810021888
285078978561
285617488896
285888217088
287762809988
287762890753
287779594248
290984067072
292057842308
292057982976
292058079233
292058169920
292058301474
292058302992
292059874561
292065116672
292066709504
292078764288
292091334665
292093575168
292124901386
292129079361
292166893568
292192550976
292326211640
292330537088
292359766082
292594655328
292598845444
292604086272
292728864785
293132582913
293198660096
294205284864
294206046336
294482083841
295279001864
296353398792
296419860496
296756445184
297434873984
300647719042
300658196544
300664489985
302796247040
309237664016
309237690376
309237776832
309238169764
309238711298
309239777792
309244002305
309246034690
309246166048
309271232560
309271270400
309275656194
309282209792
309305017600
309306867776
309439498240
309507260432
309774844416
310047146048
310311524352
310312468544
310596599812
310915366914
311402201088
311519347328
311654088960
313801057280
317828629024
317844361218
317962059784
320008618048
326417517572
331249369088
343597394184
343597450624
343597680768
343600005888
343601578260
343601580128
343614228992
343615213569
343623073824
343631200268
343664492712
343698047056
343731601419
343732150272
343865852192
343865958401
343866343430
344134255169
344134647824
344137416704
344167812096
344671142032
344671159297
344705729024
345745393665
345745924112
346285965312
346894106624
347892621344
347900805128
347925922048
348026568896
348970811392
352187843648
352188497922
352455774208
360778563840
360779362304
360827617280
361381756928
377965772801
377978101760
378024235520
382254186498
387083927808
412316928320
412316942472
412317385745
412318188032
412318990596
412321202178
412325255680
412333638273
412337834000
412358836288
412383969554
412451348496
412519301120
412585824320
412587393544
412652536832
412853809152
412855829506
412920840736
413390799360
413390897160
413402136576
413458251776
413692600320
414468546568
414472749312
415035293696
415538089986
416611893284
416618119296
418826682368
420906803776
420907319306
420925931520
421007460352
429500956704
429514031108
433791697984
438221012992
446676647937
446752096384
464930209808
481040797696
481053245504
481069891618
481850032128
483183820932
485331304976
549755817153
549755822155
549755822560
549755833632
549755863204
549755880518
549756014640
549756084273
549756338354
549756343316
549756370958
549756471362
549756862995
549756866960
549757002754
549757190149
549757290496
549757986304
549758044193
549758058502
549758083136
549758992432
549759222336
549760073876
549760401568
549760544832
549760696832
549763154178
549764217088
549764219272
549764222981
549764489728
549766300432
549768921217
549772595282
549774704712
549776818200
549784190976
549789401192
549789403154
549789712392
549790943233
549791989840
549793825040
549794627616
549798282248
549806276644
549806408193
549822926890
549822939267
549823022088
549823201360
549824168448
549827249153
549831643136
549860675712
549890171408
549890302084
549891104776
549892129033
549892395024
549892718624
549906827392
549907628032
549911011330
549927780928
549942461440
549957142600
549958713346
550024325124
550024348416
550024392712
550024516610
550026871044
550027397128
550028478496
550028591360
550032679040
550034211328
550036832336
550041026856
550042076176
550043394048
550049431554
550057809984
550091375620
550091620488
550092406817
550093455874
550124921088
550192021552
550292719106
550292754561
550293471241
550294388752
550294814856
550296896004
550299502592
550303174658
550309610496
550317852676
550328401924
550360845312
550368346112
550561129473
550569574408
550628233232
550712115264
550829591048
550829818124
550829949442
550847382272
550855245888
550863175683
550863650820
550864191616
550865207840
550896665232
550913441801
550963843080
551098318912
551366430756
551367049216
551433805824
551500660737
551634864384
551903297818
551903428816
551904346756
551906578432
551907496196
551909326848
551911883008
551920111744
551920623616
551936991233
551937380864
551941080064
551987183636
552038170632
552113013248
552172789824
552213938176
552456946208
552977039528
554050847761
554050913856
554050977802
554051322496
554052878364
554054975588
554055081984
554059170114
554068086785
554120642560
554151477252
554193388576
554587662344
554587672640
554587783552
554587947024
554789044224
555125055490
555145495552
555158081792
555393089552
556198299712
556202475522
556466704416
556737232897
558345757218
558345769218
558346273041
558346535428
558346833924
558347846666
558350206016
558354728960
558356283392
558365147264
558387691652
558413906112
558414954532
558417117186
558480002048
558480294144
558488363072
558648262658
558883668256
558932959232
559016837264
559436333060
559520284672
559687942656
559960555528
560497428481
560761798660
561566979072
562640721936
563714457729
566935716432
566935748652
566935814169
566936211592
566936608768
566936809472
566939369472
566939943232
566940144128
566952470560
566969237793
566978805760
567002793232
567011196960
567019831298
567038445568
567087726593
567204118661
567606772744
568013627408
568154128384
568579850304
569083428960
569085264392
569091564544
569485820160
569620043776
570157957122
571234977792
571776434176
575525619976
575525781506
575527718913
575559188496
581968134144
584115684616
584115965952
584116158466
584116339840
584116602948
584116605984
584119749122
584130233344
584133419008
584157528576
584182669330
584187150336
584249802772
584258158722
584333787136
584385101952
584652423280
584652554753
584661074176
584719532164
585189310656
585197690888
585208172544
585457729570
586265165826
586330148865
586397320192
588410569728
588412092672
588544737345
588964167682
590558003728
592706797584
592839720992
593512890368
594869747968
601295438084
601316393088
601328979970
605592494080
618475328032
618475358465
618475380752
618475553664
618476339528
618477422596
618479555584
618488004610
618492069380
618492332096
618542465120
618542540800
618551312388
618564419584
618610035200
618613735552
618878996480
619014520864
619549688832
619552178177
620094292096
620623048704
620624937088
621193199624
621830733828
622770290697
622804402176
623038694656
623308177920
627232997377
627602114560
635657258048
635688722436
635924119568
640017236096
652835030019
652835035144
662498738176
687194788368
687194901248
687195361536
687198961699
687200011776
687203156520
687203160256
687228457984
687230427138
687246147648
687262400536
687328985424
687328987141
687396094112
687463202838
687464300544
687731704384
687731916802
687732686860
687740026897
688268510338
688269295648
688274833408
688335624192
689342284064
689342318594
689411458048
690415992897
691490787330
691491848224
692571930624
693788213248
695785242688
695801610256
695851844096
696053137792
697941622784
704375687296
704376995844
704911548416
721557127680
721558724608
721655234560
722763513856
730144440329
755931545602
755956203520
756048471040
764508372996
774167855616
824633856640
824633884944
824634376197
824634771490
824636376064
824637981192
824642404356
824643159041
824650498145
824650511360
824667276546
824675668000
824717672576
824767939108
824902696992
825038602240
825171648640
825174787088
825305073664
825707618304
825711659012
825841681472
826781598720
826781794320
826804273152
826916503552
827385200640
828937093136
828945498624
829197123587
830070587392
831076179972
833223786568
833236238592
833290772481
837653364736
841813607552
841814638612
841851863040
842014920704
859001913408
859028062216
860067201281
867583395968
876442025984
893353295874
893357408257
893504192768
929860419616
962081595392
962106491008
962139783236
963700064256
966367641864
970662609952
979252609025
1099511634306
1099511644310
1099511645120
1099511649283
1099511667264
1099511717893
1099511726408
1099511761036
1099511906825
1099512029280
1099512168546
1099512676708
1099512686632
1099512741916
1099512942724
1099513725990
1099513733920
1099514005508
1099514380298
1099514580992
1099515972608
1099516088386
1099516117004
1099516166272
1099517984864
1099518444672
1099520147752
1099520544785
1099520803136
1099521089664
1099521097761
1099521393664
1099524211969
1099526308356
1099528434176
1099528438544
1099528445962
1099528979456
1099532600864
1099537842434
1099545184577
1099545190564
1099546235393
1099547811841
1099549409424
1099553636400
1099553833089
1099561975841
1099568381952
1099578802384
1099578806308
1099579424784
1099580965377
1099581886466
1099583979680
1099587125259
1099587650080
1099589255232
1099596564496
1099612553288
1099612816386
1099645853780
1099645878534
1099645911075
1099646044176
1099646140433
1099646402720
1099648336896
1099654498306
1099663286272
1099721351424
1099780194341
1099780337665
1099780342816
1099780604168
1099782209552
1099784258066
1099784790048
1099785437248
1099813618705
1099813654784
1099815256064
1099822022660
1099855561856
1099884922880
1099914285200
1099914807297
1099917426692
1100048499849
1100048650248
1100048696832
1100048761093
1100048785424
1100049033220
1100053742088
1100054794256
1100056956992
1100057182720
1100065358080
1100068422656
1100073664672
1100082053712
1100084152352
1100086788096
1100098863108
1100115619968
1100182751240
1100183240976
1100184813634
1100186911748
1100249842176
1100384043104
1100585438212
1100585468417
1100585509122
1100586942482
1100588777504
1100589629712
1100593792008
1100599005184
1100606349316
1100619220992
1100635705352
1100653527297
1100656803848
1100721690624
1100736692224
1101122258946
1101139148816
1101256466464
1101424230528
1101659179017
1101659182096
1101659246849
1101659636248
1101659898884
1101661208769
1101676150787
1101694764544
1101710491776
1101726351366
1101727301640
1101728383232
1101730415680
1101793330464
1101826883602
1101927686160
1102196637824
1102732861512
1102734098432
1102867611648
1103001321474
1103269728768
1103806595636
1103806857632
1103807119619
1103808693512
1103813156864
1103814992392
1103818653696
1103823766016
1103827566601
1103840223488
1103841247232
1103873982466
1103874761728
1103882160128
1103974367272
1104007921669
1104076341264
1104226026496
1104345579648
1104427876352
1104913892416
1105954079056
1108101568517
1108101695522
1108101827712
1108101955604
1108102611025
1108102644992
1108103692291
1108105756728
1108109951176
1108110163968
1108118340228
1108136173570
1108235781633
1108241285120
1108302954504
1108386777152
1109175324688
1109175345280
1109175567104
1109175894048
1109578088448
1110250110980
1110290991104
1110316163584
1110786179104
1112396599424
1112404951044
1112933408832
1113474465794
1116691514436
1116691538436
1116691546369
1116692546082
1116693070856
1116693667848
1116695693332
1116700412032
1116709457920
1116712566784
1116730294528
1116775383304
1116827812224
1116829909064
1116834234372
1116960004096
1116960588288
1116976726144
1117296525316
1117766025217
1117767336512
1117865918464
1118033674528
1118872666120
1119040569344
1119375885312
1119921111056
1120994856962
1121523597320
1123133958144
1125281443872
1125818368001
1127428915458
1133871432864
1133871497304
1133871628338
1133872423184
1133873217536
1133873618944
1133878738944
1133879886464
1133880288256
1133904941120
1133938475586
1133938478081
1133957611520
1134005586464
1134022393920
1134039662596
1134076891136
1134140850185
1134175453186
1134408237322
1134425018369
1134978793473
1135213545488
1136019406849
1136027254816
1136308256768
1137159700608
1138166857920
1138170528784
1138183129088
1138971640320
1139240087552
1140315914244
1142469955584
1142797369344
1143552868352
1151051239952
1151051563012
1151055437826
1151118376992
1163936268288
1168231369232
1168231776257
1168231931904
1168232316932
1168232679680
1168233205896
1168233211968
1168239498244
1168260466688
1168266838016
1168315057152
1168365338660
1168374300672
1168499605544
1168516317444
1168667574272
1168770203904
1169304846560
1169305109506
1169322148352
1169439064328
1170378621312
1170395381776
1170416345088
1170915459140
1172530331652
1172660297730
1172794640384
1173062942737
1176821139456
1176824185344
1177089474690
1177928335364
1181116007456
1185410982913
1185413595168
1185679441984
1187025780736
1189739495936
1202590876168
1202632786176
1202657959940
1211184988160
1236950656064
1236950716930
1236950761504
1236951107328
1236952678413
1236952679056
1236954845192
1236959111168
1236976009220
1236984138760
1236984664192
1237021892609
1237084930240
1237085081600
1237102624776
1237128839168
1237220070400
1237227471104
1237757992960
1238029041728
1239099377664
1239104356354
1240188584192
1241245581441
1241246097408
1241249874176
1242386399248
1243661467656
1245540581394
1245608804352
1246077389312
1246616355840
1254130450481
1254465994754
1255204229120
1271314516096
1271318708289
1271377444872
1271848239136
1280034472192
1305670060038
1305670070288
1324997476352
1374389576736
1374389802496
1374390723072
1374397923398
1374400023552
1374406313040
1374406320512
1374456915968
1374460854276
1374492295296
1374524801072
1374657970848
1374657974282
1374725144577
1374792188224
1374926405676
1374928601088
1374930599939
1375463280705
1375463408768
1375463833604
1375465373720
1375480053794
1376537020676
1376538591296
1376549666816
1376671248384
1378684568128
1378684637188
1378822916096
1380831985794
1382981574660
1382983696448
1385143861248
1387576426496
1391570485376
1391603220512
1391703688192
1392106275584
1395883245568
1408751374592
1408753991688
1409823096832
1413044240417
1443114255360
1443117449216
1443310469120
1445527027712
1460288880658
1511863091204
1511912407040
1512096942080
1529016745992
1548335711232
1580547965185
1649267713280
1649267769888
1649267966529
1649268752394
1649269542980
1649271672833
1649272752128
1649275962384
1649284808712
1649286318082
1649300996290
1649301022720
1649334553092
1649351336000
1649435345152
1649535878216
1649805393984
1649904975873
1650077204480
1650341183509
1650343297280
1650349574176
1650610147328
1651415236608
1651423318024
1651683362944
1653563197440
1653563588640
1653608546304
1653833007104
1654770401280
1657874186272
1657890997248
1658394247174
1660141174784
1662152359944
1666447573136
1666472477184
1666581544962
1675306729472
1683627215104
1683629277224
1683703726080
1684029841408
1718003826816
1718056124432
1718263742465
1720134402562
1735166791936
1752884051968
1786706591748
1786714816514
1786723173377
1787008385536
1859720839232
1924147707905
1924163190784
1924212982016
1924279566472
1927400128512
1932735283728
1941325219904
1958505218050
2199023261793
2199023268612
2199023272227
2199023288620
2199023290240
2199023298566
2199023334528
2199023435786
2199023452816
2199023522072
2199023544321
2199023813650
2199023845761
2199024058560
2199024305165
2199024337092
2199025353416
2199025373264
2199025483832
2199025885448
2199027451980
2199027467840
2199028011016
2199028760596
2199029161984
2199031677059
2199031777285
2199031945216
2199032176772
2199032234008
2199032332544
2199035969728
2199036889344
2199040066593
2199040295504
2199041089570
2199041606272
2199042134145
2199042179328
2199042195522
2199042787328
2199048423938
2199052616712
2199056868352
2199056877088
2199056891924
2199057958912
2199065201728
2199065722913
2199075684868
2199090369154
2199090381128
2199092470786
2199095623682
2199098818848
2199107272800
2199107666178
2199123951682
2199136763904
2199157506625
2199157604768
2199157612616
2199157686273
2199158849568
2199161930754
2199163772932
2199167959360
2199174250518
2199175300160
2199178510464
2199193128992
2199225106576
2199225632772
2199291707560
2199291757068
2199291822150
2199291823617
2199292088352
2199292280866
2199292805440
2199294050309
2199296673792
2199308996612
2199326572544
2199342022659
2199442702848
2199560388682
2199560454161
2199560675330
2199560685632
2199561208336
2199564419104
2199568516132
2199569580096
2199570874496
2199627237410
2199627309568
2199630512128
2199644045320
2199711123712
2199769845760
2199828570400
2199829614594
2199834853384
2200096999698
2200097300496
2200097393664
2200097522186
2200097570848
2200097656833
2200098046019
2200098066440
2200099095297
2200107484176
2200109588512
2200113913984
2200114365440
2200130716160
2200136845312
2200147329344
2200164107424
2200164114437
2200168304704
2200173576192
2200197726216
2200231239936
2200365502480
2200366481952
2200369627268
2200373823496
2200499684352
2200768086208
2201170876424
2201170936834
2201171018244
2201173884964
2201177555008
2201179259424
2201187584016
2201198010368
2201212698632
2201238441984
2201271410704
2201307054594
2201313607696
2201439174921
2201443381248
2201473384448
2202244517892
2202278297632
2202382893057
2202512932928
2202848461056
2203318272005
2203318358034
2203318364192
2203318493698
2203319272496
2203319797768
2203322417538
2203322683393
2203326611985
2203352301574
2203385331905
2203389529088
2203420983552
2203452702732
2203454603280
2203456766464
2203460831360
2203586660928
2203653767204
2203855372320
2204393275648
2205197271041
2205465723024
2205468196864
2205735223296
2206002642948
2206539457536
2207613191272
2207613715264
2207614239238
2207617387024
2207617392643
2207626313728
2207629984784
2207637307392
2207647532032
2207655133202
2207680446976
2207682494464
2207747964932
2207749523456
2207764320256
2207814778881
2207948734544
2208015843338
2208152682528
2208452052992
2208691159296
2208855752704
2209760678401
2209827784832
2211908158112
2216203137034
2216203391044
2216203655424
2216203911208
2216205222050
2216205289984
2216207384582
2216211513456
2216219902352
2216220327936
2216236680456
2216241004545
2216272347140
2216337344521
2216471563266
2216471568576
2216482570240
2216605909008
2216765161473
2216773554304
2218350649376
2218350690560
2218351134208
2218351788096
2219156176896
2220500221960
2220581982208
2220632327168
2221572358208
2224793198848
2224809902088
2225866817664
2226948931588
2233383028872
2233383063557
2233383076872
2233383092738
2233385092164
2233386141712
2233387335696
2233391386664
2233400824064
2233418915840
2233425133568
2233460589056
2233525601281
2233550766608
2233655624448
2233659818128
2233668468744
2233920008192
2233921176576
2233924583425
2233953452288
2234593050632
2235532050434
2235534673024
2235731836928
2236067349056
2237712564225
2237745332240
2238081138688
2238751770624
2239842222112
2241989713924
2243047194640
2246267916288
2250563936256
2250629972225
2251636736002
2254857830916
2267742740505
2267742865728
2267742994608
2267743256676
2267744846368
2267746435072
2267747237888
2267757477888
2267759772928
2267760576512
2267809882240
2267876951172
2267876956162
2267915223040
2268011172928
2268044787840
2268079325192
2268153782272
2268279734401
2268281700370
2268350906372
2268816474644
2268850036738
2269957586946
2270427090976
2272038813698
2272054509632
2272616513536
2274319401216
2276333715840
2276341057568
2276366258176
2277943280640
2278480175104
2280631828488
2284922621953
2284939911168
2285594738688
2287105736704
2302102473217
2302102479904
2302103126024
2302110875652
2302236753984
2327872536576
2336462738464
2336463552514
2336463863808
2336464338961
2336464633864
2336465359360
2336466411792
2336466423936
2336478996488
2336479002689
2336520933376
2336533676032
2336630114304
2336730646657
2336730677320
2336748601344
2336999211088
2337032634888
2337133305857
2337335148544
2337540407808
2338609693120
2338610219012
2338644296704
2338878128656
2340757242624
2340790763552
2340832690176
2341830918280
2345060663304
2345320595460
2345589280768
2346125885474
2353642278912
2353648370688
2354178949380
2355856670728
2362232014912
2370821965826
2370827190336
2371358883968
2374051561472
2379478991872
2405181752336
2405265572352
2405315919880
2413772144641
2422369976320
2473901162821
2473901312128
2473901433860
2473901523008
2473902214656
2473903390723
2473905356826
2473905358112
2473909690384
2473918222336
2473934718081
2473952018440
2473968277520
2473969328384
2474043785218
2474169860480
2474170163200
2474205249552
2474257678336
2474439082017
2474440140800
2474454942208
2474983358465
2475515985920
2476058083456
2478198755328
2478208712708
2480377168384
2482491162882
2482492194816
2482499748352
2484772798496
2487322935312
2491081162788
2491217608704
2492154778624
2493232711680
2508260900962
2508931989508
2510408458240
2517119270913
2542629032192
2542637416578
2542754889744
2543696478272
2560068944384
2611340120076
2611340140576
2649994952704
2748779153472
2748779604992
2748780249345
2748781446144
2748787720257
2748795846796
2748800047104
2748812626080
2748812627985
2748812641024
2748913831936
2748921708552
2748984590592
2749049602144
2749315941696
2749315948564
2749450289154
2749584376448
2749852811352
2749857202176
2749861199878
2750926561410
2750926817536
2750927667208
2750930747440
2750960107588
2753074041352
2753077182592
2753099333632
2753342496768
2757369069601
2757369136256
2757369274376
2757645832192
2761663971588
2765959495681
2765963149320
2765967392896
2770287722496
2775152852992
2783140970752
2783206441024
2783407376384
2784212551168
2791766491136
2817502749184
2817507983376
2819646193664
2826088480834
2886228510720
2886234898432
2886620938240
2891054055424
2920577761316
3023726182408
3023824814080
3024193884160
3058033491984
3096671422464
3161095930370
3298535055361
3298535426560
3298535539776
3298535933058
3298537504788
3298539085960
3298543345666
3298545504256
3298551924768
3298569617424
3298572636164
3298601992580
3298602045440
3298669106184
3298702672000
3298870690304
3299071756432
3299610787968
3299809951746
3300154408960
3300682367018
3300686594560
3300699148352
3301220294656
3302830473216
3302846636048
3303366725888
3307126394880
3307127177280
3307158372361
3307217092608
3307666014208
3309540802560
3315714753153
3315748372544
3315781994496
3316788494348
3320282349568
3324304719888
3332895146272
3332944954368
3333163089924
3350613458944
3367254430208
3367258554448
3367321468961
3367407452160
3368059682816
3436007653632
3436112248864
3436527484930
3440268805124
3470333583872
3505768103936
3573413183496
3573429633028
3573446346754
3574016771072
3575560273937
3719441678464
3848295415810
3848326381568
3848425964032
3848559132944
3854800257024
3865470567456
3882650439808
3917010436100
4398046513315
4398046516489
4398046523586
4398046537224
4398046544454
4398046545933
4398046577240
4398046580480
4398046597132
4398046669056
4398046871572
4398046905632
4398047044144
4398047088642
4398047627300
4398047691522
4398048117120
4398048610330
4398048674184
4398049659393
4398050706832
4398050746528
4398050967664
4398051237893
4398051770896
4398054900755
4398054903960
4398054935680
4398056022032
4398057521192
4398058323968
4398063354118
4398063554570
4398063890432
4398064353544
4398064468016
4398064665088
4398071939456
4398073778688
4398080133186
4398080591008
4398082179140
4398083212544
4398084268290
4398084358656
4398084391044
4398085574656
4398096847876
4398105233424
4398113620245
4398113736704
4398113754176
4398113783848
4398113915009
4398114685953
4398115917824
4398130403456
4398131445826
4398151369736
4398180738308
4398180762256
4398182367233
4398184941572
4398191247364
4398197637696
4398214545600
4398215332356
4398247847937
4398247903364
4398273527808
4398315013250
4398315209536
4398315225232
4398315372546
4398317699136
4398323861508
4398327545864
4398335918720
4398348501036
4398350600320
4398357020928
4398386257984
4398450213152
4398451265544
4398583415120
4398583423489
4398583447649
4398583514136
4398583644300
4398583647234
4398584176704
4398584561732
4398585495555
4398585610880
4398588100618
4398593347584
4398600814593
4398617993224
4398653145088
4398684045318
4398885405696
4399120777364
4399120908322
4399121309729
4399121350660
4399121371264
4399122416672
4399128658049
4399128838208
4399137031681
4399137032264
4399139160192
4399141748992
4399254474820
4399254503427
4399254619136
4399261024256
4399288090640
4399422247424
4399539691520
4399657140800
4399659229188
4399669706768
4400193999396
4400194023425
4400194600992
4400194787328
4400195044372
4400195141696
4400195313666
4400196092038
4400196132880
4400198190594
4400214968352
4400219177024
4400227549265
4400227827968
4400228730880
4400261432320
4400273690624
4400294658688
4400328214848
4400328228874
4400336609408
4400347152384
4400395452432
4400462479872
4400731004960
4400732963904
4400739254536
4400747646992
4400999368704
4401267867653
4401536172416
4402341580801
4402341752848
4402341873668
4402342036488
4402345673249
4402347769928
4402355110016
4402358518848
4402375168032
4402396020736
4402425397264
4402450530305
4402476883968
4402542821408
4402614109188
4402627215392
4402878349842
4402886762496
4402946768896
4404489035784
4404556595264
4404765786114
4405025865856
4405696922112
4406636544010
4406636716068
4406636728384
4406636775425
4406636987396
4406638544992
4406639595536
4406644835076
4406645366786
4406653223970
4406704603148
4406770663810
4406779058176
4406841967104
4406905405464
4406909206560
4406913532928
4406921662720
4407173321856
4407307534408
4407710744640
4407743742209
4408786551296
4410394542082
4410931446048
4410936393728
4411470446592
4412005285896
4413078915072
4415226382544
4415226384899
4415226527777
4415227430528
4415228478476
4415234774048
4415234785286
4415252627456
4415259969568
4415274614784
4415295064064
4415310266404
4415360893952
4415364988928
4415495929864
4415499046912
4415528640512
4415629557762
4415767446529
4415897469088
4416031686676
4416302219281
4416305365056
4416904105984
4417374126089
4417382318592
4417711505408
4419521356802
4419655569664
4423816316224
4423950532613
4432406274068
4432406315649
4432406776065
4432406782088
4432407310848
4432407822416
4432410444100
4432410460290
4432410579968
4432414769164
4432423026912
4432439804704
4432440655872
4432473360912
4432482009090
4432544694280
4432674689042
4432676782596
4432943126532
4432965140480
4433211818016
4433530322946
4433547108608
4436701298752
4436701381120
4436702268416
4438312353792
4441000443920
4441163964416
4441264654336
4443144716416
4445291151363
4449586397696
4449619804176
4451733635328
4453897863176
4466766057744
4466766127114
4466766153744
4466766185476
4466766774785
4466770184328
4466772283424
4466774671392
4466778570817
4466782773328
4466801648128
4466837831680
4466850267136
4466921178112
4467036520705
4467051202562
4467101533216
4467311248896
4467319636256
4467336937488
4467840016384
4467842353152
4467849166850
4467906904576
4469186101264
4469584560129
4471064100868
4471069346048
4471463673856
4472134698112
4475355922577
4475425128450
4475490664480
4476162277376
4477503541248
4479684444224
4483979427848
4486094389280
4492535832576
4501159284737
4501259944450
4503273472004
4509715661832
4535485470737
4535485481010
4535485596169
4535485731456
4535485989216
4535486513352
4535487823937
4535489692736
4535492870144
4535494475776
4535514955776
4535519545856
4535521153024
4535619764480
4535753902344
4535753912324
4535830446080
4536022345856
4536089575680
4536158650384
4536307564544
4536559468802
4536563400740
4536701812744
4537632949288
4537700073476
4539915173892
4540854181952
4541927915777
4544076480513
4544077627396
4544109019264
4545233027072
4548638802432
4552667431680
4552682115136
4552732516352
4555886561280
4556960350208
4561263656976
4569845243906
4569879822336
4574211473408
4604204946434
4604204959808
4604206252048
4604221751304
4604473507968
4655745073152
4672925476928
4672927105028
4672927727616
4672928677922
4672929267728
4672930718720
4672932823584
4672932847872
4672949583877
4672957992976
4672958005378
4673041866752
4673067352064
4673260228608
4673461293314
4673461354640
4673497202688
4673998422176
4674065269776
4674266611714
4674670297088
4675080815616
4675139010563
4677219386240
4677219516481
4677220438024
4677288593408
4677756257312
4681514485248
4681581527104
4681665380352
4683661836560
4690121326608
4690641190920
4691178561536
4692251770948
4707284557824
4707296741376
4708357898760
4711713341456
4724464029824
4741643931652
4741654380672
4742717767936
4748103122944
4758957983744
4810363504672
4810531144704
4810631839760
4827544289282
4844739952640
4947802325642
4947802624256
4947802867720
4947803046016
4947803377729
4947804429312
4947806781446
4947810713652
4947810716224
4947812818945
4947819380768
4947823362049
4947836444672
4947869436162
4947904036880
4947936555040
4947936935937
4947938656768
4948087570436
4948104331265
4948339720960
4948340326400
4948410499104
4948515356672
4948878164034
4948880281600
4948909884416
4949966716930
4951031971840
4952116166912
4956397510656
4956417425416
4960754336768
4964982325764
4964984389632
4964999496704
4969545596992
4974645870624
4982162096161
4982162325576
4982435217408
4984309557248
4986465423360
5016521801924
5017863979016
5020816916480
5034238541826
5085258064384
5085274833156
5085509779488
5087392956544
5120137888768
5154027864065
5222680240152
5222680281152
5299989905408
5497558306944
5497559209984
5497560498690
5497562892288
5497575440514
5497591693592
5497600094208
5497625252160
5497625255970
5497625282048
5497827663872
5497843417104
5497969181184
5498099204288
5498103400449
5498631883392
5498631897128
5498900578308
5499168752896
5499705622704
5499714404352
5499722399756
5501853122820
5501853635072
5501855334416
5501861494880
5501920215176
5506148082704
5506154365184
5506198667264
5506684993536
5514738139202
5514738272512
5514738548752
5515291664384
5519034023937
5523327943176
5531918991362
5531922333697
5531926298640
5531934785792
5550305705984
5566281941504
5566412882048
5566814752768
5568425102336
5583532982272
5635005498368
5635015966752
5635030646787
5639292387328
5652176961668
5772457021440
5772469796864
5772570279937
5773241876480
5782108110848
5841155522632
6047313953153
6047452364816
6047649628160
6048387768320
6116066983968
6193342844928
6322191860740
6597070110722
6597070853120
6597071079552
6597071866116
6597075009576
6597078171920
6597086691332
6597091008512
6597103849536
6597105483777
6597139234848
6597145272328
6597203984433
6597203985160
6597204090880
6597338212368
6597405344000
6597741380608
6598143512864
6599221575936
6599619903492
6600308817920
6601364734036
6601373189120
6601381513217
6601398296704
6602440589312
6605660946432
6605693272096
6606733451776
6614254354560
6614316744722
6614434185216
6615332028416
6619081605120
6631429506306
6631496745088
6631563988992
6633576988696
6640564699136
6648609439776
6665789243399
6665790292544
6665889908736
6666326179848
6701226917888
6734508860416
6734517108896
6734642937922
6734814904320
6736119365632
6871951900673
6872015307264
6872224497728
6873054969860
6880537610248
6940667167744
7011536207872
7146826366992
7146859266056
7146892693508
7148033542144
7148973065217
7151120547874
7438883356928
7696590831620
7696652763136
7696851928064
7697118265888
7709600514048
7730941134912
7765300879616
7834020872200
8796093026630
8796093032978
8796093034577
8796093047172
8796093074448
8796093088908
8796093091866
8796093154480
8796093160960
8796093194264
8796093338112
8796093350403
8796093743144
8796093811264
8796094088288
8796094177284
8796094857233
8796095254600
8796095383044
8796096234240
8796097220660
8796097348368
8796097380385
8796099318786
8796101413664
8796101493056
8796101935328
8796101969921
8796102475786
8796103541792
8796109799573
8796109801510
8796109807920
8796109871360
8796110849281
8796112044064
8796114257921
8796115042384
8796116647936
8796118319617
8796126593289
8796126708236
8796127109140
8796127780864
8796128707088
8796128936032
8796129330176
8796143878912
8796147557376
8796160164869
8796160266372
8796161182016
8796164358280
8796166425088
8796168536580
8796168717312
8796168782088
8796171149312
8796193695752
8796193751169
8796210466848
8796227240490
8796227241091
8796227473408
8796227508352
8796227567696
8796227830018
8796228419589
8796229371906
8796231835648
8796260806912
8796262891652
8796302739472
8796361476616
8796361524512
8796361590801
8796364734466
8796369854469
8796369883144
8796382494728
8796395275392
8796429091200
8796430664712
8796495695874
8796495806728
8796547055616
8796630026500
8796630172673
8796630419072
8796630450464
8796630745092
8796635398272
8796647723016
8796655091728
8796671837440
8796697002072
8796701200640
8796714041856
8796772515968
8796898856961
8796900426304
8796902531088
8797166830240
8797166846978
8797166895298
8797167028272
8797167288600
8797167294468
8797168353408
8797168861253
8797169123464
8797170991110
8797171221760
8797176201236
8797186695168
8797201629186
8797204516865
8797235986448
8797306290176
8797368090636
8797703643265
8797770811392
8798241554728
8798241564673
8798241816644
8798242619458
8798242701320
8798242742528
8798244833344
8798248910865
8798257316098
8798257676416
8798274063362
8798274064528
8798278320384
8798283497984
8798441832513
8798508949640
8798509006854
8798509238272
8798522048512
8798576181280
8798844494848
8799079383040
8799314281600
8799318458376
8799339413536
8800387998792
8800388046850
8800389201984
8800389574656
8800390088744
8800390283392
8800390627332
8800392184076
8800392265760
8800396381188
8800429936704
8800438354048
8800455098530
8800455655936
8800457461760
8800522864640
8800547381248
8800589317376
8800656429696
8800656457748
8800657539073
8800673218816
8800694304768
8800790904864
8800924959744
8801462009920
8801465927808
8801470119945
8801478509072
8801495293984
8801998737408
8802535735306
8803072344832
8804682956851
8804683161602
8804683505696
8804683747336
8804684072976
8804691346498
8804695539856
8804710220032
8804717037696
8804750336064
8804792041472
8804850794528
8804901060610
8804953767936
8805085642816
8805228218376
8805254430784
8805289033729
8805756699684
8805773524992
8805893537792
8806880772097
8808978071568
8809113190528
8809531572228
8810051731712
8811393844224
8813273088020
8813273415717
8813273432136
8813273456768
8813273550850
8813273974792
8813277089984
8813279191072
8813289670152
8813290733572
8813306447940
8813306478595
8813409206296
8813541327620
8813558116352
8813683934208
8813810810928
8813818413120
8813827065856
8813843325440
8814346643712
8814615068816
8815421489280
8815487484418
8815957377025
8817573102592
8817584635969
8820789084164
8821862834185
8821862892096
8821872787456
8822940893184
8824010571792
8826157830144
8830452765088
8830452769798
8830453055554
8830454858249
8830454861056
8830456956952
8830469548096
8830469570572
8830505254912
8830519939136
8830520918019
8830549229568
8830590128128
8830620532808
8830721787904
8830729977856
8830991859728
8830998093824
8831057281024
8831259115524
8831534893058
8831794938176
8832063373352
8832600506625
8832604438562
8832610730112
8833808211968
8834748252178
8834764637184
8835423010816
8839042713604
8839042830337
8839311139328
8847632632448
8847901065226
8864812548136
8864812631298
8864813552130
8864813564176
8864814621696
8864815644832
8864820888200
8864820920580
8864821159936
8864829538328
8864846053824
8864879609408
8864881311744
8864946721824
8864964018180
8865089388560
8865349378084
8865353565192
8865886253064
8865886437377
8865930280960
8866423636032
8866960019457
8867060645892
8867094217216
8869174577153
8873402449985
8873402597504
8873402762240
8873404536832
8876624707584
8882000887840
8882327928832
8882529308672
8886289432832
8890582302726
8899172795392
8899239608352
8903467270656
8907795726352
8933532115488
8933532254228
8933532307488
8933532370952
8933533549570
8933540368656
8933544566848
8933549342784
8933557141634
8933565546656
8933568675841
8933603296256
8933675663360
8933700534272
8933842356224
8933867782145
8934073041410
8934102405124
8934203066432
8934622497792
8934639272512
8934673874976
8934739935489
8935680032768
8935684706304
8935698333700
8935813809152
8937831137297
8938372202528
8939169120258
8942128201736
8942130364417
8942138692096
8942927347712
8944269396224
8950711845154
8950850256900
8950981328960
8952324554752
8955007082496
8959368888448
8967958855696
8972188778560
8985071665152
9002318569474
9002519888900
9006546944008
9019431323664
9070970941474
9070970962020
9070971192338
9070971462912
9070971978432
9070973026704
9070975647874
9070979385472
9070985740288
9070988951552
9071029911552
9071038054433
9071039091712
9071042306048
9071239365697
9071239528960
9071507804688
9071507824648
9071660892160
9072044691712
9072179151360
9072317300768
9072615129088
9073118937604
9073126801480
9073403625488
9075265898576
9075400146952
9079565058053
9079830347784
9081708363904
9083855831554
9088152961026
9088155254792
9088218038528
9090466054144
9097277604864
9105334863360
9105364230272
9105465032704
9105867540481
9111773122560
9113920700416
9122527313952
9139690487812
9139759644672
9148422946816
9156870275201
9208409892868
9208409919616
9208412504096
9208443502608
9208947015936
9311490146304
9345848837161
9345848842243
9345850953856
9345854210056
9345855455232
9345857355844
9345858535456
9345861437440
9345865647168
9345865695744
9345899167754
9345915985952
9345916010756
9346083733504
9346134704128
9346251489793
9346389901377
9346520457216
9346922586628
9346922709280
9346922872833
9346994405376
9347996844352
9348130539552
9348533223428
9349340594176
9350161631232
9350278021126
9354438772480
9354439032962
9354440876048
9354577186816
9355512514624
9363028970496
9363163054208
9363330760704
9367323673120
9380242653216
9381282381840
9382357123072
9384503541896
9397396832257
9414569115648
9414593482752
9416715797520
9423426682912
9448928059648
9483287863304
9483287937025
9483308761344
9485435535872
9496206245888
9517915967488
9620727009344
9621062289408
9621263679520
9655088578564
9689479905280
9895604651284
9895604668545
9895605248512
9895605735440
9895606092032
9895606755458
9895606812689
9895608858624
9895613562892
9895621427304
9895621432448
9895625637890
9895638761536
9895646724098
9895672889344
9895738872324
9895808073760
9895873110080
9895873871874
9895877313536
9896175140872
9896208662530
9896679441920
9896680652800
9896820998208
9897030713344
9897752134177
9897756328068
9897760563200
9897819768832
9899933433860
9902063943680
9904232333824
9904463020289
9912795021312
9912834850832
9912851632129
9921508673536
9929964651528
9929968779264
9929998993408
9939091193984
9949291741248
9964324192322
9964324651152
9964870434816
9968619114496
9972930846720
9998818082817
10033043603848
10035727958032
10041633832960
10068477083652
10170499858433
10170516128768
10170549666312
10171019558976
10174785913088
10240275777536
10308055728130
10445360480304
10445360562304
10449655439361
10599979810816
10995116343369
10995116613888
10995118419968
10995120997380
10995125784576
10995150881028
10995183387184
10995200188416
10995250504320
10995250511940
10995250564096
10995653149189
10995655327744
10995686834208
10995938362368
10996198408576
10996206800898
10997263766784
10997263794256
10997801156616
10998337505792
10999411245408
10999413343233
10999428808704
10999444799512
11003706245640
11003707270144
11003710668832
11003722989760
11003840430352
11012296165408
11012308730368
11012397334528
11013369987072
11029476278404
11029476545024
11029477097504
11030583328768
11038068047874
11046655886352
11063837982724
11063844667394
11063852597280
11063869571584
11100611411968
11132563883008
11132825764096
11133629505536
11134702714883
11136850204672
11167065964544
11270010996736
11270031933504
11270061293574
11270128406529
11278584774656
11304353923336
11544914042880
11544939593728
11545140559874
11546483752960
11564216221696
11682311045264
12094627906306
12094633148417
12094904729632
12095299256320
12096775536640
12232133967936
12386685689856
12644383721480
13194139799557
13194140221444
13194141706240
13194142159104
13194143732232
13194150019152
13194156318723
13194156343840
13194173382664
13194182017024
13194207699072
13194210967554
13194278469696
13194290544656
13194407968866
13194407970320
13194408181760
13194676424736
13194810688000
13195482761216
13196287025728
13198435025025
13198443151872
13199239806984
13200617635840
13202729468072
13202746378240
13202763026434
13202796593408
13204881178624
13211319468289
13211321892864
13211386544192
13213466903552
13228501417984
13228508709120
13228633489444
13228868370432
13230664056832
13238163210240
13262859012612
13262860058633
13262993490176
13263127977984
13267153977392
13281129398272
13297218879552
13331578486798
13331580585088
13331779817472
13332652359696
13402453835776
13469017720832
13469034217792
13469050995201
13469285875844
13469629808640
13472238731264
13743903801346
13744030614528
13744448995456
13746109939720
13761075220496
13881334335488
14023072415744
14293651293185
14293652733984
14293718532112
14293785387016
14296067084288
14297946130434
14302241095748
14877766713856
15393181663240
15393305526272
15393703856128
15394236531776
15419201028096
15461882269824
15530601759232
15668041744400
17592186046211
17592186053260
17592186065956
17592186069154
17592186094344
17592186110245
17592186148896
17592186177816
17592186183732
17592186308960
17592186321920
17592186388528
17592186676224
17592186700806
17592186833025
17592187125767
17592187486288
17592187622528
17592188142665
17592188147969
17592188176576
17592188354568
17592189714466
17592190255129
17592190509200
17592190766088
17592192468480
17592194441320
17592194564233
17592194696736
17592194760770
17592198637572
17592202827328
17592202888321
17592202986112
17592203870656
17592203939842
17592204951572
17592207083584
17592211210321
17592219599146
17592219603020
17592219615840
17592219742720
17592220205057
17592221698562
17592224088128
17592228515842
17592230084768
17592233295872
17592236639234
17592253186578
17592253198337
17592253416472
17592254218280
17592255561728
17592257414176
17592257872064
17592258660352
17592287757824
17592295114752
17592320287745
17592320329738
17592320532744
17592320790537
17592322364032
17592328716560
17592332850176
17592337073160
17592337434624
17592337564176
17592342298624
17592387391504
17592387502338
17592420933696
17592454480980
17592454482182
17592454627331
17592454946816
17592455016704
17592455135392
17592455660036
17592456839178
17592457625617
17592458743812
17592463671296
17592488042625
17592521613824
17592525783304
17592605478944
17592722953232
17592723049024
17592723181602
17592727248897
17592729468932
17592739708938
17592739766288
17592756470789
17592764989456
17592790550784
17592858182400
17592861329424
17592991391748
17592991613456
17593094111232
17593133957121
17593260048657
17593260053000
17593260345346
17593260838144
17593260900928
17593261490184
17593270796544
17593295446032
17593310183456
17593339478017
17593343674880
17593394004144
17593402401280
17593428083712
17593528221737
17593545031936
17593797713922
17593800852608
17593805062176
17594333660480
17594333693956
17594333790596
17594334056544
17594334577200
17594334588936
17594336706816
17594337722506
17594338246928
17594341982220
17594342443520
17594352402472
17594373390336
17594403258372
17594409033730
17594434191369
17594467746309
17594471972896
17594612580352
17594736181272
17595407286530
17595541622784
17595960918017
17596482062401
17596483109456
17596483129346
17596483633288
17596485238916
17596485402640
17596485485056
17596489666688
17596497797125
17596497821730
17596514632196
17596515352832
17596548126724
17596548129056
17596548448257
17596556640768
17596566995968
17596754165761
17596883665026
17597017899280
17597018013708
17597018476544
17597044097024
17597152362560
17597688989696
17598158766080
17598628563200
17598636916752
17598678827072
17600775989281
17600775997584
17600776093700
17600778403968
17600779149312
17600780177488
17600780566784
17600781254664
17600784368152
17600784531520
17600792762376
17600843218949
17600859873408
17600876708096
17600910197060
17600911311872
17600914923520
17601045729280
17601094762496
17601178634752
17601312859392
17601312915496
17601315078146
17601346437632
17601388609536
17601581809728
17601849919488
17602924019840
17602931855616
17602940239890
17602957018144
17602990587968
17603997474816
17605071470612
17606144689664
17609365913702
17609365983297
17609366323204
17609367011392
17609367494672
17609368145952
17609376432129
17609382692996
17609391079712
17609420440064
17609434075392
17609500672128
17609584082944
17609701589056
17609802121220
17609903833097
17609907535872
17610171285632
17610456436752
17610508861568
17610578067458
17611513399368
17611547049984
17611787075584
17613761544194
17617956143136
17617956372483
17618226381056
17619063144456
17620103463424
17622787688448
17626546078721
17626546176040
17626546831434
17626546864272
17626546913536
17626547101700
17626547356161
17626547949584
17626554179968
17626558382144
17626579340304
17626581467144
17626612895880
17626612957190
17626818412592
17627082655240
17627116232704
17627367868416
17627621621856
17627636826240
17627654131712
17627686650880
17628693287424
17629230137632
17630842978560
17630974968836
17631914754050
17635146205184
17635169271938
17636343676929
17641578168328
17643725668370
17643725784192
17643745574912
17645881786368
17648021143584
17652315660288
17660905521347
17660905530176
17660905539596
17660906046497
17660906111108
17660906848257
17660909716498
17660909722112
17660913913904
17660939096192
17660939141144
17661010509824
17661039878272
17661041836038
17661098459136
17661180256256
17661241065616
17661443575808
17661459955712
17661983719456
17661996187648
17662114562048
17662518231048
17663069786116
17663589876352
17664126746704
17665201013250
17665208877124
17665221460224
17667616423936
17669496504356
17669512265729
17669529274368
17670846021632
17678085427208
17678085660674
17678353827841
17678622278656
17695265264896
17695802130452
17697414840321
17729625096272
17729625262596
17729627104260
17729627128352
17729629243392
17729631289664
17729641776400
17729641777155
17729641841160
17729642319872
17729658585345
17729659076656
17729692107648
17729759218816
17729759346705
17729762623488
17729893443648
17729928036360
17730161873409
17730178777120
17730698756168
17730707130384
17731772506128
17731772874754
17731860561920
17732847272064
17733920038914
17734121291784
17734188434432
17738349154306
17746804899970
17746805195008
17746805524480
17746809073664
17747878609921
17753249415168
17764001775680
17764655857664
17765058617344
17772578865664
17781164605452
17798345590784
17798479216704
17806934541312
17815591452704
17867064087553
17867064230976
17867064508456
17867064614976
17867064741904
17867067099140
17867080737312
17867089133696
17867098685568
17867114283268
17867131093312
17867137351682
17867206592512
17867351326720
17867401068544
17867684712448
17867735564290
17868146082820
17868204810248
17868406132864
17869244995584
17869278545024
17869347749952
17869479870978
17871360065536
17871369412608
17871396667400
17871627618304
17875655983617
17875662274594
17876744405056
17878338240516
17884256403472
17884260728834
17884277384192
17885854695424
17888538792448
17901423690308
17901490798609
17901700513800
17901962657920
17904649109504
17910014164992
17918737776896
17935917711392
17944377557120
17970143330304
18004637138948
18005039777800
18013093888016
18038862647328
18141941882948
18141941924040
18141942384676
18141942925824
18141943956864
18141946053408
18141951295748
18141958770944
18141971480576
18141977903104
18142059823104
18142076108866
18142078183424
18142084612096
18142210294081
18142478731394
18142479057920
18143015609376
18143015649296
18143321784320
18144089358369
18144089383424
18144358302720
18144634601536
18145230258176
18146237875208
18146253602960
18146807250976
18150531797152
18150800293904
18159130116106
18159188836865
18159660695568
18163416727808
18167711663108
18176305922052
18176310509584
18176436077056
18180932108288
18194555209728
18210669726720
18210728460544
18210930065408
18211735080962
18223546245120
18227841400832
18245054627904
18279380975624
18279381868545
18279519289344
18296845893632
18313740550402
18416819785736
18416819798145
18416819839232
18416825008192
18416887005216
18417894031872
18622980292608
18691697674322
18691697684486
18691701907712
18691708420112
18691710910464
18691714711688
18691717070912
18691722874880
18691731294336
18691731391488
18691798335508
18691831971904
18691832021512
18691836084353
18691982885377
18692167467008
18692269408256
18692502979586
18692779802754
18693040914432
18693845173256
18693845418560
18693845745666
18693988810752
18695993688704
18696001044481
18696261079104
18697066446856
18698681188352
18700323262464
18700556042252
18708877544960
18708878065924
18708881752096
18709154373632
18711025029248
18726057940992
18726326108416
18726661521408
18734647346240
18760485306432
18762564763680
18764714246144
18769007083792
18794793664514
18829138231296
18829186965504
18833431595040
18839874043905
18846853365824
18897856119296
18966575726608
18966575874050
18966617522688
18970871071744
18992412491776
19035831934976
19241454018688
19242124578816
19242527359040
19275813289985
19310177157128
19378959810560
19791209302568
19791209337090
19791210497024
19791211470880
19791212184064
19791213510916
19791213625378
19791217717248
19791227125784
19791242854608
19791242864896
19791251275780
19791277523072
19791293448196
19791345778688
19791477744648
19791477833729
19791616147520
19791746220160
19791747743748
19791754627072
19792350281744
19792417325060
19793357316097
19793358883840
19793361305600
19793641996416
19794061426688
19795504268354
19795512656136
19795521126400
19795639537664
19799808671745
19799866867720
19804127887360
19808389169173
19808464667648
19808926040578
19825569169473
19825590042624
19825669701664
19825703264258
19843017347072
19859929303056
19859937558528
19859997986816
19878182387968
19898583482496
19928648384644
19928649302304
19929740869632
19937238228992
19945861693440
19997636165634
20066087207696
20071455916064
20083267665920
20136954167304
20203526422529
20340971405313
20340999716866
20341032257536
20341099332624
20342039117952
20349571826176
20480551555072
20616111456260
20890720960608
20890721124608
20891794671617
20899310878722
21199959621632
21990232686738
21990233112593
21990233227776
21990236839936
21990237798657
21990241994760
21990251569152
21990266372129
21990301762056
21990366774368
21990400376832
21990501008640
21990501023880
21990501128192
21991306298378
21991310655488
21991373668416
21991876724736
21992396817152
21992413601796
21994527533568
21994527588512
21994663837697
21995602313232
21996675011584
21998822490816
21998826686466
21998857617408
21998889599024
22007412491280
22007414540288
22007421337664
22007445979520
22007680860704
22024592330816
22024617460736
22024794669056
22026739974144
22058952556808
22058953090048
22058954195008
22061166657536
22076136095748
22093311772704
22127675965448
22127689334788
22127705194560
22127739143168
22162299682817
22201222823936
22265110528009
22265127766016
22265651528192
22267259011072
22269405429766
22273700409344
22334131929088
22540021993472
22540063867008
22540122587148
22540256813058
22549115174913
22557169549312
22608707846672
23089744191553
23089828085760
23089879187456
23090281119748
23092967505920
23128432443392
23364622090528
24189255812612
24189266296834
24189809459264
24190598512640
24193551073280
24464267935872
24773371379712
25288767442960
26388279599114
26388279722241
26388280119329
26388280442888
26388281434113
26388283412480
26388284318208
26388287464464
26388300038304
26388312637446
26388312687680
26388346765328
26388364034048
26388415398144
26388421935108
26388446840833
26388556939392
26388581089312
26388815937732
26388815940640
26388816363520
26389352849472
26389621376000
26390430745601
26390965522432
26392574051456
26396870050050
26396886303744
26398479613968
26401235271680
26405458936144
26405492756480
26405526052868
26405593186816
26409762357248
26422638936578
26422643785728
26422655598593
26422773088384
26426933807104
26457002835968
26457017418240
26457266978888
26457736740864
26461328113664
26476326420480
26525718025224
26525720117266
26525986980352
26526255955968
26534307954784
26562258796544
26594437759104
26663156973596
26663161170176
26663559634944
26664230715395
26665304719392
26804907671552
26938035441664
26938068435584
26938101990402
26938571751688
26939259617280
26944477462528
27006754357253
27487790727177
27487807602692
27488061229056
27488897990912
27492219879440
27522150440992
27762668670976
28046144831488
28587302586370
28587305467968
28587437064224
28587570774032
28592134168576
28595892260868
28604482191496
29755533427712
30786363326480
30786611052544
30787407712256
30788473063552
30838402056192
30923764539648
31061203518464
31336083488800
32985415942145
35184372092422
35184372106520
35184372131912
35184372138308
35184372156993
35184372188688
35184372220490
35184372297792
35184372355632
35184372367464
35184372482241
35184372613147
35184372617920
35184372643840
35184372777056
35184373352448
35184373401612
35184373666050
35184374251534
35184374972576
35184375245056
35184376285330
35184376295938
35184376353152
35184376414215
35184376709136
35184379428932
35184380478597
35184380510258
35184381018400
35184381532176
35184384936960
35184388866093
35184388882640
35184389128466
35184389393472
35184389521540
35184397275144
35184405654656
35184405677065
35184405776642
35184405972224
35184407741312
35184407879684
35184408002563
35184409903144
35184414167168
35184422420642
35184439198292
35184439198755
35184439206040
35184439231680
35184439485440
35184440410114
35184443397124
35184448176256
35184457031684
35184460169536
35184466591744
35184473278468
35184506373156
35184506396674
35184506832944
35184507625473
35184508436560
35184511123456
35184514828352
35184515744128
35184517320704
35184539861137
35184575515648
35184590229504
35184640575490
35184640598025
35184640659476
35184641065488
35184641581074
35184644728064
35184657433120
35184665700352
35184674146320
35184674869248
35184675128352
35184684597248
35184716022273
35184774783008
35184775004676
35184795713537
35184841867392
35184908961960
35184908964364
35184909254662
35184909893632
35184910033408
35184910270784
35184911320072
35184913678356
35184915251234
35184917352705
35184917487624
35184927342592
35184976085250
35184992847873
35185043227648
35185051566608
35185178574849
35185210957888
35185445906464
35185446098048
35185446363204
35185447997441
35185451106305
35185454497794
35185458937864
35185479417876
35185479532576
35185512941578
35185529978912
35185580048457
35185581101568
35185716364800
35185722658848
35185982783496
35185983226912
35186188222464
35186267914242
35186519613443
35186519720961
35186520097314
35186520106000
35186520690692
35186521676288
35186522980368
35186538448000
35186541593088
35186586943493
35186590892064
35186620366912
35186678956034
35186687349760
35186788008288
35186856167424
35187056443474
35187090063872
35187593314945
35187595427844
35187601705216
35187610124352
35188667121795
35188667320960
35188667387912
35188667581192
35188668113088
35188669154400
35188669177872
35188669679617
35188671267073
35188673413632
35188675445012
35188676493856
35188683964440
35188684887040
35188704804944
35188746780672
35188801277985
35188806516744
35188818067460
35188868382738
35188935492618
35188943945792
35189225160704
35189472362544
35190814573060
35191083245568
35191921836034
35192964124802
35192966218912
35192966258692
35192967266576
35192970477832
35192970805280
35192970970112
35192979333376
35192995594250
35192995643460
35193029264392
35193030705664
35193096253448
35193096258112
35193096896514
35193113281536
35193133991936
35193498910753
35193508331522
35193767330052
35194035798560
35194036027416
35194036953088
35194088194048
35194304725120
35195377979392
35196317532160
35197257126400
35197273833504
35197357654144
35199405522945
35201551978562
35201551995168
35201552187400
35201556807936
35201558298624
35201560354976
35201561133568
35201562509328
35201568736304
35201569063040
35201585524752
35201686437898
35201719746816
35201753416192
35201820393745
35201820394120
35201822623744
35201829847040
35202091458560
35202189524992
35202357269504
35202625718784
35202625830992
35202630156292
35202667642881
35202692875264
35202777219072
35203163619456
35203699838976
35205848039680
35205863711232
35205880479780
35205914036288
35205981175936
35207994949632
35210141925441
35210142941224
35212289379328
35218731827404
35218731844099
35218731966594
35218732646408
35218734022784
35218734989344
35218736291904
35218752864258
35218765385992
35218782159424
35218840880128
35218868150784
35219000266817
35219001344256
35219168165888
35219268730897
35219403178112
35219604242440
35219807666194
35219815071744
35220342571264
35220881539080
35220912873504
35221017723136
35221156134916
35223026798736
35223094099968
35223574151168
35227355840513
35227523088388
35235912286272
35235912744966
35236452762112
35238126288912
35240206926848
35245575376896
35253092122881
35253092157442
35253092352080
35253093662868
35253093728544
35253093827072
35253094203400
35253094712322
35253095899168
35253099972609
35253108359936
35253110440001
35253116764288
35253158680608
35253162934288
35253225791760
35253225914380
35253628502021
35253636825184
35254165310480
35254232465408
35254735736832
35255243243712
35255273652480
35255308263424
35255373301760
35257386574848
35257688522753
35258460275264
35261685957120
35261949937672
35262755241987
35263829508100
35270292410368
35270338543876
35272687353858
35283156336656
35287451336740
35287451568384
35287491149824
35291763572736
35296042287168
35304631320576
35321811042694
35321811060352
35321811079192
35321812092994
35321812222216
35321813696514
35321819432996
35321819444224
35321827827808
35321844617217
35321878192384
35321878282288
35322021019648
35322079756544
35322080002081
35322083672076
35322196918272
35322360512512
35322482131232
35322887151616
35322919911424
35323967438912
35323992375296
35324229124096
35325036462096
35326139572232
35327179752704
35328253493408
35330401110017
35330402026500
35330417754248
35330442920448
35335232847872
35338993008712
35339024531458
35339058548736
35341692043264
35356170854416
35356171321348
35356172878081
35356707655682
35357244557312
35390530529792
35391604260904
35394829680642
35407844605953
35459250192544
35459250525192
35459254208520
35459254256704
35459258486784
35459262579328
35459283552800
35459283554310
35459283682320
35459284639744
35459317170690
35459318153312
35459384215296
35459386310661
35459518437632
35459518693410
35459525246976
35459786887296
35459856072720
35460323746818
35460357554240
35460390977537
35461397512336
35461414260768
35463545012256
35463545749508
35463721123840
35464081833993
35465694544128
35467839930753
35467840077828
35468242583568
35468376868864
35476698308612
35493609799940
35493610390016
35493611048960
35493618147328
35495757219842
35506498830336
35528003551360
35529311715328
35530117234688
35545157731328
35562329210904
35596691181568
35596697337859
35596958433408
35613869082624
35631182905408
35734127903493
35734128017409
35734128175106
35734128461952
35734129016912
35734129229952
35734129483808
35734134198280
35734144688257
35734161474624
35734178267392
35734197371136
35734228566536
35734262186624
35734262645761
35734274703364
35734413185024
35734702653440
35734802137088
35735369424896
35735471128580
35736292165640
35736409620496
35736812265728
35738489991168
35738557090048
35738695499904
35738959741956
35742720131072
35742738825216
35742793334800
35742986534913
35743255236608
35751311967234
35751324549188
35753488810112
35756676481032
35768512806944
35768521457668
35768554768384
35771709390848
35777077584896
35802847380616
35802847514625
35802981597218
35803401027600
35803925315840
35809298219008
35820028329984
35837475553792
35871835422784
35888755114240
35940286660608
36009274277896
36010079555600
36026187776032
36077725294656
36283883765896
36283883848080
36283884769352
36283885289477
36283885851648
36283887913728
36283892106816
36283900690433
36283902591496
36283917541888
36283942961152
36283950841873
36283955806208
36284119646208
36284152217732
36284156366848
36284169224192
36284420588162
36284957462788
36284958115840
36286031218752
36286031298592
36286643568640
36288178716738
36288178766848
36288716605440
36289269203072
36290460516352
36292475750416
36292482048001
36292507205920
36293614501952
36301063594304
36301600587808
36303215263745
36318260232212
36318377673730
36319321391136
36326833455616
36335423326216
36352611844104
36352621019168
36352872154112
36361864216576
36389110419456
36421339453440
36421456921088
36421860130816
36423470161924
36447092490240
36455682801664
36490109255808
36558761658369
36558761951248
36558763737090
36559038578688
36593691787264
36627481100804
36833639571472
36833639596290
36833639678464
36833650016384
36833774010432
36835788063744
37245960585216
37383395348644
37383395368972
37383403815424
37383405830153
37383416840224
37383421820928
37383429423376
37383434141824
37383445749760
37383462588672
37383462782976
37383596671016
37383663943808
37383664043024
37383672168706
37383965770754
37384334934016
37384485863441
37384538816512
37385005959172
37385559605508
37385576384513
37386081828864
37387690346512
37387690837120
37387691491332
37387977621504
37391987377408
37392002088962
37392522158208
37394132893712
37397362376704
37400646524928
37401112084504
37417755089920
37417756131848
37417763504192
37418308747264
37422050058496
37452115881984
37452119016449
37452652216832
37453323042816
37469294692480
37520902455297
37520970612864
37525129527360
37529428492288
37538014167584
37589587329028
37658273260033
37658276462592
37658373931008
37666863190080
37679748087810
37693706731648
37795712238592
37933151453216
37933151748100
37933235045376
37941742143488
37984824983552
38071663869952
38482908037376
38483443843137
38484249157632
38485054718080
38551626579970
38620354314256
38757919621120
39582418600259
39582418605136
39582418674180
39582418739217
39582420994048
39582422941760
39582424368128
39582427021832
39582427250756
39582435434496
39582454251568
39582469980161
39582485709216
39582485729792
39582502551560
39582555046144
39582586896392
39582691557376
39582955489296
39582955667458
39583232295040
39583492440320
39583495487496
39583509254144
39584029474817
39584700563488
39586714632194
39586717767680
39586722611200
39587283992832
39588122853376
39591008536708
39591012728841
39591025312272
39591042252800
39591279075328
39599617343490
39599733735440
39608255774720
39616778338346
39616929335296
39617852081156
39651138338946
39651180085248
39651339403328
39651406528516
39686034694144
39719857619969
39719858606112
39719875117056
39719995973632
39756364775936
39797166964992
39857296769288
39857298604608
39857581720576
39859481739264
39874476457984
39891723386880
39926015983649
39995272331268
40132174415392
40142911832128
40149354285057
40166535331840
40273908334608
40407052845058
40681942810626
40681999433732
40682064515072
40682198665248
40684078235904
40699143652352
40961103110144
41232222912520
41781441921216
41781442249216
41781442396161
41783589343234
41798621757444
42399919243264
43980465115273
43980465373476
43980466225186
43980466455552
43980469830145
43980473679872
43980474548289
43980475597314
43980483989520
43980503138304
43980532744258
43980603524112
43980733548736
43980800753664
43981002017280
43981002047760
43981002256384
43981807304705
43982612596756
43982621310976
43982747336832
43983753449472
43984793634304
43984827203592
43989055067136
43989055177024
43989327675394
43991204626464
43993350023168
43997644981632
43997653372932
43997715234816
43997779198048
44014824982560
44014829080576
44014842675328
44014891959040
44015361721408
44019119816709
44049184661632
44049234921472
44049589338112
44053479948288
44117905113616
44117906180096
44117908390016
44117920874497
44122333315072
44152272191496
44186623545408
44255351930896
44255378669576
44255410389120
44255478286336
44324599365634
44402445647872
44530221056018
44530255532032
44531303056384
44534518022144
44538810859532
44547400818688
44668263858176
44807246315521
45080043986944
45080127734016
45080245174296
45080513626116
45098230349826
45114339098624
45217415693344
46179488383106
46179656171520
46179758374912
46180562239496
46185935011840
46196668497921
46256864886784
46729244181056
48378511625224
48378532593668
48379618918528
48381197025280
48387102146560
48928535871744
49546742759424
50577534885920
52776559198228
52776559444482
52776560238658
52776560885776
52776562868226
52776566824960
52776568636416
52776574928928
52776575176705
52776600076608
52776625274892
52776625375360
52776693530656
52776728068096
52776830796288
52776843870216
52776893681666
52777113878784
52777162178624
52777631875464
52777631881280
52777632727040
52778705698944
52779242752000
52780861491202
52781931044864
52785148068881
52785148102912
52793740100100
52793772607488
52796959227936
52798033100801
52802470543360
52810917872288
52810922067969
52810985512960
52811052105736
52811186373632
52819524714496
52845277610505
52845277873156
52845287571456
52845311197186
52845546176768
52853867614208
52913997086789
52914005671936
52914034836480
52914533957776
52915473481728
52922656227328
52952652840960
53051436050448
53051440234532
53051973960704
53052511911936
53068615909568
53124517593088
53188875518208
53326313947192
53326322340352
53327119269888
53328461430790
53330609438784
53609815343104
53876070883328
53876071858209
53876136871168
53876203980804
53877143503376
53878519234560
53888954925056
54013508714506
54975581454354
54975615205384
54975715606785
54976122458112
54977795981824
54984439758880
55044300881984
55525337341952
56092289662976
57174605172740
57174610935936
57174874128448
57175141548064
57176760516609
57184268337152
57191784521736
57208964382992
59511066855424
61572726652960
61573222105088
61574815424512
61576946127104
61676804112384
61847529079296
62122407036928
62672166977600
65970831884290
70368744182833
70368744184844
70368744213040
70368744260865
70368744263824
70368744276616
70368744313986
70368744377376
70368744378377
70368744440980
70368744595584
70368744711264
70368744718377
70368744734928
70368744964482
70368745226294
70368745235840
70368745287680
70368745365569
70368745554112
70368746275395
70368746406161
70368746704896
70368746803224
70368747332100
70368748503068
70368749945152
70368750490112
70368752570660
70368752591876
70368752706304
70368752828430
70368753418272
70368758857864
70368760957194
70368761020516
70368762036800
70368763064352
70368769873920
70368777732186
70368777765280
70368778256932
70368778786944
70368779043080
70368782483457
70368794550288
70368811309312
70368811354130
70368811553284
70368811944448
70368813646849
70368815482624
70368815759368
70368816005126
70368819806288
70368828334336
70368836468737
70368844841284
70368878396584
70368878397510
70368878412080
70368878463360
70368878928001
70368878970880
70368880820228
70368882590785
70368886794248
70368896352512
70368914063368
70368920339072
70368933183488
70368946556936
70369012617223
70369012746312
70369012793348
70369013530625
70369013665888
70369015250946
70369016873120
70369022246912
70369029656704
70369031488256
70369034641408
70369079722274
70369151031296
70369180459008
70369281150980
70369281196050
70369281318952
70369282130976
70369283162148
70369289456128
70369314603777
70369314866240
70369331400704
70369348292640
70369349738496
70369350256704
70369369194496
70369432044546
70369549566016
70369550009352
70369566261265
70369591427074
70369683734784
70369817923920
70369817926145
70369817928728
70369818255361
70369818509324
70369819787264
70369820066816
70369820541568
70369822640144
70369826308355
70369827356712
70369830502468
70369834705410
70369834975248
70369854685184
70369952170500
70369985695746
70370086455296
70370087403649
70370103133216
70370357149698
70370421915776
70370891661389
70370891812928
70370892196096
70370892726408
70370895994882
70370902212610
70370908995588
70370917875728
70370927316993
70370958835752
70370959065152
70371025883156
70371059957824
70371160096914
70371162203136
70371432729600
70371436920961
70371445317696
70371965566992
70371966453824
70372376444928
70372535828484
70373039153187
70373039226886
70373039441922
70373040194628
70373040212000
70373041381384
70373043352576
70373045960736
70373048057861
70373076896000
70373083186176
70373111496705
70373173886986
70373181784128
70373240733824
70373357912068
70373374699520
70373576016576
70373712334848
70374112886948
70374180127744
70375186629890
70375190855688
70375203410432
70375220248704
70377334243590
70377334407425
70377334641920
70377334775824
70377335162384
70377336226176
70377337258017
70377338308800
70377338355744
70377339359234
70377342534146
70377346827264
70377350890024
70377352987712
70377367928880
70377369774080
70377409609888
70377493561344
70377602555970
70377613033488
70377636134920
70377736765476
70377870985236
70377887891584
70378407870469
70378450321408
70378944725088
70381629146120
70381763299329
70382166491136
70383843672068
70385924048389
70385925623809
70385928249604
70385932437824
70385932517384
70385934533152
70385940955664
70385941610560
70385941940224
70385958666752
70385974378625
70385991188500
70385991286920
70386058395651
70386058528784
70386061411328
70386192506896
70386192516224
70386193793028
70386194644993
70386226563072
70386267983872
70386997821506
70387016663044
70387534660104
70388071597120
70388072054832
70388073906176
70388176388096
70388609450240
70390755958784
70392635064320
70394514252800
70394518175761
70394547667008
70394715308288
70398811045890
70403103948811
70403103957124
70403103990336
70403104374800
70403104964869
70403113615872
70403116597248
70403120709952
70403122267136
70403125018656
70403137472608
70403138126080
70403171049504
70403372875796
70403439493632
70403506832384
70403640787490
70403640788240
70403645247488
70403659694080
70404182917120
70404379049984
70404714539008
70405251437568
70405251661984
70405255594497
70405260312584
70405335285762
70405385750528
70405554438144
70406327238912
70407399677952
70411696079360
70411727422464
70411760959560
70411828072576
70411962351872
70415989899264
70420283850882
70420285882448
70424578758656
70437463654808
70437463688198
70437463933188
70437465292816
70437468045568
70437469978688
70437472583808
70437480693793
70437505728516
70437530771984
70437530861569
70437564318848
70437608357889
70437681760256
70437736301568
70438000533634
70438002688512
70438336331776
70438537461794
70438806356224
70439208484880
70439611154435
70439615332388
70439630143488
70440685142528
70441763078160
70441825747008
70442035446272
70442312269832
70446053597472
70446188199936
70446590464001
70447148302336
70454711681026
70455046176776
70460012232705
70471824572544
70471825489932
70472905524224
70476252577824
70480413853696
70491150753792
70506183166017
70506184245762
70506184314884
70506184704160
70506187325736
70506187457088
70506187654144
70506188406800
70506189424644
70506191798336
70506199945218
70506216719872
70506220880002
70506233528576
70506250240145
70506317361216
70506325868576
70506451575041
70506451583520
70506451828760
70506722623489
70507257004042
70507273650368
70508330620960
70508464930816
70509471473664
70510486487424
70510511783937
70510547304960
70510616526848
70510746603520
70514773149696
70515377045506
70516920550528
70523371914240
70523899875344
70525510483974
70527659016200
70540584820736
70540677087752
70545374707716
70566312673312
70574902673480
70574903136768
70574982299648
70583527145472
70592084574336
70609262641152
70643622085388
70643622120704
70643622158384
70643624185988
70643624444432
70643627393028
70643638865992
70643638888448
70643655655616
70643689234434
70643756384768
70643756564576
70643924074529
70644042039296
70644159513088
70644160004162
70644167344152
70644393836544
70644721025024
70644964262464
70645774303232
70645786345729
70645839822848
70647934877824
70647984750592
70648458248192
70650072924192
70652212020227
70652279144464
70654359505408
70656506986816
70660802220034
70660804053000
70660835508496
70660885840896
70670465695744
70677986017424
70678049062916
70678117097472
70683384086528
70712341708832
70712342642696
70712345756162
70713415311364
70714489114624
70781061059584
70782138974209
70783208521808
70789659361284
70815689211906
70918499992225
70918500385088
70918501050384
70918508417040
70918508513408
70918516973568
70918525158656
70918567105600
70918567108620
70918567364640
70918569279488
70918634341380
70918636306624
70918768430592
70918772621322
70919036875264
70919037386820
70919050493952
70919573774592
70919712145440
70920647493636
70920715108480
70920781955074
70920915943425
70922795024672
70922828521536
70927090024512
70927091499016
70927442247680
70928163667986
70931389088256
70935679861506
70935679877185
70935680155656
70936485167136
70936753737728
70953396617224
70987219599880
70987220780032
70987222097920
70987236294656
70991514439684
71012997660672
71056007102720
71058623430656
71060234469376
71090315462656
71124658421808
71193382363136
71193394675718
71193916866816
71227738165248
71262365810816
71468255806986
71468256034818
71468256350212
71468256923904
71468258033824
71468258459904
71468258967616
71468260001825
71468268396560
71468289376514
71468322949248
71468356534784
71468394742272
71468457133072
71468524373248
71468525291522
71468549406728
71468826370048
71468927942657
71469405306880
71469604274176
71470738849792
71470942257160
71471477031937
71472551034945
71472584331280
71472819240992
71473624531456
71476979982336
71477114180096
71477390999808
71477919483912
71485440262144
71485477650432
71485586669600
71485973069826
71486510473216
71502623934468
71502649098376
71506977620224
71513352962064
71536975282309
71537025613888
71537042915336
71537109536768
71543418781696
71554155169792
71605694761232
71605695029250
71605963194436
71606802055200
71607850631680
71618596438016
71640056659968
71674951107584
71743133720585
71743670845568
71777510228480
71880573321216
72018548555792
72020159111200
72026601684993
72052375552064
72155450589312
72567767531792
72567767695497
72567767696160
72567767959555
72567768498193
72567769538704
72567770578954
72567771703296
72567775827456
72567784213632
72567784276481
72567801380866
72567805182992
72567835083776
72567885922304
72567901683746
72567911612416
72567935205381
72568048451585
72568239292416
72568304435464
72568312733696
72568338448384
72568841176324
72569914925576
72569916231680
72569982156801
72572062437504
72572062597184
72573287137280
72576357433476
72576357533696
72577433210880
72578538406144
72580921032704
72584951500832
72584964096002
72585014411840
72587229003904
72602127188608
72603201175616
72606430527490
72636520464424
72636755347460
72638642782272
72653666911232
72670846652432
72705223688208
72705242038336
72705744308224
72723728433152
72778220838912
72842678906880
72842913842176
72843720261632
72846940323848
72894184980480
72911365603328
72980218511616
73117523316738
73117523902496
73117527474180
73118077157376
73151882993665
73187383574528
73254962201608
73667279142944
73667279192580
73667279356928
73667300032768
73667548020864
73671576127488
73804718018561
74491921170432
74766790697288
74766790737944
74766794887297
74766807630848
74766811660306
74766824252417
74766833680448
74766843641856
74766858846752
74766868283648
74766891499520
74766925177344
74766925565952
74766941683721
74767193342032
74767327887616
74767328086048
74767344337412
74767931541508
74768669868032
74768971726882
74769077633024
74770011918344
74771119211016
74771152769026
74772163657728
74775380693024
74775381674240
74775382982664
74775955243008
74783974754816
74784004177924
74785044316416
74788265787424
74794724753408
74801293049856
74801754406913
74802224169008
74805447491712
74835510179840
74835512263696
74835527008384
74836617494528
74844100116992
74904231763968
74904238032898
74905304433664
74906646085632
74938589384960
75041669906433
75041804910594
75041941225728
75050259054720
75058856984576
75076028335168
75179174658056
75316546520066
75316552925184
75316747862016
75317620768769
75333726380160
75359496175620
75387413463296
75591424477184
75866302317073
75866302906432
75866303496200
75866470090752
75883484286976
75969649967104
76143327739904
76965816074752
76966887686274
76968498315264
76970109436160
76974403878977
77103253159940
77240708628512
77515839242240
79164837200518
79164837210272
79164837224961
79164837267461
79164837348360
79164837478434
79164841988096
79164845883520
79164848736256
79164854043664
79164854501512
79164870868992
79164908503136
79164939960322
79164971418432
79164971459584
79165005103120
79165110092288
79165173792784
79165383114752
79165910978592
79165911334916
79166464590080
79166984880640
79166990974992
79167018508288
79168058949634
79169401126976
79173429264388
79173435535360
79173445222400
79174567985664
79176245706752
79182017073416
79182025457682
79182050624544
79182084505600
79182558150656
79199234686980
79199467470880
79216511549440
79233556676692
79233858670592
79235704162312
79302276677892
79302360170496
79302678806656
79302813057032
79336635892737
79372069388288
79439715139601
79439715239938
79439717212224
79439750234112
79439991947264
79512729551872
79594333929984
79714593538576
79714597209216
79714611888129
79715163441152
79718963478528
79748952915968
79783446773760
79852031967298
79990544662536
80264348830784
80285823664256
80298708570114
80333070663680
80547816669216
80814105690116
81363885621252
81363998867464
81364129030144
81364397330496
81368156471808
81398287304704
81432579932417
81922206220288
82464445825040
83562883842432
83562884498432
83562884792322
83562892099617
83567178686468
83597243514888
84799838486528
87960930230546
87960930746952
87960932450372
87960932911104
87960934678531
87960939660290
87960947359744
87960949096578
87960951194628
87960967979040
87961006276608
87961065488516
87961131548705
87961207048224
87961467097472
87961601507328
87962004034560
87962004095520
87962004512768
87962037518401
87963078819841
87963614609410
87965225193512
87965225222657
87965242621952
87965494673664
87967506898944
87969587268608
87969654407184
87978110134272
87978110354048
87978655350788
87982409252928
87986700046336
87995289963264
87995298353153
87995306745864
87995430469632
87995558396096
88029649965120
88029658161152
88029685350656
88029783918080
88030723442816
88038239633418
88098369323264
88098469842944
88099178676224
88106959896576
88235810227232
88235812360192
88235816780032
88235841748994
88236345016321
88244666630144
88304544382992
88373247090816
88510686038025
88510703861792
88510757339152
88510820778240
88510956572672
88649198731268
88804891295744
89060442112036
89060511064064
89062606112768
89069036044288
89077621719064
89094801637376
89336527716352
89614492631042
90160087973888
90160255468032
90160490348592
90161027252232
90196460699652
90228678197248
90434831386688
92358976766212
92359312343040
92359516749824
92361124478992
92371870023680
92393336995842
92427696340993
92513729773568
93458488362112
96757023250448
96757065187336
96759237837056
96762394050560
96765613179009
96774204293120
97857071743488
99093485518848
101155069771840
105553117318145
105553118396456
105553118888964
105553120477316
105553121771552
105553122566145
105553124917265
105553125736452
105553133649920
105553137272832
105553149857856
105553150353410
105553183375625
105553200153216
105553250549784
105553250750720
105553387061312
105553456136192
105553661592576
105553687740432
105553787363332
105554227757568
105554324357248
105555263750928
105555263762560
105555265454080
105557411397888
105558485504000
105561722982404
105563862089728
105570296137762
105570296205824
105587476070433
105587480200200
105587545214976
105593918455872
105596066201602
105604941086720
105621835744576
105621844135938
105621971025920
105622104211472
105622372747264
105639049428992
105690555221010
105690555746312
105690575142912
105690622394372
105691092353536
105707735228416
105827994173578
105827994697793
105828011343872
105828069672960
105829067915552
105830946963456
105845312454656
105905305681920
106102872100896
106102880469064
106103408951299
106103947921408
106105023823872
106137231819136
106249035186176
106377751036416
106652627894384
106652644680704
106654238539776
106656922861580
106661218877568
107219630686208
107752141766656
107752143716418
107752273742336
107752407961608
107754287006752
107757038469120
107777909850112
108027017429012
109951162908708
109951230410768
109951431213570
109952244916224
109955591963648
109968879517760
110088601763968
111050674683904
112184579325952
114349210345480
114349221871872
114349748256896
114350283096128
114353521033218
114368536674304
114383569043472
114417928765984
115448754470913
119022133710848
123145453305920
123146444210176
123149630849024
123153892254208
123353608224768
123695058158592
124244814073856
125344333955200
131941663768580
140737488365666
140737488369688
140737488423057
140737488426080
140737488502805
140737488521730
140737488527648
140737488553232
140737488627972
140737488754752
140737488756754
140737488881960
140737489191168
140737489412229
140737489422528
140737489436754
140737489469856
140737489928964
140737490452588
140737490471680
140737490575360
140737490731138
140737491108224
140737492550790
140737492554305
140737492812322
140737493409792
140737493606448
140737494664200
140737497006136
140737499890304
140737500980224
140737505141320
140737505183752
140737505263747
140737505412608
140737505656860
140737506181665
140737506836544
140737509867521
140737517715728
140737521914388
140737522041032
140737524006937
140737524073600
140737526128704
140737539747840
140737555464372
140737555530560
140737556513864
140737557573888
140737558086160
140737563861009
140737564966914
140737589100576
140737622618624
140737622708260
140737623106568
140737623888896
140737625456641
140737627293698
140737630965248
140737631518736
140737632010252
140737639351313
140737639612576
140737656135713
140737656668672
140737672937474
140737689682568
140737689686019
140737756793168
140737756795020
140737756824160
140737756926720
140737757856002
140737757941760
140737759416352
140737761640456
140737765181570
140737773588496
140737790411009
140737792705024
140737828126736
140737840678144
140737866366976
140737893113872
140738025234446
140738025492624
140738025586696
140738027061250
140738027331776
140738030501892
140738033746240
140738044493824
140738059313408
140738062976512
140738069282816
140738096791553
140738159444548
140738302062592
140738360918016
140738562301960
140738562392100
140738562637904
140738564261952
140738566324296
140738570486817
140738578912256
140738629207554
140738629732480
140738662801408
140738696585280
140738699476992
140738700513408
140738738388992
140738864089092
140739098968329
140739099132032
140739100018704
140739132522530
140739182854148
140739367469568
140739635847840
140739635852290
140739635857456
140739636510722
140739637018648
140739639574528
140739640133632
140739641083136
140739645280288
140739652616710
140739654713424
140739661004936
140739669410820
140739669950496
140739702964481
140739709370368
140739904341000
140739971391492
140740172910592
140740174807298
140740206266432
140740714299396
140740843831552
140741783322778
140741783358465
140741783625856
140741784392192
140741785452816
140741791989764
140741804425220
140741817991176
140741835751456
140741854633986
140741917671504
140741918130304
140742051766312
140742119915648
140742320193828
140742324406272
140742858637313
140742865459200
140742873841922
140742890635392
140743931133984
140743932907648
140744752889856
140745071656968
140746078306374
140746078453772
140746078855169
140746078883844
140746079342849
140746080389256
140746080424000
140746082680833
140746082762768
140746086705152
140746091921472
140746096115722
140746111846403
140746153792000
140746166372352
140746222993410
140746346725897
140746347773972
140746363568256
140746481467648
140746715824136
140746749399040
140747152033152
140747424669696
140748225773896
140748227870725
140748360255488
140750373259780
140750381711376
140750406820864
140750440497408
140754668487180
140754668814850
140754669274115
140754669283840
140754669551648
140754670324768
140754672452352
140754674516034
140754676617600
140754676711488
140754677137417
140754678718468
140754685068292
140754693654528
140754701780048
140754705975424
140754735857760
140754739548160
140754768887813
140754819219776
140754987122688
140755205111940
140755226066976
140755272269840
140755473530952
140755741970472
140755775783168
140756815740938
140756900642816
140757889450176
140758963453969
140763258292240
140763526598658
140764332982272
140767687344136
140771848096778
140771848126785
140771848359945
140771851247618
140771856499208
140771864875648
140771865034768
140771869066304
140771881911328
140771883221120
140771883880448
140771917333504
140771948757250
140771982377000
140771982573840
140771987554305
140772116791302
140772122822656
140772385013792
140772385032448
140772387586056
140772389289986
140772453126144
140772535967744
140773995643012
140774003968001
140774033326088
140775069320208
140776143194240
140776144109664
140776147812352
140776352776192
140777218900480
140781511917568
140785270128640
140789028505600
140789036351522
140789095334016
140789430616576
140790101770241
140797622091780
140806207897622
140806207914248
140806207980672
140806208749600
140806209929738
140806216221189
140806227231744
140806233194496
140806241419904
140806244534272
140806250037312
140806274945216
140806276252160
140806342099008
140806476267555
140806744727553
140806745751592
140806878987264
140807013664768
140807281574980
140807281576480
140807281836161
140807290494976
140807319388160
140808365834240
140808758099968
140809429078016
140810502875136
140810503323968
140810511188994
140810520625168
140810670571524
140810771501056
140811108876288
140812654477824
140814799355904
140823392158720
140823454844928
140823521919120
140823656145152
140823924703744
140831979798528
140840567701764
140840571764896
140849157517312
140874927309616
140874927376396
140874927652865
140874927866376
140874929411073
140874930585632
140874936091136
140874939957376
140874945167616
140874961387586
140875011457032
140875061543968
140875061723138
140875128637696
140875216715778
140875363520512
140875472603136
140876001067268
140876005377024
140876672663552
140877074923588
140877612712448
140878416969760
140879222308870
140879230664776
140879260286976
140879289384993
140881370285056
140883526156320
140883651494016
140884070892544
140884624539664
140892107194944
140892376399872
140893180928002
140894296604672
140909320602113
140909423362052
140910092353552
140920024465410
140943646949377
140943649145088
140943650979864
140945811048448
140952505155648
140960827707392
140982301507584
141012366284801
141012366332034
141012368491524
141012368629768
141012369408320
141012374651472
141012374914176
141012375308288
141012376813600
141012378849288
141012383596672
141012399890436
141012433403913
141012433439744
141012441760004
141012467057152
141012500480290
141012500545601
141012634722432
141012651737152
141012903150082
141012903167040
141012903657520
141013445246978
141013490335745
141014513747457
141014514008084
141014547300736
141016661241920
141016929861632
141018942947328
141020972974848
141021023567874
141021094609920
141021233053696
141021493207040
141029546299392
141030754091012
141033841101056
141046726524931
141046743828480
141047799750688
141051020967948
141055318032400
141081169641472
141081354175504
141090749415432
141132625346624
141149805346960
141149806273536
141149964599296
141150073651205
141167054290944
141184169148672
141218525282304
141287244170776
141287244241408
141287244316768
141287244431619
141287246299649
141287248371976
141287248888864
141287254786056
141287277731984
141287277776896
141287311311232
141287311867905
141287378468868
141287512769536
141287513129152
141287529383937
141287848149058
141288084078592
141288317923329
141288319026176
141288320008324
141288334688304
141288787673088
141289442050048
141289928524928
141291548606464
141291572691458
141291679645696
141295834121217
141295869755648
141295969501184
141296916496384
141300145848384
141304424040454
141304558288928
141308719010816
141313013973632
141321604440068
141321608106000
141321671016992
141321771681792
141340931391488
141355963646033
141355972034848
141356098125832
141356234194944
141366768173056
141424683417664
141424685285392
141424691512324
141426830622728
141428978229248
141562122119168
141564277948418
141566417043616
141579318722568
141631378423812
141836999984450
141836999991811
141837000003744
141837000770176
141837001164801
141837016760389
141837016834080
141837017026816
141837033947136
141837050317312
141837134211200
141837134217240
141837134729280
141837138558976
141837268682760
141837272613248
141837536861184
141837545242644
141837805322241
141838073750528
141838074773640
141838100987904
141839147549184
141839424290880
141841294987272
141841430216960
141841563910148
141841831886850
141843475988481
141845590049344
141845657026689
141854180049024
141854182998032
141854884495360
141856327335972
141862778176512
141871359723012
141871359754370
141871360311312
141872970334272
141873507475456
141905725751297
141906793234448
141974439199760
141974441560064
141974444195840
141974472589312
141983028879368
142025995321344
142112014205440
142117246861312
142120468938752
142180630925312
142249316843616
142386764726272
142386789351436
142387833733632
142455476330496
142524731621632
142936511613972
142936512069636
142936512700424
142936513847808
142936515805221
142936516067648
142936516919808
142936517935232
142936520003650
142936528396545
142936536793120
142936545460225
142936578753028
142936580818945
142936645898496
142936713069568
142936780570641
142936789484544
142936914266144
142937048746496
142937050583044
142937098813456
142937652740096
142937855885314
142938810613760
142939208548352
142940806709257
142941477699584
142941884514320
142942954063874
142945102069890
142945168662560
142945638481984
142947249062912
142953959964672
142954228360192
142954781999616
142955838967824
142970880524288
142970955300864
142971173339200
142971946139652
142973020946432
143005247868936
143005298196752
143007379619841
143013955240448
143026705924128
143073950564618
143074051227776
143074085830672
143074219073536
143086837563392
143108310339584
143211389522464
143211390058500
143211926388872
143213604110400
143215701263360
143237192876032
143280113319936
143349902215168
143486267441170
143486401642625
143487341691136
143555020456960
143761146642432
144036023305217
144037097111584
144040318222400
144053203369986
144104751104128
144310901178624
145135534882889
145135535063584
145135535390994
145135535392320
145135535919110
145135536996386
145135539077408
145135541157908
145135543406592
145135551654912
145135568427264
145135568552962
145135602761732
145135610365984
145135670167552
145135677473025
145135771844608
145135803367492
145135823224832
145135870410762
145136096903170
145136105291905
145136478584832
145136608870928
145136612804609
145136625467392
145136676896768
145137682352648
145137699160065
145139829851152
145139832463360
145139964313602
145144124875008
145144125194368
145146574274560
145152714866952
145152715067392
145154866421760
145157076812288
145161842065408
145169903001664
145169928192004
145170028823680
145174458007808
145204254377216
145206402351232
145212861054980
145273040928848
145273510694920
145277285564544
145307333822464
145341693304864
145410447376416
145410484076672
145411488616448
145447456866304
145556441677824
145685357813760
145685827684352
145687440523264
145689585647621
145693880647696
145788369960960
145822731206656
145960437023232
146235046633476
146235047804992
146235054948360
146236154314752
146277996167200
146303765987330
146374767149056
146509924403216
147334558285888
147334558385160
147334558713856
147334600065536
147335096041728
147343152254976
147489176944641
147609436037122
148983842340864
149533581394576
149533581475888
149533583474977
149533585571851
149533589774594
149533615261696
149533623320612
149533648504834
149533667360896
149533687283712
149533717693504
149533736567296
149533782999040
149533850354688
149533851131904
149533883367442
149534135091201
149534386684064
149534655775232
149534656172096
149534688674824
149535863083016
149537339736064
149537943453764
149538155266048
149540023836688
149542238422032
149542305538052
149544327315456
149550761386048
149550763348480
149550765965328
149550895480833
149551910486016
149567949509632
149568008355848
149570088632832
149576531574848
149589449506816
149602334932993
149602586099712
149603508813826
149604448338016
149610894983424
149671020331201
149671020359680
149671024527392
149671054016768
149673234989056
149688200233984
149808459677697
149808463527936
149808476065796
149810608867328
149813292171264
149877178769920
150083339812866
150083609821188
150083882451456
150100518109440
150117713969152
150152056670336
150358349316112
150633093040132
150633105850368
150633495724032
150635241537538
150667452760320
150718992351240
150774826926592
151182848954368
151732604634146
151732605812864
151732606992400
151732940181504
151742268309505
151766968573952
151939299934208
152286655479808
153931632149504
153933775372548
153936996630528
153940218872320
153948807757954
153965987627025
154206506319880
154481417257024
155031678484480
158329674401036
158329674420544
158329674449922
158329674534922
158329674696720
158329674956868
158329683976192
158329691767040
158329697472512
158329708087328
158329709003024
158329741737984
158329817006272
158329879920644
158329942836864
158329942919168
158330010206240
158330211270675
158330220184576
158330347585568
158330750369793
158330766229504
158331821957184
158331822669832
158332090322945
158332929180160
158333969367425
158333969761280
158333981949984
158334037016576
158336117899268
158338264596545
158338802253952
158346858528776
158346871070720
158346890444800
158349135971328
158352491413504
158364034146832
158364050915364
158364101249088
158364169011200
158365116301312
158398469373960
158398934941760
158433023098880
158467113353384
158467717341184
158471408324624
158604553355784
158604720340992
158605357613312
158605626114064
158621732175905
158673271785474
158744138776576
158879430279202
158879430479876
158879434424448
158879472156673
158879500468224
158879983894528
159025459103744
159188667859968
159429187077152
159429194418432
159429223776258
159430326882304
159437926957056
159497905831936
159566893547520
159704063934596
159981089325072
160528697661568
160528697672193
160571647328512
160597417140228
160666141327360
161095633338432
161628211380232
162727771242504
162727997734928
162728258060288
162728794660992
162736312943616
162796574609408
162865159864834
163844412440576
164928891650080
167125767684864
167125768996864
167125769584644
167125784199234
167134357372936
167194487029776
169599676973056
175921860461092
175921860481029
175921860708385
175921861493904
175921864900744
175921865822208
175921869357062
175921879320580
175921894719488
175921898193156
175921902389256
175921935958080
175922012553216
175922130977032
175922263097410
175922414096448
175922934194944
175923203014656
175924008069120
175924008191040
175924009025536
175924075036802
175924545323009
175926157639682
175926180577281
175927229218820
175930450387024
175930450445314
175930485243904
175930989347328
175935013797888
175939042410625
175939174537216
175939308814368
175956220268544
175956220708096
175957310701576
175964818505856
175973400092672
175990579926528
175990596706306
175990613491728
175990860939264
175991116792192
176025006768129
176059299930240
176059316322304
176059370701312
176059567836160
176061446885632
176076479266836
176196738646528
176196742545425
176196939685888
176198357352448
176213919793152
176471617306633
176471620454464
176471624720384
176471633560064
176471683497988
176472690032642
176489333260288
176609088765984
176746494181632
177021372076050
177021407723584
177021514678304
177021641556480
177021913145344
177159884767233
177298397462536
177609782591488
178120884224072
178121022128128
178125212225536
178138072088576
178155243438128
178189603274752
178673055432704
179228985262084
180320175947776
180320510936064
180320980697184
180322054504464
180392921399304
180457356394496
180869662773376
184717953475585
184717953532424
184718624686080
184719033499648
184722248957984
184743740047360
184786673991684
184855392681986
185027459547136
186916976724224
193514046500896
193514130374672
193518475674112
193524788101120
193531226358018
193548408586240
195714143486976
198186971037696
202310139543680
211106232582273
211106234636290
211106236792912
211106237777928
211106240954632
211106243543104
211106245132290
211106249834530
211106251472904
211106267299840
211106274545664
211106299715712
211106300706820
211106366751250
211106400306432
211106501099568
211106501501440
211106568077377
211106774122624
211106912272384
211107323185152
211107375480864
211107574726664
211108455515136
211108648714496
211110527501856
211110527525120
211110530908160
211114822795776
211116971008000
211123445964808
211123949275137
211127724179456
211140592275524
211140592411648
211149198983169
211174952010761
211174952140866
211174960400400
211175090429952
211187836911744
211192132403204
211209882173440
211243671489152
211243680923649
211243688271876
211243942051840
211244208422944
211244745494528
211278098857984
211381110442020
211381111492624
211381150285824
211381244788744
211382184707072
211415470456832
211655988347156
211655989395586
211656022687744
211656139345920
211658135831104
211661893926912
211690624909312
211810611363840
212205744201792
212205760938128
212206817902598
212207895842816
212210047647744
212274463638272
212498070372352
212755502072832
213305255788768
213305289361408
213308477079552
213313845723160
213322437755136
214439261372416
215504279109635
215504283533312
215504287432836
215504547484672
215504815923216
215508574013504
215514076938240
215555819700224
216054034858024
219902325817416
219902460821536
219902862427140
219904489832448
219906620526593
219911183927296
219937759035520
220177203527936
222101349367808
224369158651904
228698420690960
228698443743744
228699496513792
228700566192256
228707042066436
228737073348608
228767138086944
228835857531968
229797930729473
230897508941826
238044267421696
246290604753409
246290906611840
246292888420352
246299261698048
246307784508416
246707216449536
247390116317184
248489628147712
250688667910400
263883327537160
281474976731332
281474976739376
281474976846114
281474976852160
281474976907781
281474977005610
281474977043460
281474977055296
281474977106464
281474977255944
281474977509504
281474977513508
281474977763339
281474977763920
281474978382336
281474978824458
281474978845056
281474978873508
281474978939712
281474979857928
281474980905176
281474980943360
281474981150720
281474981462276
281474982216448
281474985101580
281474985108610
281474985123849
281474985624644
281474986819584
281474987212896
281474989328400
281474993750337
281474994012272
281474997690401
281474999780608
281475001960448
281475010282640
281475010367504
281475010397217
281475010527494
281475010825216
281475011313720
281475012363330
281475013673088
281475019735042
281475020751105
281475027107849
281475035431456
281475043828776
281475044082064
281475045916809
281475048013874
281475048147200
281475052257408
281475052470305
281475079495680
281475110928744
281475111061120
281475113027728
281475115147776
281475115778049
281475116172320
281475127722018
281475129933828
281475144761345
281475178201152
281475245237248
281475245416520
281475245441537
281475246213136
281475247777792
281475249405969
281475250913282
281475254587396
281475261930496
281475263037472
281475264020504
281475278702626
281475279225152
281475312271426
281475313337344
281475345874948
281475379365136
281475379372038
281475380412481
281475513583689
281475513586336
281475513590040
281475513648320
281475513853440
281475515712004
281475515883520
281475518832704
281475523280912
281475530363140
281475547176992
281475580822018
281475585410048
281475647804417
281475656253472
281475681356288
281475732733952
281475786227744
281476050468892
281476050976961
281476050985248
281476051173392
281476052584449
281476054122500
281476054663552
281476061003784
281476067492480
281476088987648
281476118626816
281476125953024
281476138565632
281476193583106
281476318888197
281476318889096
281476604125184
281476721836032
281477124603920
281477124784200
281477125275808
281477128523904
281477132648592
281477140973634
281477143069185
281477157824512
281477258415108
281477259464960
281477325602816
281477392630787
281477393170560
281477398953984
281477401026816
281477476777984
281477695668225
281477728178184
281478197936658
281478198264064
281478200037408
281478265045060
281478365708296
281478734939136
281479271695680
281479271704580
281479271714912
281479273021444
281479274037296
281479279149056
281479280267264
281479282166272
281479290560576
281479305233420
281479309426848
281479322009872
281479338821640
281479339319297
281479339900992
281479405928962
281479418740736
281479548502145
281479808682000
281479942782984
281480345485345
281480345821184
281480349614596
281480412532864
281481428598792
281481687663104
281483566645383
281483566645556
281483566716930
281483567251712
281483568784384
281483570905632
281483583979528
281483608850440
281483635982352
281483671502912
281483709267972
281483835343008
281483836260608
281483868639233
281484103532624
281484239831296
281484640387656
281484641436673
281484648812544
281485717274626
281485730918400
281485747683844
281485781270784
281487862267968
281487865815296
281489505779712
281490143313936
281492156586113
281492156612748
281492156679169
281492156907544
281492157710338
281492157767688
281492158685698
281492160778512
281492160848000
281492165361666
281492165525536
281492170211329
281492173410304
281492183842944
281492192231444
281492223692806
281492307584000
281492332744704
281492445986820
281492693451794
281492695547944
281492727136512
281492962935296
281493247098883
281493431648272
281493498798080
281494304066304
281494849339392
281496451547792
281496455741450
281496720510976
281500746519560
281500763422752
281500813641728
281500880994816
281509336974360
281509337629700
281509337761793
281509338548230
281509338567680
281509339103296
281509340649536
281509344904704
281509349032068
281509353235200
281509353422976
281509354274834
281509357436936
281509370136584
281509387309056
281509403560096
281509411950848
281509479096320
281509537775626
281509638439552
281509974245376
281510410223880
281510452133952
281510544539680
281510947061904
281511483940944
281511551566336
281513631481876
281513801285632
281515778900352
281517926907938
281517930610689
281526516584480
281526650536128
281527053197316
281528665964544
281535374688272
281543696193556
281543696253570
281543696719890
281543702495236
281543712998416
281543729751296
281543730069536
281543738132608
281543763822656
281543766442240
281543767760896
281543830437921
281543834667008
281543897514500
281543964754000
281543965147680
281543975108610
281544233320451
281544233582604
281544245645312
281544770027584
281544770064896
281544775172112
281544778579972
281544906252288
281545071935488
281545843679237
281547991286024
281548007936002
281548066652176
281550138640416
281552286388480
281552288219328
281552295624704
281552705552384
281554437800960
281560943296513
281563023835136
281570540257280
281578057011200
281578072703044
281578190668032
281578861233152
281580203540482
281595244183560
281612415680785
281612415795244
281612415803395
281612415828496
281612415961344
281612416225281
281612417499200
281612419859476
281612432442378
281612454463488
281612466388992
281612482839808
281612489068544
281612500074624
281612549890432
281612552504320
281612684198016
281612952535110
281613489455106
281613491503184
281613757974528
281614027329536
281614563149960
281614563152960
281614563672322
281614580989952
281614638776320
281616731668480
281617516199936
281618858156032
281621005750272
281621006647936
281621022377988
281621041250336
281621341143048
281621543002112
281622217752576
281625308955648
281629598711808
281646784317440
281646842511365
281646909689856
281647043838240
281647312290304
281647849407488
281663959597056
281681135403528
281681143529792
281698315034624
281749854619232
281749854621733
281749854752792
281749855142153
281749855305730
281749855732752
281749858822146
281749861171264
281749872182272
281749879914752
281749888180289
281749890335232
281749922775172
281750022914064
281750123087936
281750123446276
281750257275392
281750408298497
281750433431556
281750727041024
281750945206272
281752002134536
281752010754048
281753345327104
281754149847176
281755225424896
281756833939520
281758444617740
281758461329552
281758520573952
281758578769986
281762740570112
281767052312640
281767302988032
281768141785088
281769249079328
281784214389888
281784752799744
281786361856004
281788593209344
281801394225665
281818576191505
281818641204226
281818846724104
281820184707104
281840048930820
281887293898754
281887298290176
281887301959728
281889575272449
281891622096896
281905010311296
281921655414784
281964603015168
282024732535297
282024732569602
282024732664068
282024736983048
282024737259536
282024738816640
282024749302944
282024749828352
282024750616576
282024753627200
282024757698576
282024767193344
282024770273285
282024799666193
282024799780872
282024866807826
282024866879488
282024883520008
282024934114304
282025000960580
282025001091202
282025269444864
282025303474304
282025806300164
282025806334080
282025807315040
282025814786049
282026880270465
282026890493956
282026980671490
282029027494914
282029028016168
282029028556801
282029094601472
282033322483840
282033859723264
282037885894656
282041945949696
282042047135748
282042189219840
282042466107392
282042986414080
282059092598784
282061508182024
282067682202112
282093453049862
282093487656960
282095599501376
282102041935896
282110636064800
282162339282944
282162442010625
282162708351008
282181498830864
282265250693248
282299610693920
282299612547072
282299929198592
282300147302410
282334108581888
282368338297344
282437050564608
282574488341552
282574488346769
282574488482816
282574488633536
282574488863238
282574492549185
282574492599298
282574496743952
282574497777728
282574509572112
282574555463968
282574555553792
282574622622464
282574623735810
282574647721985
282574756937736
282575025539072
282575025733665
282575026258304
282575058767874
282575696298116
282576168157184
282576635846658
282576638052352
282576640016648
282576669376608
282577575346176
282578785406977
282578884100096
282579857049856
282583097212928
282583145382916
282583359291392
282591668242434
282591739511296
282591939002368
282593832992768
282600291696768
282608848080908
282609116577856
282617438021632
282626027947264
282643208880136
282643216212000
282643342033984
282643543363584
282681862782976
282711927292066
282711928406017
282711944069696
282712196251664
282712468389888
282733536346112
282849366835328
282849370570784
282849383024648
282853661245456
282857956458496
283124244238336
283128555896836
283132834087232
283158637445136
283262756847624
283673999967313
283673999968900
283673999983622
283674000007488
283674001540352
283674002329602
283674003120129
283674004161033
283674033520778
283674033668160
283674034053632
283674067894272
283674100634624
283674268422400
283674268434480
283674277117952
283674537365520
283674545226496
283674603962369
283675073722368
283675090485288
283675610644482
283676147501056
283676149547280
283676201975808
283678295098368
283678848581760
283682589903105
283682589974544
283682860433920
283683127820296
283683663773700
283686951976962
283691180098688
283691314053378
283697622286337
283708360098048
283708365996064
283709768990720
283712654671944
283725556353024
283742719446024
283742719508740
283742720622624
283745940668544
283747014950912
283811451502594
283812546215937
283813586468896
283948878399520
283948883120128
283948888391680
283948945178624
283966057758736
284051990642688
284224028410880
284234493722624
284240937877504
284292492034049
284361261850624
284498633687232
284773529452544
284773578702872
284775667467264
284807871332355
284910952660992
285049463243264
285873023227944
285873023385857
285873024139272
285873025400848
285873027695616
285873031610442
285873032135296
285873033839616
285873035870464
285873040007300
285873056793090
285873073586240
285873090331201
285873090920450
285873157506056
285873161637890
285873291796992
285873426139136
285873561141282
285873578969088
285873828532288
285874097492992
285874101166088
285874197626912
285875305480192
285875711770628
285877318189081
285877621227520
285878417096704
285881613418514
285881629949953
285882955399168
285883769028640
285885908127748
285890204139780
285890237169665
285891276963968
285894498125824
285907919929344
285908456720384
285909563999232
285911677935648
285941761048576
285941910601728
285942346678400
285943892279304
285946041892864
286010495737872
286010596393504
286014759239682
286027910480896
286053411848256
286147901129236
286147901131777
286148102455552
286148171661344
286148438147072
286173675126784
286216620679168
286422779044928
286422780117000
286423852777744
286427208220800
286431402526720
286474385752064
286560226639872
286699804430336
286972534882340
286972803285250
286974683382272
287042328068097
287110040913920
287522293284864
288072046610434
288072054870017
288072181760000
288074194223168
288080636444800
288106406739972
288209502208256
288621802357248
290271069733761
290271069765778
290271070127168
290271070273539
290271070781988
290271070784640
290271071838220
290271073992772
290271078154816
290271082315816
290271086813184
290271103309824
290271136854528
290271137105924
290271204024321
290271205523464
290271220731968
290271340335104
290271354946050
290271543689216
290271606734984
290271646449664
290271740821524
290272193806340
290272210583810
290272957169664
290273217741856
290273225609218
290273250934784
290273353793536
290275364705296
290275398320130
290279659702304
290279664926720
290279928627204
290283954896897
290288249750016
290288250388736
290293148549120
290305429471329
290305429733904
290305430134784
290309732843520
290314153624576
290323684130816
290339797599233
290339806003328
290339856384008
290340057647360
290348916015616
290408508754432
290412804702464
290425722109960
290546081857696
290547021389840
290554571129088
290614667644928
290683386609728
290820894752832
290820968153344
290822977232896
290894913732608
291112883355648
291370715627520
291371655368704
291374881046528
291379171295242
291387761295392
291576739921920
291645462413312
291920874046464
292470093266952
292470095609984
292470109896720
292472308629504
292555992334400
292607531974660
292749534298112
293019848806432
294669116571776
294669116770320
294669117427712
294669200131072
294670192083456
294686304509952
294807092068353
294978353889282
295218872074244
297967684681728
299067162789152
299067162951776
299067163017229
299067164917763
299067166949954
299067171143702
299067179549188
299067180711937
299067196310033
299067230523392
299067246641224
299067297009668
299067334721792
299067374567424
299067435387008
299067473134592
299067565998080
299067700709376
299067702263808
299067766734884
299068236517377
299068270182402
299068773368128
299069310271553
299069311550464
299069312344192
299069377349648
299071726166032
299074679472128
299075886907528
299076310532096
299080047673376
299084342632705
299084476844064
299084611076104
299088654630912
299101522772096
299101526696960
299101531930656
299101790961666
299103820972032
299106354331649
299135899019264
299136016711696
299140177265664
299153063149696
299178899013632
299204669865986
299205172199424
299207017627652
299208896676032
299221789966848
299273325379585
299342040662402
299342040719360
299342049054784
299342108033536
299346469978112
299376400467968
299616919355394
299616927055872
299616952131592
299621217734656
299626584342528
299754357539840
300166679625732
300167219642376
300167764902912
300201036218880
300235427938304
300304113340672
300716698632224
301266186010785
301266186080264
301266211700736
301266991448064
301270483075076
301334905520640
301437984702480
301549653853184
302365697908736
303465209268292
303465211625728
303465213984800
303465880363008
303484536619010
303533937147904
303878599868416
304573310959616
307863264299008
307867550745096
307873993261056
307880437744640
307897615515908
307931975254050
308413012639760
308962834514048
310063356968960
316659348802072
316659348841088
316659348899844
316659349069844
316659349393440
316659349848353
316659349913736
316659367952384
316659383534080
316659394945024
316659416174656
316659418006048
316659483019267
316659483475968
316659634012544
316659759841288
316659885673728
316659885838336
316659889864833
316660020412480
316660422541350
316660440369152
316660695171136
316661496287249
316661500739586
316661532459008
316663643914368
316663645339664
316664180645890
316665858360320
316667938734850
316667939522560
316667963899968
316668005908481
316668074033152
316672235798536
316676528685061
316676529193090
316677604507904
316693717057552
316693742141440
316693780889600
316694782287873
316698271942656
316704982827008
316728068293664
316728101830728
316728202498176
316728338022400
316730232602624
316796938747920
316797869883520
316801082720769
316866046197760
316934226706768
316935434682368
316942816649248
317209106711568
317209440681984
317210715226624
317211252228128
317243464351810
317346543570948
317488277553152
317758860558404
317758860690433
317758860959752
317758868848896
317758944313346
317759000936448
317759967789056
318050918207488
318377335719936
318858374154304
318858388836864
318858447552516
318860653764608
318875853914112
318995811663872
319133787095040
319408127869192
319962178650144
321057395323136
321057395344386
321143294657024
321194834280456
321332282654720
322191266676864
323256422760464
325455444049921
325455542485008
325455995469856
325456516120576
325457589321984
325472625887232
325593149218816
325730319729668
327688824881152
329857783300160
334251535369728
334251537993728
334251539169288
334251568398468
334268714745872
334388974059552
334526681186305
339199353946112
351843720922184
351843720962058
351843721416770
351843722987808
351843729342529
351843729801488
351843731644416
351843738714124
351843758641160
351843789438976
351843796386312
351843804778512
351843821553665
351843871916160
351844025106432
351844261954064
351844526194820
351844828192896
351845868389888
351846406029312
351848016138240
351848016382080
351848018051072
351848032633857
351848150073604
351849090646018
351852311347713
351852315279364
351852361154562
351854458437640
351860900774048
351860900890628
351860970487808
351861978694656
351870027595776
351878084821250
351878214844433
351878349074432
351878617628736
351912440537088
351912441416192
351914621403152
351929637011712
351946800185344
351981159853056
351981193412612
351981226983456
351981721878528
351982233584384
351998339973121
352050013536258
352118598926465
352118599860480
352118632644608
352118741402624
352119135672320
352122893771264
352152958533672
352393476706561
352393477293056
352393485090850
352393879371776
352396714704896
352427839586304
352943234613266
352943240908928
352943249440768
352943267120128
352943366995976
352945380065284
352978666520576
353218177531968
353492988363264
354042744152100
354042815447168
354043029356608
354043283112960
354043826290688
354319769534466
354596794925072
355219565182976
356241768448144
356241769496581
356242044256256
356250424451072
356276144177152
356310486876256
356379206549504
357346110865408
358457970524168
360640082345993
360640351895552
360641021872128
360641961394368
360644109008928
360785842798608
360914712788992
361739325546752
369435906951170
369435907064848
369437249372160
369438066999296
369444497915968
369487480094720
369573347983368
369710785363972
370054919094272
373833953448448
387028093001792
387028260749344
387036951348224
387049576202240
387062452716036
387096817172480
389227116265473
391428286973952
396373942075392
404620279087360
422212465164546
422212465592325
422212469272580
422212473585824
422212475555856
422212481909264
422212487086208
422212490264580
422212499669060
422212502945808
422212534599680
422212549091328
422212599431424
422212601413640
422212733502500
422212800612864
422213002199136
422213003002880
422213136154754
422213548245248
422213673026049
422213824544768
422214646370304
422214750961728
422215149453328
422216760033347
422216911030272
422217297428992
422221055003712
422221055050240
422221061816320
422221600260097
422229645591552
422233942016000
422246891929616
422247093370881
422247898550274
422255448358912
422281184551048
422281184612353
422281184823296
422298397966338
422349904021522
422349904281732
422349920800800
422350180859904
422375673823488
422384264806408
422419764346880
422487342978304
422487361847298
422487376543752
422487884103680
422488416845888
422489490989056
422556197715968
422762220884040
422762222985248
422762300571648
422762489577488
422764369414144
422830940913664
423311976694312
423311978791172
423312045375488
423312278691840
423316271662208
423323787853824
423381249818624
423621222727680
423878912376833
424411488403584
424411521876256
424413635805196
424415791685632
424420095295488
424548927276544
424996140744704
425511004145664
426610511577536
426610511847425
426610578722816
426616954159104
426627691446320
426644875510272
428878522744832
431008558219270
431008559169537
431008567066624
431008574865672
431009094969344
431009631846432
431017148027008
431028153876480
431111639400448
432108069716048
439804651634832
439804718220289
439804921643072
439805724854280
439808979664896
439813241053186
439822367854592
439875518071040
440354407055872
444202698735616
448738317303808
457396841381920
457396887487488
457398993027584
457401132384512
457414084132872
457474146697216
457534276173888
457671715063936
459595861458946
461795017883652
476088534843392
492581209506818
492581813223680
492583356727329
492585776840704
492598523396096
492615569016832
493414432899072
494780232634368
496979256295424
501377335820800
527766655074320
