5509
11018
16477
22036
32954
44072
65908
67209
88144
131816
134418
137731
141381
176288
263632
268836
275462
282762
352576
401667
527264
537672
550924
565524
574481
659469
705152
803334
1054528
1057541
1075344
1101848
1131048
1148962
1197569
1318938
1410304
1606668
1837569
2109056
2115082
2150688
2203696
2262096
2297924
2395138
2637876
2654977
2820608
2883595
3146773
3213336
3311617
3675138
4218112
4230164
4235553
4260035
4301376
4407392
4490753
4524192
4595848
4720913
4790276
5275752
5309954
5641216
5767190
6293546
6316035
6426672
6623234
7350276
8436224
8460328
8471106
8520070
8538145
8602752
8655009
8708097
8814784
8913001
8981506
9048384
9191696
9441826
9469971
9580552
10551504
10619908
10813445
11282432
11534380
12587092
12632070
12648993
12853344
13246468
14700552
16826405
16847617
16872448
16917001
16920656
16942212
17040140
17076290
17205504
17310018
17416194
17449217
17629568
17826002
17907729
17963012
18096768
18383392
18883652
18939942
19161104
20990017
21103008
21239816
21626890
22564864
23068760
25169931
25174184
25264140
25297986
25706688
26214977
26492936
29401104
33554575
33652810
33695234
33744896
33834002
33841312
33884424
34079169
34080280
34152580
34276353
34411008
34612233
34620036
34832388
34869505
34898434
35259136
35652004
35815458
35926024
36193536
36766784
37750019
37767304
37879884
38322208
41980034
42206016
42479632
43253780
44044801
45129728
46137520
50339862
50348368
50528280
50595972
51413376
52429954
52985872
58802208
67109150
67305620
67390468
67489792
67668004
67682624
67768848
68158338
68160560
68305160
68552706
68698241
68822016
69216289
69224466
69240072
69664776
69739010
69796868
70518272
71304008
71630916
71852048
72387072
73533568
75500038
75534608
75759768
76644416
83960068
84017187
84412032
84959264
86507560
88089602
90259456
92275040
100679724
100680195
100696736
101056560
101191944
102826752
104859908
105971744
109060101
117604416
120586241
134217843
134218300
134252677
134611240
134780936
134979584
135336008
135365248
135537696
135794705
136316676
136321120
136610320
137105412
137396482
137644032
138432578
138448932
138480144
138969091
139329552
139478020
139593736
141036544
142608016
143261832
143704096
144774144
147067136
150997257
151000076
151069216
151519536
153288832
167920136
168034374
168824064
169918528
172236801
173015120
176179204
180518912
184550080
201359448
201360390
201393472
201408545
202113120
202383888
205653504
209719816
211943488
218120202
235014145
235208832
241172482
268435686
268436600
268439889
268505354
268537861
268697645
269222480
269561872
269959168
270533193
270672016
270730496
271075392
271589410
272633352
272637973
272642240
273220640
274210824
274792964
275288064
276865156
276897864
276960288
277938182
278659104
278956040
279187472
281018753
282073088
285216032
286523664
287408192
287572993
289548288
294134272
301994514
302000152
302138432
303039072
306577664
335675585
335840272
336068748
337648128
339837056
344473602
346030240
352358408
361037824
369100160
402718896
402720780
402786944
402817090
403194369
404226240
404767776
411307008
419439632
423886976
436207905
436240404
470028290
470417664
482344964
536871372
536873200
536877193
536879778
537010708
537075722
537395290
538058881
538444960
538972419
539033761
539123744
539918336
541066386
541131781
541344032
541460992
542150784
542375953
543178820
545259825
545266704
545275946
545284480
546441280
546832389
548421648
549585928
550576128
553681027
553730312
553795728
553920576
555876364
557318208
557912080
558374944
562037506
564146176
570432064
573047328
574816384
575145986
579096576
588268544
599785473
603989028
604000304
604246021
604276864
606078144
613155328
621281297
637568001
671256577
671351170
671680544
672137496
675296256
679494657
679674112
688947204
692060480
704716816
722075648
738200320
805437792
805441560
805573888
805634180
805830691
806388738
808452480
809535552
822614016
838879264
847773952
872415810
872480808
940056580
940835328
964689928
1073742744
1073746400
1073754386
1073759556
1073760263
1073774921
1073819713
1074015233
1074021416
1074135137
1074151444
1074790580
1074792489
1074824321
1076117762
1076889920
1077944838
1077952657
1078067522
1078247488
1079836672
1082132772
1082263562
1082688064
1082921984
1084301568
1084751906
1086357640
1090519650
1090533408
1090551892
1090568960
1092882560
1093664778
1094909953
1096843296
1099171856
1101152256
1107362054
1107460624
1107591456
1107841152
1111752728
1114636416
1115824160
1116749888
1124075012
1128292352
1140864128
1146094656
1149632768
1150291972
1158193152
1176537088
1199570946
1207978056
1208000608
1208242177
1208492042
1208553728
1210057219
1212153869
1212156288
1226310656
1242562594
1275136002
1283489793
1342178323
1342513154
1342702340
1343361088
1344274992
1350592512
1358989314
1359348224
1359478793
1377894408
1384120960
1409433632
1444151296
1476400640
1610646049
1610875584
1610883120
1611147776
1611268360
1611661382
1612777476
1616904960
1619071104
1645228032
1646526465
1677758528
1695547904
1744831620
1744961616
1880113160
1881670656
1929379856
2147485488
2147492800
2147500355
2147508772
2147519112
2147520526
2147549842
2147639426
2147682313
2147746185
2148030466
2148042832
2148270274
2148302888
2148538433
2149581160
2149584978
2149648642
2152235524
2153779840
2155889676
2155905314
2156135044
2156494976
2159673344
2164265544
2164527124
2165376128
2165843968
2168603136
2169503812
2172715280
2181039300
2181066816
2181070873
2181103784
2181137920
2181169729
2185765120
2187329556
2189819906
2193686592
2198343712
2202304512
2214596739
2214724108
2214863361
2214921248
2215182912
2215682304
2218803205
2223505456
2229272832
2231648320
2233499776
2248150024
2256584704
2281728256
2281735201
2292189312
2299265536
2300583944
2316386304
2324168705
2353074176
2399141892
2415921697
2415956112
2416001216
2416484354
2416836609
2416984084
2417107456
2420114438
2424307738
2424312576
2449547265
2452621312
2485125188
2550272004
2566979586
2684356646
2684420177
2685026308
2685404680
2686722176
2688549984
2689073281
2701185024
2717978628
2718696448
2718957586
2755788816
2768241920
2818867264
2888302592
2952801280
3221292098
3221751168
3221766240
3222295552
3222536720
3223322764
3225554952
3229696001
3233809920
3238142208
3288336401
3290456064
3293052930
3355517056
3391095808
3489663240
3489923232
3760226320
3763341312
3858759712
4294970976
4294985600
4295000710
4295006465
4295017544
4295038224
4295041052
4295099684
4295196689
4295278852
4295364626
4295492370
4296060932
4296085664
4296294465
4296540548
4296605776
4297076866
4299162320
4299169956
4299297284
4299694593
4303357443
4303431681
4304471048
4307559680
4311779352
4311810628
4312072195
4312270088
4312989952
4319346688
4328531088
4329054248
4330618929
4330752256
4331687936
4337206272
4338089985
4339007624
4345430560
4362078600
4362109449
4362133632
4362141746
4362207568
4362275840
4362339458
4371530240
4374659112
4378865665
4379639812
4387373184
4396687424
4404609024
4429193478
4429209609
4429448216
4429726722
4429842496
4430365824
4431364608
4433381409
4437573953
4437606410
4447010912
4458545664
4463296640
4466999552
4496300048
4513169408
4563403937
4563456512
4563470402
4563929093
4584378624
4598531072
4601167888
4632772608
4648337410
4706148352
4798283784
4831843394
4831912224
4832002432
4832968708
4833673218
4833935877
4833968168
4834214912
4840228876
4848615476
4848625152
4899094530
4905242624
4970250376
5100544008
5117050945
5133959172
5368713292
5368840354
5370052616
5370809360
5373444352
5377099968
5378146562
5385486865
5402370048
5435957256
5437392896
5437915172
5511577632
5536483840
5637734528
5670703105
5776605184
5905580043
5905602560
6442516741
6442584196
6443502336
6443532480
6444591104
6445073440
6446645528
6446911489
6451109904
6459392002
6467619840
6476284416
6576672802
6580912128
6586105860
6711034112
6782191616
6979326480
6979846464
7516749825
7520452640
7526682624
7717519424
8589941952
8589971200
8590001420
8590012930
8590035088
8590076448
8590082104
8590131717
8590199368
8590393378
8590557704
8590729252
8590984740
8592121864
8592171328
8592588930
8593081096
8593211552
8594153732
8598324640
8598339912
8598594568
8599389186
8606714886
8606863362
8607241217
8607793161
8608942096
8615119360
8623542273
8623558704
8623621256
8624144390
8624540176
8625979904
8631879809
8638693376
8657062176
8657568289
8658108496
8661237858
8661504512
8663375872
8674412544
8676179970
8678015248
8690861120
8724157200
8724161665
8724218898
8724267264
8724283492
8724415136
8724551680
8724678916
8732803075
8743060480
8749318224
8757731330
8759279624
8774746368
8793374848
8809218048
8858386956
8858419218
8858896432
8859453444
8859684992
8860731648
8862729216
8864661537
8866762818
8875147906
8875212820
8894021824
8917091328
8926593280
8933999104
8992600096
9026338816
9126807573
9126807874
9126887427
9126913024
9126940804
9127337993
9127858186
9168757248
9197062144
9202335776
9265545216
9296674820
9395242497
9412296704
9596567568
9663686788
9663824448
9664004864
9665937416
9667346436
9667871754
9667936336
9668429824
9680457752
9697230952
9697250304
9798189060
9798942785
9810485248
9932179457
9940500752
10201088016
10209067009
10234101890
10267918344
10737418405
10737426584
10737680708
10738729985
10740105232
10741618720
10746888704
10754199936
10756293124
10770973730
10804740096
10871914512
10874785792
10875830344
11023155264
11072967680
11275469056
11341406210
11553210368
11811160086
11811205120
12884906129
12885033482
12885168392
12887004672
12887064960
12889182208
12890146880
12893291056
12893822978
12902219808
12918456387
12918784004
12935239680
12952274945
12952568832
13019709441
13153345604
13161824256
13172211720
13422068224
13564383232
13958652960
13959692928
15033499650
15040905280
15053365248
15435038848
17179870247
17179883904
17179890209
17179942400
17180002840
17180025860
17180070176
17180152896
17180164208
17180168201
17180263434
17180398736
17180786756
17181115408
17181458504
17181966617
17181969480
17181982853
17182171137
17184063657
17184243728
17184342656
17185177860
17186162192
17186423104
17188266625
17188307464
17196649280
17196679824
17197189136
17198778372
17201102853
17205624833
17213429772
17213554709
17213726724
17214482434
17215586322
17217884192
17230238720
17247084546
17247117408
17247240259
17247242512
17248288780
17249080352
17251176465
17251959808
17263759618
17277386752
17314124352
17314218115
17315136578
17315176449
17316216992
17322475716
17323009024
17326751744
17348825088
17352359940
17356030496
17381722240
17448314400
17448323330
17448437796
17448534528
17448566984
17448830272
17449103360
17449357832
17465606150
17481875465
17486120960
17498636448
17515462660
17518559248
17549492736
17586749696
17590915073
17618436096
17716773912
17716838436
17717792864
17718906888
17719369984
17721463296
17725458432
17729323074
17733525636
17750295812
17750425640
17788043648
17834182656
17853186560
17867998208
17985200192
17987274753
18052677632
18253615146
18253615748
18253774854
18253826048
18253881608
18254675986
18255716372
18262000705
18270390401
18337514496
18394124288
18404671552
18531090432
18593349640
18790484994
18824593408
18857598977
19193135136
19327373576
19327648896
19328009728
19331874832
19334692872
19335743508
19335872672
19336859648
19345178881
19360915504
19394461904
19394500608
19402850313
19461834753
19596378120
19597885570
19620970496
19864358914
19881001504
20402176032
20418134018
20468203780
20535836688
21474836810
21474853168
21475361416
21475622929
21477459970
21479063617
21480210464
21483237440
21493777408
21508399872
21512586248
21541947460
21609480192
21743829024
21749571584
21751660688
22046310528
22145935360
22548709633
22550938112
22682812420
23106420736
23622320172
23622410240
24159192065
25769812258
25770066964
25770336784
25770360837
25774009344
25774129920
25778364416
25779240993
25780293760
25786582112
25787645956
25804439616
25820135937
25836912774
25837568008
25870479360
25904549890
25905137664
26039418882
26306691208
26323648512
26344423440
26844136448
27128766464
27917305920
27919385856
28185722897
30066999300
30081810560
30106730496
30870077696
34359740494
34359767808
34359780418
34359884800
34359902249
34360005680
34360033349
34360051720
34360140352
34360305792
34360328416
34360336402
34360526868
34360797472
34360807427
34361122817
34361312321
34361573512
34361843725
34362230816
34362917008
34363933234
34363938960
34363965706
34364033025
34364342274
34368127314
34368143497
34368487456
34368685312
34370355720
34372324384
34372846208
34376533250
34376614928
34393298560
34393359648
34394378272
34395393025
34397556744
34402205706
34410074177
34411249666
34426859544
34427109418
34427408385
34427453448
34428964868
34431172644
34435768384
34460477440
34493974545
34494169092
34494219521
34494234816
34494480518
34494485024
34496577560
34498160704
34502352930
34503919616
34527519236
34554773504
34561065537
34628178953
34628248704
34628436230
34629255681
34630273156
34630352898
34632433984
34644951432
34645016609
34646018048
34653503488
34695284993
34697650176
34704719880
34712060992
34763444480
34896628800
34896646660
34896875592
34897069056
34897133968
34897660544
34898206720
34898715664
34904999939
34931212300
34963750930
34972241920
34997272896
35030925320
35037118496
35098985472
35173499392
35181830146
35236872192
35433547824
35433676872
35434004517
35435585728
35437813776
35438739968
35442926592
35450916864
35458646148
35467051272
35468083217
35500591624
35500851280
35576087296
35668365312
35706373120
35735996416
35836264449
35970400384
35970416897
35974549506
36105355264
36507230292
36507231496
36507549708
36507652096
36507763216
36509351972
36511432744
36524000261
36524001410
36540780802
36646682625
36675028992
36788248576
36809343104
37062180864
37186699280
37580964481
37580969988
37649186816
37715197954
38386270272
38654747152
38654968353
38655297792
38656019456
38656819457
38663749664
38669385744
38671487016
38671745344
38673719296
38690357762
38721831008
38788923808
38789001216
38805700626
38923669506
39192756240
39195771140
39241940992
39258685569
39728717828
39762003008
40804352064
40836268036
40936407560
41071673376
42949673620
42949706336
42949808385
42950722832
42951245858
42954919940
42958127234
42960420928
42966474880
42987554816
43016799744
43025172496
43050336265
43083894920
43218960384
43487658048
43488673793
43499143168
43503321376
44092621056
44291870720
45097419266
45101876224
45365624840
46212841472
47244640344
47244820480
48318384130
51539608323
51539624516
51540133928
51540673568
51540721674
51548018688
51548259840
51552321537
51556728832
51558481986
51560587520
51573164224
51575291912
51608879232
51640271874
51673825548
51675136016
51740958720
51809099780
51810275328
52078837764
52613382416
52647297024
52688846880
53688272896
53689712641
54257532928
55834611840
55838771712
56371445794
60133998600
60163621120
60213460992
61740155392
68719478353
68719480988
68719535616
68719560836
68719591489
68719769600
68719804498
68720011360
68720066698
68720103440
68720280704
68720611584
68720656832
68720672804
68721053736
68721578021
68721594944
68721614854
68722245634
68722624642
68723147024
68723687450
68724326433
68724461632
68725801089
68725834016
68727866468
68727877920
68727931412
68728066050
68728259585
68728684548
68728979585
68736254628
68736256049
68736286994
68736974912
68737370624
68740711440
68744648768
68745692416
68753066500
68753178753
68753229856
68757225993
68786597120
68786719296
68786880545
68788756544
68790786050
68791836673
68795113488
68804411412
68820148354
68822499332
68853719088
68854218836
68854816770
68854906896
68857929736
68862345288
68871536768
68904026115
68920954880
68987949090
68988338184
68988439042
68988469632
68988961036
68988970048
68993155120
68996321408
69004697729
69004705860
69007839232
69021730817
69055038472
69109547008
69122131074
69126389761
69256357906
69256497408
69256626689
69256872460
69258511362
69260546312
69260705796
69264769033
69264867968
69289902864
69290033218
69292036096
69307006976
69390569986
69395300352
69409439760
69424121984
69526888960
69793257600
69793293320
69793751184
69794138112
69794267936
69795321088
69796413440
69797431328
69801611281
69809999878
69812092993
69826774049
69862424600
69927501860
69944483840
69994545792
70061850640
70074236992
70197970944
70346998784
70363660292
70473744384
70867095648
70867353744
70867489025
70868009034
70871171456
70875627552
70877479936
70879543299
70885853184
70901833728
70917292296
70934102544
70936166434
71001183248
71001702560
71152174592
71336730624
71412746240
71471992832
71672528898
71940800768
71940833794
71949099012
72210710528
73014460584
73014462992
73014575111
73015099416
73015304192
73015526432
73018703944
73022865488
73048000522
73048002820
73081561604
73148924033
73293365250
73350057984
73576497152
73618686208
74124361728
74373398560
75161928962
75161939976
75298373632
75430395908
76772540544
77309494304
77309936706
77310478337
77310595584
77312038912
77313638914
77327499328
77338771488
77342974032
77343490688
77347438592
77380715524
77443629081
77443662016
77577847616
77578002432
77611401252
77847339012
78385512480
78391542280
78483881984
78517371138
79457435656
79524006016
81604378913
81608704128
81672536072
81872815120
82143346752
85899347240
85899359233
85899412672
85899616770
85901445664
85902491716
85909839880
85916254468
85920841856
85932949760
85966520325
85975109632
86033599488
86050344992
86100672530
86167789840
86437920768
86975316096
86977347586
86998286336
87006642752
88185242112
88583741440
90194838532
90203752448
90731249680
92425682944
94489280688
94489640960
96636768260
103079216646
103079249032
103080267856
103081347136
103081443348
103087603973
103096037376
103096519680
103104643074
103113457664
103116963972
103121175040
103146328448
103150583824
103217758464
103280543748
103347651096
103350272032
103481917440
103618199560
103620550656
104152965123
104157675528
105226764832
105294594048
105377693760
107374248961
107376545792
107379425282
108515065856
111669223680
111677543424
112742891588
120267997200
120327242240
120426921984
120527519809
123480310784
137438956706
137438961976
137438986945
137439071232
137439121672
137439182978
137439234305
137439539200
137439576097
137439608996
137439617041
137440002315
137440022720
137440133396
137440206880
137440561408
137441223168
137441313664
137441345608
137442107472
137443156042
137443189888
137443229708
137444491268
137445249284
137446294048
137447358981
137447374900
137448652866
137448923264
137449440513
137451602178
137451668032
137455732936
137455755840
137455862824
137456132100
137456519170
137457369096
137457959170
137462546433
137472509256
137472512098
137472542723
137472573988
137473949824
137474741248
137481422880
137489297536
137491384832
137506070913
137506133000
137506357506
137506459712
137514451986
137522839565
137543811137
137573194240
137573438592
137573499393
137573761090
137576317057
137577513088
137581572100
137583673346
137590226976
137608822824
137640296708
137644998664
137707438176
137708437672
137709633540
137709813792
137712762881
137715859472
137724690576
137743073536
137775023105
137808052230
137841909760
137975898180
137976676368
137976878084
137976939264
137977922072
137977940096
137986310240
137992642816
138009382929
138009395458
138009411720
138015678464
138043000833
138043461634
138110076944
138219094016
138244262148
138252779522
138512715812
138512994816
138513253378
138513744920
138514825221
138517022724
138521092624
138521411592
138529538066
138529735936
138546315393
138579805728
138580066436
138584072192
138614013952
138781139972
138790600704
138818879520
138848243968
139053777920
139586515200
139586586640
139587502368
139588276224
139588535872
139588796433
139590642176
139592826880
139594862656
139603222562
139619999756
139624185986
139653548098
139724849200
139855003720
139888967680
139989091584
140123701280
140148473984
140257525763
140395941888
140660311041
140693997568
140727320584
140947488768
141734191296
141734707488
141734978050
141736018068
141736019977
141738115091
141742342912
141751255104
141754959872
141759086598
141771706368
141803667456
141834584592
141868205088
141872332868
141885046785
142002366496
142003405120
142304349184
142673461248
142825492480
142943985664
143345057796
143881601536
143881667588
143898198024
144421421056
146028889157
146028921168
146028925984
146029150222
146030198832
146030608384
146031052864
146037407888
146041475073
146045730976
146096001044
146096005640
146163123208
146297340033
146297848066
146586730500
146700115968
147152994304
147237372416
148193150977
148248723456
148746797120
150323857924
150323879952
150596747264
150860791816
153545081088
154618988608
154619363331
154619873412
154619936833
154620956674
154621191168
154624077824
154627277828
154654998656
154677542976
154685948064
154686981376
154694877184
154761431048
154887258162
154887324032
154904068097
155155695232
155156004864
155222802504
155694678024
156771024960
156783084560
156967763968
157034742276
158914871312
159048012032
163208757826
163217408256
163345072144
163745630240
164286693504
171798694480
171798718466
171798757401
171798825344
171798839361
171799233540
171802891328
171804983432
171819679760
171832508936
171841683712
171865899520
171867897859
171933040650
171950219264
172067198976
172100689984
172201345060
172335579680
172875841536
173946216449
173950632192
173954695172
173996572672
174013285504
176094707717
176370484224
177167482880
180389677064
180407504896
181462499360
184851365888
188978561376
188979281920
193273536520
206158433292
206158498064
206160535712
206162694272
206162886696
206175207946
206175473665
206192074752
206193039360
206209286148
206225555473
206226915328
206233927944
206242350080
206292656896
206301167648
206435516928
206561087496
206695302192
206700544064
206963834880
207232174593
207236399120
207241101312
208305930246
208315351056
210453529664
210589188096
210755387520
210990276609
214748497922
214753091584
214758850564
217030131712
223338447360
223342493953
223355086848
225485783176
240535994400
240654484480
240853843968
241055039618
246960621568
274877909283
274877910533
274877913412
274877915715
274877923952
274877973890
274877992969
274878142464
274878243344
274878365956
274878468610
274878694433
274879078400
274879152194
274879217992
274879234082
274880004630
274880045440
274880266792
274880413760
274881122816
274882232849
274882446336
274882627328
274882691216
274884214944
274886304785
274886312084
274886379776
274886459416
274888982536
274890498568
274892588096
274894717962
274894749800
274896257027
274897305732
274897846528
274898881026
274903204356
274903336064
274911465872
274911511680
274911725648
274912264200
274913038340
274914738192
274915918340
274925092866
274928336897
274945018512
274945024196
274945085446
274945147976
274945542209
274947899648
274949482496
274962845760
274978595072
274982769664
275012141826
275012266000
275012715012
275012919424
275013173793
275028903972
275045679130
275087622274
275146388480
275146605185
275146877184
275146998786
275147522180
275152634114
275155026176
275163144200
275167346692
275180453952
275217645648
275280593416
275282657285
275289997328
275414876352
275416875344
275418976289
275419267080
275419627584
275425525762
275431718944
275449381152
275486147072
275550046210
275582550081
275616104460
275683819520
275951796360
275951820801
275953352736
275953756168
275953878528
275954270225
275955844144
275955880192
275972620480
275976814625
275985285632
276018765858
276018790916
276018823440
276031356928
276086001666
276086923268
276220153888
276221133057
276438188032
276488524296
276505559044
277025431624
277025989632
277026439313
277026506756
277027489840
277027504641
277029650442
277034045448
277042185248
277042823184
277059076132
277059471872
277092630786
277159611456
277160132872
277168144384
277176389633
277228027904
277360967681
277562279944
277581201408
277637759040
277696487936
278107555840
279173030400
279173173280
279173529729
279175004736
279176552448
279177071744
279177592866
279181284352
279185653760
279189725312
279206445124
279239999512
279248371972
279307096196
279449698400
279710007440
279777935360
279978183168
280247402560
280296947968
280380834817
280515051526
280791883776
281320622082
281387995136
281454641168
281894977536
283467853829
283468382592
283469414976
283469956100
283472036136
283472039954
283476230182
283484685824
283502510208
283509919744
283518173196
283543412736
283551744001
283607334912
283669169184
283736410176
283744665736
283770093570
284004732992
284006810240
284608698368
285346922496
285650984960
285887971328
286690115592
287763203072
287763335176
287796396048
288842842112
292057778314
292057842336
292057851968
292058300444
292060397664
292061216768
292062105728
292074553425
292074815776
292082950146
292091461952
292192002088
292192011280
292259102977
292326246416
292326277123
292594680066
292594794497
292595696132
293173461000
293400231936
294305988608
294474744832
296353792009
296386301954
296497446912
297493594240
300647715848
300647759904
301193494528
301721583632
307090162176
309237977216
309238726662
309239746824
309239873666
309241839689
309241913348
309242382336
309248155648
309254555656
309304754197
309309997312
309355085952
309371896128
309373962752
309389754368
309522862096
309774516324
309774648064
309808136194
310311390464
310312009728
310445605008
311389356048
311418945537
313542049920
313566169120
313935527936
314069484552
317827580931
317829742624
318096024064
326417515652
326434816512
326690144288
327491260480
328573387008
343597388960
343597436932
343597514802
343597650688
343597678722
343598467080
343599612161
343605782656
343609966864
343639359520
343665017872
343683367424
343731799040
343735795718
343866081300
343900438528
344134397952
344135304193
344201379968
344402690120
344671159360
345744875553
345751683072
347892432898
347901264384
347909390344
347993145344
348026571008
352189415434
352740968448
354334965760
360777286145
360779354128
360815009792
362924998720
369702731776
377957122752
377957128193
377958563840
386547073040
412316866584
412316996128
412321071424
412325388544
412325773392
412350415892
412350947330
412384149504
412386078720
412418572296
412451110946
412453830656
412467855888
412484700160
412585313792
412602335296
412627238913
412871033856
413122174992
413390604384
413401088128
413927669760
414464349186
414472798240
414482202624
416611860492
416630702112
418759311425
420907059328
421178376192
421510775040
421980553218
429496995844
429506183168
429517701128
434060263424
446676598945
446676894720
446684987906
446710173696
450971566352
481036861449
481071988800
481308968960
481707687936
482110079236
493921243136
549755818566
549755821066
549755824259
549755826824
549755831430
549755847904
549755879699
549755882049
549755947780
549755950097
549755985938
549756284928
549756486688
549756731912
549756937220
549757388866
549758156800
549758304388
549758435984
549758468164
549760009260
549760090880
549760533584
549760827520
549762245632
549764465698
549764892672
549765254656
549765382432
549768429888
549772591257
549772609570
549772624168
549772759552
549772918832
549777965072
549780997136
549785176192
549789435924
549789499600
549792514054
549794611464
549795693056
549797762052
549806408712
549806672128
549822931744
549823023360
549823451296
549824528400
549826076680
549829476384
549831380993
549831836680
549843894785
549850185732
549856673794
549890037024
549890048392
549890170892
549890295952
549890556933
549891084418
549891342345
549895799296
549896323329
549898964992
549906817089
549923586577
549925691520
549957190144
549965539328
550024283652
550024532000
550025430024
550025838848
550026347586
550032640017
550057807944
550091358260
550175244548
550292685897
550292725765
550292776960
550293210370
550293754368
550293997572
550295044360
550305268228
550310052352
550326288400
550334693384
550360907904
550435291296
550561186832
550565314570
550579994656
550628245505
550829752704
550833750688
550834802689
550837952578
550838534160
550839255168
550851051524
550863437888
550897451009
550898762304
550972294144
551097999873
551100092420
551165100162
551232208920
551367639040
551903592720
551903641602
551903846401
551906705472
551907512336
551907757056
551908540450
551911688288
551911760384
551922302977
551945240960
551953629250
551970571264
552037531716
552037581832
552037646880
552062713856
552172003332
552173846536
552175927361
552440307776
552442266114
552876376064
552977048592
553011118088
554050863248
554051979264
554052878529
554052878626
554053013512
554054979680
554055009282
554059300884
554068090896
554084370496
554085646368
554118152264
554118943744
554185261572
554319222912
554320265744
554336288768
554352779266
554456055808
554621206785
554721935362
555124559888
555162402816
555275518080
555392975872
556215111680
558346010705
558346060800
558346346560
558347059458
558349942791
558350009472
558353104896
558354143488
558355185732
558356234249
558362568704
558371307520
558379450624
558412890248
558479999024
558496743944
558614192392
558899396800
559420014880
559555870720
559956366336
560493330433
560494805120
560593895936
560761669634
561030103052
561583767552
562640732673
562641244164
562775990272
562909282336
563789955072
566935707658
566936765184
566938829952
566939912200
566944072272
566944079908
566952460364
566969371648
566977888257
567005020416
567019839488
567036346392
567086825472
567103488002
567204642945
567214669824
567338338368
567472820352
567473602563
567489331472
567540187140
568009465984
568011522081
568013620480
569217396736
570693844992
571301969920
571775942656
573380231184
575526406144
575526670352
575592792096
577685684224
584115556628
584115585409
584115684672
584115703936
584116600888
584119763969
584120795328
584122433536
584124211456
584132593665
584149106850
584149245953
584149631552
584165900292
584182923904
584384004176
584384022560
584518205954
584652492832
584652554246
585189360132
585189588994
585191392264
586346922000
586800463872
588611977216
588949489664
590566391809
592707584018
592772603908
592994893824
594987188480
601295431696
601295519808
602386989056
603443167264
614180324352
618475954432
618476339297
618477453324
618479493648
618479747332
618483679378
618483826696
618484764672
618496311296
618509111312
618544497665
618609508394
618619994624
618710171904
618743792256
618747925504
618779508736
619016357889
619045724192
619549032648
619549049089
619549296128
619616272388
620622780928
620624019456
620656328709
620891210016
622778712096
622837891074
623038693385
627084099840
627132338240
627871055872
628138969104
635655161862
635659485248
636192048128
652835031304
652869633024
653380288576
654982520960
657146774016
687194777920
687194873864
687195029604
687195295809
687195301376
687195357444
687196934160
687199224322
687211565312
687219933728
687230435329
687278719040
687330035744
687366734848
687463598080
687471591436
687731769857
687732162600
687800877056
688268795904
688270608386
688402759936
688805380240
689342318720
689409359905
691489751106
691503366144
695784865796
695802528768
695818780688
695986290688
696053142016
704378830868
705481936896
708669931520
721554572290
721558708256
721630019584
725849997440
739405463552
755914245504
755914256386
755917127680
773094146080
798863917057
824633721101
824633733168
824633917473
824633992256
824636084225
824642125827
824642142848
824650777088
824651546784
824700831784
824701894660
824768299008
824772157440
824837144592
824902221892
824907661312
824935711776
824969400320
825170627584
825204670592
825254477826
825742067712
826244349984
826781208768
826802176256
827855339520
828928698372
828945596480
828964405248
833223720984
833261404224
833357875201
837518622850
841814118656
842356752384
843021550080
843961106436
858993991688
859012366336
859035402256
868120526848
893353197890
893353789440
893369975812
893420347392
901943132704
962073722898
962143977600
962617937920
963415375872
964220158472
987842486272
1099511637132
1099511642132
1099511648518
1099511653648
1099511662860
1099511695808
1099511759398
1099511764098
1099511895560
1099511900194
1099511971876
1099512164481
1099512569856
1099512973376
1099513463824
1099513823235
1099513874440
1099514777732
1099515831361
1099516313600
1099516608776
1099516871968
1099516936328
1099520018520
1099520024841
1099520181760
1099521067168
1099521655040
1099524491264
1099528931396
1099529785344
1099530509312
1099530764864
1099532636161
1099536859776
1099545182514
1099545219140
1099545248336
1099545519104
1099545837664
1099555930144
1099561994272
1099570352384
1099578871848
1099578999200
1099579064337
1099579785289
1099585028108
1099589222928
1099591386112
1099595524104
1099612817424
1099613344256
1099645863488
1099645911109
1099646046720
1099646902592
1099649056800
1099652153360
1099654365201
1099658952768
1099662761986
1099663673360
1099687789570
1099700371464
1099713347588
1099780074048
1099780096784
1099780341784
1099780591904
1099781113866
1099782168836
1099782684690
1099791598592
1099792646658
1099797929984
1099805229061
1099813634178
1099818336257
1099847173154
1099851383040
1099914380288
1099931078656
1100048548097
1100048567304
1100048572929
1100048761985
1100049064000
1100050726977
1100050860048
1100051677696
1100052695172
1100065280034
1100083103745
1100115615888
1100182716520
1100350489096
1100585371794
1100585451530
1100585553920
1100585893955
1100586420740
1100586442753
1100587508736
1100587995144
1100590088720
1100594020865
1100610536456
1100620104704
1100652576800
1100654575745
1100669386768
1100721815808
1100870582592
1101122373664
1101130629140
1101159989312
1101256491010
1101659505408
1101661210629
1101667501376
1101669605378
1101675905156
1101677068320
1101678510336
1101692670977
1101702103048
1101726875776
1101794902018
1101797524608
1101944588288
1102195999746
1102200184840
1102330200324
1102464417840
1102735278080
1103807185440
1103807283204
1103807692802
1103813410944
1103815024672
1103815514112
1103817080900
1103823376576
1103823520768
1103844605954
1103890481920
1103907258500
1103941142528
1103942914049
1104075030787
1104075063432
1104075163664
1104075293760
1104125427712
1104344006664
1104347693072
1104351854722
1104880615552
1104884532228
1105752752128
1105954097184
1106022236176
1108101566561
1108101726496
1108103958528
1108105757058
1108105757252
1108105758729
1108106027024
1108109959360
1108110018564
1108110491649
1108118601768
1108136181792
1108168740992
1108171292736
1108236304528
1108237887488
1108370523144
1108437114881
1108638445824
1108640531488
1108672577536
1108705558532
1108912111616
1109242413570
1109443870724
1110249119776
1110249177091
1110324805632
1110551036160
1110785951744
1112430223360
1116692021410
1116692121600
1116692693120
1116694118916
1116699885582
1116700018944
1116706209792
1116708286976
1116710371464
1116712468498
1116725137408
1116742615040
1116758624257
1116758901248
1116825780496
1116959998048
1116961243137
1116993487888
1117228384784
1117798793600
1118840029760
1119111741440
1119912732672
1120986660866
1120989610240
1121187791872
1121523339268
1122060206104
1123167535104
1125281465346
1125282488328
1125551980544
1125818564672
1127579910144
1133871415316
1133873530368
1133877659904
1133879824400
1133888144544
1133888159816
1133904920728
1133938607105
1133938743296
1133955776514
1134010040832
1134039678976
1134072692784
1134173650944
1134206976004
1134409285890
1134429339648
1134676676736
1134945640704
1134947205126
1134978662944
1135080374280
1136018931968
1136023044162
1136027240960
1138434793472
1141387689984
1142462349441
1142603939840
1143551885312
1146760462368
1151052812288
1151053340704
1151185584192
1155371368448
1168231113256
1168231170818
1168231369344
1168231407872
1168232710145
1168233201776
1168239527938
1168241590656
1168244867072
1168247947273
1168248422912
1168265187330
1168298213700
1168298491906
1168299263104
1168331800584
1168365847808
1168499675137
1168768008352
1168768045120
1169036411908
1169304985664
1169305108492
1170378588353
1170378720264
1170379177988
1170382784528
1172601569281
1172693844000
1173600927744
1176823136769
1177223954432
1177898979328
1181132783618
1185415168036
1185545207816
1185989787648
1189974376960
1202590863392
1202591039616
1203261931521
1204773978112
1206886334528
1228360648704
1236950615049
1236951908864
1236952678594
1236954906648
1236958987296
1236959494664
1236967358756
1236967653392
1236969529344
1236984397829
1236992622592
1237018222624
1237088995330
1237219016788
1237239989248
1237420343808
1237487584512
1237495851008
1237559017472
1238032715778
1238091448384
1238158540833
1239098065296
1239098098178
1239098592256
1239232544776
1241245561856
1241248038912
1241312657418
1241782420032
1245540581633
1245557424192
1245675782148
1246077386770
1254168199680
1254264676480
1255742111744
1256277938208
1271310323724
1271318970496
1271327097345
1272384096256
1305670062608
1305739266048
1306760577152
1309965041920
1314293548032
1374389555840
1374389747728
1374390059208
1374390591618
1374390602752
1374390714888
1374393868320
1374398448644
1374398976001
1374406312321
1374423130624
1374439867456
1374460870658
1374557438080
1374657986593
1374660071488
1374733469696
1374926405639
1374927196160
1374943182872
1375463539714
1375464325200
1375601754112
1376537591808
1376541216772
1376805519872
1377610760480
1378684637440
1378818719810
1382979502212
1383006732288
1384086765569
1391569731592
1391605057536
1391637561376
1391972581376
1392106284032
1408757661736
1410963873792
1413044273153
1417339863040
1443109144580
1443113467905
1443117416512
1443260039168
1451699994880
1478810927104
1511828491008
1511828512772
1511834255360
1546188292160
1597727834114
1649267442202
1649267443233
1649267466336
1649267589125
1649267834946
1649267984512
1649269547025
1649272168450
1649284251654
1649284285696
1649301554176
1649303093568
1649401663568
1649403789320
1649468768259
1649536598016
1649544314880
1649674289184
1649804443784
1649815322624
1649871423552
1649938800640
1650341255168
1650409341184
1650508955652
1651484135424
1652488699968
1653562417536
1653580234753
1653604352512
1655710679040
1657857396744
1657891192960
1657928810496
1666447441968
1666522808448
1666715750402
1675037245700
1683628237312
1684713504768
1686043100160
1687922212872
1717987983376
1718024732672
1718070804512
1736241053696
1786706395780
1786707578880
1786739951624
1786840694784
1803886265408
1924147445796
1924287955200
1925235875840
1926830751744
1928440316944
1975684972544
2199023274264
2199023284264
2199023297036
2199023307296
2199023325720
2199023391616
2199023518796
2199023528196
2199023583521
2199023665161
2199023788039
2199023791120
2199023800388
2199023943752
2199024328962
2199025139712
2199025946752
2199026927648
2199027646470
2199027748880
2199028500483
2199029555464
2199031662722
2199032627200
2199033217552
2199033743936
2199033872656
2199040033985
2199040037040
2199040049682
2199040363520
2199042134336
2199043310080
2199048982528
2199056826465
2199057336329
2199057862792
2199059570688
2199061018624
2199061529728
2199065272322
2199073719552
2199090365028
2199090385153
2199090438280
2199090496672
2199091038208
2199091675328
2199092592645
2199103209473
2199111860288
2199123988544
2199140704768
2199157743696
2199157998400
2199158128674
2199159570578
2199170056216
2199176364033
2199178445856
2199182772224
2199191048208
2199225634848
2199226688512
2199291726976
2199291822218
2199292093440
2199293805184
2199298113600
2199304306720
2199308599313
2199308730402
2199317905536
2199325523972
2199327346720
2199358865921
2199375579140
2199400742928
2199426695176
2199560148096
2199560151057
2199560193568
2199560683568
2199560912961
2199561183808
2199562227732
2199563272201
2199564337672
2199565369380
2199583197184
2199585293316
2199595859968
2199610458122
2199627268356
2199636672514
2199694346308
2199702766080
2199828760576
2199862157312
2200096999169
2200097096194
2200097134608
2200097145858
2200097523970
2200098128000
2200101453954
2200101720096
2200103355392
2200105390344
2200114069505
2200130560068
2200166207490
2200231231776
2200365433040
2200700978192
2200906498049
2201170739723
2201170743588
2201170903060
2201171107840
2201171787910
2201172377601
2201172841480
2201172885506
2201175017472
2201175990288
2201180177440
2201188041730
2201221072912
2201240209408
2201305153600
2201309151490
2201338773536
2201439192065
2201443631616
2201707612417
2201741165184
2202244747328
2202261258280
2202319978624
2202512982020
2203319010816
2203319279649
2203322421258
2203329232897
2203335002752
2203339210756
2203351810312
2203354136640
2203357020672
2203385341954
2203404206096
2203453751552
2203589804036
2203595049216
2203889176576
2204391999492
2204400369680
2204660400648
2204928835680
2205470556160
2205566369793
2207613191209
2207614370880
2207614566408
2207615385604
2207615549569
2207626821888
2207630049344
2207631028224
2207634161800
2207646753152
2207647041536
2207651004417
2207680331779
2207689211908
2207780963840
2207814517000
2207882285056
2207885828098
2208150061574
2208150126864
2208150327328
2208150587520
2208250855424
2208688013328
2208695386144
2208703709444
2209760682049
2209761231104
2209769064456
2211505504256
2211908194368
2212044472352
2216203133122
2216203190417
2216203452992
2216207917056
2216211514116
2216211514504
2216211517458
2216211548161
2216212054048
2216219918720
2216220037128
2216220983298
2216237203536
2216272363584
2216337481984
2216342585472
2216472609056
2216475774976
2216741046288
2216874229762
2217276891648
2217281062976
2217310420995
2217345155072
2217411117064
2217824223232
2218484827140
2218887741448
2220498239552
2220498354182
2220649611264
2221102072320
2221571903488
2224860446720
2233383256083
2233384042820
2233384243200
2233385386240
2233388237832
2233391394817
2233399771164
2233400037888
2233412419584
2233416573952
2233420742928
2233424936996
2233450274816
2233485230080
2233517248514
2233517802496
2233550766209
2233651560992
2233919996096
2233922486274
2233986975776
2234456769568
2235597587200
2237678094337
2237680059520
2238223482880
2239825465344
2241973321732
2241979220480
2242375583744
2243046678536
2244120412208
2246335070208
2250562930692
2250564976656
2251103961088
2251637129344
2255159820288
2267742736457
2267742766085
2267742830632
2267744897025
2267747060736
2267755319808
2267759648800
2267776289088
2267776319632
2267809841456
2267877214210
2267877486592
2267911553028
2268020081664
2268079357952
2268145385568
2268347301888
2268413952008
2268818571780
2268858679296
2269353353472
2269891281408
2269894410252
2269957325888
2270160748560
2272037863936
2272046088324
2272054481920
2276869586944
2282775379968
2284924698882
2285207879680
2285459472417
2287103770624
2293520924736
2302105624576
2302106681408
2302371168384
2310742736896
2336462209585
2336462226512
2336462341636
2336462738688
2336462815744
2336465420290
2336466403552
2336479055876
2336483181312
2336489734144
2336495894546
2336496845824
2336530374660
2336596427400
2336596983812
2336598526208
2336663601168
2336730652681
2336731695616
2336999080069
2336999350274
2337536016704
2337536090240
2338072823816
2338609971328
2338610216984
2340757176706
2340757225473
2340757440528
2340758355976
2340765569056
2345203138562
2345387688000
2347201855488
2353646273538
2354447908864
2355797958656
2362265567236
2370830336072
2371090415632
2371979575296
2379948753920
2405181726784
2405182079232
2406523863042
2409547956224
2413772669056
2456721297408
2473901195537
2473901230098
2473903817728
2473905357188
2473909682241
2473909813296
2473917974592
2473918989328
2473934717512
2473935306784
2473939058688
2473968795658
2473985245184
2474035453953
2474036445248
2474177990660
2474438033576
2474479978496
2474840687616
2474975169024
2474991702016
2475118034944
2476065431556
2476182896768
2476317081666
2478196130592
2478196196356
2478197184512
2478465089552
2482491123712
2482496077824
2482625314836
2483564840064
2491081163266
2491114848384
2491351564296
2492154773540
2508336399360
2508529352960
2508814548993
2511484223488
2512555876416
2542620647448
2542637940992
2542654194690
2544768192512
2611340125216
2611341426689
2611478532096
2613521154304
2619930083840
2628587096064
2748779073571
2748779111680
2748779495456
2748780118416
2748781183236
2748781205504
2748781429776
2748787736640
2748796897288
2748797952002
2748804235521
2748812624642
2748846261248
2748879734912
2748921741316
2749114876160
2749181755393
2749315973186
2749320142976
2749466939392
2749852811278
2749854392320
2749886365744
2750927079428
2750928650400
2751203508224
2753075183616
2753082433544
2753611039744
2755221520960
2757369274880
2757637439620
2765959004424
2766013464576
2768173531138
2774549004289
2783139463184
2783210115072
2783275122752
2783945162752
2784212568064
2817499070977
2817515323472
2821927747584
2826088546306
2834679726080
2886218025985
2886218289160
2886226935810
2886234833024
2886520078336
2903399989760
2957621854208
3023656982016
3023657025544
3023668510720
3027956137985
3092376584320
3195455668228
3298534884404
3298534886466
3298534932672
3298535178250
3298535669892
3298535969024
3298539094050
3298539208961
3298544336900
3298552184865
3298568503308
3298568571392
3298603108352
3298606187136
3298670150657
3298803327136
3298807578640
3298937536518
3299073196032
3299088629760
3299348578368
3299608887568
3299630645248
3299742847104
3299877601280
3300682510336
3300818682368
3301017911304
3302829850705
3302968270848
3304977399936
3307124835072
3307160469506
3307208705024
3311421358080
3315714793488
3315782385920
3315857620992
3332894883936
3333045616896
3333165154305
3333431500804
3350074491400
3367256474624
3367287922689
3369427009536
3372086200320
3375844425744
3435975966752
3436049465344
3436141609024
3472482107392
3573412791560
3573415157760
3573479903248
3573681389568
3592740143105
3607772530816
3848294891592
3848575910400
3850471751680
3853661503488
3856880633888
3951369945088
4398046548528
4398046568528
4398046594072
4398046614592
4398046643465
4398046651440
4398046777921
4398046781573
4398046783232
4398046906385
4398047037592
4398047056392
4398047167042
4398047330322
4398047576078
4398047582240
4398047600776
4398047887504
4398048657924
4398048674113
4398050279424
4398051893504
4398052805121
4398053855296
4398055292940
4398055497760
4398057000966
4398059110928
4398060142601
4398063325444
4398063355909
4398065254400
4398066435104
4398067487872
4398067745312
4398080067970
4398080074080
4398080077827
4398080099364
4398080727040
4398084268672
4398086620160
4398096843793
4398097965056
4398113652930
4398114672658
4398115725584
4398117815329
4398119141376
4398122008657
4398122037248
4398123059456
4398130544644
4398147439104
4398180730056
4398180770306
4398180876560
4398180993344
4398182076416
4398183350656
4398185054273
4398185185290
4398189117477
4398206418946
4398223720576
4398247977088
4398281409536
4398315487392
4398315996800
4398316257348
4398317060113
4398319141156
4398323531777
4398340112432
4398352728066
4398356891712
4398365544448
4398382096416
4398451269696
4398453377024
4398583382673
4398583453952
4398583644436
4398584186880
4398587610368
4398596227200
4398608613440
4398617198626
4398617460804
4398635811072
4398651047944
4398654693440
4398717731842
4398751158280
4398801485856
4398852112385
4398853390352
4399120296192
4399120302114
4399120387136
4399121367136
4399121825922
4399122367616
4399124455464
4399126544402
4399128675344
4399129167873
4399130738760
4399166394368
4399170586632
4399191719936
4399220916244
4399254478865
4399254536712
4399273345028
4399388692616
4399405532160
4399657521152
4399724314624
4400193998338
4400194146305
4400194192388
4400194269216
4400194291716
4400195047940
4400196101121
4400196256000
4400202907908
4400203440192
4400206710784
4400210780688
4400228139010
4400228597793
4400261120136
4400332414980
4400462463552
4400596647945
4400730866080
4401401956384
4401812996098
4402341479446
4402341487176
4402341497857
4402341806120
4402342215680
4402343575820
4402344755202
4402345682960
4402345771012
4402350034944
4402351980576
4402360354880
4402376083460
4402442145824
4402480418816
4402610307200
4402618302980
4402677547072
4402878384130
4402887263232
4403415224834
4403482330368
4404489494656
4404522516560
4404639957248
4405025964040
4406636470305
4406638021632
4406638559298
4406640672785
4406644842516
4406653354113
4406658465794
4406670005504
4406670786561
4406678421512
4406703620624
4406708273280
4406714041344
4406770683908
4406808412192
4406907503104
4407179608072
4407190098432
4407778353152
4408783998984
4408800739360
4408851038465
4409320801296
4409857671360
4410941112320
4411132739586
4412005154821
4415226382418
4415228741760
4415229132816
4415230771208
4415231099138
4415253643776
4415260098688
4415262056448
4415268323600
4415293506304
4415294083072
4415302008834
4415360663558
4415378423816
4415561927680
4415629034000
4415764570112
4415771656196
4415796871169
4416300123148
4416300253728
4416300654656
4416301175040
4416501710848
4417373896707
4417376026656
4417390772288
4417407418888
4419521364098
4419522462208
4419538128912
4419590553601
4423011008512
4423816321025
4423816388736
4424088944704
4432406266244
4432406380834
4432406905984
4432415834112
4432423028232
4432423029008
4432423034916
4432423096322
4432424108096
4432439837440
4432440074256
4432441966596
4432474407072
4432544727168
4432674685059
4432674963968
4432685170944
4432945218112
4432951549952
4433482092576
4433748459524
4434553783296
4434562125952
4434620841990
4434690310144
4434822234128
4435648446464
4436738965505
4436969654280
4437775482896
4440996479104
4440996708364
4441004573185
4441299222528
4442204144640
4443143806976
4449586118705
4449720893440
4466765998089
4466766512166
4466767036931
4466768085640
4466768486400
4466770772480
4466776475664
4466782789634
4466799542328
4466800075776
4466824839168
4466833147904
4466841485856
4466849873992
4466900238593
4466900549632
4466970460160
4467034497028
4467035604992
4467101532418
4467303121984
4467839992192
4467844972548
4467973951552
4468913539136
4469467119617
4471195174400
4475356188674
4475360119040
4476446965760
4479650930688
4483946643464
4483958440960
4484751167488
4486093357072
4488240824416
4492670140416
4501125861384
4501126266881
4501129953312
4502207922176
4503274258688
4510319640576
4535485472914
4535485532170
4535485661264
4535487692833
4535489794050
4535494121472
4535510639616
4535519297600
4535552578176
4535552639264
4535553654785
4535619682912
4535753900801
4535754428420
4535754973184
4535823106056
4536040163328
4536158715904
4536290771136
4536694603776
4536827904016
4537637143560
4537717358592
4538706706944
4539780501505
4539782562816
4539788820504
4539914651776
4540321497120
4544075727872
4544092176648
4544108963840
4552799552513
4553739173888
4565550759936
4569849397764
4570415759360
4570918944834
4574207541248
4587041849472
4604211249152
4604213362816
4604742336768
4621485473792
4672924419170
4672924453024
4672924683272
4672925477376
4672925631488
4672930840580
4672932807104
4672934936577
4672958111752
4672966362624
4672979468288
4672991789092
4672993691648
4673060749320
4673192854800
4673193967624
4673197052416
4673327202336
4673461297409
4673461305362
4673463391232
4673998160138
4673998487553
4673998700548
4675072033408
4675072180480
4676145647632
4677219942656
4677220433968
4681514353412
4681514450946
4681514881056
4681516711952
4681531138112
4690406277124
4690775376000
4694403710976
4707292547076
4708895817728
4711595917312
4724531134472
4741643894853
4741660672144
4742180831264
4743959150592
4759897507840
4810363453568
4810364158464
4813047726084
4819095912448
4827545338112
4913442594816
4947802391074
4947802460196
4947802914825
4947807635456
4947810714376
4947819364482
4947819626592
4947835949184
4947837978656
4947869435024
4947870613568
4947878117376
4947937591316
4947970490368
4948070907906
4948072890496
4948355981320
4948876067152
4948959956992
4949681375232
4949950338048
4949983404032
4950236069888
4952097325089
4952130863112
4952365793536
4952634163332
4956392261184
4956392392712
4956394369024
4956930179104
4964982194693
4964982247424
4964992155648
4965250629672
4967129680128
4982162326532
4982165209089
4982229696768
4982703128592
4984309547080
5016672798720
5017058705920
5017629097986
5022968446976
5025111752832
5085241294896
5085275881984
5085308389380
5089536385024
5222680250432
5222682853378
5222957064192
5227042308608
5239860167680
5257174192128
5360135962625
5497558138923
5497558147142
5497558223360
5497558990912
5497559187729
5497560236832
5497562366472
5497562411008
5497562859552
5497575473280
5497593794576
5497595904004
5497608471042
5497625249284
5497692373121
5497692522496
5497759469824
5497843482632
5498229752320
5498363510786
5498631946372
5498640285952
5498933878784
5499705622556
5499708784640
5499772731488
5501854158856
5501857300800
5502407016448
5506150367232
5506164867088
5507222079488
5510443041920
5514738549760
5515274879240
5515815944193
5531917879361
5531918008848
5532026929152
5536347062276
5549098008578
5566278926368
5566420230144
5566550245504
5567890325504
5568425136128
5634998141954
5635030646944
5637152964609
5643855495168
5652177092612
5669359452160
5772436051970
5772436578320
5772453871620
5772469666048
5773040156672
5806799979520
5915243708416
6047313964032
6047314051088
6047337021440
6047850827777
6055912275970
6184753168640
6390911336456
6597069768808
6597069772932
6597069833219
6597069865344
6597070356500
6597071339784
6597071938048
6597078188100
6597078417922
6597088673800
6597103321349
6597104369730
6597137006616
6597137142784
6597206216704
6597212374272
6597271617537
6597339254785
6597340301314
6597606654272
6597615157280
6597875073036
6598146392064
6598177259520
6598697156736
6599217775136
6599261290496
6599485694208
6599755202560
6601364734089
6601365020672
6601637364736
6602035822608
6605659701410
6605936541696
6609954799872
6614249670144
6614266421249
6614320939012
6614417410048
6622842716160
6631429586976
6631564771840
6631715241984
6665789767872
6666091233792
6666330308610
6666863001608
6700148982800
6734512949248
6734575845378
6738854019072
6744172400640
6751688851488
6871951933504
6872098930688
6872283218048
6944964214784
7146825583120
7146830315520
7146959806496
7147362779136
7150046806017
7185480286210
7215545061632
7696589783184
7697151820800
7700943503360
7707323006976
7713761267776
7902739890176
8796093058113
8796093097056
8796093137056
8796093188144
8796093229184
8796093286930
8796093302880
8796093317265
8796093555842
8796093563146
8796093566464
8796093812770
8796094075184
8796094112784
8796094141441
8796094334084
8796094660644
8796095152156
8796095164480
8796095201552
8796095775008
8796097315848
8796097348226
8796100558848
8796101509377
8796103787008
8796105610242
8796107710592
8796109799701
8796110585880
8796110995520
8796114001932
8796118221856
8796120285202
8796126650888
8796126711818
8796126920705
8796127100947
8796130508800
8796131852289
8796132870208
8796134975744
8796135490624
8796160135940
8796160148160
8796160155654
8796160198728
8796160394249
8796161454080
8796168537344
8796173240320
8796193687586
8796195930112
8796227305860
8796229345316
8796231451168
8796235630658
8796238282752
8796244017314
8796244074496
8796246118912
8796260798469
8796261089288
8796294878208
8796298543233
8796361460112
8796361472001
8796361540612
8796361753120
8796361986688
8796363685891
8796364152832
8796366701312
8796370108546
8796370370580
8796378234954
8796412837892
8796429615137
8796447441152
8796495954176
8796562819072
8796630974784
8796631993600
8796632514696
8796634120226
8796638282312
8796647063554
8796680224864
8796705456132
8796713783424
8796731088896
8796764192832
8796898328841
8796902539392
8796906754048
8797166765346
8797166907904
8797167288872
8797168373760
8797171220737
8797175220736
8797192454400
8797217226880
8797234397252
8797234921608
8797271622144
8797302095888
8797309386880
8797435248641
8797435463684
8797502316560
8797602971712
8797704224770
8797706780704
8797854629889
8798240592384
8798240604228
8798240774272
8798242734272
8798243651844
8798244735232
8798248895617
8798248910928
8798253088804
8798257350688
8798258335746
8798261477520
8798309777409
8798332788736
8798341173264
8798383439872
8798441832488
8798508957730
8798509073424
8798546690056
8798777385232
8798811064320
8799315042304
8799448629248
8800387989605
8800387996676
8800388292610
8800388384776
8800388538432
8800388583432
8800389038211
8800390095880
8800392202242
8800392512000
8800405815816
8800406880384
8800413421568
8800421561376
8800455622913
8800456278020
8800457195586
8800522240272
8800664829960
8800924927104
8801193295890
8801461732160
8802803912768
8803625992196
8804682958892
8804682974352
8804682995714
8804682998273
8804683612240
8804684431360
8804687151640
8804689510404
8804691365920
8804691542024
8804700069888
8804703961152
8804718608641
8804720709760
8804752166920
8804817321985
8804884291648
8804960837632
8805220614400
8805236605960
8805355094144
8805756768260
8805774526464
8806830449668
8806964660736
8808978989312
8808982119425
8809045033120
8809279914496
8810051928080
8813272940610
8813273161761
8813273416257
8813276043264
8813277118596
8813281345570
8813289685032
8813306708226
8813316931588
8813340011008
8813340164097
8813341573122
8813356843024
8813407174665
8813407241248
8813416546560
8813428082688
8813541367816
8813616824384
8813815006208
8814347681797
8814359216144
8814380196864
8815556706304
8817567997968
8817601478720
8817702076930
8818641602592
8819715342720
8821882224640
8822265479172
8824010309642
8830452764836
8830452769089
8830457483520
8830458265632
8830461542416
8830462198276
8830463246369
8830470062209
8830507287552
8830520197376
8830524112896
8830536647200
8830587012608
8830588166144
8830604017668
8830721327116
8830756847632
8830989647877
8831123855360
8831258068000
8831529140224
8831543312392
8831593742338
8832600246296
8832600507456
8832601309312
8832602350080
8833003421696
8834747793414
8834752053312
8834781544576
8834814837776
8839042728196
8839044924416
8839076257824
8839181107202
8846022017024
8847632642050
8847632777472
8848177889408
8864812532488
8864812761668
8864813811968
8864816713729
8864821420033
8864831668224
8864846056464
8864846058016
8864846069832
8864846192644
8864848216192
8864879674880
8864880148512
8864883933192
8864948814144
8865089454336
8865349370118
8865349927936
8865370341888
8865890436224
8865903099904
8866964185152
8867496919048
8869107566592
8869124251904
8869241683980
8869380620288
8869644468256
8871296892928
8873477931010
8873939308560
8875550965792
8881992958208
8881993416728
8882009146370
8882598445056
8884408289280
8886287613952
8899172237410
8899172368897
8899441786880
8933531996178
8933533024332
8933534073862
8933536171280
8933536972800
8933541544960
8933549809665
8933552951328
8933565531649
8933565579268
8933599084656
8933600151552
8933649678336
8933666295808
8933682971712
8933699747984
8933800477186
8933801099264
8933940920320
8934068994056
8934071209984
8934203064836
8934605721609
8934606243968
8935679984384
8935689945096
8935947903104
8937827078272
8938934239234
8942121910307
8942390348800
8950711846929
8950712377348
8950720238080
8952893931520
8959301861376
8967893286928
8967916881920
8969502334976
8972186714144
8976481648832
8985340280832
9002251722768
9002252533762
9002259906624
9002519887877
9004415844352
9006548517376
9020639281152
9070970945828
9070970953857
9070971064340
9070971322528
9070974074945
9070975385666
9070975647749
9070979588100
9070987838465
9070988242944
9071004483625
9071021279232
9071038595200
9071046427137
9071105156352
9071105278528
9071107309570
9071239365824
9071507801602
9071508064257
9071508856840
9071509946368
9071646212112
9072080326656
9072317431808
9072581542272
9073389207552
9073655808032
9074192154627
9075274287120
9075434717184
9077413413888
9079561003010
9079565125632
9079577641008
9079829303552
9080642994240
9088151455744
9088184353296
9088217927680
9105599105026
9107478347776
9131101519872
9139690471441
9139698795528
9140831518720
9141837889668
9148415082496
9174083698944
9208422498304
9208426725632
9209484673536
9242970947584
9345848838340
9345848854537
9345848906048
9345849366544
9345850954752
9345851262976
9345861681160
9345865614208
9345869873154
9345916223504
9345932725248
9345958936576
9345983578184
9345987383296
9346121498640
9346385709600
9346387935248
9346394104832
9346654404672
9346922594818
9346922610724
9346926782464
9347996320276
9347996975106
9347997401096
9350144066816
9350144360960
9352291295264
9354439885312
9354440867936
9355512512641
9363028706824
9363028901892
9363029762112
9363033423904
9363062276224
9367323676673
9380812554248
9381550752000
9388807421952
9414568574979
9414585094152
9417791635456
9423191834624
9449062268944
9483287789706
9483321344288
9483430395905
9484361662528
9487918301184
9519795015680
9620726907136
9620728316928
9626095452168
9638191824896
9655090676224
9826885189632
9895604650509
9895604782148
9895604920392
9895605829650
9895608844337
9895615270912
9895621428752
9895621429251
9895638728964
9895639253184
9895671898368
9895675957312
9895738870048
9895741227136
9895756234752
9895873151105
9895875182632
9895940980736
9896141815812
9896145780992
9896711962640
9897752134304
9897919913984
9899362750464
9899900676096
9899966808064
9900472139776
9904194650178
9904261726224
9904731587072
9905268326664
9912784522368
9912784785424
9912788738048
9913860358208
9929964389386
9929964494848
9929984311296
9930501259344
9934259360256
9947177811969
9964324653064
9964330418178
9964459393536
9965406257184
9968619094160
10033345597440
10033580998657
10034117411840
10035258195972
10045936893952
10050223505664
10170482589792
10170551763968
10170616778760
10179072770048
10445360500864
10445365706756
10445914128384
10447507947777
10454084617216
10479720335360
10514348384256
10720271925250
10995116277846
10995116279969
10995116294284
10995116446720
10995117981824
10995118375458
10995120473664
10995124732944
10995124822016
10995125719104
10995150946560
10995187589152
10995191808008
10995216942084
10995250498568
10995384746242
10995385044992
10995518939648
10995653153281
10995686965264
10996459504640
10996727021572
10997263892744
10997280571904
10997397979153
10997867757568
10999411245112
10999417569280
10999545462976
11003708317712
11003714601600
11004814032896
11012298245121
11012300734464
11012329734176
11014444158976
11020886083840
11029477099520
11030549758480
11031631888386
11063835758722
11063836017696
11064053858304
11069204463617
11072694124552
11098196017156
11132557852736
11132840460288
11133100491008
11135780651008
11136850272256
11269996283908
11270061293888
11274305929218
11287710990336
11304354185224
11338718904320
11544872103940
11544873156640
11544907743240
11544939332096
11546080313344
11579231895553
11613599959040
11830487416832
12094627928064
12094628102176
12094674042880
12095701655554
12111824551940
12369506337280
12781822672912
13194139537616
13194139545864
13194139666438
13194139730688
13194140713000
13194142158849
13194142679568
13194143876096
13194156376200
13194156835844
13194164715521
13194177347600
13194206642698
13194208739460
13194274013232
13194274285568
13194412433408
13194424748544
13194543235074
13194678509570
13194680602628
13195213308544
13195230314560
13195750146072
13196292784128
13196354519040
13197394313472
13198435550272
13198522580992
13198971388416
13199510405120
13202729467977
13202729468178
13202730041344
13203274729472
13204071645216
13211319402820
13211873083392
13219909599744
13228499340288
13228532842498
13228641878024
13228834820096
13245685432320
13262859173952
13263129543680
13263430483968
13280038879361
13331579535744
13332182467584
13332660617220
13333726003216
13400297965600
13469025898496
13469151690756
13473580843009
13477708038144
13488344801280
13503377702976
13743903867008
13743962464257
13744197861376
13744566436096
13889928429568
14293651166240
14293660631040
14293919612992
14294725558272
14300093612034
14370960572420
14431090123264
15393179566368
15394303641600
15401887006720
15414646013952
15427522535552
15805479780352
16492674678785
17592186052817
17592186116226
17592186194112
17592186274112
17592186376288
17592186458368
17592186573860
17592186605760
17592186634530
17592187111684
17592187126292
17592187132928
17592187158541
17592187625540
17592188150368
17592188159041
17592188225568
17592188282882
17592188668168
17592189321288
17592190304312
17592190328960
17592190370945
17592190403104
17592191550016
17592194631696
17592194696452
17592201117696
17592203018754
17592204919073
17592207574016
17592211220484
17592215421184
17592219599402
17592219861065
17592221171760
17592221991040
17592228003864
17592236443712
17592240570404
17592253154065
17592253301776
17592253423636
17592253841410
17592254201894
17592261017600
17592263704578
17592265740416
17592269951488
17592270981248
17592320266281
17592320271880
17592320296320
17592320311308
17592320393477
17592320397456
17592320788498
17592322908160
17592337074688
17592346480640
17592355979265
17592387375172
17592391860224
17592454504705
17592454512689
17592454611720
17592458678275
17592458690632
17592462902336
17592471261316
17592476565504
17592488034628
17592488148992
17592492237824
17592521596938
17592522178576
17592589756416
17592597086466
17592722920224
17592722944002
17592723081224
17592723506240
17592723973376
17592727371782
17592728305664
17592731308097
17592733402624
17592739695617
17592740217092
17592740741160
17592756469908
17592825675784
17592859230274
17592894882304
17592991908352
17593125638144
17593261949568
17593262018561
17593263987200
17593265029392
17593268240452
17593276564624
17593294127108
17593326961665
17593360449728
17593410912264
17593427566848
17593462177792
17593528385664
17593796657682
17593805078784
17593813508096
17594333530692
17594333565441
17594333790243
17594333815808
17594334052373
17594334577744
17594336747520
17594342441474
17594350441472
17594371278849
17594384908800
17594434453760
17594468794504
17594469843216
17594543244288
17594604191776
17594611400705
17594618773760
17594870497282
17594870927368
17595004633120
17595205943424
17595408449540
17595413561408
17595709259778
17596481032197
17596481184768
17596481208456
17596481548544
17596482062353
17596485468544
17596487303688
17596489470464
17596497791234
17596497821856
17596506177608
17596514566785
17596514701376
17596516671492
17596522955040
17596619554818
17596665577472
17596682346528
17596766879744
17596883664976
17597017915460
17597018146848
17597093380112
17597554770464
17597567336449
17597622128640
17598630084608
17598897258496
17600775979210
17600775993352
17600776585220
17600776769552
17600777076864
17600777166864
17600778076422
17600780191760
17600780697665
17600784404484
17600785024000
17600811631632
17600813760768
17600826843136
17600843122752
17600844140545
17600911245826
17600912556040
17600914391172
17601044480544
17601329659920
17601849854208
17601866498051
17602386591780
17602923464320
17605607825536
17607251984392
17609365917784
17609365948704
17609365991428
17609365996546
17609367224480
17609368862720
17609374303280
17609379020808
17609382731840
17609383084048
17609400139776
17609407922304
17609437217282
17609441419520
17609504333840
17609634643970
17609768583296
17609903046913
17609921675264
17610441228800
17610473211920
17610710188288
17611513536520
17611549052928
17613660889091
17613660899336
17613929321472
17617957978624
17617964238850
17618090066240
17618559828992
17620103856160
17626545793537
17626545881220
17626546323522
17626546832514
17626552086528
17626554237192
17626562691140
17626579370064
17626613416452
17626633863176
17626680022016
17626680328194
17626683146244
17626713686048
17626814349330
17626814482496
17626833093120
17626856165376
17627082735632
17627233648768
17627630012416
17628695363594
17628718432288
17628760393728
17629230268417
17630841274377
17631113412608
17635135995936
17635202957440
17635404153860
17637283205184
17639430685440
17643764449280
17644530958344
17648020619284
17652315652097
17660905529672
17660905538178
17660907618323
17660914967040
17660916531264
17660922462209
17660923084832
17660924396552
17660926492738
17660940124418
17660972630153
17661014575104
17661040394752
17661048225792
17661073294400
17661174025216
17661176332288
17661208035336
17661442654232
17661513695264
17661979295754
17661980573697
17662247710720
17662516136000
17663058280448
17663086624784
17663187484676
17665200492592
17665201014912
17665202618624
17665204700160
17666006843392
17669495586828
17669504106624
17669563089152
17669629675552
17670065881089
17678085456392
17678089848832
17678152515648
17678362214404
17692044034048
17695265284100
17695265554944
17696355778816
17729625064976
17729625523336
17729626047521
17729627623936
17729633427458
17729633517577
17729642840066
17729663336448
17729692112928
17729692116032
17729692139664
17729692385288
17729696432384
17729759349760
17729760297024
17729767866384
17729897628288
17730178908672
17730698740236
17730699264257
17730699855872
17730740683776
17731780872448
17731806199808
17733928370304
17734993838096
17738215133184
17738217037825
17738248503808
17738483367960
17738761240576
17739288936512
17742593785856
17746804871297
17746955862020
17747878617120
17751101931584
17763985916416
17763986833456
17764018292740
17765196890112
17768816578560
17772575227904
17798344474820
17798344737794
17798883573760
17867063992356
17867064002561
17867066048664
17867068147724
17867068211457
17867072342560
17867073945600
17867083089920
17867099619330
17867105902656
17867131063298
17867131158536
17867131453441
17867198169312
17867200303104
17867299356672
17867332591616
17867365943424
17867399495968
17867600954372
17867602198528
17867881840640
17868137693317
17868137988112
17868142419968
17868406129672
17869211443218
17869212487936
17871359968768
17871379890192
17871895806208
17875653886473
17875654156544
17877868478468
17884243820614
17884277376001
17884780697600
17901423693858
17901424754696
17901440476160
17905787863040
17918603722752
17935786573856
17935833763840
17939004669952
17944373428288
17952963297664
17970680561664
18004503445536
18004505067524
18004519813248
18005039775754
18008831688704
18013097034752
18041278562304
18141941874849
18141941891656
18141941907714
18141942128680
18141942645056
18141943562241
18141948149890
18141950771332
18141951295498
18141959176200
18141975676930
18141976485888
18142008967250
18142042558464
18142077190400
18142092854274
18142210312704
18142210557056
18142214619140
18142260625409
18142478731648
18143015603204
18143016128514
18143017713680
18143019892736
18143292424224
18144160653312
18144634863616
18145163084544
18146778415104
18147311616064
18148384309254
18150531794177
18150548574240
18150869434368
18154826827776
18159122006020
18159130251264
18159155282016
18159658607104
18161285988480
18176302911488
18176368706592
18176435855360
18210661408769
18211198210052
18214956695552
18262203039744
18279380942882
18279397591056
18281663037440
18283675779336
18296830164992
18348167397888
18416844996608
18416853451264
18417356636177
18418969347072
18485941895168
18691697676680
18691697709074
18691697812096
18691698733088
18691701909504
18691702525952
18691706093697
18691723362320
18691731228416
18691739746308
18691798335521
18691832447008
18691865450496
18691917873152
18691967156368
18691974766592
18692242997280
18692771419200
18692775870496
18692788209664
18693308809344
18693845189636
18693845221448
18693853564928
18693861941249
18695992640552
18695993950212
18695994802192
18700288133632
18700288721920
18704582590528
18708879770624
18708881735872
18709011759617
18711025025282
18726057413648
18726057803784
18726059524224
18726061604869
18726066847808
18726124552448
18734647353346
18760417151233
18761625108496
18763101504000
18777614843904
18829137149958
18829170188304
18835583270912
18846383669248
18898124537888
18966575579412
18966642688576
18966860791810
18968723325056
18975836602368
19039590031360
19241453814272
19241456633856
19242527227913
19252190904336
19276383649792
19310181352448
19653770379264
19791209301018
19791209564296
19791209840784
19791211659300
19791213527049
19791217688674
19791226077701
19791230541824
19791242857504
19791242858502
19791277457928
19791278506368
19791343796736
19791351914624
19791477740096
19791482454272
19791512469504
19791746302210
19791750365264
19791881961472
19792283631624
19792291561984
19793423925280
19795504268608
19795839827968
19796041203713
19798725500928
19799801352192
19799807623185
19799933616128
19800944279552
19808389300356
19808390234113
19808523452448
19809463174144
19810536653328
19825569044736
19825569570848
19825577476096
19826642780225
19827720716416
19859928778772
19859928989696
19859968622592
19861002518688
19868518720512
19894355623938
19928649306128
19928660836356
19928918787072
19930812514368
19937238188320
19997501947905
20066087735297
20066691194880
20067161997314
20068234823680
20070516391944
20091873787904
20100447011328
20340965179584
20341103527936
20341233557520
20358145540096
20890721001728
20890731413512
20891828256768
20895015895554
20908169234432
20959440670720
21028696768512
21440543850500
21990232555692
21990232559938
21990232588568
21990232893440
21990233081345
21990235963648
21990236750916
21990240947328
21990249465888
21990249644032
21990251438208
21990301893120
21990375178304
21990383616016
21990433884168
21990500997136
21990568099845
21990769492484
21990770089984
21991037879296
21991306306562
21991339868161
21991373930528
21992380104833
21992919009280
21993454043144
21994527785488
21994561143808
21994795958306
21995735515136
21998822490224
21998835138560
21999090925952
22007416635424
22007429203200
22009628065792
22024596490242
22024601468928
22024659468352
22028888317952
22041772167680
22058954199040
22061099516960
22063263776772
22127671517444
22127672035392
22127675965441
22128107716608
22138408927234
22145388249104
22196392034312
22265115705472
22265244680195
22265680920576
22266200982016
22271561302016
22273700544512
22539992567816
22540122587776
22548611858436
22575421980672
22608708370448
22677437808640
23089744207880
23089746313280
23089815486480
23089878664192
23092160626688
23158463791106
23227199918080
23660974833664
24189255856128
24189256204352
24189348085760
24191403311108
24223649103880
24739012674560
25563645345824
26388279075232
26388279091728
26388279332876
26388279461376
26388279658497
26388281426000
26388284317698
26388285359136
26388287455239
26388287752192
26388312752400
26388313671688
26388329431042
26388354695200
26388362952769
26388413285396
26388417478920
26388548026464
26388548571136
26388824866816
26388849497088
26389086470148
26389357019140
26389361205256
26390426617088
26390460629120
26391500292144
26392585568256
26392709038080
26394788626944
26396871100544
26397045161984
26397137698817
26397942776832
26399020810240
26405458935954
26405458936356
26405460082688
26406549458944
26408143290432
26422638805640
26422638809105
26423746166784
26439819199488
26456998680576
26457065684996
26457283756048
26457669640192
26491370864640
26525718347904
26526259087360
26526860967936
26527865520129
26560077758722
26663159071488
26664364935168
26665321234440
26667452006432
26800595931200
26938037010433
26938051796992
26938303381512
26947161686018
26955416076288
26976689602560
27006755405952
27487807734016
27487924928514
27488395722752
27489132872192
27492085792769
27779856859136
28587302332480
28587321262080
28587839225984
28589451116544
28600187224068
28741921144840
28862180246528
30786359132736
30786862448673
30788607283200
30803774013440
30829292027904
30855045071104
31610959560704
32985349357570
35184372090209
35184372092951
35184372105634
35184372124177
35184372232452
35184372253699
35184372353217
35184372388224
35184372548224
35184372752576
35184372875525
35184372916736
35184373147720
35184373211520
35184373269060
35184374223368
35184374252584
35184374265856
35184374317082
35184374792193
35184375251080
35184376295433
35184376300736
35184376318082
35184376451136
35184376565764
35184377336336
35184378642576
35184380608624
35184380657920
35184380741890
35184380806208
35184383100032
35184389263392
35184389392904
35184399353857
35184402235392
35184405652001
35184406037508
35184409838146
35184415148032
35184422440968
35184430842368
35184439198804
35184439223297
35184439263243
35184439722130
35184440248325
35184442343520
35184443982080
35184456007728
35184472887424
35184481140808
35184506308130
35184506603552
35184506847272
35184507371777
35184507682820
35184508403788
35184508796929
35184522035200
35184523150337
35184527409156
35184531480832
35184539902976
35184541962496
35184640532562
35184640543760
35184640592640
35184640622616
35184640786954
35184640794912
35184641576996
35184645816320
35184674149376
35184675127299
35184692961280
35184711958530
35184774750344
35184783720448
35184909009410
35184909025378
35184909223440
35184917356550
35184917381264
35184925804672
35184926789633
35184942522632
35184953131008
35184976069256
35184976297984
35184984475648
35185043193876
35185044357152
35185179512832
35185194172932
35185445840448
35185445888004
35185446162448
35185447012480
35185447946752
35185454743564
35185456611328
35185462616194
35185466805248
35185479391234
35185480434184
35185481482320
35185512939816
35185513071105
35185580572801
35185651351568
35185718460548
35185789764608
35185982718017
35185983816704
35186251276288
35186519621761
35186523899136
35186524037122
35186527974400
35186530058784
35186536480904
35186553129248
35186588254216
35186653790725
35186653923330
35186720899456
35186821824528
35186855133696
35186924355584
35187056443433
35187056771328
35187593315364
35187610157568
35187627016192
35188667061384
35188667130882
35188667580486
35188667584545
35188667631616
35188668104746
35188669155488
35188672364545
35188673495040
35188675477509
35188684882948
35188700882944
35188742557698
35188769817600
35188868907520
35188937589008
35188939686432
35189086488576
35189208383552
35189222801410
35189237547520
35189740994564
35189741854736
35190009266240
35190411886848
35190814679041
35190816899080
35190827122816
35191418519556
35192962064394
35192962097169
35192962369536
35192962416912
35192962549763
35192963097088
35192964124706
35192970937088
35192974607376
35192978940928
35192995582468
35192995643712
35193012355216
35193029133570
35193029402752
35193033342984
35193045910080
35193230589961
35193239109636
35193331154944
35193364693056
35193503088897
35193533759488
35193767329952
35194035830920
35194036293696
35194186760224
35195109540928
35195134672898
35195244257280
35197260169216
35197794516992
35201551958420
35201551986704
35201552483337
35201553170440
35201553539104
35201554153728
35201554333728
35201556152844
35201560383520
35201561395330
35201568808968
35201570048000
35201623263264
35201627521536
35201653686272
35201686245504
35201688281090
35201822491652
35201825112080
35201828782344
35202088961088
35202659319840
35203699708416
35203732996102
35204773183560
35205846928640
35205863718913
35210143989825
35211215651072
35214503968784
35218731835568
35218731897408
35218731982856
35218731993092
35218733928577
35218734448960
35218737725440
35218748606560
35218752798723
35218758041616
35218765463680
35218766168096
35218800279552
35218815844608
35218874434564
35218882839040
35219000795137
35219008667680
35219269287940
35219537166592
35219806093826
35219843350528
35220879311121
35220882457600
35220946423840
35221420376576
35223027073040
35223098105856
35227321778182
35227321798672
35227858642944
35228395765761
35235915957248
35235928477700
35236180132480
35237119657984
35240207712320
35253091566465
35253091587074
35253091762440
35253092647044
35253093665028
35253104173056
35253108474384
35253125382280
35253158740128
35253192753153
35253226832904
35253267726352
35253360044032
35253360656388
35253366292488
35253427372096
35253628698660
35253628964992
35253666186240
35253712330752
35254165471264
35254467297536
35255239052289
35255260024832
35257390727188
35257436864576
35257520787456
35258460536834
35261682548754
35261698277381
35262226825216
35270271991872
35270405914880
35270808307720
35274566410368
35278861370880
35287528898560
35289061916688
35296041238568
35304631304194
35321811059344
35321811076356
35321815236646
35321829934080
35321833062528
35321844728065
35321844924418
35321846169664
35321848793104
35321852985476
35321880248836
35321945260306
35321945270273
35322029150208
35322080789504
35322096451584
35322146588800
35322348050432
35322352664576
35322416070672
35322885308464
35323027390528
35323958591508
35323961147394
35324495421440
35325032272000
35326116560896
35326173249568
35326374969352
35330400985184
35330402029824
35330405237248
35330409400320
35332013686784
35338991173656
35339008213248
35339126178304
35339259351104
35339536171009
35340131762178
35356170912784
35356179697664
35356305031296
35356724428808
35384088068096
35390530519107
35390530568200
35390531109888
35392711557632
35459250129952
35459251046672
35459252095042
35459255247872
35459266854916
35459267035154
35459283566609
35459285680132
35459323396097
35459326672896
35459384225856
35459384232064
35459384279328
35459384770576
35459392864768
35459518699520
35459520594048
35459535732768
35459787391489
35459795256576
35460357817344
35461397480472
35461398528514
35461399711744
35461481367552
35463561744896
35463612399616
35467856740608
35469987676192
35476430266368
35476434075650
35476497007616
35476966735920
35477522481152
35478577873024
35485187571712
35493609742594
35493618188289
35493911724040
35495757234240
35502203863168
35527971832832
35527973666912
35528036585480
35530393780224
35537633157120
35545150455808
35596688949640
35596688986113
35596689475588
35597767147520
35734127984712
35734128005122
35734132097328
35734136295448
35734136422914
35734144685120
35734145236993
35734147891200
35734166179840
35734199238660
35734211805312
35734262126596
35734262317072
35734262906882
35734396338624
35734400606208
35734598713344
35734665183232
35734731886848
35734798991936
35735201908744
35735204397056
35735763681280
35736275386634
35736275976224
35736284839936
35736812259344
35738422886436
35738424975872
35742719937536
35742759780384
35743791612416
35751307772946
35751307780353
35751308313088
35755736956936
35768487641228
35768554752002
35768621858849
35769561395200
35802847387716
35802849509392
35802880952320
35811575726080
35837207445504
35871573147712
35871667527680
35878009339904
35888746856576
35905926595328
35941361123328
36009006891072
36009010135048
36009039626496
36010079551508
36017663377408
36026194069504
36082557124608
36283883749698
36283883783312
36283883784225
36283883815428
36283884257360
36283885290112
36283887124482
36283887927809
36283896299780
36283901542664
36283902590996
36283918352400
36283919368201
36283951353860
36283952971776
36284017934500
36284085116928
36284154380800
36284185708548
36284420625408
36284421114112
36284429238280
36284521250818
36284957463296
36286031206408
36286032257028
36286035427360
36286039785472
36286584848448
36287373377537
36288321306624
36289269727232
36290326169088
36293556830208
36294623232128
36296768618508
36301063588354
36301097148480
36301738868736
36309653655552
36318244012040
36318260502528
36318310564032
36319317214208
36322571976960
36352605822976
36352737413184
36352871710720
36369783062545
36421322817538
36422396420104
36425617637505
36429913391104
36524406079488
36558761885764
36558795182112
36563326074880
36567351558672
36593660329984
36696334795776
36833647919169
36833689993216
36833706902528
36834713272354
36837938694144
36971883790336
37383395353360
37383395418148
37383395624192
37383397466176
37383399538757
37383403819008
37383405051904
37383412187394
37383437288449
37383446724640
37383462456832
37383479492616
37383596671042
37383664894016
37383730900992
37383835746304
37383934312736
37383949533184
37384469086233
37384485994560
37385542838400
37385551740992
37385576419328
37386617618688
37387690379272
37387690442896
37387707129856
37387723882498
37387959009281
37391985281104
37391987900424
37391989604384
37392119500801
37400576267264
37400577443840
37409165181056
37417759541248
37417763471744
37418023519234
37422050050564
37435002060801
37452114827296
37452115607568
37452116000769
37452119048448
37452123209738
37452133695616
37452249104896
37469294706692
37520834302466
37523250216992
37526203008000
37555229687808
37658273251459
37658274299916
37658340376608
37671166541824
37692767338496
37796249075776
37933151158824
37933285377152
37933721583620
37937446650112
37951673204736
38079180062720
38482907628544
38482913267712
38485054455826
38504381808672
38552767299584
38620362704896
39307540758528
39582418602036
39582418878467
39582419128592
39582419681568
39582423318600
39582427054098
39582435377348
39582452155402
39582452187201
39582461083648
39582485715008
39582485717004
39582554915856
39582557012736
39582687593472
39582703829248
39582955480192
39582955601925
39582964908544
39583024939008
39583492346881
39583492604420
39583500730528
39583763922944
39584567263248
39584583123968
39586847850560
39591008537216
39591679655936
39592082407426
39597451001856
39599602704384
39599615246370
39599867232256
39601888559104
39616778600712
39616780468226
39617046904896
39618926348288
39621073306656
39651138089472
39651139141696
39651154952192
39651406512161
39653285560450
39655441432832
39719857557544
39719857979392
39719937245184
39722005037376
39737037441024
39788711247876
39857298612256
39857321672712
39857837574144
39861625028736
39865887490049
39874476376640
39995003895810
40132175470594
40132178608257
40133382389760
40134323994628
40136469647360
40141032783888
40183747575808
40200894022656
40681930359168
40682014113793
40682207055872
40682467115040
40716291080192
41781442003456
41781462827024
41783656513536
41790031791108
41816338468864
41918881341440
42057393537024
42881087701000
43980465111384
43980465119876
43980465177136
43980465307713
43980465786880
43980466162690
43980471927296
43980473501832
43980481894656
43980482150913
43980498931776
43980499288064
43980502876416
43980603786240
43980750356608
43980767232032
43980867768336
43981001994272
43981035536513
43981136199690
43981538984968
43981540179968
43981540958209
43982075758592
43982612613124
43982679736322
43982747861056
43984760209666
43985838018560
43986908086288
43989055570976
43989122287616
43989591916612
43991471030272
43997644980448
43997670277120
43998181851904
43999796658177
44014833270848
44014858406400
44019256131584
44049192980484
44049202937856
44049318936704
44057776635904
44083544335360
44117908398080
44122199033920
44126527553544
44255343034888
44255344070784
44255351930882
44256215433216
44276817854468
44290776498208
44392784068624
44530221973521
44530231410944
44530489360390
44531361841152
44532401964032
44543122604032
44547401089024
45079985135632
45080110989313
45080245175552
45097223716872
45150843961344
45217416740896
45354875617280
46179488415760
46179492626560
46179630972960
46179757328384
46184321253376
46316927582212
46454399836160
47321949667328
48378511712256
48378512408704
48378696171520
48382806622216
48447298207760
48550310313985
49478025349120
51127290691648
52776558150464
52776558183456
52776558493697
52776558665752
52776558922752
52776559316994
52776561279489
52776562852000
52776568635396
52776570718272
52776574910478
52776575504384
52776625504800
52776627343376
52776658862084
52776709390400
52776725905538
52776826570792
52776834957840
52777096052928
52777097142272
52777296330753
52777649733632
52777698994176
52778172940296
52778714038280
52778722410512
52780853234176
52780921258240
52783000584288
52785171136512
52785418076160
52789577253888
52793738133537
52793742201088
52794090323968
52794275397634
52795885553664
52798041620480
52810917871908
52810917872712
52810920165376
52813098917888
52816286580864
52845277611280
52845277618210
52847492333568
52879638398976
52913997361152
52914131369992
52914567512096
52915339280384
52982741729280
53051436695808
53051704475713
53052518174720
53053721935872
53055731040258
53120155517444
53326318142976
53328729870336
53330642468880
53334904012864
53463752900613
53601191862400
53876074020866
53876103593984
53876606763024
53894323372036
53910832152576
53953379205120
54013510811904
54975615468032
54975849857028
54976791445504
54978265744384
54984171585538
55559713718272
57174604664960
57174613041153
57174642524160
57175678451968
57178902233088
57200374448136
57483842289680
57724360493056
61572718265472
61573724897346
61577214566400
61607548026880
61658584055808
61710090142208
63221919121408
63771674411265
65970698715140
70368744180418
70368744185902
70368744211268
70368744246529
70368744248354
70368744378497
70368744464904
70368744507398
70368744706434
70368744776448
70368745096448
70368745505152
70368745619461
70368745751050
70368745833472
70368746295440
70368746307681
70368746423040
70368746538120
70368747335681
70368748446736
70368748505168
70368748531712
70368748634164
70368748912649
70368749584386
70368750502160
70368752590866
70368752601472
70368752636164
70368752902272
70368753131528
70368754672672
70368756762629
70368757285152
70368760954951
70368761217248
70368761315840
70368761483780
70368761612416
70368763052673
70368766200064
70368778526784
70368778785808
70368786186257
70368794517761
70368798707714
70368804470784
70368811286585
70368811304002
70368812075016
70368813662209
70368819676292
70368830296064
70368844881936
70368861684736
70368878397608
70368878446594
70368878526486
70368879444260
70368880496650
70368884687040
70368887964160
70368912015456
70368945774848
70368962281616
70369012616260
70369013207104
70369013663873
70369013694544
70369014743554
70369015365640
70369016807576
70369017593858
70369021018177
70369044070400
70369046300674
70369054818312
70369062961664
70369079805952
70369083924992
70369147093009
70369281057795
70369281065124
70369281087520
70369281185280
70369281245232
70369281573908
70369281589824
70369283153992
70369291632640
70369348298752
70369349206273
70369350254598
70369385922560
70369415266825
70369423917060
70369549500688
70369567440896
70369817927841
70369818018820
70369818050756
70369818446880
70369834713100
70369834762528
70369851476033
70369851609344
70369853579266
70369885045264
70369906262016
70369952138512
70369952595968
70369968951296
70370086387752
70370088714304
70370359025664
70370388345864
70370891680896
70370891776008
70370892324896
70370894024960
70370895856385
70370895893504
70370900213761
70370909487128
70370913222656
70370925232388
70370933610496
70370958782468
70370960868368
70370962964640
70371025879632
70371026142210
70371161145602
70371302703136
70371436921096
70371579529216
70371696967685
70371965436034
70371967633408
70372502552576
70373039243522
70373047798272
70373048074244
70373055948800
70373060117568
70373072961808
70373106258496
70373110579201
70373176508432
70373307581450
70373307621377
70373307846660
70373441798912
70373643649056
70373710267392
70373848711168
70374112886866
70374113542656
70375186630728
70375203405857
70375220315136
70375254032384
70377334112787
70377334122768
70377334261764
70377335160972
70377335169090
70377335263232
70377336209492
70377338310976
70377344729090
70377346990080
70377350955018
70377367797793
70377369765896
70377401286721
70377401765888
70377485115396
70377539635200
70377737815040
70377875178016
70377879372864
70378172977152
70378416767104
70378445602820
70378475095040
70379481989128
70379483709472
70380018532480
70380823773696
70381629358082
70381633798160
70381654245632
70382837039112
70385924128788
70385924194338
70385924581377
70385924739072
70385924833824
70385925099526
70385926194176
70385928249412
70385941874176
70385949214752
70385957881856
70385991164936
70385991287424
70386024710432
70386058267140
70386058805504
70386066685968
70386091820160
70386196677633
70386461179922
70386478219272
70386662309888
70386729386112
70387006177794
70387067518976
70387534659904
70388071661840
70388072587392
70388373520448
70390219081856
70390269345796
70390488514560
70394513981825
70394520338432
70395589033984
70403103916840
70403103973408
70403104966674
70403106340880
70403107078208
70403108307456
70403108667456
70403112305688
70403120767040
70403122790660
70403137617936
70403140096000
70403196190721
70403246526528
70403255043072
70403307372544
70403372491008
70403376562180
70403644983304
70403650224160
70403657564688
70404177922176
70404183949313
70405251465219
70405318639680
70407399416832
70407465992204
70409546367120
70411693857280
70411727437826
70420287979650
70420820660225
70422431302144
70429007937568
70437463671136
70437463794816
70437463965712
70437463986184
70437464178821
70437467857154
70437468897920
70437475450880
70437480449025
70437497213120
70437505597446
70437516083232
70437530927360
70437532336192
70437600559104
70437631689216
70437748869128
70437765678080
70438001590274
70438017335360
70438538575880
70438872940545
70439074333184
70439612187652
70439613235209
70439686701056
70441758622242
70441764915200
70441892847680
70442840753152
70446053859329
70446054146080
70446196211712
70454643556364
70454643597344
70454678126593
70455717285888
70456791531522
70471831914496
70471856955400
70472360264960
70474239315968
70480415424640
70506183132305
70506183132930
70506183135521
70506183174148
70506183524880
70506185294088
70506187330056
70506192306177
70506208346112
70506216948768
70506250764560
70506317480256
70506385506306
70506453665808
70506535452704
70506720088064
70506721312776
70506732584976
70506854744192
70507257397320
70507257929984
70507332372480
70507424661504
70508330942528
70508934595072
70510478104578
70510520049664
70514781454376
70514873729152
70514907316225
70515041574912
70516921073668
70523365097508
70523396554762
70524453650432
70527657968129
70540543983744
70540811829760
70541616615440
70549132820736
70557722741760
70575057797120
70578123833376
70592082477136
70609262608388
70643622089793
70643622117513
70643622118688
70643622152712
70643630473292
70643659868160
70643666125056
70643689456130
70643689848836
70643692339328
70643697586208
70643705970952
70643760497672
70643890520612
70643890540546
70644058300416
70644161579008
70644192903168
70644293177600
70644696100864
70644705329152
70644832141344
70645770616928
70646054781056
70647917183016
70647919149059
70647922294788
70648990842880
70650064544000
70652233121792
70652346499136
70652480978945
70652749938704
70660801970368
70660804059648
70660810474496
70660818800640
70664027373568
70677982347312
70678016426496
70678252356608
70678518702208
70679072342018
70680263524356
70712341825568
70712359395328
70712610062592
70713448857616
70768176136192
70781061038214
70781061136400
70781062219776
70781065240577
70785423115264
70918500259904
70918501089281
70918502093344
70918504190084
70918510495744
70918533709832
70918534070308
70918567133218
70918571360264
70918646792194
70918653345792
70918768451712
70918768464128
70918768558656
70918769541152
70918785729536
70919037124641
70919037399040
70919041188096
70919071465536
70919574782978
70919590513152
70920715634688
70920781693057
70922794960944
70922797057028
70922799423488
70922962735104
70923868766209
70927123489792
70927224799232
70935713481216
70939975352384
70952860532736
70952868151300
70952994015232
70953933471840
70955044962304
70957155746048
70970375143424
70987219485188
70987236376578
70987823448080
70991514468480
71004407726336
71055943665664
71055947333824
71056073170960
71056207380483
71060787560448
71075266314240
71090300911616
71193377899280
71193377972226
71193378951176
71193478561793
71195534295040
71468255969424
71468256010244
71468256071683
71468258427905
71468264194656
71468272590896
71468272845828
71468289370240
71468290473986
71468295782400
71468332359680
71468398477320
71468423610624
71468524253192
71468524634144
71468525813764
71468792677248
71468801212416
71469197426688
71469329547525
71469330366464
71469463773696
71469597983872
71470403817488
71470408794112
71471527362560
71472550773268
71472551952448
71472569679872
71472584343553
71473624518688
71476845772872
71476849951744
71477399388161
71485435805705
71485439875072
71485519560768
71487583224832
71502615545892
71502615560706
71502616626176
71511473913872
71536975282456
71537109504004
71537243717698
71539122790400
71605694775432
71605699018784
71605761904640
71623151452160
71674414891008
71743133714449
71743146295424
71743335055360
71756018679808
71777493713152
71811853190656
71882722246656
72018013782144
72018020270096
72018079252992
72020159103016
72035326754816
72052388139008
72165114249216
72567767499396
72567767566624
72567767568450
72567767630856
72567768514720
72567770580224
72567774248964
72567775855618
72567784216577
72567792599560
72567803085328
72567805181992
72567836704800
72567838736402
72567902707720
72567905943552
72568035869000
72568170233856
72568308761600
72568371417096
72568841250816
72568842228224
72568858476560
72569042501636
72569914926592
72572062412816
72572064514056
72572070854720
72572079570944
72573169696896
72574746755074
72576642613248
72577431126017
72578539454464
72580652338176
72585081520193
72587113660416
72589246464256
72593537237016
72602127176708
72602127696129
72602194296960
72603477737472
72619307311104
72636488024080
72636521005056
72636621128064
72638634428416
72645143953920
72705211645952
72705474826368
72705743421440
72739566125090
72842645635076
72844792840208
72851235275010
72859826782208
73048812158976
73117523247125
73117523771528
73117590364224
73126652149760
73134703117344
73187320659968
73392669591552
73667279094273
73667295838338
73667379986432
73667413805056
73669426544708
73675877388288
73943767580672
74766790706720
74766790836296
74766791248384
74766794932352
74766799077514
74766807638016
74766807728137
74766810103808
74766824374788
74766874576898
74766893449280
74766924913664
74766926020609
74766958985232
74767193342084
74767329788032
74767461801984
74767671492608
74767868625472
74767899066368
74768938172466
74768938696769
74768971989120
74771085676800
74771103481984
74771152838656
74773235237376
74775380758544
74775380885792
74775414259712
74775447764996
74775918018562
74783970562208
74783975800848
74783979208768
74784239001602
74801152534528
74801154887680
74818330362112
74835519082496
74835526943488
74836047038468
74839805132817
74844100101128
74870004121602
74904229654592
74904231215136
74904232001538
74904238096896
74904246419476
74904267391232
74904498209792
74905840254977
74938589413384
75041668604932
75046500433984
75052406016000
75076028465153
75110459375616
75316546502918
75316548599832
75316554892289
75316680753216
75342333083648
75385534676992
75592498151552
75866302317648
75866570754304
75867443167240
75874893300224
75903346409472
76158360125440
76965815257088
76965826535424
76970108911652
77008763617344
77105534599168
77240725409792
78615081517056
79164837204072
79164837756934
79164838257184
79164839363136
79164846637200
79164854108196
79164870754696
79164904310804
79164904374402
79164922167296
79164971430016
79164971434008
79164973516801
79165109831712
79165114025472
79165375186944
79165407658496
79165910960384
79165911072785
79165911203850
79165929817088
79166049878016
79166984693762
79166985208840
79167001461056
79167527845888
79169134526496
79169166247936
79169677426689
79173695701120
79175574622209
79182017074432
79183359311872
79184164814852
79194902003712
79199197986825
79199205408768
79199230492740
79199734464512
79203777118208
79233557201424
79233560936452
79234093809792
79237852696576
79242146613312
79302276178944
79302278283392
79302309904384
79302813024322
79306571120900
79310882865664
79439715115088
79439715958784
79439874490368
79444010074752
79474074882048
79577422495752
79714597224512
79714643345424
79715675148288
79723250057472
79731774980098
79748952753280
79990007791620
80264350941188
80264357216514
80266764779520
80268647989256
80272939294720
80282065567776
80367495151616
80401788045312
81363860718336
81364028227586
81364414111744
81364934230080
81432582160384
81501366517761
83562884006912
83562887905283
83562925654048
83567313027072
83580063582216
83632676937728
83837762682880
84114787074048
85762175402000
87960930222768
87960930224139
87960930239752
87960930304513
87960930354272
87960930615426
87960931573760
87960932325380
87960943854592
87960947003664
87960963789312
87960963809285
87960964301826
87960997863552
87960998576128
87961005752832
87961081741313
87961207572480
87961500713216
87961534464064
87961735536672
87962003988544
87962071073026
87962272399380
87963077969936
87963080359936
87963081916418
87964151517184
87965225226248
87965225452545
87965359472644
87965495722112
87969520419332
87971676037120
87973816172576
87978111141952
87978120577025
87978244575232
87979183833224
87982942060544
87995289960896
87995340554240
87996363703808
87999593316354
88029666541696
88029716812800
88038512263168
88064009437217
88098385960968
88098405875712
88098637873408
88115553271808
88167088670720
88235816796160
88244398067840
88253055107088
88510686069776
88510688141568
88510703861764
88512430866432
88553635708936
88581552996416
88785568137248
89060443947042
89060462821888
89060978720780
89062723682304
89064803928064
89086245208064
89094802178048
89197880803393
90159953616897
90159970271264
90160221978626
90160490351104
90194447433744
90301687922688
90434833481792
90709751234560
92358976831520
92358985253120
92359261945920
92359514656768
92368642506752
92633855164424
92908799672320
94643899334656
96757023424512
96757024817408
96757392343040
96765613244432
96894596415520
97100620627970
98956050698240
102254581383296
105553116300928
105553116366912
105553116987394
105553117331504
105553117845504
105553118633988
105553122558978
105553124655139
105553125704000
105553137270792
105553141436544
105553149820956
105553151008768
105553251009600
105553254686752
105553317724168
105553384706561
105553418780800
105553451811076
105553653141584
105553669915680
105554192105856
105554194284544
105554592661506
105555299467264
105555397988352
105556345880592
105557411234057
105557428076560
105557444821024
105561706468352
105561842516480
105566001168576
105570342273024
105570836152320
105571369910273
105579154507776
105587476267074
105587484402176
105588180647936
105588550795268
105591771107328
105596083240960
105621835743816
105621835745424
105621840330752
105626197835776
105632573161728
105690555222560
105690555236420
105692703752193
105694984667136
105759276797952
105827994722304
105828262739984
105829135024192
105830678560768
105896847867905
105965483458560
106102872213505
106102873391616
106103408951426
106105036349440
106107443871744
106111462080516
106240311034888
106652636285952
106657459740672
106661284937760
106669808025728
106927505801226
107202383724800
107752148041732
107752207187968
107753213526048
107788646744072
107821664305152
107906758410240
108027021623808
109951230936064
109951699714056
109953582891008
109956531488768
109968343171076
111119427436544
112150188130305
114349209289733
114349209329920
114349226082306
114349285048320
114351356903936
114357804466176
114400748896272
114967684579360
115448720986112
123145306505233
123145436530944
123147449794692
123154429132800
123215096053760
123317168111616
123420180284416
126443838242816
127543348822530
131941397430280
140737488882817
140737488949251
140737489404321
140737489410306
140737489543174
140737490453314
140737490465284
140737490475009
140737490731020
140737492551300
140737492575240
140737492594690
140737493106712
140737494712337
140737496747272
140737496781825
140737496795152
140737496834052
140737497858096
140737498972289
140737501069346
140737505139216
140737505208322
140737505234976
140737505312776
140737507270657
140737507360864
140737509589250
140737513783364
140737521923104
140737522061316
140737522114624
140737522270224
140737522958405
140737526185986
140737526366400
140737530315009
140737530823172
140737538949153
140737539211400
140737555490880
140737555767304
140737555873920
140737556185120
140737557561482
140737564016644
140737564377472
140737572274690
140737572307073
140737573291016
140737589542978
140737590067472
140737622585601
140737622626432
140737623179280
140737623392512
140737624014912
140737626767636
140737639677960
140737640399616
140737656194052
140737656258818
140737658226704
140737689682961
140737690730628
140737691779616
140737756815874
140737756897536
140737756922885
140737757061185
140737758003232
140737758429696
140737759674496
140737765179944
140737790378113
140737791000592
140737792443904
140737824032776
140737824162308
140737828098080
140737891010594
140737893105928
140737895203904
140738025276420
140738025357331
140738025439744
140738025490442
140738025767042
140738026373121
140738027651136
140738028504064
140738030993664
140738042004560
140738092400898
140738093645856
140738096532480
140738159710224
140738159969288
140738167840832
140738293665860
140738297856528
140738302052480
140738562114057
140738562197512
140738562359334
140738562524160
140738562625556
140738563178756
140738564390914
140738566946944
140738568652800
140738573632000
140738595653792
140738696446468
140738698936384
140738704709632
140738831065120
140738831583248
140738847326336
140739098976392
140739107357728
140739115749632
140739635872786
140739636039696
140739636363340
140739636692992
140739636895784
140739638002184
140739640426500
140739645538560
140739648950272
140739658908672
140739671490563
140739702952256
140739704127489
140739904537608
140739909517440
140739921063936
140740173774912
140740174811168
140740181099009
140740206297344
140740709597456
140740726360128
140740743143936
140741783339043
140741783390244
140741783724064
140741784371352
140741785030656
140741785436240
140741787649040
140741792497672
140741802721792
140741809545216
140741829462016
140741854625798
140741917549184
140741919899650
140742320719888
140742330679552
140742353772544
140742859194496
140742861267008
140742873842690
140742924239360
140743930839584
140743964364928
140743997932544
140746078322758
140746078425160
140746079092800
140746080387376
140746081705984
140746082517152
140746082623489
140746086942752
140746095067457
140746096640016
140746117088256
140746130735104
140746170568704
140746220896268
140746346743040
140746351443972
140746749378593
140747153084448
140747154129921
140747173003776
140747219189760
140748230033664
140748234178688
140748259330052
140748360123392
140750373323840
140750440374528
140750507509760
140750642741249
140754668226821
140754668290188
140754668494992
140754669273617
140754669830272
140754672419424
140754675056640
140754676678976
140754676891650
140754685530176
140754701779586
140754704924704
140754745821184
140754773114880
140754852782080
140754953437208
140755205095617
140755205130752
140755214532616
140756010401858
140756817813568
140756819904514
140756857652224
140756950024192
140757889454081
140758971712000
140758980002048
140759030304776
140759231891456
140763258292352
140763392393728
140763526664192
140763797127170
140771848098314
140771848225048
140771848634656
140771850191906
140771851305216
140771853074433
140771856483520
140771861757952
140771865002624
140771865427972
140771882705024
140771915203844
140771921494080
140772003287040
140772057874432
140772217208832
140772418519088
140772921835906
140772921906176
140772940709904
140773995577441
140774532448388
140776147271808
140776151453700
140776226949120
140776411693056
140778290552834
140780455068672
140780471648768
140780572254224
140780975427584
140789028229376
140789296432128
140789564973056
140790105899012
140793457147905
140806207833099
140806207841300
140806208094768
140806208913984
140806212028484
140806214255104
140806217793538
140806224611712
140806235160576
140806241649920
140806242500616
140806274945537
140806277054720
140806342052360
140806354632832
140806518218752
140806627393536
140806747324417
140806946062336
140807348682848
140808355316484
140808355457024
140808393064480
140808489549825
140810502799554
140811576541448
140814806188288
140814814552072
140814965542912
140815335030784
140819092750340
140823421782016
140823454942208
140823656153120
140824462499840
140840567570577
140840568103424
140841104508928
140841641590784
140842723442696
140849425940482
140874927310870
140874927317029
140874927327272
140874927834208
140874929472640
140874935701640
140874936748033
140874940154880
140874947231748
140874960868096
140874981965824
140874994944512
140874996645904
140875061535746
140875065754112
140875195749392
140875220910336
140875468374025
140875548082176
140875766431744
140876001050705
140876006293506
140876403769344
140877209010368
140879222277640
140879222558720
140879256354817
140879297773632
140879490744322
140883517243780
140885664727568
140892124021248
140892140748816
140892442730496
140893181706240
140900697145352
140909355208704
140909421529088
140909823950912
140911436644352
140943646785826
140943647851520
140944720662528
140945794826240
140947958530064
140961363525636
141012366266412
141012366278730
141012366299216
141012367313088
141012370589952
141012371521537
141012383047952
141012385140738
141012391954432
141012406108168
141012433380864
141012475576320
141012500611081
141012501533696
141012504936480
141012634716164
141012643152896
141012903143456
141012953465344
141013448392722
141013607809024
141014044508160
141014513746082
141014513747201
141014524231684
141015319183360
141016678006789
141016929665408
141020956199952
141020956762112
141021024354306
141021107191936
141021493133316
141029546132232
141033841099808
141038136328193
141046759687168
141046793142304
141047397105664
141048875057152
141063905935376
141081222062080
141081354702848
141082159546496
141085384933376
141149805216324
141149807347712
141151952969728
141154101297152
141158428704800
141185238695944
141287244177496
141287244202132
141287244243104
141287244333121
141287244693553
141287246270848
141287252824576
141287254687746
141287277740576
141287281926148
141287295553536
141287323861008
141287378406400
141287462797312
141287512866834
141287514712064
141287521517632
141287781077000
141287797950464
141288317931584
141288326299653
141288418575360
141289408430116
141289727262720
141290600660992
141291539136836
141291539139074
141291539145729
141291560108040
141293150011392
141295867658250
141296370975488
141304424044576
141304425168896
141304560353284
141304726028544
141305497911304
141321603909136
141330193844288
141338784301058
141356031019008
141356097929280
141357305856000
141360261758976
141373160292353
141390323515424
141424683384961
141424955768832
141425221050368
141426830737664
141433281511424
141562122077320
141562126340096
141566417584128
141570714238976
141579369054272
141596750249985
141632989036560
141836999987225
141836999999664
141837000048936
141837000066049
141837000130880
141837000310914
141837000638977
141837001031778
141837002342657
141837004186368
141837017293824
141837021020164
141837067125824
141837075496968
141837102751744
141837159366688
141837268457472
141837437239296
141837537378340
141837541068800
141837554679936
141838073798672
141838107545600
141839147507840
141839164243978
141839348795392
141841328504904
141841966170112
141842368694273
141843712966656
141845589918344
141845589922820
141845589936130
141845631860752
141848811667456
141854179885089
141854246961172
141855253595648
141871359733824
141871361982464
141871632351240
141871963701760
141873507467280
141905719462944
141922899333248
141940080246788
141974573682688
141974707503232
141977123356672
141983035162624
142008832229378
142043158675520
142111878414594
142112423182336
142112953745408
142116173120000
142129074667520
142249383952385
142386755799312
142386764324864
142395346812928
142403940122624
142421249753216
142456012144642
142528489717792
142936511619122
142936511644000
142936511742544
142936511776770
142936511906432
142936512266500
142936512922626
142936513708228
142936515809409
142936516329986
142936520017408
142936546232320
142936553685000
142936645896320
142936646090757
142936662638608
142936717148160
142936788434947
142936830378048
142937048559616
142937386123264
142937586401352
142937593782272
142937621004544
142938659242016
142938726735872
142940806660352
142940840132628
142941209235456
142945101548033
142945168654480
142946443984896
142947249033218
142949937577984
142953691481360
142953691490312
142953691516932
142953775366176
142960134979584
142970871414850
142971005567016
142973018835968
143005231112320
143005235609600
143005776347152
143006439048192
143009526579232
143073950570560
143073950760961
143108310311168
143142672138248
143211391615009
143211659010048
143211926651136
143216758358016
143228581969920
143280176103428
143348828995712
143486268473860
143486334533641
143487358009344
143488419135488
143494857884672
143520660979712
143761279549442
144036023243296
144036040294400
144053205270528
144070391889920
144105011151104
144174535933956
144319491080256
145135534882916
145135534899213
145135534932672
145135535129760
145135535198212
145135535457536
145135536177672
145135536447489
145135537489924
145135539061128
145135543263490
145135544304644
145135551679488
145135604109312
145135619014672
145135803437312
145135803826186
145135824273409
145135836921888
145135945940992
145136088514566
145136172400768
145136608763904
145136675717123
145137283891200
145137684447376
145137699209216
145137753653760
145139830128704
145139965116416
145144124965376
145144191909928
145144930115584
145152714740738
145152848953632
145155399614464
145157009711108
145162386800640
145169894607392
145169894625296
145169894678536
145170062377024
145170431476737
145182781603840
145204254474372
145204522778704
145208549316608
145212844343297
145272973869312
145272982863872
145274064338976
145275389741056
145281564803136
145410412785792
145410413166594
145410446329857
145479132267008
145547855921168
145685294874690
145685829664768
145686364946944
145696028360704
145719675584512
145822863851528
145960169636096
146235048592392
146235180711954
146237227663360
146239349915648
146252227414016
146303833604096
146785070743556
147334558131264
147334592233472
147368922185728
147403295424512
147472533946880
147611583512584
147901493805184
149533581410504
149533581443098
149533581510016
149533581774849
149533581904192
149533582041096
149533582559744
149533584000016
149533584539650
149533586624520
149533589766928
149533593960513
149533598171652
149533600253960
149533615003648
149533719863296
149533749674016
149534118519296
149534119297044
149534160191490
149534185488448
149534403526656
149534655184929
149534688673804
149534856446208
149535729172480
149535863078918
149537079427072
149537880539424
149537910063104
149538018952192
149540023828489
149542171902080
149542238420997
149542441877504
149550761575424
149550895464528
149552371875840
149567941126148
149567941148675
149568209551936
149573310873600
149576531066888
149587285245952
149602300859456
149602300895264
149602301001744
149602636398720
149603374598146
149628074852352
149671020593416
149671557202080
149679610277888
149688200331266
149808459383296
149808477372416
149810640322624
149813291126784
149825641250944
150083337216256
150083337977860
150083404304386
150220776178688
150358223487008
150633101394052
150634170974208
150635241538560
150654568366080
150701862813696
150908239347728
151182850916864
151732605173761
151732608829456
151732873068580
151736966971392
151741211475968
151766966472704
151870178852864
152832653131784
153931627907200
153931696111616
153931762106881
154000356016128
154069102493696
154207579538432
154485678669840
155065499255040
158329674465680
158329674530868
158329674664704
158329675194370
158329675453056
158329675726864
158329676764160
158329679644704
158329680723972
158329684893712
158329691178528
158329699565698
158329707987976
158329712152592
158329741651968
158329808619585
158329951371264
158330010992704
158330748683264
158330750238760
158330832027652
158330882621568
158331318697984
158331822014530
158331888992280
158332224537088
158333969989632
158334237802508
158336670498816
158338272723520
158338331770880
158338549549056
158342559301650
158346855448832
158346921902081
158346988486666
158347395399680
158364034795520
158364050931713
158364302573728
158367255396352
158398393896968
158398393942022
158398930748544
158409133391872
158415573778448
158437082136576
158467113353731
158467113363584
158467113435200
158467113648160
158467784442112
158469260840964
158518661349376
158604552831504
158605626048832
158621732200448
158638912307204
158673280172033
158879430411264
158879466389504
158883792289920
158889093898240
158913794146560
159429186077184
159429187600392
159429320253444
159429991333889
159704064002048
159978958618688
160528714432776
160530853593088
160532994721792
160571648376832
160666237272064
161078990340128
161628213478400
162727721992194
162727729303584
162728257781832
162732015878401
162736445587456
162744934596608
162796444590080
163002869350400
164927817908240
167125767459072
167125800984577
167125903867904
167126035858434
167263223676928
167400716632064
167677670721536
168233868984352
169393510154752
175921860576032
175921860706408
175921860974080
175921862033412
175921862550784
175921863098400
175921865172992
175921869094929
175921870934080
175921873092616
175921881432096
175921894001728
175921910776068
175921927586049
175921927620624
175921935949856
175921994948608
175922128883842
175922414387200
175922533630080
175924009011200
175924012122192
175924175699976
175924276887808
175925149040640
175926155412033
175926155673732
175926289629232
175926960718848
175930451623936
175930987249688
175935852642304
175939057091712
175939175186432
175939610742784
175947630247972
175956220184585
175956222542336
175956355448834
175956488618004
175957302444032
175990581235712
175990613508098
175991116792128
175991657857025
175997022437376
176059299438608
176059299528716
176059569930241
176060373141760
176080778428416
176093659201568
176136675917824
176196738352134
176196738371840
176196738515072
176196738940992
176198080528896
176201033326600
176299834343424
176471617307680
176471649878017
176473763742336
176505976045568
176540336259080
176609071988738
177021372080131
177021372467200
177021444423680
177030096224512
177040699441152
177090099937792
178120883799040
178120886845456
178121152151560
178122494312450
178123047960577
178670639648768
179220428882048
180319940510224
180324218830848
180328501088256
180405808398336
180594986188800
181420492324928
182518938601472
184717955629060
184717970251840
184719027208336
184726543401474
184735402819584
184752380837888
184855400824832
185268250345472
189118147461152
193514046562816
193514113613826
193514319380480
193514583361540
193522636423297
193788958998528
194063944908800
194617853087744
195730249613376
198049531954176
211106232796736
211106232829953
211106233057488
211106233592832
211106235711496
211106236746240
211106237841472
211106241990656
211106249834530
211106253512832
211106257829904
211106274508864
211106299648128
211106333196808
211106366816770
211106366885920
211106383544384
211106501033993
211106501541888
211106769412356
211107324100609
211107340419072
211107578904832
211108380024849
211110529667072
211110535889056
211110863044624
211111065420288
211112809725952
211114822468738
211114822992136
211115090903136
211116433082368
211123414892544
211124486144048
211134216929280
211140592271877
211140625828096
211140862017536
211141733130240
211157772140616
211174952013842
211174956729344
211175222542340
211175488880680
211177116532736
211243674116096
211243738660868
211244745228928
211245827358722
211256556519424
211381110521888
211381110702104
211381651505154
211383257928192
211424068501504
211449830047808
211535863480320
211655988348940
211655988388352
211655988674816
211655989526656
211658672702464
211664578297872
211862180331520
212205746260032
212205811400706
212205882572801
212210039129344
212274463735808
212343184162832
212480655622148
213305255804934
213305256579072
213305400492032
213305826213889
213322704093696
213343910526976
213442711520256
215504279242752
215504285335584
215504815947792
215507500269572
215508607565826
215521458929665
216603790942208
217703369408768
219902392665120
219910949306368
219919513821184
219971045032193
220074128441344
220452484022272
222103496294528
224300388847616
228698422902792
228698452148352
228700566061344
228715598447620
228733317283840
228767273320448
228973313294336
229248174395393
229799012335616
237498806566976
246290604770304
246290738872324
246291150405632
246291678367752
246307784491266
246840429641728
247390401462272
248498217820160
250723010871424
255361575553024
281474976985105
281474977244417
281474977259554
281474977301009
281474977778178
281474977808452
281474977890385
281474977891362
281474978810241
281474978845700
281474978906248
281474979070114
281474979072068
281474980909826
281474980980744
281474981101840
281474981429572
281474981433480
281474983133193
281474985108996
281474985250832
281474985363465
281474985493024
281474986148488
281474986156304
281474989555730
281474993507336
281474993791008
281474994016274
281474994275392
281474994536581
281474995586320
281474995601952
281475002400804
281475010304016
281475010330659
281475010691073
281475010871360
281475011321892
281475011840128
281475012362506
281475012370497
281475014461984
281475014493248
281475028090952
281475043897376
281475043950662
281475044671490
281475045032064
281475045933128
281475046969600
281475048014356
281475048030338
281475052213312
281475052275840
281475052863489
281475079471248
281475110933507
281475111084096
281475111190668
281475112632324
281475113353472
281475113549857
281475115155600
281475117228544
281475119318056
281475119350020
281475127715968
281475127841024
281475129016322
281475182231840
281475245156358
281475245178891
281475245457536
281475245670680
281475248553992
281475249996288
281475250389058
281475253600544
281475257746432
281475261925456
281475261989384
281475278721280
281475278971392
281475281321988
281475387753024
281475513602060
281475513647126
281475514204416
281475514630704
281475520397328
281475523281920
281475524067460
281475530490432
281475538782208
281475547140256
281475547268112
281475580731904
281475581232128
281475585933320
281475790413825
281475798795392
281476050453061
281476050493464
281476050583596
281476051698176
281476052550752
281476064084000
281476069853184
281476071424264
281476084270208
281476100853760
281476117569856
281476117825568
281476184753152
281476185753600
281476195155984
281476604116994
281476620880128
281477124195466
281477124276272
281477124325665
281477124456536
281477125251075
281477126685696
281477128389649
281477128390848
281477132587013
281477151457344
281477162995712
281477166137872
281477174542337
281477191829760
281477224996864
281477258429056
281477258940480
281477392795648
281477394796544
281477413601312
281478231523332
281478265049600
281479271678989
281479271680276
281479271841888
281479271940674
281479272202416
281479273791494
281479276660736
281479280068642
281479280071040
281479288463370
281479326204032
281479349280768
281479355565088
281479372374018
281479406948864
281479473283072
281479540147456
281479541170304
281479808880640
281479812882432
281479850491968
281480348565505
281481486336008
281481553388544
281483566647322
281483566649896
281483566779393
281483566973120
281483567170692
281483567694176
281483570840193
281483570872332
281483575066689
281483576610816
281483583426628
281483583431424
281483585585153
281483600216084
281483675697408
281483721850880
281483734419520
281483768037380
281483835080965
281483837187072
281483969855488
281484103584256
281484105629952
281484640387121
281484641050624
281484649054208
281484724273280
281485720420354
281487995961360
281488130066432
281492156583988
281492156589136
281492156679169
281492156848130
281492157235584
281492157630728
281492158677696
281492162347009
281492164969730
281492165034008
281492173422722
281492176510976
281492190142600
281492190152192
281492194459650
281492223721512
281492374684160
281492466991104
281492492128384
281492559364104
281492693451274
281492697663488
281492827668497
281492963000320
281493230457856
281493234549248
281494304063586
281494305390592
281494321397760
281494471835904
281496464130052
281496485103617
281501015212064
281501283422208
281509336457320
281509336467616
281509336647682
281509336985604
281509337760512
281509338550800
281509340644736
281509347983362
281509353228804
281509353357360
281509370134788
281509376311296
281509403574544
281509403593728
281509412208644
281509470732368
281509772657664
281509906874881
281509957271552
281510007546112
281510142017552
281510410191892
281510418616320
281510678626338
281510949289984
281511484205056
281511492387840
281513631416516
281513634070528
281513666084864
281513966961152
281517951549448
281517993496578
281522221359105
281526516580481
281527053713472
281527590133760
281543696203984
281543696224576
281543696584708
281543697260552
281543698810368
281543700390944
281543704578816
281543706689537
281543719256068
281543729746952
281543730004064
281543763558920
281543775911936
281543780073729
281543830438432
281543830476800
281543847706632
281543964754080
281544233254913
281544568604672
281544837039106
281544937832448
281545038381568
281545307324448
281545843673128
281545860521984
281546380542020
281546921869312
281547991699456
281548008065024
281550138638849
281552286122376
281552291430400
281552355459072
281552957211648
281560926388240
281561010282500
281561949798409
281569466007554
281578056450306
281579130716288
281580203556864
281612415697312
281612415738496
281612416458760
281612417810448
281612420910080
281612424052867
281612424071232
281612432441441
281612432446976
281612436668418
281612461801480
281612482783248
281612483297472
281612550407184
281612575113216
281612583436802
281612684166208
281612684242944
281612718702608
281612952797504
281612953600001
281613489799170
281614160498688
281614697367556
281614898954240
281615100052480
281615637938240
281616710635600
281616744333312
281617784373384
281618867027968
281621006688256
281621039419392
281625300567042
281629595534096
281629606150144
281629734207488
281630937712640
281638252576769
281646775928833
281646876065824
281647043854344
281648922886162
281663955304452
281681136189956
281683284721920
281685430403072
281749854683968
281749854766336
281749856206864
281749858910240
281749865109504
281749871395078
281749871431808
281749888172226
281749888183296
281749896626180
281749922840577
281749946892304
281749988855840
281749989884288
281750001418241
281750124103712
281750173515776
281750190162948
281750391621760
281750391775232
281750460694560
281750928884352
281750930489346
281752002887684
281753344286720
281754149847297
281754418024456
281754821197824
281755223394304
281756299165824
281758444560544
281758511955968
281760592036112
281762757345280
281767036665856
281767102128128
281775624423428
281784214357536
281784235589632
281784491704320
281785288114177
281786898714624
281801528442882
281818575147010
281818775420992
281819110998032
281822869061668
281852933898248
281887293702149
281887295669256
281891592733184
281895884095488
282024732526629
282024732657280
282024732822016
282024735703072
282024741109824
282024753508352
282024766079500
282024766152960
282024799633796
282024799655936
282024816541704
282024868970498
282024917073952
282025001001024
282025001287681
282025003057920
282025026125826
282025271496768
282025370320896
282025403615240
282025806532864
282025806839808
282025823044609
282025944678464
282026881058048
282026884268036
282029029064712
282029094600721
282031711862784
282033322983938
282033859338256
282034665684992
282035470077952
282037621620992
282041912410432
282042047201280
282046207361568
282050537979904
282059092262979
282059096621056
282059227545600
282076272136200
282093452004416
282093452005505
282093494468608
282094006697984
282095599517698
282098820718592
282128080175108
282162173583364
282162574131328
282163245285408
282170761412680
282230891085840
282299610693642
282299614627856
282308208755712
282316791480320
282574488342602
282574488354835
282574488603904
282574488933376
282574494695488
282574505508992
282574530306048
282574555448344
282574555480069
282574555595264
282574622556936
282574622601216
282574656372752
282574761230340
282574857437248
282574890993665
282575025291392
282575025864706
282575029405184
282575075540996
282575566282880
282575763931136
282575830519824
282576636355072
282576636968960
282576669378562
282576912646272
282578785405440
282578791825416
282579320176673
282583081418768
282583212490786
282588447014912
282591668211969
282591669257220
282592741965856
282594354659328
282595963445248
282600266531328
282608848110208
282609117691904
282610995560457
282617438012480
282626099249152
282643207815302
282643216531456
282643478380544
282677567561744
282711927298176
282711927300354
282712012226560
282713036685312
282716222324740
282722664726528
282781183639560
282849370456072
282850171552000
282851513860160
282866546114704
282986805461024
283124244676628
283124252545056
283141440800768
283158606249984
283261687300097
283673999974548
283673999999014
283674000497152
283674000523393
283674001156096
283674012680320
283674034307328
283674083901440
283674134186032
283674134249482
283674134315521
283674134479872
283674268403216
283674268491776
283674336034848
283674545750024
283674738163840
283674805276674
283675073872128
283675075018756
283675082099712
283675174371336
283676155855104
283676551151616
283676684328992
283678295999488
283678297227264
283678362046468
283678848581888
283682594100224
283682606940176
283683663642690
283691186126880
283691448270916
283701917319168
283708359713282
283708361803784
283710507221056
283713732608000
283716950179840
283725556352000
283742719509760
283743258673152
283747014410258
283759899314304
283777221787648
283811438919948
283811441020929
283811456352256
283811980050432
283880158412832
283948877885696
283948877890052
283949047742464
283951096659968
283957467938824
283970352742400
284017865785345
284087390568464
284223764201488
284223790383105
284225366393344
284228051009664
284258115518752
284498634211392
284773512642600
284773528379456
284774585401345
284807904890880
284842235789312
285048397889538
285873023238440
285873023287372
285873024283648
285873024336130
285873025601536
285873027497985
285873048649984
285873090334729
285873091904000
285873191092224
285873291661408
285873291788308
285873291920386
285873292249088
285873560095776
285873560272896
285873695359040
285874114789392
285874499617024
285874633842692
285875171033600
285875173326856
285875187488768
285875372032016
285877318713347
285877334999552
285878125592576
285878391947328
285881615288320
285881617743872
285881747382280
285882720453120
285890211489792
285890237169696
285892350574724
285907395543104
285907533955073
285907919831176
285928857927680
285941742715908
285941746896912
285946037731456
285952488505344
285958923649024
285976135993344
286010462308864
286011540635648
286019052109860
286044821917952
286079466864640
286147901129240
286147901129857
286147905331202
286147935993856
286148983390208
286285340115008
286422779060736
286422779069448
286423118774272
286427216609280
286439959166992
286465728774144
286560754860034
286699804426272
286972534988801
286972551692320
286972604055554
286975756076032
286981125308672
287041254326848
287522291712128
288072048574544
288072080048256
288074194092034
288081173282817
288140833071104
288209494867968
288621819068420
290271069750017
290271069766224
290271069769761
290271069806597
290271069864088
290271071856640
290271071961604
290271074492416
290271078285314
290271120589312
290271203958802
290271204212801
290271207097344
290271405473792
290271606612160
290271606865960
290271607130116
290271607787520
290271673712643
290272143480896
290272143835136
290272185417729
290272414007424
290273252868128
290274022523392
290274290974728
290275365356544
290275369943056
290275398266880
290275767353376
290279660716038
290279693288448
290281274474496
290281807184000
290288253865984
290288258777088
290288518053904
290290464195584
290305446268928
290305497628736
290305702100993
290309724438792
290339814375552
290340091199490
290340862951696
290382739144704
290408508721160
290408517083168
290417098752256
290430000300032
290442870587392
290477295276032
290545947907072
290548104560640
290563127509064
290614667125248
290683957018624
290820825547824
290820825549058
290820833951748
290820895277056
290822990069760
291095703519360
291370581410816
291370581428240
291371260837888
291379456507904
291404941623328
291456480837632
291646533009412
291924632141888
292470093266946
292470109765641
292470126673984
292470231400452
292476535441408
292487273906688
292607531943040
293569606713600
294669117294593
294669120438432
294669183385856
294673411473412
294687369854978
294806689431552
294944013025280
295768661426184
299067162789378
299067162821792
299067162828866
299067162902538
299067163017520
299067163557889
299067163836673
299067167002624
299067167212552
299067172274176
299067179859972
299067264467968
299067431206948
299067431714946
299067437484032
299067834236928
299068236513664
299068237021264
299068237549576
299068238864384
299068370714630
299069310251136
299069310959616
299069394124802
299069851304192
299071529025600
299073068336128
299073605238800
299075754002432
299075763175456
299075819823104
299076557996096
299078034391041
299084344721420
299084409866240
299087572238336
299088637657344
299101531021312
299101540843520
299102059397152
299105951680512
299135915827200
299136018546816
299136427491330
299144472166928
299204652040448
299205205688324
299206749192736
299209165111297
299290501578752
299342040731664
299342057455680
299359220793856
299385023889408
299410764464128
299479613841408
299616919103488
299616926958081
299621232410624
299651278307472
299754357539840
299892937326592
300166674384992
300166674387460
300166691192840
300166813843456
300171003428864
300441554386945
300716430328064
301266186110976
301266186145824
301267544965120
301283936305152
301334906536000
301437984964608
301818089308168
302374287573120
303465209823236
303465242820626
303465276637312
303465486090248
303478094172160
303482389135425
303499571102720
303740087175424
305664236716544
307863257878530
307863264166208
307863390061056
307871846236168
307899762999300
307931975255041
308138402152448
308413049339904
310062346141712
316659348868100
316659348932928
316659348947076
316659349094420
316659349324384
316659350405122
316659350962690
316659353255969
316659357294592
316659357714448
316659367837696
316659383009288
316659552225280
316659617235089
316659885703240
316659886719236
316659887768577
316659898257408
316660422541571
316660691763200
316661496316672
316661497331872
316661498388496
316661501018112
316661563392065
316661764718604
316663643791616
316663645208576
316663811538948
316664725897728
316668081340544
316671159961600
316672233766944
316676531294208
316676549640256
316676662935552
316678139281536
316681092071426
316693712732184
316693843021824
316700167766016
316702298604032
316728085331968
316728104976384
316729142083648
316736926650368
316762428047361
316796787753481
316796854943744
316797060382976
316797878272004
316813967623200
316934243491841
316934327370240
316935434665992
316938521674816
316943353511938
317106026446848
317209104752672
317209138200704
317243464877056
317295071068160
317346552217600
317484250972160
317758861496320
317758877205506
317767488110592
317827579904288
318033738369024
318310897942528
318858372059328
318858372064264
318858372073473
318858405675024
318858650976256
318867030147072
319408132063234
319957883945472
321057395511296
321057395580992
321060113219584
321092895899648
321194836361344
321400993218560
322161201905680
323273598435584
325455442935816
325455508930596
325455576563968
325455995469840
325481211633664
325489801560194
325524165494784
326005197640192
329853496722432
334251539046404
334251551621760
334251568402433
334251803411456
334268715761680
334324549287944
334388973799426
334801827594240
335351121969152
338649715572768
351843721025544
351843721155200
351843721183496
351843721478184
351843721938112
351843724099588
351843725214724
351843729801282
351843737698321
351843737878528
351843738718240
351843758964736
351843787999745
351843789307920
351843855122437
351844127739904
351844257759522
351844794695824
351844795158529
351844796727816
351844798826498
351844819804160
351845868372486
351846406815744
351848015922688
351848017953088
351848020066336
351848025325568
351848150073474
351848552726552
351852310872576
351852313706496
351852646367240
351854475084800
351861185970432
351867343212544
351869490823232
351878085877760
351878122569856
351878349160448
351881301852416
351887207432196
351912444559425
351912448753712
351912709332992
351925358821376
351929620497408
351981193953280
351981233242112
351983307456640
351998876590080
352049879384066
352118598796306
352118733176832
352119144055296
352120779833352
352135778664481
352152958535744
352393476710409
352393510273026
352393678029824
352395892621328
352402066638976
352411730313220
352737076183040
352943232794688
352943299690752
353011953043456
353115165425664
353218127724544
353493525233664
354042746281984
354042777700356
354044891889665
354059999510528
354180183097920
354592500027392
355146819174400
356241767408000
356241767417872
356241767436290
356241834639392
356242069389313
356242325241856
356259083583488
357341287415812
358440791180288
360639814311936
360639814451328
360645249728512
360710815088640
360914696012032
361327009726464
362847427100704
365072220160512
369435909160976
369436041150536
369436176417280
369436443803777
369437014229024
369487446556672
369504626409732
369573354278912
370535418569728
378232016734208
387028101382152
387028126532864
387028160094210
387028630112256
387062454812704
387174121865232
387302970888196
388128678477824
389227267227648
395824454434880
562949953424409
562949953427506
562949953433700
562949953446088
562949953470864
562949953495081
562949953520416
562949953568850
562949953619520
562949953699889
562949953716388
562949953817728
562949953978466
562949954011464
562949954214144
562949954535620
562949954601616
562949954605089
562949955006976
562949955649928
562949955781920
562949955788866
562949956592640
562949957878544
562949958142528
562949958156420
562949958664513
562949959717889
562949959763968
562949961941761
562949962334353
562949962335776
562949962863744
562949962891528
562949963907714
562949966014466
562949966106624
562949970462210
562949970993153
562949971247394
562949971250240
562949972306176
562949972361744
562949974394116
562949978607620
562949978791936
562949987503108
562949988090369
562949988564994
562949989073476
562949989079168
562949991191040
562949991302176
562949995366920
562950003793928
562950004162560
562950020530821
562950021584904
562950022759426
562950023708676
562950024725640
562950024737024
562950028960768
562950029183040
562950037312528
562950037342209
562950054166544
562950054903808
562950087640330
562950089748496
562950092097540
562950093996040
562950096029968
562950096052736
562950104500224
562950104944768
562950108610577
562950121203744
562950121263106
562950154911776
562950156386304
562950221859348
562950226075680
562950230773768
562950234570768
562950238638624
562950238684160
562950255579136
562950256468224
562950263799842
562950288986176
562950289104900
562950356082691
562950356402240
562950359351296
562950490297384
562950498730048
562950508126224
562950515720224
562950523846693
562950523855936
562950523947008
562950557532169
562950557736960
562950559515136
562950574178372
562950624551040
562950624788488
562950625034497
562950758744070
562950759383168
562950765281280
562951027173456
562951031357475
562951044038784
562951062831136
562951078019136
562951094272074
562951094290560
562951094472704
562951127826689
562951161643026
562951162052608
562951165608960
562951194935432
562951295680768
562951296155664
562951296647682
562951306084353
562951564066828
562951565345024
562951577141248
562952100925600
562952101969929
562952109293638
562952134656256
562952172240960
562952202616960
562952235122836
562952235159808
562952235524096
562952237219905
562952302232066
562952369864740
562952370683904
562952377796608
562952436449552
562952637788161
562952637940224
562952638890016
562952639874052
562952658747394
562953174712344
562953174908933
562953177268736
562953200861184
562954248429888
562954250518546
562954265165964
562954315498561
562954315891200
562954391060608
562954451812608
562954516824360
562954516898304
562954517626880
562954521018498
562954651042820
562954786308168
562954787946496
562954789470209
562954802171904
562954919477792
562955322155010
562955322459136
562955324358720
562955326326792
562955364073476
562956396003376
562956396396554
562956401116160
562956448301056
562958543438464
562958543651073
562958546501635
562958547615780
562958551811073
562958576910616
562958677575810
562958678361088
562958828699904
562958950203904
562959080227408
562959080375296
562959081832448
562959088615684
562959348664328
562959617102337
562959619195024
562959622471680
562959625519106
562959650922496
562959885534272
562960690888708
562960691496960
562960695296128
562960699232272
562960774725640
562962838585440
562962839371796
562962848811008
562962943180800
562967133292641
562967133455616
562967133880834
562967139581958
562967141810248
562967150200834
562967167373313
562967200399920
562967401730308
562967403300864
562967703978496
562967946986496
562968207033504
562968207329280
562968210243584
562968223810056
562968743907344
562969280783362
562969284968736
562969291522048
562969297616900
562969348423680
562969817647232
562971428356104
562971429572608
562971437170944
562971445043232
562971596029968
562975723749568
562975725322280
562975744200704
562975932940288
562984313163970
562984313489920
562984313815043
562984314340356
562984317362305
562984325742604
562984330199184
562984346980356
562984381325314
562984447378528
562984850039304
562984853180416
562985454535680
562985940551680
562986460645696
562986461237248
562986467065856
562986494198800
562987534393376
562988608145412
562988616516160
562988629622784
562988641812488
562988743426048
562988876562449
562989681873152
562992903290896
562992905723904
562992920920576
562992936665152
562993037312005
562993238638624
563001493078017
563001494077824
563001497223248
563001534980096
563001912459264
563018672906628
563018672939025
563018673558528
563018674208774
563018675259400
563018681303298
563018698063896
563018706977056
563018740539400
563018809229316
563018941334785
563018941335744
563019746657296
563019747229697
563019752939520
563020955650048
563021927682048
563022967870080
563022969053184
563022980710400
563023034976288
563025115365440
563027262869512
563027262963777
563027279611008
563027305824256
563027330203664
563027533430784
563027799703586
563029410324992
563035853160480
563035858026496
563035888419840
563035919908992
563036121202698
563036523855936
563053032734722
563053034734336
563053041025184
563053116538880
563053871497216
563087392380933
563087392391944
563087392456738
563087393695744
563087394996236
563087397097488
563087400771649
563087409185284
563087442706480
563087460532800
563087527657488
563087665037320
563087929248258
563087929250176
563088482910209
563089539893280
563089541038082
563089552457728
563091957878784
563093901942784
563095982318848
563095984685056
563096007999488
563096116531264
563100277309568
563104572317712
563104572506242
563104605800704
563104658227200
563104706986016
563105113440256
563105645985860
563108867228672
563121752899648
563121762631680
563121823418368
563121886396672
563122288984084
563123094290560
563156112048132
563156116047360
563156128629056
563156279656448
563157789573120
563224831340554
563224831362576
563224831395969
563224831492164
563224833970176
563224836571160
563224840773664
563224848121986
563224850202633
563224864949256
563224931991648
563224967644288
563225101893664
563225376653328
563225905075204
563225905079040
563227012399106
563229126365248
563229128654852
563229151494144
563229159858177
563233962336256
563237850464256
563242011216384
563242015948800
563242019586053
563242062577664
563242279641216
563250601197824
563259191214112
563259191591172
563259258180096
563259363033088
563259460550720
563260273459200
563261338550408
563267781036032
563293552377984
563293571842048
563293617913859
563293693415424
563293819372032
563294624546856
563296235159808
563362270674952
563362278673408
563362303836800
563362605891584
563365625724928
563370860216337
563499709259796
563499709268483
563499709303840
563499709370626
563499709563016
563499711858689
563499713822721
563499714519040
563499719721008
563499728126016
563499742790785
563499742822660
563499746983954
563499776477200
563499910561984
563499978719237
563499981867264
563500250366016
563500799885344
563501856729096
563501856736768
563504071376900
563508299309184
563508303888392
563508349566976
563508366295042
563517971251200
563525747507200
563534069011456
563534078476288
563534085750794
563534171734016
563534605861120
563551248974336
563568429006912
563568429761032
563568562938880
563568772644864
563568967680128
563570593497088
563572723679504
563585608650752
563637151334656
563637190262784
563637282406406
563637433409536
563637685322752
563639295672400
563642516898304
563654328057865
563774587928592
563774603925504
563774654252288
563775258361856
563775660884033
563781298028544
563791767011362
564049465098280
564049465115654
564049465186368
564049465319940
564049465704720
564049470296066
564049474224130
564049475616768
564049486020704
564049502830720
564049532160258
564049532224008
564049540546596
564049599533088
564049733517377
564049867702656
564050004017162
564050010313216
564050547310720
564051612533265
564051646349376
564053760036880
564053760052224
564053760278537
564058189332488
564066645197056
564066654355472
564066661696513
564066745712640
564066779168772
564083824787745
564085989081088
564101541593088
564118184601600
564118203531264
564118218080276
564118390046720
564119258300928
564152544527360
564186904592512
564186906100752
564187172456448
564187591868416
564187981938944
564191233572864
564195493937696
564221263880192
564324349248000
564324427104256
564324611391500
564324913397760
564325417224192
564328637923488
564335080375296
564358702694418
564599222435872
564599254429696
564599355083264
564600563302400
564601368346754
564612642635776
564633580601412
565148976758789
565148976775248
565148976809996
565148976951424
565148977218568
565148977988128
565148987170820
565148995026948
565148997812224
565149012361217
565149018620096
565149044834321
565149052240128
565149110899204
565149111026704
565149127671880
565149245644864
565149513613442
565149781984000
565150054613012
565150067205120
565150184638465
565151124291713
565151141200128
565153271645218
565153339277440
565157566652448
565157566683136
565157567135762
565161878355969
565166160740865
565166425243664
565183336972800
565183355289632
565183369971714
565183538003968
565183604916232
565217696154178
565222024740864
565253129764864
565286415781888
565286453641216
565286482739240
565286826672128
565288563180544
565355135633408
565423855763712
565423858780192
565424391491584
565425230315520
565426010456576
565432513724416
565441034454080
565492574339072
565698745074688
565698900787200
565699269361688
565699873374208
565700881027072
565707322425664
565720207329280
565767451967524
566248491450432
566248555438080
566248756745216
566251173183488
566252783272196
566275331850240
566317207781512
566385927258115
567347999969409
567348000096266
567348000129184
567348000198680
567348000481536
567348001015824
567348002554944
567348020920328
567348036632584
567348042203136
567348071301122
567348083818880
567348136247330
567348151058944
567348268377096
567348268632096
567348301922448
567348536803395
567348537868416
567349073805572
567349610546688
567350155804712
567350180988928
567350415855618
567352295162114
567352328978944
567356589869124
567356725133568
567365179883584
567365179944960
567365180850212
567373803290626
567382368060418
567382897066016
567383433412617
567416720524288
567416757157952
567416786522116
567417122586624
567417256411152
567485438887044
567494096060416
567556306108416
567622878142464
567622953861120
567623012057168
567623699922944
567625029517313
567627172939776
567760317845504
567897758106112
567897764139072
567898829561856
567900507209728
567902067491840
567915074027520
567932115486848
568035195256832
568447512084485
568447536728064
568447848153088
568448585302064
568449793327104
568451808632832
568464691430016
568490461237248
568584950513736
569547029479552
569547157454848
569547560069120
569552392945664
569555613123080
569600710279168
569615751053313
569684462141712
569821901094918
571746046460931
571746046517506
571746046771220
571746046837056
571746046976048
571746047000585
571746047541760
571746048610336
571746051688576
571746056142849
571746088419344
571746119843856
571746130984960
571746189180932
571746214216448
571746319073348
571746348696576
571746583332880
571746583842880
571746650423584
571747120185478
571747122315520
571748194189832
571748479139841
571749267672064
571750341413377
571750358188112
571750408556544
571750878289924
571754636902916
571754704536576
571763226316936
571763496845824
571772353118209
571780406345856
571780406468608
571780408279112
571797653159940
571814782699524
571814900138017
571815840710720
571816913403922
571883487627264
571883489656833
571883560894592
571883619622920
571884291751936
571884559400992
572020924352776
572038238699520
572162658795520
572295802863616
572295954300928
572296070693024
572297446424576
572300105613314
572304392458240
572570682269696
572845562790912
572845574856832
572847705702400
572851060998144
572854181562368
572880194633728
572914277552384
573120437092352
573945070747658
573945120034816
573945742884864
573947217182816
573949633232896
573953663844352
573979429438720
574030969053184
574219947606160
576144105537792
576144126640129
576144361488384
576145166716928
576154832470016
576161272824848
576251467137024
576281548685314
576418970862112
576693848768524
580542139466115
580542139474949
580542139500550
580542139613700
580542140121128
580542140252800
580542140530784
580542140579858
580542141662208
580542143799360
580542149955840
580542158864386
580542214979585
580542223417376
580542286266400
580542308548608
580542408034305
580542424940552
580542475011584
580542684725384
580542743971840
580543213244448
580543214264448
580543347425856
580544286949644
580544291209728
580546434958352
580547004858370
580548581922816
580550729405442
580550762954912
580550863691776
580551803158536
580559320384520
580559455651840
580576499212560
580576501563393
580577040270336
580594752815106
580610859270400
580610859515904
580610863136912
580630186295297
580645352898568
580679611977736
580679846854722
580680115322881
580681728000128
580683873386532
580817021833216
580817025892354
580817168367872
580817285824528
580818630082560
580819165380672
581091895284240
581096324464641
581126523977728
581375364169728
581641651163137
581641652305920
581641955180544
581642187964736
581644939427840
581650257805316
581658831495168
582191411118080
582741172160512
582741196292352
582745457983488
582752168574976
582758409703424
582810435846144
582878601683456
583290920763392
584940188074004
584940203802625
584940286648320
584941532348416
584944480944320
584949313044480
584957374267392
585008905456128
585111984685056
585489941791008
589338257654272
589338299858946
589338769555456
589340380012544
589359711518720
589372592228384
589552980852736
589613143949316
589887988302912
590437744115736
598134325510918
598134325528586
598134325579788
598134325806088
598134326820944
598134327084288
598134327640256
598134327738404
598134329903104
598134334177408
598134342287521
598134346490368
598134364307460
598134468116489
598134476537858
598134493413440
598134619111488
598134663675904
598134862647298
598134896459792
598134996601856
598135130882049
598135416029456
598135534522368
598136473067584
598136475107584
598136741430400
598138620477976
598138628998144
598142916495392
598144056295428
598145096482817
598147210424320
598151505389572
598151572488512
598151773962240
598153652895760
598168685250049
598168687347728
598168957882368
598203045003808
598203049705474
598204127119360
598207342051329
598239552208900
598271765119488
598271765610496
598271772852512
598271831834625
598310419169282
598340752375824
598409270534160
598409740288132
598410277224450
598413502578944
598417793351752
598684081344513
598684090245120
598684098363396
598684383314432
598684618227744
598687306743808
598688377340032
599233837147168
599242695507970
599303094534144
599508715175937
599800774918144
600333348904962
600333351190528
600333956939776
600334422508160
600339925434368
600350562189320
600367709569024
601432868814848
602532372023553
602532390899712
602532439163392
602540962545664
602554383728640
602566865985536
602670918270976
602807249945600
603631888105472
606930422726696
606930454183938
606930619875328
606933111275520
606939008467328
606948672667648
606964795113472
607067857490944
607274015948800
608029930160704
615726561887232
615726646296580
615727585689600
615730806603776
615769469616128
615795231035456
616156008284160
616276334477320
616826023184512
617925534810160
633318697600524
633318697635860
633318697738264
633318698190864
633318700220576
633318700747264
633318701859200
633318702055496
633318706384896
633318714933504
633318731153730
633318739559424
633318775193608
633318898929665
633318982811666
633318999654404
633319033405568
633319236567057
633319284801664
633319373930496
633319771873284
633319839498272
633320039782400
633320308342786
633320878637600
633321115623424
633322992713856
633322994139137
633322996793856
633323529439488
633327287534640
633327304574976
633335877795841
633335879569472
633338159169544
633340239544322
633344467427328
633353057357832
633353191555712
633353594503168
633357352370208
633387417078786
633387421274144
633387962343424
633456136586304
633456145989636
633458300817408
633464730681346
633490529845249
633529150996488
633593575522561
633593576817664
633593577799680
633593592283712
633593710247938
633670884917252
633731551330336
633868587647008
633869527154952
633870601027588
633877051736576
633885633282192
634418209267714
634418227068928
634418243305480
634418813207552
634419283034176
634424660066304
634426801258752
635036684517377
635517720873024
635517989290017
635535437594628
635656235646976
636067476930562
636651596414976
637716744118785
637716744388612
637716748959744
637717960458240
637718891595008
637729897447424
637751170957328
637785465716736
639915784208384
642114790621377
642114790625794
642114828378112
642114924905472
642131971670016
642158814035968
642183778549760
642391883120640
642664546469888
644313822789632
650910892032080
650910954946564
650911286329344
650916269129728
650928063513344
650947391913984
650979636805632
651185761560576
651598078476288
653109906900096
668503170353152
668503339171848
668505217957888
668511659786240
668588985810944
668640508649600
669362063147008
669602715533328
670702092947712
672901116199008
985162418487303
985162418487352
985162418487744
985162418490880
985162418515968
985162418716672
985162420322304
985162433167360
985162535927808
985163358011392
985169934680064
985222548029440
985643454824448
989010709184512
1015948744065024
