717
1434
2868
5736
11472
22944
33815
45888
59425
67630
91776
118850
135260
151593
172291
183552
197141
237700
266507
270520
303186
344582
367104
394282
427073
475400
533014
534849
541040
606372
622617
689164
734208
788564
854146
950800
1066028
1069698
1082080
1122449
1197059
1212744
1245234
1378328
1468416
1573961
1577128
1708292
1901600
2132056
2139396
2164160
2244898
2394118
2425488
2490468
2756656
2936832
3147922
3154256
3416584
3803200
4264112
4278792
4328320
4489796
4788236
4850976
4980936
5248005
5513312
5873664
6295844
6308512
6833168
7606400
8454437
8528224
8557584
8656640
8979592
9576472
9701952
9961872
10496010
10780801
11011075
11026624
11747328
12591125
12591688
12617024
12845091
13666336
15212800
16908874
17056448
17115168
17313280
17959184
19152944
19403904
19923744
20992020
21561602
22022150
22053248
23494656
25182250
25183376
25234048
25690182
27332672
30425600
33817748
34082837
34112896
34230336
34626560
34636833
35786755
35918368
38305888
38807808
39847488
41984040
43123204
44044300
44048449
44106496
46989312
50340113
50364500
50366752
50468096
51380364
54665344
60851200
67635496
67895681
68165674
68225792
68292625
68460672
69253120
69273666
69337349
71320129
71573510
71836736
75497795
76611776
77615616
79694976
83968080
84148769
86246408
88088600
88096898
88212992
93978624
100680226
100729000
100733504
100936192
101974025
102760728
109330688
121702400
134235329
134283811
134480909
135036961
135266609
135270992
135791362
136315049
136331348
136333315
136384517
136451584
136577601
136585250
136921344
137502721
138416897
138506240
138547332
138674698
142640258
143147020
143673472
147325057
150995590
153223552
155231232
156237889
159389952
167807041
167936160
168297538
172492816
176177200
176193796
176425984
184680961
187957248
201360452
201400385
201458000
201467008
201872384
203948050
205521456
205785089
218661376
243404800
268470658
268550657
268567622
268961818
268988417
269093377
269500577
269747457
270073922
270533218
270541984
270729281
270802949
271582724
272630098
272636033
272662696
272666630
272769034
272903168
273155202
273170500
273842688
275005442
276833794
277012480
277094664
277349396
277872721
278937857
285220931
285280516
285999113
286294040
287309969
287346944
289407265
294650114
301991180
301991441
306447104
310462464
312475778
318779904
335578241
335614082
335872320
336595076
344985632
352354400
352387592
352851968
369361922
375914496
402720904
402800770
402916000
402934016
403744768
406880273
407896100
411042912
411570178
437322752
486809600
536887565
536905739
536941316
537101314
537135244
537198659
537397297
537923636
537976834
538186754
539001154
539494914
540147844
541066436
541083968
541458562
541605898
542179361
543162753
543165448
545260196
545272066
545308737
545325392
545333260
545538068
545806336
546310404
546341000
547685376
550010884
553656961
553667588
554024960
554189328
554698792
555745442
557875714
570441862
570561032
571998226
572588080
574619938
574693888
578814530
587465729
589300228
603982360
603982882
612894208
620924928
621805571
624951556
637559808
671156482
671228164
671744640
673190152
689971264
704708800
704775184
705703936
738723844
740327425
751828992
805306921
805441808
805601540
805832000
805868032
807489536
813705217
813760546
815792200
822085824
823140356
872693761
874645504
973619200
1073744135
1073775130
1073811478
1073882632
1074005633
1074028609
1074202628
1074270488
1074274441
1074397318
1074794594
1075847272
1075953668
1076373508
1078002308
1078992899
1080295688
1082132872
1082167936
1082917124
1083211796
1084358722
1085280257
1086325506
1086330896
1090520392
1090544132
1090617474
1090650784
1090666520
1090719745
1091076136
1091612672
1092620808
1092682000
1095370752
1098907841
1100021768
1107313922
1107335176
1107443717
1108049920
1109397584
1111490884
1115751428
1140883724
1141122064
1143996452
1145176160
1149239876
1149387776
1157629060
1174931458
1178600456
1207964720
1207965764
1208041481
1216481281
1225788416
1241849856
1243611142
1249903112
1275119616
1342251041
1342312964
1342456328
1346380304
1379942528
1409417600
1409550368
1411407872
1477447688
1480654850
1503657984
1610613842
1610745089
1610883616
1611203080
1611664000
1611736064
1614979072
1627410434
1627521092
1631584400
1644171648
1646280712
1745387522
1749291008
1883766785
1947238400
2147487241
2147488270
2147550260
2147565665
2147622956
2147690497
2147765264
2148011266
2148057218
2148405256
2148540976
2148548882
2148794636
2148843521
2149589188
2149622273
2150170753
2151694544
2151907336
2152006657
2152747016
2156004616
2156400897
2157985798
2160591376
2164265744
2164298753
2164335872
2165834248
2166423592
2168717444
2170560514
2172651012
2172661792
2181040784
2181088264
2181234948
2181301568
2181333040
2181439490
2182152272
2183225344
2185241616
2185364000
2190741504
2197815682
2200043536
2214627844
2214670352
2214887434
2216099840
2218795168
2222981768
2231502856
2248310785
2281767448
2281971729
2282244128
2287992904
2290352320
2298479752
2298775552
2315258120
2319450115
2349862916
2357200912
2415929440
2415931528
2416082962
2423259137
2432962562
2451576832
2483699712
2487222284
2499806224
2550239232
2684452869
2684502082
2684625928
2684912656
2692760608
2759885056
2818835200
2819100736
2822815744
2954895376
2961309700
3007315968
3221226065
3221227684
3221490178
3221767232
3222406160
3223328000
3223472128
3229958144
3254820868
3255042184
3263168800
3288343296
3292561424
3490775044
3498582016
3767533570
3894476800
4294974482
4294976540
4295100520
4295103041
4295131330
4295245912
4295380994
4295530528
4296022532
4296114436
4296280067
4296810512
4297081952
4297097764
4297589272
4297687042
4299161627
4299178376
4299244546
4299687941
4300341506
4303389088
4303421513
4303814672
4304013314
4305455617
4305494032
4311756809
4312009232
4312801794
4315971596
4321182752
4328531488
4328597506
4328671744
4329177121
4331668496
4332847184
4337434888
4341121028
4345302024
4345323584
4362081568
4362176528
4362469896
4362603136
4362666080
4362878980
4364304544
4366450688
4370483232
4370728000
4371546113
4381483008
4395631364
4400087072
4429226113
4429255688
4429340704
4429774868
4432199680
4437590336
4445963536
4446486531
4463005712
4496621570
4563435785
4563534896
4563943458
4564488256
4575985808
4580704640
4596959504
4597551104
4630516240
4638900230
4699725832
4714401824
4831842311
4831858880
4831863056
4832165924
4833411329
4846518274
4848746513
4865925124
4899013121
4903153664
4967399424
4974444568
4999612448
5100478464
5368905738
5369004164
5369251856
5369825312
5370815489
5385521216
5519770112
5637670400
5638201472
5645631488
5909790752
5922619400
6014631936
6442452130
6442455368
6442459425
6442980356
6443534464
6444568577
6444812320
6446656000
6446944256
6459916288
6509641736
6510084368
6526337600
6576686592
6585122848
6981550088
6997164032
7247758337
7517241353
7535067140
7788953600
8589948964
8589953080
8590201040
8590206082
8590262660
8590491824
8590761988
8591050241
8591061056
8592045064
8592228872
8592560134
8592590849
8593621024
8594163904
8594195528
8594411521
8595178544
8595374084
8598323254
8598356752
8598489092
8599375882
8600683012
8604614665
8606744611
8606778176
8606843026
8607629344
8608026628
8610908673
8610911234
8610988064
8615239681
8623513618
8624018464
8625603588
8631943192
8642365504
8657062976
8657109005
8657195012
8657343488
8658354242
8663336992
8665694368
8674869776
8682242056
8690604048
8690647168
8724163136
8724353056
8724939792
8725206272
8725332160
8725757960
8728609088
8732901376
8740945937
8740966464
8741456000
8743092226
8762966016
8791262728
8800174144
8858452226
8858511376
8858681408
8859549736
8860471329
8864399360
8875180672
8891927072
8892973062
8926011424
8993243140
9126871570
9126936613
9127069792
9127330369
9127886916
9128976512
9151971616
9161409280
9193919008
9195102208
9261032480
9277800460
9399451664
9428803648
9663683585
9663684622
9663717760
9663726112
9664331848
9666822658
9693036548
9697493026
9731850248
9798026242
9806307328
9934798848
9948889136
9999224896
10200956928
10737811476
10738008328
10738503712
10739650624
10741630978
10771042432
11005919249
11039540224
11275340800
11276402944
11291262976
11811291265
11819581504
11845238800
12029263872
12884904260
12884910736
12884918850
12885960712
12887068928
12889137154
12889624640
12893312000
12893888512
12919832576
13019283472
13020168736
13052675200
13153373184
13153600001
13170245696
13963100176
13994328064
14495516674
15034482706
15070134280
15577907200
17179897928
17179906160
17180393487
17180402080
17180412164
17180525320
17180660737
17180918339
17180952833
17180983648
17181311009
17181523976
17182100482
17182122112
17184064145
17184090128
17184457744
17185120268
17185181698
17186172929
17187242048
17188327808
17188391056
17188823042
17190357088
17190748168
17196646508
17196662921
17196713504
17196978184
17198751764
17200939009
17201366024
17209229330
17213489222
17213556352
17213686052
17215258688
17216053256
17221817346
17221822468
17221976128
17222074385
17230479362
17246984197
17247027236
17248036928
17249075393
17251207176
17255907329
17263886384
17284731008
17314125952
17314218010
17314390024
17314686976
17316708484
17326673984
17331388736
17349739552
17364484112
17381208096
17381294336
17448326272
17448706112
17449879584
17450412544
17450664320
17451515920
17456824323
17457218176
17465802752
17481891874
17481932928
17482912000
17486184452
17525932032
17582525456
17582530817
17600348288
17716904452
17716953089
17717022752
17717362816
17719099472
17720942658
17728798720
17750361344
17783854144
17785946124
17852022848
17986486280
18253628433
18253679105
18253743140
18253873226
18254139584
18254660738
18255773832
18257953024
18303943232
18322818560
18387838016
18390204416
18421387265
18522064960
18555600920
18798903328
18857607296
19327367170
19327369244
19327435520
19327452224
19328663696
19333645316
19386073096
19394986052
19462620161
19463700496
19596052484
19612614656
19869597696
19897778272
19998449792
20401913856
21475622952
21476016656
21477007424
21479301248
21483261956
21487419649
21542084864
22011838498
22079080448
22550681600
22552805888
22582525952
23622582530
23639163008
23690477600
24058527744
25769808520
25769821472
25769837700
25769936961
25771921424
25774137856
25778274308
25779249280
25786624000
25787777024
25839665152
25904021635
26038566944
26040337472
26071810049
26105350400
26306746368
26307200002
26340491392
27926200352
27988656128
28991033348
30068965412
30140268560
31155814400
32212287489
34359760961
34359795856
34359806981
34359812320
34359871777
34360263299
34360721409
34360786974
34360804160
34360824328
34361050640
34361321474
34361836678
34361905666
34361967296
34362622018
34363047952
34364064265
34364200964
34364244224
34368127585
34368128290
34368180256
34368915488
34370240536
34370363396
34372345858
34374484096
34376655616
34376782112
34377646084
34380714176
34381496336
34393293016
34393317889
34393325842
34393427008
34393956368
34397503528
34401878018
34402732048
34418458660
34426849425
34426978444
34427112704
34427372104
34430517376
34432106512
34433139713
34443634692
34443644936
34443952256
34444148770
34460958724
34493968394
34494054472
34496073856
34498150786
34502414352
34511814658
34527772768
34569462016
34628251904
34628436020
34628780048
34629373952
34633416968
34653347968
34662777472
34699479104
34728968224
34762416192
34762588672
34896652544
34897412224
34899759168
34900825088
34901328640
34903031840
34913648646
34914436352
34923872257
34931605504
34963783748
34963865856
34965824000
34972368904
35051864064
35165050912
35165061634
35200696576
35433808904
35433906178
35434045504
35434725632
35438198944
35441885316
35457597440
35500722688
35567708288
35571892248
35584737281
35702046737
35704045696
35972972560
36037464065
36507256866
36507358210
36507484321
36507486280
36507746452
36507762697
36508279168
36509321476
36511547664
36515906048
36607886464
36645637120
36775676032
36780408832
36792435201
36842774530
37044129920
37111201840
37597806656
37715214592
38654706053
38654706755
38654734340
38654738488
38654871040
38654904448
38656868369
38657327392
38667290632
38722084865
38772146192
38789972104
38925240322
38927400992
39192104968
39225229312
39739195392
39795556544
39996899584
40803827712
42951245904
42952033312
42954014848
42958602496
42966523912
42974839298
43000528897
43084169728
43352326153
44023676996
44158160896
45101363200
45105611776
45165051904
47245165060
47278326016
47380955200
48117055488
51539617040
51539642944
51539675400
51539873922
51543842848
51548275712
51556548616
51558498560
51573248000
51575554048
51679330304
51808043270
51875217409
52077133888
52080674944
52110032905
52143620098
52210700800
52613492736
52614400004
52680982784
55852400704
55977312256
57982066696
60137930824
60280537120
62311628800
64424574978
68719521922
68719530001
68719591712
68719607891
68719613962
68719624640
68719743554
68720526598
68720529953
68720558093
68721068033
68721442818
68721573948
68721608320
68721648656
68722101280
68722642948
68723673356
68723811332
68723934592
68725244036
68726095904
68727882761
68728128530
68728197121
68728401928
68728488448
68736254489
68736255170
68736256580
68736360512
68737572865
68737830976
68740481072
68740726792
68744691716
68748968192
68753035457
68753039371
68753311232
68753564224
68755292168
68755390721
68757422081
68761428352
68762992672
68786586032
68786635778
68786651684
68786854016
68787912736
68795007056
68803756036
68805464096
68836917320
68853698850
68853728513
68853956888
68854225408
68854744208
68861034752
68864213024
68866279426
68887269384
68887289872
68887904512
68888297540
68921917448
68987917315
68987936788
68988108944
68988209153
68992147712
68996301572
69004828704
69023629316
69055545536
69057118721
69138924032
69256503808
69256872040
69257560096
69258747904
69266833936
69306695936
69325554944
69398958208
69457936448
69524832384
69525177344
69793218709
69793285185
69793305088
69794824448
69799518336
69801650176
69802657280
69806063680
69827297292
69828872704
69847744514
69863211008
69927567496
69927731712
69931648000
69944737808
70103728128
70330101824
70330123268
70346868737
70401393152
70867617808
70867812356
70868091008
70869451264
70875349123
70876397888
70883770632
70915194880
71001445376
71018020865
71135416576
71143784496
71169474562
71404093474
71404879889
71408091392
71945945120
72074928130
73014509729
73014513732
73014716420
73014968642
73014972560
73015492904
73015525394
73016558336
73018642952
73023095328
73031812096
73037512705
73215772928
73291274240
73551352064
73560817664
73584870402
73685549060
74088259840
74222403680
75195613312
75430429184
77309412106
77309413510
77309468680
77309476976
77309742080
77309808896
77313736738
77314654784
77334581264
77380722689
77444169730
77544292384
77577846853
77579944208
77846282377
77850480644
77854801984
78384209936
78450458624
79478390784
79591113088
79993799168
81607655424
81738600449
85902491808
85904066624
85908029696
85917204992
85933047824
85949678596
86001057794
86168339456
86704652306
86973088009
88047353992
88316321792
90202726400
90211223552
90330103808
90731184193
94490330120
94491443201
94556652032
94761910400
96234110976
103079234080
103079285888
103079350800
103079747844
103087685696
103096551424
103113097232
103116997120
103146496000
103151108096
103163101441
103358660608
103616086540
103616094241
103750434818
104154267776
104161349888
104220065810
104287240196
104421401600
105226985472
105228800008
105361965568
108448448513
111677540353
111704801408
111954624512
115964133392
120275861648
120561074240
124623257600
128849149956
137438970257
137439043844
137439060002
137439183424
137439215782
137439227924
137439249280
137439487108
137440005137
137441053196
137441059906
137441116186
137442136066
137442885636
137443147896
137443216640
137443297312
137443680289
137444202560
137445285896
137447344289
137447346712
137447622664
137447869184
137448399361
137450488072
137452191808
137455733001
137455765522
137456257060
137456394242
137456803856
137456976896
137457901569
137472508453
137472508978
137472510340
137472513160
137472721024
137475145730
137475661952
137480962144
137481453584
137489383432
137497936384
137506066529
137506070914
137506078742
137506622464
137507128448
137510584336
137510781442
137514844162
137522856704
137523363857
137525985344
137573172064
137573271556
137573303368
137573708032
137574219787
137575825472
137590014112
137607512072
137610928192
137673834640
137707397700
137707457026
137707913776
137708450816
137709488416
137711584265
137722069504
137724313601
137728426048
137732558852
137774538768
137774579744
137775809024
137776595080
137843834896
137975834630
137975873576
137976217888
137976418306
137977923649
137984295424
137992603144
138009657408
138047258632
138111091072
138114237442
138277848064
138513007616
138513744080
138515120192
138517495808
138533667872
138550444049
138613391872
138651109888
138797916416
138915872896
139049664768
139050354688
139586437418
139586570370
139586610176
139589648896
139594956817
139599036672
139603300352
139605314560
139612127360
139653611777
139654594584
139657745408
139695489028
139726422016
139855134992
139855463424
139863296000
139889475616
140207456256
140660203648
140660246536
140693737474
140802786304
141735235616
141735624712
141736182016
141738902528
141750698246
141750992897
141752795776
141767541264
141830389760
142002890752
142036041730
142270833152
142287568992
142338949124
142808186948
142809759778
142816182784
142874787841
143891890240
143914960897
144149856260
146028925057
146029019458
146029027464
146029160449
146029432840
146029937284
146029945120
146029953089
146030985808
146031050788
146033116672
146037285904
146046190656
146063624192
146075025410
146230345729
146431545856
146582548480
147102704128
147121635328
147169740804
147371098120
147647889409
148176519680
148444807360
150323855409
150391226624
150860858368
154618824212
154618827020
154618937360
154618953952
154619484160
154619617792
154627473476
154629309568
154669162528
154753073665
154761445378
154888339460
155088584768
155155693706
155159888416
155222810625
155692564754
155700961288
155709603968
156768419872
156900917248
158956781568
159182226176
159987598336
163215310848
163477200898
171798773763
171804983616
171808133248
171816059392
171834409984
171866095648
171899357192
172002115588
172336678912
173409304612
173946176018
176094707984
176362098689
176632643584
180405452800
180422447104
180660207616
181462368386
188980660240
188982886402
189113304064
189523820800
192468221952
206158468160
206158571776
206158701600
206159495688
206168915973
206175371392
206193102848
206226194464
206233994240
206292992000
206302216192
206326202882
206695301379
206717321216
207232173080
207232188482
207500869636
208308535552
208322699776
208440131620
208574480392
208842803200
210453970944
210457600016
210723931136
216896897026
223338431489
223355080706
223409602816
223909249024
231928266784
240551723296
241122148480
249246515200
257698299912
274877940514
274877972615
274878087688
274878120004
274878171905
274878173233
274878366848
274878431564
274878455848
274878498560
274878974216
274879480325
274880005189
274880010274
274882102787
274882106392
274882119812
274882232372
274882404353
274884272132
274885771272
274886295792
274886433280
274886594624
274886705153
274887360578
274888405120
274890571792
274894686289
274894688578
274894693424
274895245328
274895738368
274896798722
274897862657
274900976144
274904383616
274911466002
274911531044
274912514120
274912788484
274913607712
274913953792
274915803138
274920964097
274945016906
274945017956
274945020680
274945026320
274945442048
274949210153
274950291460
274951323904
274955501585
274961924288
274962907168
274978766864
274995872768
275012133058
275012137985
275012141828
275012157484
275012321537
275013244928
275014256896
275021168672
275021562884
275029688324
275045713408
275046727714
275051970688
275146344128
275146543112
275146606736
275146866947
275147416064
275148439574
275151650944
275180028224
275215024144
275221856384
275247007745
275347669280
275414795400
275414810785
275414914052
275415827552
275416901632
275418976832
275423168530
275444139008
275448627202
275456852096
275465117704
275549077536
275549159488
275551618048
275553190160
275687669792
275951669260
275951747152
275952435776
275952836612
275955847298
275957942273
275968590848
275985206288
276019314816
276094517264
276222182144
276228474884
276555696128
276623785985
277025390873
277026015232
277027488160
277030240384
277034991616
277042298913
277067335744
277100888098
277226783744
277293858881
277302219776
277564358659
277595832832
277831745792
278099329536
278100709376
279172874836
279173140740
279173220352
279179297792
279181264001
279189913634
279198073344
279206600704
279210629120
279224254720
279307223554
279309189168
279315490816
279390978056
279452844032
279710269984
279710926848
279726592000
279778951232
280414912512
281320407296
281320493072
281387474948
281605572608
283467874565
283467972619
283469955201
283470471232
283471249424
283472364032
283472560145
283477805056
283501396492
283501985794
283505591552
283535082528
283660779520
284005781504
284072083460
284541666304
284575137984
284677898248
285616373896
285619519556
285623714305
285632365568
285749575682
287783780480
287829921794
288299712520
292057850114
292057944065
292058038916
292058054928
292058320898
292058365985
292058865680
292059874568
292059890240
292059906178
292061971616
292062101576
292066233344
292074571808
292092381312
292127248384
292150050820
292460691458
292863091712
293165096960
294205408256
294243270656
294339481608
294742196240
295295778818
296353039360
296486977537
296889614720
300647710818
300715868161
300782453248
301721716736
309237648424
309237654040
309237874720
309237907904
309238968320
309239235584
309254946952
309258619136
309338325056
309376057349
309506147330
309522890756
309776678920
310177169536
310311387412
310319776832
310445621250
311385129508
311401922576
311419207936
313536839744
313801834496
317827649537
317913563136
318364452352
319975196672
326430621696
326954401796
327491256449
343597451273
343597547526
343609967232
343616266496
343632118784
343668819968
343732191296
343798714384
344004231176
344135041025
344673357824
344679514145
346818609224
347892352036
348160917505
352189415968
352724197378
353265287168
360810905600
360844894208
361320415232
362924736772
377961320480
377965772804
378226608128
379047641600
384936443904
412316936320
412316992129
412317143552
412317403200
412318991376
412337831946
412350742784
412386205696
412452388928
412467988480
412585984000
412604432384
412652405764
413122232321
413390602758
413391127553
413434642432
414464346160
414464376964
415001739272
416617071104
416645399552
416880263240
417148960784
417685606400
420907941888
420915200032
421447862272
433793794052
446676862978
446678695969
446710161412
446819205632
447818498048
463856533568
481103446592
482244296960
483188015105
498493030400
515396599824
549755881028
549755914369
549755945230
549756175376
549756211205
549756240008
549756343810
549756346466
549756407873
549756733696
549756862565
549756863128
549756911696
549756997120
549757948432
549758960650
549760009489
549760010378
549760020548
549764205574
549764212784
549764239624
549764464744
549764808706
549768544264
549771542544
549772591584
549772866560
549773189248
549773410306
549774721156
549776810240
549781143584
549789369097
549789372578
549789377156
549789386848
549789499537
549790162945
549790490656
549791476736
549793597444
549795725314
549801952288
549808767232
549810343937
549822932004
549823062088
549825028240
549825576968
549826084865
549827117189
549827215424
549827907584
549831606276
549841928194
549890033812
549890035912
549890041360
549890052640
549890211841
549890558977
549890884096
549898420306
549900582920
549902647808
549911003170
549923848576
549925814336
549957533728
549991745536
550024266116
550024275970
550024283656
550024314968
550024643074
550026489856
550028513792
550042337344
550043125768
550059376648
550091426816
550093455428
550103941376
550292688256
550292701219
550293086224
550293213472
550293733894
550294832128
550296879148
550303301888
550360056448
550430048288
550443712768
550494015490
550562172929
550695338560
550829590800
550829621570
550829828104
550830604673
550831655104
550833803264
550837953664
550846337060
550888278016
550897254404
550913704192
550930235408
551098155072
551098318976
551103236096
551106380320
551375339584
551903306755
551903338520
551903494304
551904871552
551905673224
551911694596
551915884546
551937181696
551970412576
552038629632
552189034528
552444364288
552456949768
553111392256
553247571970
554050781746
554052030464
554052911169
554054976320
554060480768
554069983232
554084597826
554134671488
554201776196
554252107793
554344382465
554453567488
554587717762
554604439552
555128717318
555191665664
555663491584
556198659072
556198789633
556201418752
558345749672
558346281480
558346440704
558358595584
558362528002
558362787969
558379827268
558396146688
558413201408
558421258240
558448509440
558489403393
558614447108
558618378336
558630981632
558781956112
558905688064
559420539968
559421853696
559453184000
559557902464
560829825024
562640814592
562640986144
562774949896
563211145216
566935691345
566935749130
566935945238
566939910402
566940139529
566940942464
566942498848
566944728064
566945120290
566955610112
567002792984
567003971588
567011183104
567070165056
567321559040
568011563008
568076533763
568144166920
569083332608
569099943941
569150275968
569355796496
571232747792
571239039112
571247428610
571264731136
571499151364
575567560960
575659843588
576599425040
584115564673
584115700228
584115888130
584116077832
584116109856
584116641796
584116731970
584117731360
584119749136
584119780480
584119812356
584123943232
584124203152
584132466688
584149143616
584184762624
584254496768
584300101640
584921382916
585726183424
586330193920
586800037889
588410816512
588414730241
588486541312
588678963216
589484392480
590591557636
592706078720
592772595745
592973955074
593779229440
601295421636
601431736322
601564906496
603443433472
618475296848
618475308080
618475364357
618475749440
618475815808
618477518881
618477936640
618478471168
618509893904
618517238272
618676650112
618752114698
619012294660
619045781512
619553357840
620354339072
620622774824
620639553664
620891242500
621696532481
622770259016
622803845152
622838415872
627073679488
627603668992
635655299074
635827126272
636728904704
639950393344
652861243392
653908803592
654982512898
687194800417
687194902546
687195095052
687219934464
687232532992
687264237568
687270264841
687335276545
687337639936
687463204869
687464382592
687597428768
688008462352
688270082050
689346715648
689359028290
691489873921
693637218448
695784704072
696321835010
704378831936
705448394756
706530574336
712965095425
721621811200
721689788416
722640830464
725849473544
755922640960
755931545608
756453216256
758095283200
769872887808
824633729569
824633872640
824633984258
824634287104
824634806400
824637982752
824675663892
824701485568
824772411392
824904777856
824935976960
825171968000
825208864768
825237700865
825304811528
826244464642
826781205516
826782255106
826869284864
828928692320
828928753928
830003478544
833234142208
833290799104
833760526480
834297921568
835371212800
841815883776
841830400064
841847145473
842895724544
858993459219
867587588104
893353725956
893357391938
893420322824
893638411264
895636996096
927713067136
962206893184
964488593920
966376030210
996986060800
1030793199648
1099511762056
1099511828738
1099511890460
1099512201473
1099512350752
1099512422410
1099512480016
1099512687620
1099512692932
1099512815746
1099513467392
1099513725130
1099513726256
1099513729345
1099513741349
1099513823392
1099513994240
1099515896864
1099516872713
1099517921300
1099518705665
1099520018978
1099520020756
1099520041096
1099521064967
1099528405765
1099528411148
1099528425568
1099528479248
1099528929488
1099529617412
1099530634241
1099537088528
1099543085088
1099545183168
1099545253889
1099545733120
1099546378496
1099546820612
1099549442312
1099553620480
1099562287168
1099578738194
1099578745156
1099578754312
1099578773696
1099578999074
1099580325890
1099580981312
1099582953472
1099587194888
1099591450628
1099603904576
1099617534464
1099620687874
1099645864008
1099646124176
1099650056480
1099651153936
1099652169730
1099654234378
1099654430848
1099655815168
1099663212552
1099683856388
1099729731713
1099780067624
1099780071824
1099780082720
1099780105280
1099780194317
1099780423682
1099781117954
1099781768192
1099796840612
1099801165840
1099805295616
1099822006340
1099847697152
1099851628672
1099915067456
1099915330049
1099983491072
1100048532232
1100048551940
1100048567312
1100048629936
1100048630275
1100049286148
1100052979712
1100057027584
1100084674688
1100086251536
1100118753296
1100182853632
1100186910856
1100207882752
1100333744129
1100585376512
1100585388161
1100585402438
1100586172448
1100586426944
1100587467788
1100589664256
1100593758296
1100594348033
1100606603776
1100652478985
1100720112896
1100721684497
1100860096576
1100887425536
1100988030980
1101124345858
1101390677120
1101659181600
1101659243140
1101659656208
1101660172289
1101661209346
1101663305777
1101663310208
1101667606528
1101675907328
1101692674120
1101776556032
1101794508808
1101827408384
1101860470816
1102196310144
1102196637952
1102206472192
1102212760640
1102750679168
1103806613510
1103806677040
1103806857353
1103806988608
1103809743104
1103811346448
1103823374369
1103823389192
1103831769092
1103874363392
1103909355521
1103940825152
1104077259264
1104378069056
1104885583872
1104888728576
1104913899536
1106222784512
1106495143940
1108101563492
1108101652481
1108104060928
1108105822338
1108109952640
1108118339657
1108120961536
1108139966464
1108169195652
1108269342976
1108403552392
1108504215586
1108688764930
1108705543169
1108907134976
1109175435524
1109208879104
1110249570307
1110257434636
1110383331328
1111326983168
1112397318144
1112397579266
1112402837504
1116691499344
1116691501091
1116692881408
1116709322769
1116717191168
1116725056004
1116725575938
1116759654536
1116792293376
1116826402816
1116842516480
1116897018880
1116978806786
1117228894216
1117236756672
1117261963264
1117563912224
1117811376128
1118841079936
1118843707392
1118906368000
1119115804928
1121255424001
1121659650048
1125281629184
1125281972288
1125549899792
1126422290432
1133871370265
1133871382690
1133871498260
1133871890476
1133879820804
1133880279058
1133881884928
1133884997696
1133889456128
1133890240580
1133911220224
1134005585968
1134007943176
1134022366208
1134140330112
1134408302849
1134643118080
1134945140769
1136023126016
1136153067526
1136288333840
1138166665216
1138199887882
1138300551936
1138711592992
1142465495584
1142478078224
1142494857220
1142529462272
1142998302728
1151051243525
1151135121920
1151319687176
1153198850080
1168231129346
1168231400456
1168231638017
1168231776260
1168232155664
1168233283592
1168233463940
1168235462720
1168239498272
1168239560960
1168239624712
1168247886464
1168248406304
1168264933376
1168298287232
1168299262017
1168369525248
1168508993536
1168600203280
1169842765832
1170412142597
1171452366848
1172660387840
1173600075778
1176821633024
1176829460482
1176973082624
1177357926432
1178968784960
1181183115272
1185412157440
1185545191490
1185947910148
1187558458880
1202590843272
1202591105537
1202863472644
1203129812992
1206886866944
1236950593696
1236950616160
1236950728714
1236951498880
1236951631616
1236955037762
1236955873280
1236956942336
1237019787808
1237034476544
1237353300224
1237488762881
1237504229396
1238024589320
1238041100291
1238091563024
1239098082305
1239106715680
1240708678144
1241245549648
1241279107328
1241782485000
1243393064962
1245540518032
1245544710401
1245607690304
1245676831744
1254130516097
1254147358976
1255207337984
1271310598148
1271654252544
1273457809408
1279900786688
1305722486784
1305938493473
1307817607184
1309965025796
1374389568017
1374389600834
1374389805092
1374390190104
1374439868928
1374465065984
1374523752545
1374528475136
1374540529682
1374670553090
1374675279872
1374926407685
1374926409738
1374928765184
1375194857536
1375733022720
1376016924704
1376540164100
1378693431296
1378718056580
1380832051201
1382979747842
1387274436896
1391569408144
1392643670020
1408757663872
1408816906241
1410896789512
1413061148672
1425930190850
1443243622400
1443379576832
1445281660928
1451698947088
1511836880897
1511845281920
1511863091216
1512906432512
1516190566400
1539745775616
1649267459138
1649267508233
1649267745280
1649267968516
1649268574208
1649269539457
1649269612800
1649275965504
1649351327784
1649402971136
1649544822784
1649809555712
1649871953920
1650343936000
1650417729536
1650475401730
1650609623056
1651423315969
1652488929284
1653562409219
1653562411032
1653564510212
1653738569728
1657857384640
1657857507856
1660006957088
1666468284416
1666581598208
1667521052960
1668595843136
1670742425600
1683631767552
1683660800128
1683694290946
1683895615553
1685791449088
1717986918438
1735175176208
1786707451912
1786714783876
1786840645648
1787276822528
1791273992192
1855426134272
1924146528257
1924413786368
1928977187840
1932752060420
1993972121600
2061586399296
2199023524112
2199023616257
2199023657476
2199023780065
2199023780920
2199023781125
2199024402946
2199024701504
2199024844820
2199024960032
2199025375240
2199025385864
2199025631492
2199026934784
2199027450260
2199027452512
2199027454033
2199027458690
2199027482698
2199027646784
2199027988480
2199031664645
2199031793728
2199032823937
2199033745426
2199035842600
2199037411330
2199040034947
2199040037956
2199040041512
2199040073733
2199040082192
2199042129934
2199048946177
2199056811530
2199056822296
2199056851136
2199056958496
2199057858976
2199058907269
2199059234824
2199061268482
2199074177056
2199086170176
2199090366336
2199090430001
2199090507778
2199091466240
2199092756992
2199093641224
2199095115777
2199098884624
2199107240960
2199124574336
2199157476388
2199157490312
2199157508624
2199157547392
2199157998148
2199158132737
2199160651780
2199161962624
2199165906944
2199174389776
2199182901256
2199207809152
2199235068928
2199241375748
2199291709457
2199291728016
2199292248352
2199300112960
2199302307872
2199304339460
2199308468756
2199308861696
2199311630336
2199325507649
2199326425104
2199367712776
2199459463426
2199560135248
2199560143648
2199560165440
2199560210560
2199560388634
2199560847364
2199562235908
2199563536384
2199581114369
2199593681224
2199602331680
2199610591232
2199644012680
2199695394304
2199703257344
2199830134912
2199830660098
2199966982144
2200097064464
2200097103880
2200097134624
2200097259872
2200097260550
2200098572296
2200105959424
2200109581313
2200114055168
2200169349376
2200172503072
2200237506592
2200365707264
2200373821712
2200415765504
2200667488258
2201170753024
2201170776322
2201170804876
2201171527681
2201172344896
2201172853888
2201174935576
2201179328512
2201187516592
2201188696066
2201213207552
2201304957970
2201372066305
2201440225792
2201443368994
2201720193152
2201774851072
2201976061960
2202248691716
2202781354240
2203318273025
2203318363200
2203318486280
2203319312416
2203320344578
2203322418692
2203322810369
2203326611554
2203326620416
2203335213056
2203351814656
2203385348240
2203553112064
2203589017616
2203654816768
2203720941632
2204392620288
2204393275904
2204412944384
2204425521280
2204660400131
2205465706517
2205501358336
2207613227020
2207613354080
2207613714706
2207613977216
2207619486208
2207622692896
2207646748738
2207646778384
2207663538184
2207722242049
2207748726784
2207818711042
2207881650304
2208154518528
2208687980549
2208756138112
2209771167744
2209777457152
2209827799072
2212445569024
2212990287880
2216203126984
2216203157545
2216203304962
2216208121856
2216211644676
2216219905280
2216222261249
2216236679314
2216241923072
2216279932928
2216338391304
2216538685952
2216739999873
2216807104784
2217008431172
2217377529860
2217411086338
2217814269952
2218350871048
2218417758208
2220499140614
2220514869272
2220766662656
2222653966336
2224794636288
2224795158532
2224805675008
2233382998688
2233383002182
2233385762816
2233391456257
2233399902273
2233418645538
2233434382336
2233450112008
2233451151876
2233519309072
2233584586752
2233652805632
2233685032960
2233794037760
2233957613572
2234457788432
2234473513344
2234523926528
2235127824448
2235622752256
2237682159872
2237687414784
2237812736000
2238231609856
2241972929041
2242510848002
2243319300096
2250563258368
2250563944576
2251099799584
2252844580864
2267742740530
2267742765380
2267742996520
2267743780952
2267759641608
2267760558116
2267763769856
2267769995392
2267778912256
2267780481160
2267822440448
2267885338641
2268011171936
2268015886352
2268044732416
2268280660224
2268816605698
2269286236160
2269890281538
2272046252032
2272306135052
2272576667680
2276333330432
2276399775764
2276601103872
2277423185984
2284930991168
2284956156448
2284989714440
2285058924544
2285996605456
2302102487050
2302270243840
2302639374352
2306397700160
2319286534145
2336462258692
2336462487585
2336462800912
2336463276034
2336463552520
2336464311328
2336466567184
2336466927880
2336470925440
2336478996544
2336479121920
2336479249424
2336495772928
2336496812608
2336529866752
2336596574464
2336598524034
2336739050496
2337017987072
2337200406560
2337670176769
2339685531664
2340757176641
2340824285194
2342904733696
2345320775680
2347200151556
2353643266048
2353658920964
2353946165248
2354715852864
2355789561859
2357937569920
2362366230544
2370824314880
2371090382980
2371359342593
2371895820296
2375116917760
2405181686544
2405182211074
2405215272961
2405726945288
2406259625984
2413773733888
2473901187392
2473901232320
2473901457428
2473902215171
2473902997760
2473903263232
2473910075524
2473911746560
2473913884672
2474039575616
2474068953088
2474706600448
2474977525762
2475008458792
2476049178640
2476082200582
2476183126048
2478196130313
2478196164610
2478213431360
2481417356288
2482491099296
2482558214656
2483564970000
2486786129924
2491081036064
2491089420802
2491215380608
2491353663488
2508261032194
2508294717952
2510414675968
2542621196296
2542687748225
2543308505088
2546915618816
2559801573376
2611444973568
2611876986946
2615635214368
2619930051592
2748779136034
2748779201668
2748779610184
2748780380208
2748781168897
2748787490819
2748879737856
2748930131968
2749047505090
2749056950272
2749081059364
2749114744833
2749341106180
2749350559744
2749450420225
2749852815370
2749852819476
2749857530368
2750389715072
2751466045440
2752033849408
2753080328200
2757386862592
2757436113160
2759520681985
2761664102402
2765959495684
2765960052737
2774548873792
2783138816288
2785287340040
2817515327744
2817633812482
2821793579024
2826122297344
2851860381700
2886218024449
2886487244800
2886759153664
2890563321856
2903397894176
3023673761794
3023690563840
3023726182432
3025812865024
3032381132800
3079491551232
3298534884497
3298534894081
3298534918276
3298535016466
3298535490560
3298535937032
3298537148416
3298539078914
3298539225600
3298551931008
3298602254341
3298702655568
3298805942272
3299073851401
3299089645568
3299619111424
3299743907840
3300687872000
3300835459072
3300950803460
3301219246112
3302846631938
3304977858568
3307124818438
3307124822064
3307129020424
3307477139456
3315714769280
3315715015712
3316788625409
3320013914176
3332936568832
3333163196416
3335042105920
3337191686272
3341484851200
3367263535104
3367321600256
3367388581892
3367791231106
3371582898176
3435973836876
3470350352416
3573414903824
3573429567752
3573681291296
3574553645056
3582547984384
3710852268544
3848293056514
3848827572736
3857954375680
3865504120840
3987944243200
4123172798592
4398047048224
4398047051795
4398047232514
4398047314952
4398047560130
4398047561840
4398047562250
4398047600705
4398048805892
4398049403008
4398049689640
4398049920064
4398050750480
4398050771728
4398051262984
4398052803077
4398053869568
4398054900520
4398054905024
4398054908066
4398054917380
4398054934545
4398054965396
4398055293568
4398055976960
4398063329290
4398063587456
4398065391617
4398065647874
4398067490852
4398071685200
4398074822660
4398080069894
4398080075912
4398080083024
4398080147466
4398080164384
4398084259868
4398097892354
4398113623060
4398113624201
4398113644592
4398113702272
4398113916992
4398115192865
4398115717952
4398117814538
4398118469648
4398122536964
4398130446337
4398148354112
4398172340352
4398180732672
4398180860002
4398181015556
4398182932480
4398185513984
4398187282448
4398190231554
4398197769248
4398214481920
4398249148672
4398314952776
4398314980624
4398315017248
4398315086849
4398315094784
4398315470981
4398315996296
4398316265474
4398321303560
4398323925248
4398331813888
4398348779552
4398365802512
4398415618304
4398449491969
4398470137856
4398482751496
4398583418914
4398583456032
4398584496704
4398592033025
4398600225920
4398604615744
4398608678920
4398616937512
4398617723392
4398623260672
4398651015298
4398652850208
4398735425552
4398918926852
4399120253963
4399120270496
4399120287296
4399120330880
4399120421120
4399120777268
4399120777985
4399121694728
4399124471816
4399127072768
4399162228738
4399187362448
4399204663360
4399221182464
4399288025360
4399390788608
4399406514688
4399660269824
4399661320196
4399933964288
4400194128928
4400194207760
4400194269248
4400194519744
4400194521100
4400197144592
4400211918848
4400219162626
4400228110336
4400338698752
4400345006144
4400475013184
4400731414528
4400747643424
4400831531008
4401270095873
4401334976516
4402341480641
4402341506048
4402341552644
4402341609752
4402343055362
4402344689792
4402345707776
4402349871152
4402358657024
4402375033184
4402377392132
4402426415104
4402477793537
4402609915940
4402744132610
4402880451584
4402886737988
4402911920129
4403416269828
4403440386304
4403549702144
4403952123920
4404497383432
4405562708480
4406636447105
4406636546050
4406636726400
4406636972560
4406638624832
4406640689156
4406644837384
4406645620738
4406653223108
4406653240832
4406670426112
4406703629312
4406770696480
4407106224128
4407178035232
4407309633536
4407441883264
4408783937545
4408785240576
4408786551808
4408825888768
4408851042560
4409320800262
4410931413034
4411002716672
4415226454040
4415226708160
4415227429412
4415227954432
4415228511233
4415230576643
4415238972416
4415243689985
4415245385792
4415293497476
4415293556768
4415327076368
4415444484098
4415497453568
4415637422084
4415763300608
4416309037056
4417375961098
4417512276224
4419542335488
4419554914304
4419655598144
4423824707585
4424891138048
4425980575760
4432406249801
4432406253968
4432406315090
4432406609924
4432416243712
4432423289352
4432439810560
4432444522498
4432473358628
4432483846144
4432559865856
4432676782608
4432943120405
4433077371904
4433479999746
4433614209568
4434016862344
4434755059720
4434822172676
4435628539904
4436701742096
4436835516416
4440998281228
4441029738544
4441533325312
4445307932672
4449589272576
4449590317064
4449611350016
4453881086465
4466765997376
4466766004364
4466766021123
4466771525632
4466774900801
4466782912514
4466799804546
4466837291076
4466868764672
4466900224016
4466902303752
4467038618144
4467169173504
4467305611264
4467370065920
4467441270785
4467588075520
4467915227144
4468915576864
4468947026688
4469047853056
4470255648896
4471245504512
4475356184609
4475364319744
4475374829568
4475625472000
4476463219712
4483945858082
4485021696004
4486638600192
4501126516736
4501127889152
4502199599168
4503273210881
4505689161728
4535485481060
4535485530760
4535485628425
4535485993040
4535487561904
4535498113025
4535502242369
4535519283216
4535521116232
4535527539712
4535539990784
4535557824512
4535560962320
4535644880896
4535770677282
4536022343872
4536031772704
4536089464832
4536561320448
4537633211396
4538572472320
4539780563076
4544092504064
4544612270104
4545153335360
4552666660864
4552799551528
4552933769233
4553202207744
4554846371968
4569861982336
4569912312896
4569979428880
4570117849088
4571993210912
4604204974100
4604540487680
4605278748704
4612795400320
4638573068290
4672924434721
4672924517384
4672924975170
4672925601824
4672926552068
4672927105040
4672928622656
4672933134368
4672933855760
4672941195277
4672941850880
4672957993088
4672958243840
4672958498848
4672991545856
4672993625216
4673059733504
4673193148928
4673197048068
4673478100992
4674035974144
4674400813120
4675206643713
4675340353538
4679371063328
4681514353282
4681648570388
4685809467392
4690641551360
4694400303112
4707286532096
4707317841928
4707892330496
4709431705728
4711579123718
4715875139840
4724732461088
4741648629760
4742180765960
4742718685186
4743791640592
4750233835520
4810363373088
4810364422148
4810430545922
4811453890576
4812519251968
4827547467776
4947802374784
4947802464640
4947802914856
4947804430342
4947805995520
4947806526464
4947820151048
4947823493120
4947827769344
4947970097185
4948079151232
4948137906176
4948339198465
4949413200896
4949955051524
4950016917584
4952098357280
4952164401164
4952366252096
4956392260626
4956392329220
4956426862720
4962834712576
4964982198592
4965116429312
4967129940000
4973572259848
4982162072128
4982178841604
4982430761216
4982707326976
4983235870721
5016522064388
5016589435904
5020829351936
5033701671041
5085242392592
5085375496450
5086617010176
5093831237632
5119603146752
5222889947136
5223753973892
5231270428736
5239860103184
5497558272068
5497558403336
5497559220368
5497560760416
5497562337794
5497574981638
5497591693379
5497759475712
5497860263936
5498095010180
5498113900544
5498162118728
5498229489666
5498631884805
5498682212360
5498701119488
5498900840450
5499705630740
5499705638952
5499715060736
5500779430144
5501857301505
5504067698816
5506151219201
5506160656400
5514773725184
5514872226320
5519041363970
5523328204804
5531918991368
5531920105474
5531926282241
5549097747584
5566277632576
5570574680080
5635030655488
5635267624964
5643587158048
5652244594688
5703720763400
5772436048898
5772436054145
5772974489600
5773518307328
5781126643712
5806795788352
6047314214929
6047347523588
6047381127680
6047452364864
6051625730048
6064762265600
6158983102464
6597069768994
6597069788162
6597069836552
6597070032932
6597070981120
6597071874064
6597074296832
6597078157828
6597078451200
6597103862016
6597204508682
6597405311136
6597606645763
6597611884544
6598147702802
6598179291136
6599218299137
6599238222848
6599487815680
6601375744000
6601670918144
6601901606920
6602438492224
6605693263876
6605793919041
6609955717136
6614249636876
6614249644128
6614258040848
6614954278912
6631429538560
6631430031424
6633577250818
6640027828352
6665789374469
6665873137664
6666326392832
6670084211840
6674383372544
6682969702400
6734527070208
6734643200512
6734777163784
6735582462212
6743165796352
6871947673752
6872224497665
6940700704832
7146829807648
7146859135504
7147362582592
7149107290112
7151120551937
7165095968768
7421704537088
7696586113028
7697655145472
7715908751360
7731008241680
7975888486400
8246345597184
8796093106433
8796093552643
8796094096448
8796094103590
8796094173185
8796094465028
8796094629904
8796095120260
8796095123680
8796095124500
8796095152177
8796095201410
8796095643913
8796097265667
8796097347653
8796097611784
8796098806016
8796099379280
8796099840128
8796101412877
8796101500960
8796101543456
8796102525968
8796105606154
8796107739136
8796109801040
8796109810048
8796109816132
8796109820417
8796109834760
8796109869090
8796109930792
8796110587136
8796111953920
8796126658580
8796127174912
8796127625537
8796130783234
8796131295748
8796134981704
8796143370400
8796149645320
8796160139788
8796160151824
8796160166048
8796160294932
8796160328768
8796168519736
8796185297921
8796195784708
8796227246120
8796227248402
8796227289184
8796227404544
8796227833984
8796230385730
8796231435904
8796235629076
8796236939296
8796245073928
8796260892674
8796296708224
8796344680704
8796361465344
8796361720004
8796362031112
8796365864960
8796371027968
8796374564896
8796380463108
8796395538496
8796428963840
8796498297344
8796629905552
8796629961248
8796630034496
8796630173698
8796630189568
8796630941962
8796631992592
8796632530948
8796642607120
8796647850496
8796663627776
8796697559104
8796731605024
8796831236608
8796898983938
8796940275712
8796965502992
8797166837828
8797166912064
8797168993408
8797184066050
8797200451840
8797209231488
8797217357840
8797233873185
8797233875024
8797235446784
8797246521344
8797302030596
8797305700416
8797470851104
8797837853704
8798240507926
8798240540992
8798240574592
8798240661760
8798240842240
8798241554536
8798241555970
8798243389456
8798248943632
8798254145536
8798274125833
8798307631233
8798324457476
8798374724896
8798409326720
8798442364928
8798576050720
8798651547649
8798781577216
8798813029376
8799314248709
8799320539648
8799322640392
8799867928576
8800387990289
8800388257856
8800388415520
8800388538496
8800389039488
8800389042200
8800394289184
8800396386307
8800423837696
8800438325252
8800455231489
8800456220672
8800656425057
8800677397504
8800690012288
8800950026368
8801462829056
8801495286848
8801663062016
8802540191746
8802669953032
8804682961282
8804683012096
8804683105288
8804683219504
8804684660737
8804686110724
8804689379584
8804691345553
8804691415552
8804699742304
8804717314048
8804750066368
8804754784264
8804852830208
8804955587074
8805219831880
8805488265220
8805760903168
8805773475976
8805823840258
8805890916865
8806832539656
8806880772608
8807099404288
8807904247840
8808977940485
8808994766864
8811125416960
8813272894210
8813272966145
8813273092100
8813273452800
8813273945120
8813277249664
8813281378312
8813289674768
8813291241476
8813306446216
8813306481664
8813340852224
8813407258624
8813411303457
8813541392960
8814212448256
8814356070464
8814619267072
8814883766528
8815957770241
8817567875090
8817570481152
8817573103616
8817651777536
8817702085120
8818641600524
8821862826068
8822005433344
8830452908080
8830453416320
8830454858824
8830455908864
8830457022466
8830461153286
8830477944832
8830487379970
8830490771584
8830519869451
8830586994952
8830587113536
8830654152736
8830888968196
8830994907136
8831274844168
8831526601216
8832618074112
8834751922196
8835024552448
8835418816513
8839084670976
8839109828608
8839311196288
8841190178881
8847649415170
8849782276096
8851961151520
8864812499602
8864812507936
8864812630180
8864813219848
8864829800577
8864832487424
8864846578704
8864879621120
8864889044996
8864946717256
8864967692288
8865119731712
8865349505025
8865353565216
8865886240810
8866154743808
8866959999492
8867228419136
8868033724688
8869510119440
8869644345352
8871257079808
8873403484192
8873671032832
8881996562456
8882059477088
8883066650624
8890615865344
8899178545152
8899180634128
8899222700032
8907762172930
8933531981057
8933531994752
8933532000265
8933532008728
8933532042246
8933532106787
8933543051264
8933549801602
8933565825028
8933599609092
8933674582152
8933737529344
8933800448032
8933804607504
8934068846725
8934077236288
8934338347008
8934611222528
8934740131840
8934882541570
8935176151040
8935830454288
8937831153728
8937894053376
8938095706112
8940511297792
8942491009024
8950712369218
8950728639488
8950749659136
8951250944000
8952926439424
8967891716164
8967900364801
8970043392008
8973277200384
9002253033472
9002255778304
9004399198336
9006546421762
9011378323456
9070970962120
9070971061520
9070971256850
9070971986080
9070973092353
9070975123808
9070996226050
9071004484738
9071038566432
9071042232464
9071055079424
9071079981568
9071115649024
9071121924640
9071289761792
9071541354564
9072044687744
9072063545408
9072178929664
9073122640896
9075266422792
9077144944640
9079561126152
9088185008128
9089224540208
9090306670720
9105330806785
9105333321728
9105599103056
9105867538466
9106404415488
9109692743936
9139723964672
9139824625792
9139958857760
9140235698176
9143986421824
9156870275075
9208409917441
9208409948200
9209080975360
9210557497408
9225590800640
9277146136580
9345848869442
9345849034768
9345849950340
9345851203648
9345853104136
9345854210080
9345857245312
9345866268736
9345867711520
9345882390554
9345883701760
9345915986176
9345916487680
9345916997696
9345983091712
9345987250432
9346119467008
9346386297856
9346394096136
9346922709001
9346956201984
9347996323857
9348071948288
9348801626240
9350413287426
9350680707076
9358742126656
9363028706564
9363297140776
9371618934784
9381283102720
9388800606224
9397388445697
9414569362433
9414573064192
9414635683856
9415784660992
9418863411456
9423158247436
9431750279680
9449464922176
9483297259520
9484361531920
9485437370372
9487583281184
9500467671040
9620726746176
9620728844296
9620861091844
9620999372801
9622907781152
9625038503936
9655094935552
9895604749568
9895604929280
9895605829712
9895608860684
9895611991040
9895613052928
9895640302096
9895646986240
9895655538688
9895671767057
9895739133953
9895940194370
9896158302464
9896275812352
9896678396930
9897215262785
9898826401792
9899910103048
9900033835168
9904196714560
9904328802328
9904732504192
9912784521252
9912784658440
9912853725440
9925669425152
9929964397184
9929985359873
9930232858624
9934259880000
9947144519696
9964324144256
9964357683208
9964861522432
9965414653952
9966471741442
10033044128776
10033178871808
10041658703872
10067403342082
10170484785184
10170750992900
10173234020352
10187662475264
10239206293504
10445779894272
10447507947784
10462540857472
10479720206368
10995116544136
10995116806672
10995118440736
10995121520832
10995124675588
10995149963276
10995183386758
10995518951424
10995653151745
10995720527872
10996190020360
10996227801088
10996324237456
10996458979332
10997263769610
10997364424720
10997402238976
10997801680900
10999411261480
10999411277904
10999430121472
11001558860288
11003706224641
11003714603010
11008135397632
11012302438402
11012321312800
11029547450368
11029744452640
11038082727940
11046656409608
11063835770945
11063837982736
11063840210948
11063852564482
11098195495168
11132555265152
11132624437249
11141149360160
11269994184741
11270061310976
11270535249928
11287174316096
11304489189376
11407441526800
11544872097796
11544872108290
11545948979200
11547036614656
11562253287424
11613591576704
12094628429858
12094695047176
12094762255360
12094904729728
12098923921409
12103251460096
12129524531200
12317966204928
13194139533985
13194139537988
13194139576324
13194139673104
13194140065864
13194141962240
13194143748128
13194148593664
13194156315656
13194156902400
13194207724032
13194409017364
13194810622272
13194946936833
13195213291526
13195214325761
13195223769088
13196295405604
13196358582272
13198436598274
13198476445696
13198975631360
13200598761473
13202751488000
13203341836288
13203803213840
13204876984448
13211386527752
13211587838082
13219911434272
13228499273752
13228499288256
13228516081696
13229908557824
13262859077120
13262860062848
13267154501636
13280055656704
13331578748938
13331746275328
13332652785664
13340168423680
13348766745088
13365939404800
13469054140416
13469084549185
13469286401024
13469554327568
13471164924424
13486331592704
13743895347504
13744448995330
13881401409664
14293651292417
14293659615296
14293718271008
14294725165184
14298214580224
14302241103874
14330191937536
14843409074176
15393172226056
15395310290944
15431817502720
15462016483360
15951776972800
16492691194368
17592186051089
17592186052773
17592186212866
17592186732673
17592187105286
17592187158793
17592188141843
17592188178441
17592188192896
17592188207180
17592188346370
17592188485633
17592188666401
17592188930056
17592189191297
17592189259808
17592190240520
17592190247360
17592190249000
17592190274561
17592190304354
17592190402820
17592191287826
17592194531334
17592194564865
17592194695306
17592195223568
17592197612032
17592198758560
17592199680256
17592202825754
17592202826113
17592203001920
17592203086912
17592203214851
17592205051936
17592211212308
17592215478272
17592219602080
17592219620096
17592219632264
17592219640834
17592219669520
17592219738180
17592219861584
17592221174272
17592223907840
17592253155401
17592253317160
17592254349824
17592255251074
17592261566468
17592262591496
17592269963408
17592286740800
17592299290640
17592320279576
17592320303648
17592320332096
17592320589864
17592320657536
17592328658953
17592337039472
17592370595842
17592391569416
17592454492240
17592454496804
17592454578368
17592454809088
17592455561219
17592455667968
17592460771460
17592462871808
17592471258152
17592473878592
17592490147856
17592521785348
17592588699681
17592593416448
17592689361408
17592722915681
17592722930688
17592723440008
17592724062224
17592731729920
17592742055936
17592749129792
17592760926216
17592791076992
17592857927680
17592996594688
17593259811104
17593259922496
17593260068992
17593260310595
17593260347396
17593260379136
17593261883924
17593263985184
17593265061896
17593277628417
17593285214240
17593295700992
17593327255552
17593395118208
17593463210048
17593603719169
17593662473216
17593797967876
17593880551424
17593931005984
17594333675656
17594333824128
17594337986816
17594341949473
17594368132100
17594400903680
17594418462976
17594434715680
17594467746370
17594467750048
17594467762433
17594470893568
17594493042688
17594604061192
17594611400832
17594941702208
17595675707408
17596481015852
17596481081984
17596481149184
17596481323520
17596481684480
17596483109072
17596483111940
17596486778912
17596497887264
17596508291072
17596518760961
17596548251666
17596615262466
17596648914952
17596749449792
17596818653440
17596884729856
17597152101440
17597303095298
17597563154432
17597626058752
17598628497418
17598641079296
17598645280784
17599735857152
17600775980578
17600775988289
17600776515712
17600776831040
17600777076992
17600778078976
17600778084400
17600788578368
17600792772614
17600843121153
17600847675392
17600876650504
17600910462978
17600912441344
17601312850114
17601354795008
17601380024576
17601900052736
17602925658112
17602990573696
17603326124032
17605080383492
17605339906064
17609365922564
17609365946437
17609366024192
17609366210576
17609366439008
17609369321474
17609372221448
17609378759168
17609382691106
17609382831104
17609399484608
17609434628096
17609500132736
17609509568528
17609705660416
17609911174148
17610439663760
17610976530440
17611521806336
17611546951952
17611647680516
17611781833730
17613665079312
17613761545216
17614198808576
17615808495680
17617955880970
17617989533728
17618496913409
17622250833920
17626545788420
17626545932290
17626546184200
17626546905600
17626547890240
17626550505473
17626554499328
17626562756624
17626579349536
17626582482952
17626612892432
17626612963328
17626681704448
17626814517248
17626822606914
17627082785920
17627082917889
17628424896512
17628712140928
17628760375301
17629238534144
17629767533056
17631915540482
17635135750180
17635140962304
17635146207232
17635303555072
17635404170240
17637283201048
17643725652136
17644010866688
17660905538177
17660905816160
17660906832640
17660909717648
17660911817728
17660914044932
17660922306572
17660955889664
17660972630051
17660974759940
17660981543168
17661039738902
17661173989904
17661174227072
17661308305472
17661777936392
17661979402241
17661989814272
17662549688336
17663053202432
17663053266953
17665236148224
17669503844392
17670049104896
17670837633026
17678169341952
17678219657216
17678622392576
17682380357762
17695298830340
17695401574401
17699564552192
17703922303040
17729624999204
17729625015872
17729625260360
17729625538565
17729626439696
17729659601154
17729664974848
17729693157408
17729759242240
17729778089992
17729893434512
17729935384576
17730239463424
17730329640961
17730699010050
17730707130432
17731772481620
17732309487616
17733919998984
17734456838272
17736067449376
17739020238880
17739288690704
17742514159616
17746806968384
17746830032897
17747342065664
17763993124912
17764118954176
17765058478337
17766133301248
17781231730688
17798357090304
17798361268256
17798445400064
17802640490497
17815524345860
17867063962114
17867063989504
17867064000530
17867064017456
17867064084492
17867064213574
17867086102528
17867099603204
17867131650056
17867198169233
17867199218184
17867349164304
17867475058688
17867600896064
17867609215008
17868137693450
17868154472576
17868676694016
17869222445056
17869480263680
17869765083140
17870352302080
17871660908576
17875662307456
17875788106752
17876191412224
17881022595584
17884982018048
17886391306241
17901424738436
17901457278976
17901499318272
17902501888000
17905852878848
17935783432328
17935800729602
17940086784016
17946554400768
18004506066944
18004511556608
18008798396672
18013092843524
18022756646912
18141941858333
18141941924240
18141942123040
18141942513700
18141943972160
18141946184706
18141950247616
18141992452100
18142008969476
18142077132864
18142084464928
18142110158848
18142159963136
18142231298048
18142243849280
18142480834561
18142579523584
18143082709128
18144089375488
18144127090816
18144357859328
18146245281792
18150531989505
18150532845584
18154289889280
18159122252304
18176343539713
18176370016256
18178449080416
18180613341440
18210661613570
18210666643456
18211198206112
18211735076932
18212808830976
18219385487872
18279447929344
18279649251584
18279917715520
18280471396352
18287972843648
18313740550150
18416819834882
18416819896400
18418161950720
18421114994816
18451181601280
18485539274753
18554292273160
18691697738884
18691698069536
18691699900680
18691702407296
18691706208272
18691708420160
18691714490624
18691732537472
18691735423040
18691764781108
18691767403520
18691831890947
18691831972352
18691832975360
18691833995392
18691966183424
18691974500864
18692238934016
18692772595712
18692788192272
18693845418002
18693912403968
18695992647714
18696143896576
18697603252480
18700826574852
18701361414152
18708878607360
18717484253312
18726057413128
18726594281552
18738942312449
18743237869568
18762566205440
18777601212448
18794776891394
18829136756801
18829138724866
18829146128384
18829271367712
18831569321984
18837726822912
18846316494872
18863500559360
18898929844352
18966594519040
18968723063840
18970874740744
18975166562368
19000935342080
19241453492352
19241457688592
19241722183688
19241998745602
19245815562304
19250077007872
19310189871104
19791209499136
19791209858560
19791211659424
19791213494279
19791217721368
19791223982080
19791226105856
19791276417281
19791280604192
19791293972480
19791311077376
19791343534114
19791478267906
19791880388740
19792316604928
19792551624704
19793356793860
19793359011841
19794430525570
19796049526785
19797652803584
19799820206096
19800067670336
19808393429120
19808657604656
19809465008384
19825569042504
19825569316880
19825707450880
19851338850304
19859928794368
19859970719746
19860213989377
19860465717248
19868519760000
19894289039392
19928648253577
19928648288512
19928715366416
19929723044864
19930829307904
19932943482884
20066088257552
20066357743616
20074677403649
20083317407744
20134806684164
20340969570368
20341501985800
20346468040704
20375324950528
20478412587008
20891559788544
20895015895568
20925081714944
20959440412736
21990232826369
21990233088272
21990233613344
21990236881472
21990243041664
21990249351176
21990299926552
21990366773516
21991037902848
21991306303490
21991339851905
21991441055744
21992380040720
21992455602176
21992648474912
21992917958664
21994527539220
21994527588355
21994728849440
21994804477952
21995603361800
21998822492165
21998822522960
21998822555808
21998860242944
22003117720576
22007412449282
22007429206020
22016270795264
22024604876804
22024642625600
22059094900736
22059488905280
22076165455880
22093312819216
22127671541890
22127675965472
22127680421896
22127705128964
22196390990336
22265110530304
22265248874498
22265647334401
22282298720320
22539988369482
22540122621952
22541070499856
22574348632192
22608978378752
22679574806529
22814883053600
23089744195592
23089744216580
23091897958400
23094073229312
23124506574848
23227183153408
24189256859716
24189390094352
24189524510720
24189809459456
24197847842818
24206502920192
24259049062400
24635932409856
25288767438881
26388279067970
26388279075976
26388279152648
26388279346208
26388280131728
26388283924480
26388287496256
26388297187328
26388312631312
26388313804800
26388415448064
26388481441793
26388547506181
26388818034728
26388832780289
26389621244544
26389893873666
26390426583052
26390428651522
26390447538176
26392590811208
26392717164544
26396873196548
26396952891392
26397951262720
26401197522946
26405459066897
26405502976000
26406683672576
26407606427680
26409753968896
26422773055504
26423175676164
26439822868544
26456998547504
26456998576512
26457032163392
26459817115648
26525718154240
26525720125696
26534309003272
26560111313408
26663157497876
26663190544385
26663492550656
26665305571328
26680336847360
26697533490176
26731878809600
26938035142913
26938108280832
26938169098370
26938572802048
26939108655136
26942329848848
26972663185408
27487790695008
27488897990660
27556518559745
27762802819328
28587302584834
28587319230592
28587436542016
28589450330368
28596429160448
28604482207748
28660383875072
29686818148352
30786329772041
30786344452112
30790620581888
30863635005440
30924032966720
31903553945600
32985382388736
35184372090689
35184372102178
35184372105546
35184372425732
35184373465346
35184374210572
35184374317586
35184374718481
35184376283686
35184376308737
35184376356882
35184376385792
35184376414360
35184376692740
35184376971266
35184377332802
35184377860112
35184378382594
35184378519616
35184380481040
35184380494720
35184380498000
35184380510725
35184380549122
35184380608708
35184380805640
35184381132809
35184382575652
35184389031937
35184389062668
35184389129730
35184389390612
35184390447136
35184395224064
35184397517120
35184399360512
35184405651508
35184405652226
35184406003840
35184406173824
35184406429702
35184410103872
35184414034177
35184422424616
35184430956544
35184439200259
35184439204160
35184439240192
35184439264528
35184439281668
35184439339040
35184439476360
35184439723168
35184442348544
35184447815680
35184506310802
35184506634320
35184507375617
35184508699648
35184510502148
35184523132936
35184525182992
35184539926816
35184573415689
35184573481600
35184598581280
35184640559152
35184640607296
35184640664192
35184641179728
35184641315072
35184648978561
35184657317906
35184674078944
35184741191684
35184783138832
35184908984480
35184908993608
35184909004801
35184909156736
35184909618176
35184911122438
35184911335936
35184921542920
35184925743616
35184942516304
35184947757184
35184980295712
35185043570696
35185177399362
35185186832896
35185378722816
35185445831362
35185445834825
35185445861376
35185446092819
35185446880016
35185448124448
35185463459840
35185484111872
35185498259584
35185512947717
35185521852432
35185582153984
35185715855360
35185993189376
35186519605393
35186519622208
35186519844992
35186520137984
35186520621190
35186520694792
35186520758272
35186523767848
35186527970368
35186530123792
35186555256834
35186570428480
35186591401984
35186653792261
35186654511104
35186790236416
35186926420096
35187207438338
35187324946432
35187595935752
35187610091777
35187761102848
35187862011968
35188667203841
35188667318341
35188667351312
35188667648256
35188669153411
35188675973632
35188683898946
35188736264200
35188801807360
35188836925952
35188869431360
35188935492740
35188935500096
35188935524866
35188941787136
35188986085376
35189208122384
35189222801664
35189883404416
35191351414816
35192962031704
35192962163968
35192962298368
35192962647040
35192963368960
35192966218144
35192966223880
35192973557824
35192978801669
35192995774528
35193016582144
35193029660673
35193037521922
35193096503332
35193230524932
35193297829904
35193498899584
35193498912769
35193637306880
35193769459712
35194304202880
35194606190596
35195126308864
35195143323649
35195252117504
35197256994836
35197282158592
35197290561568
35198330798081
35199471714304
35201551961156
35201551976578
35201553031424
35201553662080
35201554153984
35201556157952
35201556168800
35201577156736
35201585545228
35201686242306
35201695350784
35201753301008
35201820925956
35201824882688
35202625700228
35202709590016
35202760049152
35202896232449
35203699511297
35203800105472
35205846926345
35205851316224
35205981147392
35206652248064
35210141892881
35210160766984
35210679812128
35218731845128
35218731892874
35218732048384
35218732421152
35218732878016
35218738642948
35218744442896
35218757518336
35218765382212
35218765662208
35218798969216
35218866569281
35218869256192
35219000265472
35219019137056
35219411320832
35219806618656
35219822348296
35220879327520
35221953060880
35223043612672
35223093903904
35223295361032
35223563667460
35225182666753
35227325956099
35227330158624
35227523090432
35228397617152
35231616991360
35235911761940
35235979067456
35236993826818
35244501667840
35253091576840
35253091581959
35253091864580
35253092368400
35253093811200
35253095780480
35253101010946
35253108998656
35253125513248
35253158699072
35253164965904
35253225784864
35253225926656
35253363408896
35253629034496
35253645213828
35254165571840
35254165835778
35256849793024
35257386541569
35257424281856
35257520750602
35258477068288
35259535066112
35263831080964
35270271500360
35270281924608
35270292414464
35270607110144
35270808340480
35274566402096
35287451304272
35288021733376
35321811076354
35321811632320
35321813188609
35321813665280
35321819435296
35321823635456
35321828089864
35321844613144
35321911779328
35321945260102
35321949519880
35321963086336
35322079477804
35322347979808
35322348454144
35322616610944
35323555872784
35323958804482
35323979628544
35324226969601
35325099376672
35326106404864
35326106533906
35330400977417
35330472296448
35338996154369
35339007688784
35340098209792
35341675266052
35356338683904
35356439314432
35357244785152
35364760715524
35390597660680
35390803148802
35399129104384
35407844606080
35459249998408
35459250031744
35459250520720
35459251077130
35459252879392
35459285647369
35459319202308
35459329949696
35459386314816
35459392602115
35459518484480
35459556179984
35459786869024
35459791192065
35459870769152
35460478926848
35460659281922
35461398020100
35461414260864
35463544963240
35464618975232
35467839997968
35468913676544
35472134898752
35478040477760
35478577381408
35485028319232
35493613936768
35493660065794
35494684131328
35527986249824
35528237908352
35530116956674
35532266602496
35562463461376
35596688949269
35596714180608
35596722536512
35596890800128
35605280980994
35631048691720
35734127924228
35734127979008
35734127984657
35734128001060
35734128034912
35734128168984
35734128427148
35734140485697
35734144679947
35734172205056
35734195274753
35734199206408
35734263300112
35734396338466
35734398436368
35734698328608
35734950117376
35735201792128
35735218430016
35736275386900
35736308945152
35737353388032
35738444890112
35738960527360
35739530166280
35740704604160
35743321817152
35751324614912
35751576213504
35752382824448
35762045191168
35769964036096
35772782612482
35802849476872
35802914557952
35802998636544
35805003776000
35811705757696
35871566864656
35871601459204
35880173568032
35893108801536
35974646071297
36009012133888
36009023113216
36017596793344
36026185687048
36045513293824
36283883716666
36283883848480
36283884246080
36283885027400
36283887944320
36283892369412
36283900495232
36283984904200
36284017938952
36284154265728
36284168929856
36284220317696
36284319926272
36284462596096
36284487698560
36284961669122
36284991046656
36285159047168
36286165418256
36288178750976
36288254181632
36288715718656
36292490563584
36301063979010
36301065691168
36308579778560
36318278057985
36352687079426
36352740032512
36356898160832
36361226682880
36421323227140
36421333286912
36422396412224
36423470153864
36425617661952
36438770975744
36558895858688
36559298503168
36559835431040
36560942792704
36575945687296
36627481100300
36833639669764
36833639792800
36836323901440
36842229989632
36902363202560
36971078549506
37108584546320
37383395477768
37383395934211
37383396139072
37383399801360
37383404814592
37383412416544
37383416840320
37383428981248
37383465074944
37383470846080
37383529562216
37383534807040
37383663781894
37383663944704
37383665950720
37383667990784
37383932366848
37383949001728
37384477868032
37385545191424
37385576384544
37386079699009
37387690836004
37387774197761
37387824807936
37391985295428
37392287793152
37395206504960
37401653149704
37402722828304
37417755082765
37417757214720
37434968506624
37452114826256
37453188563104
37477884624898
37486475739136
37520834304001
37525132410880
37555202424896
37589553782788
37658273513602
37658277449732
37658292256768
37658542735424
37659347009537
37663138643968
37675453645824
37692632989744
37727001118720
37797859688704
37933189038080
37937446127680
37941749481488
37950333124736
38001870684160
38482906984704
38482915377184
38483444367376
38483997491204
38491631124608
38500154015744
38620379742208
39582418998272
39582419717120
39582423318848
39582426988558
39582435442736
39582436425857
39582447964160
39582452211712
39582552834562
39582561208384
39582587944960
39582622154752
39582687068228
39582758338561
39582955536393
39582956535812
39583760777480
39584566214659
39584633209856
39585103249408
39586713587720
39586718023682
39588861051140
39592099053570
39595305607168
39599640412192
39600135340672
39616778348545
39616786858240
39617315209312
39618930016768
39651138081025
39651138085008
39651138633760
39651414901760
39702677700608
39719857588736
39719858339841
39719941439492
39720427978754
39720931434496
39737039520000
39788578078784
39857296507154
39857296577024
39857430732832
39859446089728
39861658615808
39865886965768
40132176515104
40132715487232
40140764381185
40149354807298
40166634815488
40269613368328
40681939140736
40683003971600
40692936081408
40750649901056
40956825174016
41783119577088
41790031791136
41850163429888
41918880825472
43980465652738
43980466176544
43980467226688
43980473762944
43980486083328
43980498702352
43980599853104
43980733547032
43980767100931
43982075805696
43982612606980
43982679703810
43982882111488
43984760081440
43984760635393
43984911204352
43985296949824
43985835917328
43989055078440
43989055176710
43989457698880
43989608955904
43991206723600
43997644984330
43997645045920
43997645111616
43997645258753
43997720485888
44006235441152
44014824898564
44014826950657
44014858412040
44032541590528
44049209753608
44049285251200
44050262523905
44118189801472
44118977810560
44152330911760
44186625638432
44255343083780
44255351930944
44255360843792
44255410257928
44392781980672
44530221060608
44530355150849
44530497748996
44531294668802
44564597440640
45079976738964
45080245243904
45082140999712
45148697264384
45217956757504
45359149613058
45629766107200
46179488366977
46179488391184
46179488433160
46183795916800
46188146458624
46249013149696
46454366306816
48378511623185
48378513719432
48378780188704
48379049021440
48379618918912
48395695685636
48413005840384
48518098124800
49271864819712
50577534877762
52776558135940
52776558151952
52776558305296
52776558692416
52776559312901
52776560263456
52776562589825
52776566526977
52776567848960
52776574992512
52776594374656
52776625262624
52776627609600
52776826585097
52776830896128
52776962883586
52777095012362
52777162113041
52777636069456
52777665560578
52779242489088
52779787747332
52780853166104
52780857303044
52780895076352
52785181622416
52785434329088
52793746393096
52793905782784
52795902525440
52802395045892
52810918133794
52811005952000
52813367345152
52815212855360
52819507937792
52845546111008
52846351352328
52862458003457
52879645737088
52913997095008
52913997153024
52914064326784
52919634231296
53051436308480
53051440251392
53051452825601
53068618006544
53120222626816
53326314995752
53326381088770
53326985101312
53330611142656
53360673694720
53395066980352
53463757619200
53876070285826
53876216561664
53876338196740
53877145604096
53878217310272
53884659697696
53945326370816
54975581390016
54975715639297
54977795981320
55113037119490
55525605638656
57174605169668
57174606741569
57174638461184
57174873084032
57178900660736
57192858320896
57208964415496
57320767750144
59373636296704
61572659544082
61572688904224
61574798639617
61581241163776
61727270010880
61848065933440
63807107891200
65970764777472
70368744181378
70368744204356
70368744211092
70368744247817
70368744851464
70368746930692
70368747323921
70368748421144
70368748445953
70368748635172
70368749436962
70368752567372
70368752617474
70368752631827
70368752713764
70368752771584
70368752828720
70368753385480
70368753942532
70368754665604
70368755720224
70368756765188
70368757039232
70368760962080
70368760989440
70368760996000
70368761021450
70368761098244
70368761217416
70368761544709
70368761611280
70368762134537
70368762265618
70368763052129
70368765151304
70368769607681
70368777764995
70368778063874
70368778125336
70368778259460
70368778781224
70368780894272
70368790448128
70368795034240
70368798721024
70368811303016
70368811304452
70368812007680
70368812347648
70368812859404
70368820207744
70368828068354
70368844849232
70368861913088
70368878400518
70368878408320
70368878480384
70368878529056
70368878563336
70368878678080
70368878952720
70368879446336
70368884697088
70368886800897
70368895631360
70368945504293
70369012621604
70369013268640
70369014751234
70369017399296
70369021004296
70369046265872
70369047224321
70369050365984
70369079853632
70369146831378
70369146963200
70369197162560
70369281118304
70369281214592
70369281328384
70369282359456
70369282630144
70369290486785
70369297957122
70369314635812
70369348157888
70369432047617
70369482383368
70369566277664
70369817968960
70369817987216
70369818009602
70369818181673
70369818313472
70369819236352
70369820557313
70369822244876
70369822671872
70369843085840
70369851487232
70369885032608
70369886142465
70369895514368
70369960591424
70370087141392
70370354798724
70370373665792
70370757445632
70370891662724
70370891669650
70370891722752
70370892185638
70370893760032
70370895855753
70370896248896
70370926919680
70370968223744
70370975555585
70370996519168
70371025895434
70371043704864
70371160231937
70371164307968
70371431710720
70371986378752
70373039148289
70373039210786
70373039244416
70373039689984
70373040275968
70373041242380
70373041389584
70373041516544
70373047535696
70373055940736
70373060247584
70373110513668
70373140856960
70373182803968
70373206982657
70373307584522
70373309022208
70373580472832
70373852840192
70374414876676
70374649892864
70375191871504
70375220183554
70375522205696
70375724023936
70377334113305
70377334177985
70377334407682
70377334636682
70377334702624
70377335296512
70377338306822
70377339387905
70377351947264
70377367797892
70377403580417
70377468862465
70377472528400
70377603614720
70377673851904
70377738862720
70377870985480
70377871000192
70377871049732
70377883574272
70377972170752
70378139418627
70378416244768
70378445603328
70379766808832
70382702829632
70385924063408
70385924063491
70385924327936
70385924596736
70385925095557
70385925294080
70385926737920
70385928896513
70385932436288
70385932447760
70385947115648
70385957603338
70385991549056
70386033164288
70386059321346
70386075043844
70386193006664
70386461049864
70386461212673
70386595659808
70386997799168
70386997825538
70387274613760
70387538919424
70388608405760
70389212381192
70390252617728
70390286647298
70390504235008
70394513989672
70394564317184
70394581123136
70396661596162
70398943428608
70403103922312
70403103953156
70403104178257
70403106021385
70403106062848
70403107324160
70403108307968
70403112315904
70403112337600
70403154313472
70403171090456
70403372484612
70403384934401
70403390701568
70403506602016
70403641851912
70403649765376
70404177658373
70405251400456
70405419180032
70405520098304
70405792464898
70407399022594
70407600210944
70411693852690
70411702632448
70411962294784
70413304496128
70420283785762
70420321533968
70421359624256
70437463690256
70437463785748
70437464096768
70437464842304
70437465756032
70437477285896
70437488885792
70437515036672
70437530764424
70437531324416
70437539282945
70437597938432
70437598134275
70437733138562
70437738512384
70438000530944
70438038274112
70438822641664
70439613237312
70439644696592
70441758655040
70443906121760
70446087225344
70446187807808
70446590722064
70447127334920
70450365333506
70454643525665
70454651912198
70454660317248
70455046180864
70456795234304
70463233982720
70471823523880
70471958134912
70473987653636
70489003335680
70506183153680
70506183163918
70506183393541
70506183729160
70506184736800
70506187329539
70506187622400
70506191560960
70506199909505
70506202021892
70506217997312
70506251026496
70506317398144
70506329931808
70506451569728
70506451853312
70506726817792
70507258068992
70507290427656
70508331143680
70508331671556
70508867485729
70510487011329
70513699586048
70514773083138
70514848563712
70515041501204
70516954136576
70519070132224
70527662161928
70540543000720
70540563849216
70540584828928
70541214220288
70541616680960
70549132804192
70574902607945
70574902608544
70576043466752
70643622152708
70643622611073
70643623264640
70643626377218
70643627330560
70643638870592
70643647270912
70643656179728
70643689226288
70643823558656
70643890520204
70643899039760
70643926172672
70644158955608
70644695959616
70644696908288
70645233221888
70647111745568
70647917608964
70647959257088
70648453939202
70650198753344
70652212809728
70652213067812
70653302538241
70660801954834
70660944592896
70677992308738
70678015377568
70680196419584
70683350532104
70712677367808
70712878628864
70714489570304
70729521431048
70746701316097
70781195321360
70781606297604
70798258208768
70815689212160
70918499996816
70918500063488
70918500124675
70918501041440
70918502154260
70918505758784
70918571294738
70918638404616
70918659899392
70918768427057
70918772629632
70918785204230
70919036968960
70919037386761
70919112359968
70919573738048
70919582384130
70919741538304
70920957853696
70921318563844
70922796040200
70922828521728
70927089926480
70929237950464
70935679995936
70937827353088
70944269797504
70952993947905
70956080955520
70957154762816
70970056638464
70987223663105
70987227873536
70987320131588
70989368262656
71055972499648
71056475816704
71060233913348
71064533204992
71124926922752
71193377898538
71193428361216
71193445073024
71193781600256
71210561961988
71262097383440
71468255805857
71468255848456
71468255958016
71468255969314
71468256002120
71468256069824
71468256337968
71468256854296
71468280971394
71468289359894
71468344410112
71468390549506
71468398412816
71468526600224
71468792676932
71468796872736
71469396657216
71469900234752
71470403584256
71470436860032
71472550773800
71472617890304
71474706776064
71476889780224
71477921054720
71479060332560
71481409208320
71485444063241
71486643634304
71502649229824
71503152427008
71504765648896
71524090382336
71536976397312
71539928072192
71545565224964
71605698953744
71605829115904
71605997273088
71610007552000
71623411515392
71743133729312
71743202918408
71760347136064
71786217603072
71949292142594
72018024267776
72018046226432
72019085369345
72035193586688
72052371374096
72091026587648
72567767433332
72567767597569
72567767696960
72567768492160
72567770054800
72567775888640
72567784738824
72567800990464
72567901653001
72567969808400
72568035877904
72568308531456
72568337859712
72568440635392
72568639852544
72568925192192
72568975397120
72569378045969
72569923338244
72569982093312
72570318094336
72572330836512
72576357501952
72576508363264
72577431437312
72584981127168
72602127176705
72602127958020
72602131382336
72617159557120
72636556115970
72705374158852
72705480065024
72713796321664
72722453365760
72842646454280
72842666573824
72844792824448
72846940307728
72851235323904
72877541951488
73117791717376
73118597006336
73119670862080
73121885585408
73151891374592
73254962200600
73392401154113
73667279339528
73667279585600
73667316809729
73672647802880
73684459979264
73804726405120
73942157099012
74217169092640
74766790885409
74766790955536
74766791868422
74766792278144
74766799602720
74766809629184
74766824833088
74766833680640
74766857962496
74766930149888
74766941692160
74767059124432
74767069614080
74767327563788
74767327889408
74767331901440
74767335981568
74767864733696
74767898003456
74768938188805
74768955736064
74771090382848
74771152769088
74772159398018
74775381672008
74775548395522
74775649615872
74783970590856
74784575586304
74790413009920
74801167204355
74803306299408
74805445656608
74835510165530
74835514429440
74869937013248
74904229652512
74904330305537
74906377126208
74955769249796
74972951478272
75041668608002
75050264821760
75110404849792
75179107565576
75316547027204
75316554899464
75316584513536
75317085470848
75318694019074
75326277287936
75350907291648
75385265979488
75454002237440
75595719377408
75866378076160
75866570754049
75874892255360
75883498962976
75900666249472
76003741368320
76965813969408
76965814206593
76965830754368
76966888734752
76967994982408
76983262249216
77000308031488
77240759484416
79164837996544
79164839434240
79164845592641
79164846637696
79164853977116
79164870885472
79164872851714
79164895928320
79164904423424
79164971548801
79165105669124
79165122416768
79165175889920
79165244309504
79165374136456
79165445373953
79165516677122
79165911072786
79165913071624
79167521554960
79169132429318
79169266419712
79170206498816
79173427175440
79173436047364
79173460690945
79177722102280
79184198107140
79190611214336
79199197462561
79199280824384
79200270681344
79233556697090
79233573716480
79234630418624
79237860033536
79302276162050
79302276170016
79302277267520
79302829803520
79320529764353
79405355401216
79439715177472
79439716679682
79439882878984
79440855957508
79441862868992
79474079040000
79577156157568
79714593014308
79714593154048
79714609823745
79714861465664
79718892179456
79723317231616
79731773931536
80264348829185
80264353030208
80265430974464
80281528762370
80298709614596
80333269630976
80539226736656
81363878281472
81364128956417
81366007943200
81385872162816
81501299802112
81913650348032
83566239154176
83580063582272
83631603195905
83700326859776
83837761650944
87960931305476
87960932353088
87960934453376
87960947525888
87960972166656
87960997404704
87961199706208
87961467094064
87961534201862
87962142375937
87964151611392
87965225213960
87965225222161
87965359407620
87965764222976
87969520162880
87969521270786
87969822408704
87970593899648
87971671834656
87978110156880
87978110353420
87978915397760
87979217911808
87982413447200
87995289968660
87995290091840
87995290223232
87995290517506
87995440971776
88012470882304
88029649797128
88029653901314
88029716824080
88065083181056
88098369243137
88098419507216
88098570502400
88100525047810
88236076564993
88236379602944
88237955621120
88304661823520
88373251276864
88510686167560
88510703861888
88510721687584
88510753148929
88510820515856
88785563961344
89060442121216
89060710301698
89060995497992
89062589337604
89129194881280
90159953477928
90159955050497
90160490487808
90164281999424
90297394528768
90435913515008
90718299226116
91259532214400
92358976733954
92358976782368
92358976866320
92367591833600
92376292917248
92498026299392
92908732613632
96757023246370
96757027438864
96757560377408
96758098042880
96759237837824
96791391371272
96826011680768
97036196249600
98543729639424
101155069755524
105553116271880
105553116303904
105553116610592
105553116667905
105553117384832
105553118625802
105553120462865
105553120526912
105553125179650
105553133053954
105553135697920
105553149985024
105553188749312
105553250525248
105553255219200
105553385227265
105553653170194
105553661792256
105553925767172
105554190024724
105554324226082
105555272138912
105555331121156
105558484978176
105559575494664
105561706332208
105561714606088
105561790152704
105570312913409
105570363244832
105570868658176
105587492786192
105587811565568
105588012875905
105591805050880
105604790091784
105621836267588
105622011904000
105626734690304
105630425710720
105639015875584
105691092222016
105692702704656
105724916006914
105759291474176
105827994190016
105827994306048
105828128653568
105832289144833
105839268462592
106102872616960
106102880502784
106102905651202
106105021661185
106137236013088
106240445253632
106652629991504
106652762177540
106653970202624
106661222285312
106721347389440
106790133960704
106927515238400
107752140571652
107752433123328
107752676393480
107754291208192
107756434620544
107769319395392
107890652741632
109951162780032
109951431278594
109952244908033
109955591962640
110226074238980
111051211277312
114349210339336
114349213483138
114349276922368
114349746168064
114357801321472
114385716641792
114417928830992
114641535500288
118747272593408
123145319088164
123145377808448
123149597279234
123162482327552
123454540021760
123696131866880
127614215782400
131941529554944
140737488362756
140737488374277
140737488408712
140737488422184
140737488433155
140737488495634
140737488552073
140737489702928
140737493861384
140737494647842
140737496842288
140737496891906
140737497270344
140737498873924
140737501102081
140737505134744
140737505234948
140737505263654
140737505394709
140737505427528
140737505543168
140737505657440
140737506770960
140737507885064
140737509331208
140737511440448
140737513530376
140737514078464
140737521924160
140737521978880
140737521992000
140737522042900
140737522196488
140737522434832
140737523089418
140737523222560
140737524105217
140737524269074
140737524531236
140737526104258
140737530302608
140737539215362
140737555529990
140737556127748
140737556250672
140737556518920
140737557562448
140737561788544
140737580896256
140737589018693
140737590068480
140737597442048
140737622606032
140737622608904
140737622639633
140737624015360
140737624695296
140737625718808
140737639360513
140737640415488
140737656136708
140737689698464
140737723826176
140737756791233
140737756801036
140737756816640
140737756960768
140737757058112
140737757126672
140737757356160
140737757905440
140737758892672
140737769394176
140737773601794
140737791262720
140737891008586
140738025243208
140738026283017
140738026537280
140738027324929
140738029502468
140738034798592
140738042008592
140738058784801
140738092531744
140738094448642
140738100731968
140738159707264
140738293662756
140738293926400
140738394325120
140738428010497
140738562236608
140738562429184
140738562656768
140738563932161
140738564718912
140738565260288
140738580973570
140738595914244
140738629271624
140738696315776
140738864095234
140738964766736
140739132555328
140739635937920
140739635974432
140739636019204
140739636363346
140739636626944
140739637938193
140739638472704
140739641114626
140739644489752
140739645343744
140739686171680
140739702974464
140739770065216
140739772284930
140739791028736
140739921182848
140740174282784
140740709597448
140740747331584
140741514891264
140741783325448
140741783339300
140741783445504
140741783863361
140741784371276
140741787520064
140741791711506
140741792497792
140741853839360
140741936447488
140741951111170
140741993038336
140742051790868
140742051825665
140742087409728
140742320463874
140742328615936
140742863421440
140742907396097
140743972757504
140744002109441
140746078296578
140746078421572
140746078488832
140746079340673
140746079379968
140746080387139
140746080551936
140746082484760
140746082779168
140746083033088
140746095071392
140746111881472
140746120495168
140746221027336
140746281713920
140746365607936
140746413965314
140746615169044
140746618044416
140747160945664
140747219140625
140747705680384
140748359991329
140748829753352
140749299785728
140750383743008
140750440367108
140751044411392
140751448047872
140754668226610
140754668355970
140754668815364
140754669273364
140754669405248
140754670321953
140754670593024
140754676613644
140754678775810
140754702303361
140754703894528
140754735595784
140754807160834
140754937724930
140754945056800
140755207229440
140755347703808
140755477725440
140755741970960
140755742000384
140755742099464
140755767148544
140755944341504
140756278837254
140756832489536
140756891206656
140759533617664
140765405659264
140771848126816
140771848126982
140771848655872
140771849193472
140771850191114
140771850588160
140771853475840
140771857006597
140771857793026
140771864872576
140771864895520
140771894231296
140771915206676
140771983098112
140772066328576
140772116529187
140772118642692
140772150087688
140772386013328
140772922099728
140772922425346
140773191319616
140773995598336
140773995651076
140774549227520
140775077838848
140777216811520
140778424762384
140780438036737
140780505235456
140780573294596
140781008470016
140789027979344
140789128634368
140789162246272
140793323192324
140797886857216
140806207844624
140806207906312
140806208356514
140806212026465
140806212042770
140806212125696
140806214648320
140806216615936
140806224631808
140806224675200
140806308626944
140806342180912
140806744969224
140806769868802
140806781403136
140807013204032
140807283703824
140807299530752
140808355316746
140808355872769
140810502800912
140810838360064
140811040196608
140811584929796
140814798045188
140815200421888
140823387705380
140823397138433
140823405264896
140823924589568
140826608992256
140840567571524
140840643067936
140842719248512
140874927380512
140874927571496
140874927964417
140874928193536
140874929684608
140874931512064
140874954571792
140874977771584
140875030073344
140875061528848
140875062648832
140875069915201
140875078565890
140875195876864
140875196268550
140875464212497
140875466277124
140875477024768
140876001061888
140876003147785
140876076548224
140877645283328
140879222276611
140879226474624
140879289393184
140883517310080
140887812243520
140892174450688
140892375615616
140893181444128
140894254669840
140900730667012
140909287051330
140909303824396
140909320634496
140910092361728
140913590468608
140926467965440
140943646793857
140943647047760
140943916269824
140947975307272
140978006671360
141012366307360
141012366327836
141012366787082
141012367458320
141012369473600
141012374659078
141012375244800
141012383121920
141012399819010
141012404043784
141012435994624
141012502052992
141012634796288
141012659863616
141012903139456
141012903706624
141013453635584
141014513750021
141014516137984
141014580855312
141016662287360
141016663343112
141017734971458
141020974022658
141027399172096
141029546166276
141029697127424
141030083002408
141033908273152
141038140264448
141047262871617
141055324323856
141081086001440
141081127698432
141081169657856
141082428440576
141083233361920
141098265608384
141149805215890
141149805217088
141149872586753
141152086933504
141287244305416
141287245222146
141287246529280
141287252558353
141287252754436
141287254661120
141287277741184
141287294541824
141287312359456
141287378452576
141287647117312
141287781040408
141287798079520
141287852345344
141288317911216
141288586347521
141289391919232
141289393816576
141290466443776
141291539136553
141294223491136
141295835217928
141295918514176
141296907878404
141300397506688
141304424058881
141304425619456
141304426135624
141306605076482
141321603909668
141321889185792
141355984617476
141356030755136
141360392839168
141366701064208
141425354735616
141425757257728
141428979140608
141459042862096
141493402632194
141562390642720
141563212595208
141596516417536
141631378424320
141836999993632
141837000126976
141837000249350
141837000310817
141837002082880
141837004308520
141837011517568
141837142589476
141837272621057
141837276809232
141837319798784
141837536854114
141837545259264
141837570408460
141838073937920
141838074773522
141838224719936
141839147476096
141839164768260
141839483076608
141841915707392
141842637127688
141845592080400
141845657043456
141854179852960
141854179855361
141858475900928
141871359991872
141875654706176
141888539595008
141905853693953
141905987895810
141912161911040
141914309525632
141940113276928
141974447326210
141974455747072
141974640263176
141978736525312
142111944999296
142112951633408
142120467826696
142129066409984
142249853845504
142386755797076
142386856722432
142386890146048
142387563200512
142421123923976
142524194766880
142936511611714
142936511696912
142936511750177
142936511877633
142936511916032
142936511938628
142936512004240
142936512139648
142936512675936
142936513708592
142936519999753
142936529437697
142936561942788
142936578719788
142936688820224
142936781099012
142936796825632
142937053200448
142937585353864
142937593745472
142938793314432
142939800469504
142940807168512
142940873720064
142945101547600
142945235780608
142945370013697
142949413552128
142953779560448
142955842109440
142958120665120
142962818416640
142970888126482
142973287268608
143005298459648
143006304854016
143009531297792
143048180764672
143073952794624
143079856144384
143091130449928
143211397907488
143211658231808
143211994546176
143220015104000
143228569387025
143246823030784
143486267458624
143486405836816
143520694272128
143572435206144
143898584285188
144036048535552
144036092452864
144038170738690
144070387173376
144104742748192
144182053175296
144585779576833
145135534866664
145135535195138
145135535393920
145135535996929
145135536984320
145135540109600
145135551777280
145135560032289
145135569477648
145135601980928
145135669084681
145135803306002
145135939616800
145136071755808
145136617062912
145136675719424
145136881270784
145137279705088
145137850384384
145137950794240
145138219221121
145138756091938
145139846676488
145139964186624
145140636188672
145144661673024
145152715003904
145153016726528
145153788477505
145154862874624
145169899061249
145169962254336
145204254353410
145204255916040
145204262764672
145234319114240
145273112231940
145410748317704
145410960130048
145427592643328
145444906731520
145685292908560
145685333147648
145685357797377
145689585648896
145693880615456
145702470647808
145755083902976
146235583434752
146237194012672
146239341724160
146243771170816
146303782749184
146509924401200
146784802308226
147334558679056
147334559171200
147334591678465
147334633619458
147345295605760
147368919958528
147609452810240
147884314198024
148434338185280
149533581386305
149533581770818
149533581911072
149533583622145
149533583736844
149533584556288
149533599205440
149533619258368
149533649666176
149533667361280
149533715628037
149533715924992
149533850337297
149533860299776
149533883384320
149534118248864
149534139228160
149534655119491
149534655127576
149534655778816
149534663802880
149534671963136
149535729467392
149535796006912
149537876377610
149537876608001
149537911472128
149542180765696
149542305538176
149544318796036
149550763344016
149551096791044
149551299231744
149559351181321
149567941181712
149569151172608
149580826019840
149602334408710
149602368028673
149606612598816
149610891313216
149671020331060
149671028858880
149673168863233
149739874026496
149808459305024
149808476061953
149808660611074
149812754252416
149911538499592
149945902956544
150083337216004
150100529643520
150220809699584
150358215131152
150633094054408
150633109798928
150633169027072
150634170941696
150637388038148
150652554575872
150701814583296
150770531958976
150908004474880
151191438754816
151732756152320
151733141508098
151749784510720
151766997925952
151801332498944
152007482736640
153931627938816
153931628413186
153931661508736
153933777469504
153935989964816
153966524498432
154000616062976
154481518968832
158329674424337
158329675993088
158329678868480
158329691185282
158329693275392
158329707954232
158329741640705
158329741770944
158329745703428
158329791856640
158329808846848
158329943097602
158330211338248
158330244833536
158330351779840
158330488619008
158330748272912
158330890747906
158331033354244
158331822145572
158331826143248
158335043109920
158338264858636
158338532839424
158340412997632
158346854350880
158346872094728
158346921381890
158346988748801
158355444204560
158368396214280
158381222428672
158398394925122
158398561648768
158398930747397
158400541362688
158467113394180
158467147432960
158469260837248
158475720067072
158604552324100
158604552340032
158604553355297
158604554535040
158605659607040
158641059528706
158810710802432
158879430354944
158879433359364
158879446990913
158879765757968
158881711915016
158883725737984
158948158080000
159154312315136
159429186028616
159429186308096
159429219647490
159429722931328
159432407252993
159437784358912
159446634463232
159463547863072
160528697658370
160528706060416
160530861948928
160563057524740
160597419229192
160666539261952
161078453473312
162727720943873
162727756562944
162728257912834
162732015886400
162771744325632
163002599604224
163827300696064
167132478308352
167160127164544
167263206391810
167400653719552
167675523301888
175921860708361
175921862610952
175921864706176
175921868906752
175921895051776
175921944333312
175921994809408
175922145660929
175922399412416
175922934188128
175923068403724
175924284751874
175926156460049
175928303222784
175930450427920
175930450444322
175930718815240
175931528445952
175939040325760
175939040346115
175939042541572
175939644817408
175941187799296
175943343669312
175956220248577
175956220313760
175956220706840
175957830795520
175958435823616
175964826894400
175990579937320
175990580183680
175990580446464
175990581035012
175990881943552
176024941764608
176059299594256
176059307802628
176059433648160
176130166362112
176196738486274
176196839014432
176197141004800
176201050095620
176274047762433
176471616258309
176472153129986
176472759205888
176475911242240
176609323647040
176746502553728
177021372335120
177021407723776
177021443375168
177021506297858
177021641031712
177571127922688
178120884242432
178120889991169
178121420603396
178121990995984
178125178675208
178258389762560
180319906955856
180319910100994
180320980975616
180328563998848
180594789057536
180871827030016
181436598452232
182519064428800
184717953467908
184717953564736
184717953732640
184718498725889
184735183667200
184752585834496
184996052598784
185817465227264
193514046492740
193514054877728
193515120754816
193516196085760
193518475675648
193582782742544
193652023361536
194072392499200
197087459278848
202310139511048
211106232543760
211106232607808
211106233221184
211106233335810
211106234769664
211106237251604
211106240925730
211106241053824
211106250359300
211106266107908
211106271395840
211106299970048
211106377498624
211106501050496
211106510438400
211106770454530
211107306340388
211107323584512
211107851534344
211108380049448
211108648452164
211110527508485
211110544277824
211110662242312
211116969956352
211119150989328
211123412664416
211123429212176
211123580305408
211140625826818
211140726489664
211141737316352
211159919624193
211174985572384
211175623131136
211176025751810
211183610101760
211209580183568
211243672535176
211244023808000
211253469380608
211260851421440
211278031751168
211381110473729
211382184444032
211385405409312
211449832013828
211518582948352
211655988380032
211655988612096
211656257307136
211664578289666
211678536925184
212205744291857
212205745233920
212205761005568
212205811302404
212210043322370
212274472026176
212480890507264
213305259983008
213305322913793
213305524355080
213307940405248
213322444570624
213442694778880
213580267921408
213855030476800
215504279572481
215504281143304
215504866246656
215505352786960
215508582416384
215512869241088
215538638790784
215781305483264
219902325560064
219902862557188
219904489816066
219911183925280
220452148477960
222102422554624
228698418577419
228698420678672
228698426966276
228698553844736
228699492336128
228715602642944
228771433283584
228835857661984
229283071000576
237494545186816
246290638176328
246290755616896
246299194558468
246324964655104
246909080043520
247392263733760
255228431564800
263883059109888
281474976710835
281474976725512
281474976748554
281474976759941
281474976817424
281474976844368
281474976866310
281474976991268
281474977104146
281474978824265
281474979405856
281474979858437
281474985231365
281474987722768
281474989295684
281474993684576
281474993783812
281474994044993
281474994540688
281474997747848
281475002204162
281475010269488
281475010330883
281475010469896
281475010527308
281475010789418
281475010806785
281475010855056
281475011086336
281475011314880
281475013541920
281475015770128
281475018662416
281475022880896
281475027060752
281475028156928
281475043848320
281475043957760
281475043984000
281475044085800
281475044392976
281475044411393
281475044869664
281475046178836
281475046445120
281475048210434
281475048538148
281475049062472
281475052208516
281475060605216
281475078430724
281475110932547
281475111059980
281475112255496
281475112501344
281475113037840
281475115124896
281475123577088
281475161792512
281475178037386
281475180136960
281475194884096
281475245212064
281475245217808
281475245279266
281475248030720
281475249390592
281475251437616
281475253571585
281475278721026
281475280830976
281475312273416
281475379396928
281475447652352
281475513582466
281475513602072
281475513633280
281475513921536
281475514116224
281475514253344
281475514712320
281475515810880
281475517785344
281475538788352
281475547203588
281475582525440
281475647823873
281475782017172
281476050486416
281476051632641
281476052566034
281476053074560
281476054649858
281476059004936
281476069597184
281476084017184
281476117569602
281476185063488
281476188897284
281476201463936
281476319414528
281476587325512
281476587852800
281476788650240
281476856020994
281477124473216
281477124858368
281477125313536
281477127864322
281477129437824
281477130520576
281477140987907
281477161947140
281477191828488
281477258444809
281477258543248
281477392631552
281477728190468
281477929533472
281478265110656
281479271875840
281479271948864
281479272038408
281479272726692
281479273253888
281479275876386
281479276945408
281479282229252
281479288456705
281479288979504
281479290687488
281479372343360
281479405948928
281479540130432
281479544569860
281479582057472
281479842365696
281480348565568
281481419194896
281481494663168
281483029782528
281483566650896
281483566662401
281483566678600
281483566891008
281483567726722
281483568742552
281483575040128
281483583423012
281483584995584
281483707678720
281483872894976
281483902222340
281483986076672
281484103581736
281484103651330
281484174819456
281484640387169
281484640927748
281484657231872
281485726842880
281485814792194
281487945515008
281488004218882
281492156593156
281492156843144
281492156850179
281492156977664
281492158681346
281492158759936
281492160774278
281492161103872
281492164969520
281492165558336
281492166066176
281492190142784
281492223762944
281492240990336
281492425015333
281492442054672
281492563427840
281492731215872
281492827930628
281493230338088
281493236088832
281494321891328
281494371172369
281494438281250
281495411360768
281496719982658
281497659506704
281498599571456
281500767486016
281500880734216
281502088822784
281502896095744
281509336453220
281509336711940
281509337630728
281509338546728
281509338810496
281509340643906
281509341186048
281509344837769
281509353227288
281509357551620
281509404606722
281509407789056
281509471191568
281509614321668
281509875449860
281509890113600
281510414458880
281510695407616
281510955450880
281511483941920
281511484000768
281511484198928
281511534297088
281511888683008
281512557674508
281513664979072
281513782413312
281519067235328
281526518939649
281530811318528
281543696253632
281543696253964
281543696580737
281543696711953
281543697311744
281543698386944
281543700382228
281543701176320
281543706951680
281543714013194
281543715586052
281543729745152
281543729791040
281543788462592
281543830413352
281543966196224
281544132657152
281544233058374
281544237285384
281544300175376
281544772026656
281545843679297
281545844199456
281545844850692
281546382639232
281547991196672
281547991302152
281549098455040
281550155677696
281552320724993
281554433623040
281556849524768
281560876073474
281561010470912
281561146589192
281562016940032
281578055958688
281578257268736
281578324492544
281586646384648
281595773714432
281612415689248
281612415763457
281612415812624
281612415926297
281612416713028
281612424052930
281612424085540
281612424251392
281612429296640
281612433231872
281612433489953
281612449263616
281612449350400
281612617253888
281612684361824
281613489938448
281613539737604
281613562806272
281614026408064
281614567407648
281614599061504
281616710633492
281616711745538
281617251696641
281621005601824
281621676720128
281622080393216
281623169859592
281629595551745
281629596090376
281630400843776
281646775410760
281646794276866
281646810529792
281646842511873
281647849179136
281653217984512
281681135143048
281681286135872
281685438497024
281749854761024
281749855142992
281749855145993
281749855928834
281749856387072
281749858812097
281749859369216
281749863024128
281749909143584
281749921759235
281749955543168
281750060146688
281750123057696
281750125297664
281750139830402
281750157131780
281750391753728
281750392537100
281750928424994
281750929409280
281750932554248
281750954049536
281752002123776
281752006295570
281752153096448
281755290566656
281758444553222
281758452949248
281758578786368
281762739521537
281767034620160
281767579746305
281775624487040
281784348901376
281784751231232
281786362888256
281788509339680
281801461334024
281818574102660
281818607648792
281818641268992
281818708312577
281820184723456
281827180937216
281852935930880
281887293587714
281887294095520
281887832539648
281895950614544
281956013342720
282024732614720
282024732655672
282024732655937
282024733574164
282024734626817
282024734916640
282024736729089
282024738947200
282024741437473
282024749318156
282024750489600
282024766243840
282024799638020
282024808087568
282024871989248
282025004105984
282025269592576
282025319727232
282025806278912
282025807413248
282026343137285
282026907271168
282027148705793
282029027500042
282029032275968
282029161710624
282033324574720
282033326686224
282035469942916
282041948045316
282054798344192
282059092332552
282059394254848
282060166004816
282067816546304
282076280528896
282094525743234
282110648647712
282162172002880
282162255396864
282162339315712
282164856881152
282166466723840
282196531216768
282299610431780
282299610434176
282299627274241
282299745173506
282304173867008
282574488610832
282574489911425
282574490444292
282574493058560
282574505116706
282574505508872
282574509322240
282574555482368
282574555578401
282574589083648
282574624718912
282574756905152
282575294234624
282575562080816
282575562342657
282575596159040
282575704690688
282576635822432
282577172695042
282578783838464
282578787633152
282580932887552
282583078273106
282583212490757
282588446982272
282591670435856
282591837028352
282593815756808
282600795013376
282608848117762
282608851238912
282608852271248
282613210152964
282643207819336
282643212009475
282643778371584
282711969234952
282712061510272
282720785678336
282733402128416
282849634681857
282851514515456
282857958281216
282918085724192
282986805264388
283124781285440
283126425190416
283141424054273
283193032835072
283262756848640
283673999987264
283674000253952
283674000498700
283674000621634
283674001047569
283674002063875
283674004165760
283674008617040
283674023035136
283674285178952
283674545242114
283674553618464
283674639597568
283674805272833
283675073708228
283675090518528
283675140816920
283676147875840
283676149547044
283676449439872
283677221195777
283678294952192
283678329536520
283678966153216
283683831414784
283685274255376
283691184160800
283691314086912
283708359705920
283708359710722
283708493922337
283716951801856
283742719983744
283751309412352
283777079190016
283811707387906
283811975791620
283824323822080
283828619051264
283880226553856
283948894652420
283948911494144
283949280526352
283957473050624
284223889998592
284225903266816
284240935653392
284258132819968
284292475256841
284499707691008
284773511594152
284773713444864
284773780292096
284775126401024
284842247847952
285048389533760
285873023223428
285873023223849
285873023393824
285873023500354
285873023755266
285873023832064
285873023877256
285873024008480
285873024279296
285873025351872
285873027417184
285873039999506
285873058875394
285873123885576
285873157439576
285873377640448
285873562198024
285873593651264
285874106400896
285875170707728
285875187490944
285877318197265
285877586628864
285879600939008
285881614337024
285881747440128
285882166804481
285890203095200
285890471561216
285890740027394
285898827104256
285907383095297
285907559120896
285911684218880
285916241330240
285925636833280
285941776252964
285946574537216
286010462175239
286010596919296
286012609708032
286019062595584
286096361529344
286147905589248
286159712288768
286182260899856
286422795814976
286423316463616
286423989092352
286440030208000
286457138774050
286493646061568
286972534917248
286972811673632
286974682333697
287041388544256
287144870412288
287797168570376
288072097071104
288072113587201
288072184905728
288076341477380
288140774346752
288209485496384
288364106350592
289171559153666
290271069733328
290271070390276
290271070787840
290271071838337
290271071993858
290271073968640
290271080219200
290271103554560
290271120064578
290271138955296
290271203961856
290271338169362
290271354947585
290271606612004
290271640158721
290271879233600
290272143511616
290272143540241
290273221411073
290273234125824
290273351438848
290273762541568
290274559410176
290275700768768
290275901588480
290276438442242
290277512183876
290279693352976
290279928373248
290281272377344
290289323346048
290305430007808
290306033453056
290307576955010
290309725749248
290339798122498
290339924508672
290374148947973
290408508706820
290408511832080
290408525529344
290468638228480
290546224463880
290821496635408
290821920260096
290829415481347
290855185286656
290889813463040
291370585817120
291370666295296
291370715594754
291379171297792
291387761230912
291404941295616
291510167805952
292471166869504
292474388025344
292478683448320
292487542341632
292607565498368
293019848802400
293569604616452
294669116538881
294669117358112
294669118342400
294669183356930
294669267238916
294690591211520
294737839917056
295218905620480
295768628396048
296868676370560
299067162772610
299067163541636
299067163822144
299067167096833
299067167244290
299067167473688
299067169112576
299067198410880
299067213086729
299067238516736
299067299332352
299067334722560
299067431256074
299067431849984
299067700674594
299067720599552
299067766768640
299068236497728
299068278456320
299069310238982
299069310255152
299069311557632
299069327605760
299069343926272
299071457984545
299071458934784
299071592013824
299075752755220
299075753216002
299075822944256
299076021125249
299084361531392
299084611076352
299088637592072
299101522559041
299101526688032
299102193582088
299102598463488
299118702362642
299135882363424
299138302345216
299161652039680
299204668817420
299204736057346
299213225197632
299221782626432
299342040662120
299342057717760
299346337726466
299479748052992
299616918610048
299616952123906
299617321222148
299625508504832
299823076999184
299891805913088
300166674432008
300167211257857
300201059287040
300441619399168
300716430262304
301266188108816
301266219597856
301266338054144
301268341883392
301274776076296
301305109151744
301403629166592
301541063917952
301816008949760
302382877509632
303465512304640
303466283016196
303499569021440
303533995851904
303602664997888
304014965473280
307863255877632
307863256826372
307863323017472
307867554939008
307871979929632
307933048996864
308001232125952
308963037937664
316659348804225
316659348848674
316659351986176
316659353059333
316659357736960
316659373965329
316659382370564
316659386550784
316659415908464
316659483281410
316659483541888
316659491406856
316659583713280
316659617693696
316659886195204
316660422676496
316660489667072
316660703559680
316660977238016
316661496545824
316661781495812
316662066708488
316663644291144
316663652286496
316667940962305
316670086219840
316676529717272
316677065678848
316680825995264
316693708701760
316693744189456
316693842763780
316693977497602
316710888409120
316728605148161
316736792428560
316762444857344
316796789850244
316797123297536
316797861494794
316801082725376
316934226788360
316934294865920
316938521674496
316951440134144
317209104648200
317209104680064
317209106710594
317209109070080
317211319214080
317282119057412
317621421604864
317758860709888
317758866718728
317758893981826
317759531515936
317763423830032
317767451475968
317896316160000
318308624630272
318858372057232
318858372616192
318858405617665
318858439294980
318859445862656
318864814505986
318875568717824
318893268926464
318927095726144
321057395316740
321057412120832
321061723897856
321074709397505
321126115049480
321194838458384
321333078523904
322156906946624
325455441887746
325455513125888
325456515825668
325464031772800
325543488651264
325592880775233
326005199208448
327654601392128
334252608587777
334264956616704
334320254329088
334526412783620
334801307439104
335351046603776
351843720900641
351843721416722
351843721675265
351843723018497
351843725221904
351843729412352
351843737813504
351843790103552
351843888666624
351843989618816
351844291321858
351844798824832
351845868376256
351846136807448
351848082964489
351848569503748
351852312920098
351856606445568
351860900855840
351860900888644
351861437630480
351863056891904
351878080651520
351878080692230
351878085083144
351879289634816
351882375598592
351886687338624
351912440497154
351912440627520
351912441413680
351915661591040
351916871647232
351929653788800
351981159874640
351981160367360
351981160892928
351981162070024
351981562494977
351981763887104
352049883529216
352118599188512
352118615605256
352118867296320
352120779833345
352260332724224
352393476972548
352393678028864
352394282009600
352402100191240
352548095524866
352943232516618
352944306259972
352945518411776
352951822484480
353218647294080
353493005107456
354042744670240
354042815447552
354042886750336
354043012595716
354043282063424
354068513947649
355142255845376
356241768484864
356241779982338
356242841206792
356243981991968
356250357350416
356516779525120
360639813911712
360639814975489
360639820201988
360641961951232
360657127997696
361189578115072
361743654060032
362873196904464
365038128857600
369435906935816
369435907129472
369435907465280
369436997451778
369470367334400
369505171668992
369992105197568
371634930454528
387028092985480
387028109755456
387030241509632
387032392171520
387036951351296
387165565485088
387304046723072
388144784998400
394174918557696
404620279022096
422212465087520
422212465099297
422212465215616
422212466442368
422212466671620
422212469539328
422212474503208
422212481851460
422212482107648
422212500718600
422212532179201
422212532215816
422212542791680
422212599940096
422212754997248
422213002100992
422213002461187
422213020876800
422213540909060
422214612680776
422214647169024
422215703068688
422216760098896
422217296904328
422221055016970
422221059195905
422221088555648
422221324484624
422229661843457
422233939912704
422238301978656
422246825328832
422246858424352
422247160610816
422247898562561
422281251653636
422281452979328
422283474632704
422319839248386
422349971144768
422351246262272
422352051503620
422367220203520
422419160367136
422487345070352
422488047616000
422506938761216
422521702842880
422556063502336
422762220947458
422762355097729
422764368888064
422770810818624
422899664027656
423037165896704
423311976760064
423311977224192
423312514614272
423316280049665
423329156579332
423357073850368
424411488583714
424411490467840
424411522011136
424411622604808
424420086644740
424548944052352
424961781014528
426610519966016
426610645827586
426611048710160
426615880810496
426644889141248
426679233150977
426885389557760
427160535842816
427710060953600
431008559144962
431008562286608
431009732493312
431010705573920
431017164832768
431025738482176
431077277581568
431562610966528
439804651120128
439805725114376
439808979632132
439822367850560
440904296955920
444204845109248
450799767388161
457396837154838
457396841357344
457396853932552
457397107689472
457398984672256
457431205285888
457542866567168
457671715323968
458566142001152
474989090373632
492581209245761
492581276352656
492581511233792
492598389116936
492649929310208
493818160087040
494784527467520
510456863129600
527766118219776
562949953421670
562949953438219
562949953451024
562949953497108
562949953507457
562949953519882
562949953554565
562949953634848
562949953688736
562949953732620
562949953982536
562949954019841
562949954208292
562949957648530
562949958811712
562949958926849
562949959716874
562949959843857
562949970462730
562949971314689
562949975445536
562949978591368
562949987369152
562949987567624
562949988089986
562949989081376
562949991170209
562949995495696
562950004408324
562950020538976
562950020563217
562950020661766
562950020939792
562950021054616
562950021578836
562950021587969
562950021613570
562950021710112
562950022172672
562950022629760
562950027083840
562950031540256
562950037324832
562950045761792
562950054121504
562950056313856
562950087696640
562950087915520
562950087968000
562950088171600
562950088785952
562950088822786
562950089739328
562950092357672
562950092890240
562950096031777
562950096420868
562950097076296
562950098124944
562950104417032
562950121210432
562950156861448
562950221865094
562950221874181
562950222020641
562950222119960
562950224510992
562950225002688
562950226075680
562950230249792
562950247154176
562950264324097
562950323585024
562950356074772
562950360273920
562950389768192
562950490293379
562950490424128
562950490435616
562950490558532
562950492917761
562950496061440
562950498781184
562950502875232
562950507143170
562950557442052
562950561661952
562950624546832
562950758793856
562950895304704
562951027164932
562951027204144
562951027266560
562951027843072
562951028232448
562951028506688
562951029424640
562951031621760
562951035570688
562951077576704
562951094407176
562951113146369
562951165050880
562951295647746
562951564034344
562952100972832
562952101561345
562952103002125
562952103265282
562952105132068
562952106149120
562952109299716
562952118009872
562952139194368
562952168034368
562952176664577
562952235139204
562952369342467
562952370126976
562952377794568
562952402927872
562952638829056
562953174651024
562953175705600
562953577300480
562953712041988
562954248946432
562954249716736
562954250627072
562954255728644
562954256793617
562954258875648
562954261041152
562954281975814
562954323894280
562954383656976
562954516889618
562954517086496
562954785263104
562955456380936
562955859066944
562956530221312
562958543618055
562958543751680
562958543880481
562958543897728
562958544076816
562958545453384
562958546507776
562958551752772
562958553890816
562958564458504
562958576913410
562958577959008
562958581374976
562958681833473
562958744686720
562958811897856
562959080260864
562959089139720
562959164114944
562959684731392
562960697131136
562962838389792
562962905432129
562962989326336
562966059565056
562967133301792
562967133324802
562967133357200
562967133552961
562967133782016
562967135453444
562967137485104
562967150080256
562967166846024
562967169991168
562967415357440
562967745789952
562967804444680
562967972153344
562968207163472
562968207302660
562968349638912
562969280774338
562969280774689
562969281855496
562969314463744
562971453685760
562971629584388
562975891030016
562976008437764
562984313186312
562984313225257
562984313686288
562984313700358
562984313955328
562984317362692
562984317519872
562984321548556
562984322207744
562984329939040
562984329940997
562984331116672
562984332132352
562984380285568
562984447379969
562984447525888
562984481980672
562984850030666
562984884109344
562985126855680
562985391095873
562985462431744
562985655861256
562986460676176
562986472177664
562988643782656
562988742344738
562988876562500
562990822721536
562993439965316
562995319013408
562997199142912
563001534972032
563001761468432
563004177645568
563005792191488
563018672906440
563018673423880
563018675261456
563018677093456
563018677620992
563018681287812
563018682372096
563018689675538
563018706454576
563018715103240
563018740531205
563018809213444
563018815578112
563018942383136
563019228643336
563019750899720
563019780227200
563020828917760
563021390815232
563021910901760
563022967883840
563022968001536
563022968397856
563023068594176
563023777366016
563025115349016
563027329958144
563027564826624
563035852808193
563038134470656
563053037879298
563053301072001
563061622637056
563087392407619
563087392507264
563087392507928
563087393161474
563087393423906
563087394472705
563087394623488
563087396773888
563087400764456
563087402352640
563087413903360
563087428026388
563087431172104
563087459490304
563087459582080
563087526854785
563087576925184
563087660826704
563087932392448
563088265314304
563088466116748
563088474570768
563088600350752
563088735600641
563089544053312
563091687358594
563091687407621
563091688398912
563091689701384
563092765278464
563095982393344
563095982604304
563098196910080
563100311355392
563104641449986
563108867246080
563113699049536
563121752146948
563122020941824
563122293178384
563124033880064
563156111917376
563156514537472
563156648985088
563173292769296
563191547428864
563224831378496
563224831526914
563224831625248
563224831852594
563224833426056
563224848105860
563224848171080
563224848502784
563224858593280
563224866463744
563224866979906
563224898527232
563224898700800
563225099771921
563225234507776
563225368723648
563225905074689
563226979876896
563227079475208
563227125612544
563228052816128
563229134815296
563229198123008
563233421266984
563233423491076
563233991688193
563234503393282
563242011203648
563243353440256
563244160786432
563246339719184
563259191103490
563259192180752
563260801687552
563293550821520
563293588553732
563293621059584
563293685023746
563295698358272
563306435969024
563362270286096
563362572271744
563370876994048
563379450150921
563499709522048
563499710285984
563499710291986
563499711857668
563499712774144
563499713953795
563499717624194
563499718738432
563499726048256
563499818287168
563499843518470
563499911086336
563499977736449
563500120293376
563500246115392
563500250595328
563500279660804
563500314263560
563500783507456
563500785074200
563501856849988
563501858818560
563501865108496
563501908099072
563504004247552
563504012591140
563504306192896
563505078206465
563508299171857
563510581133312
563516889106444
563516905898496
563517157572736
563525479043074
563534069240320
563535159492610
563551248974080
563568697802752
563568973971457
563569502462464
563572725776512
563577018679360
563602922668048
563637148205320
563637215297584
563637282537984
563637416625154
563640369446912
563654361874432
563705871861760
563774587175428
563774588191040
563775665079296
563776734625921
563791901229088
563912026685440
564049465229440
564049465311344
564049465311874
564049467148328
564049469253634
564049469833280
564049473438785
564049473458178
564049477894400
564049482874946
564049498636312
564049500979200
564049532487680
564049599276040
564049616175136
564049743978496
564050008211968
564050539185152
564050639454464
564051612557824
564051614826496
564052283621377
564052686274570
564053814542336
564054297411586
564058055000084
564058064551936
564058323421248
564066649149440
564066653372448
564070939885832
564083896090632
564109596688384
564118184665104
564118788509696
564120332009632
564127848202241
564135633092608
564152561057792
564186904528897
564189051486468
564221297295424
564324344005760
564324347166721
564324510793728
564324678631424
564329713762304
564332933447680
564393062433536
564599220863560
564599220868352
564599254548482
564599490347012
564608347734016
565148976947209
565148977221664
565148979822850
565148980888584
565148986117120
565149010233412
565149011017744
565149018644480
565149110964736
565149111156802
565149178167296
565149249437824
565149513548293
565149513810304
565150588469248
565151124161632
565151124685314
565151192318080
565151409381376
565153271644864
565154345390084
565157567676928
565157568709633
565157575266304
565161865775104
565166156546212
565166424981514
565176893964544
565183336431873
565183340871712
565183674056704
565187631513616
565201590026752
565217696235524
565217702477824
565217704542496
565226420305928
565286415638672
565286424018950
565287556743168
565423938469904
565424123020544
565441571356672
565466804256832
565698749268001
565699269363714
565703029030912
565715916562432
565836171448384
565973610528776
566248756744193
566249562570880
566252850380832
566282848108546
566386065670144
566525513697280
567347999974528
567348000197633
567348000507904
567348000997400
567348001243268
567348002054145
567348002095138
567348004127750
567348008331520
567348017234080
567348046070272
567348570357904
567349090484228
567349107236928
567349279195136
567349610545666
567350147416456
567350151614465
567350181037056
567350281633840
567352295751680
567352299094088
567352898879744
567354442391554
567356589904384
567356659073040
567357932306432
567365213356037
567367662829568
567370548510752
567382368321600
567382628173824
567416719411840
567416719421444
567416719474705
567416987844674
567433903603712
567485439967488
567502618824704
567528388558849
567554158380032
567623414775812
567623951583240
567648647644160
567657238102528
567760453107712
567897789304840
567897822988288
567898561052704
567914946101248
568447779997184
568451806533632
568481871306784
568516265639936
568584950513682
568999415382016
569547023188304
569547426889728
569547560584192
569550252802048
569684495695904
570096779067520
571746046446856
571746046447698
571746046787648
571746047000708
571746047492233
571746047510532
571746047664128
571746047754512
571746048016960
571746048558592
571746050703744
571746054834368
571746055028737
571746079999012
571746117750788
571746181201921
571746247771152
571746314879152
571746583576609
571746755280896
571747124396048
571747187302528
571748212801792
571750341415456
571750374981888
571754636394530
571755173257728
571759201878016
571763228674048
571763494880256
571764333608962
571780406190400
571780439736337
571780943122432
571781480054788
571797654208512
571814766190594
571815118241792
571823368437760
571832482660480
571851273666560
571883552505928
571893149074432
572020924350478
572021193838592
572025219416064
572038125191168
572192723058688
572295811178496
572295869366785
572319424577536
572364521799712
572845560168451
572845591629952
572846632927232
572847978184704
572880060416000
572914277548100
572987292123136
573945069834496
573945623347264
573947217215489
573949364667394
574082777088512
574289740824576
575594337140752
576144194142208
576144227174402
576144369811456
576152682954760
576281548693504
576418970992768
576728212701184
578343118307332
580542139466656
580542140780552
580542141575680
580542143676674
580542143987716
580542147937280
580542160438400
580542173021441
580542207109120
580542240129156
580542277910592
580542407923712
580542676338724
580542676467721
580542709895170
580543213224008
580543280317442
580543758467200
580544287023232
580544287080482
580544287998017
580546442822146
580546468251648
580546702877696
580547525083136
580549118820352
580551401537536
580551803176960
580552876884484
580555024367752
580559386705952
580559856746496
580562544754688
580563616399361
580576499212291
580578646692096
580610860015616
580612066906112
580615153910020
580619451498496
580679596244996
580679649722369
580679849017344
580748297895946
580817017413640
580817023664160
580817025761285
580817051058688
580937276456960
581092448927760
581641651388417
581642993270816
581643840520192
581658830962694
581710370573312
581779626926080
582741171634240
582741332590592
582741431189508
582742236528641
582758342595584
582775522461824
582809882591232
583020335611904
584940336971777
584942333739008
584948776050688
584957366896640
584975084683264
585215130996736
586039697604800
587139209232904
589338233077762
589338234716224
589338236684800
589338366713860
589338534477832
589381182423040
589475679834112
590437811240960
591537256792096
593737352741120
598134325545220
598134327083272
598134327644288
598134329737225
598134334193666
598134334488580
598134334947376
598134338225152
598134342303809
598134396821760
598134426173458
598134477033472
598134598664704
598134669445120
598134862512148
598134863699968
598135401349188
598135441199104
598135533537280
598136472995456
598136556912640
598138620477964
598138620510304
598138623115264
598138655211520
598138687852544
598139023130625
598142915453057
598142915969090
598142917869568
598143184027648
598151505510440
598151506432004
598151645888512
598152042250498
598168723062784
598168752488449
598169222152704
598177275184144
598203045118082
598203047086081
598203053376064
598204387164176
598205196926976
598237404725284
598271764726848
598276604690432
598323304079360
598409203483649
598409337634840
598409472114692
598426450395264
598443565252864
598684081324240
598684115435520
598692675452932
598959496105984
599233837220096
599233904247812
599234642444296
599251017009664
599646153998368
599783611826176
600333348864016
600334422515714
600350537023489
600402118574080
600883238798336
601432860524608
602532376217632
602532439195712
602532676108288
602536683766784
602549552152592
602610218303488
602807258333184
603082127835904
603632017899520
604765755019264
606931024609280
606932566032392
606999138042880
607067991703808
607205329995776
608029930946560
615726511755264
615726513652744
615726646034944
615735109878016
615743959859264
615866097993728
616002464251904
617926075875328
633318697608450
633318697637889
633318697697348
633318703972352
633318706118666
633318715473920
633318747930658
633318764741128
633318773101568
633318831816928
633318966562820
633318967083776
633318982813712
633319167426560
633319235387392
633319772390408
633320845352992
633320979334144
633321407119360
633321954476032
633322993091648
633322993614881
633323562991624
633324133416976
633327288582288
633327304572992
633335881924610
633336011685905
633340172439680
633353059434544
633354131357696
633361651990528
633387417403520
633387488378912
633387685527560
633387954995204
633389564559617
633421776818240
633457210296322
633473584857120
633524889714688
633593579700488
633594246595072
633595722989588
633602165450752
633868453576720
633868589731840
633877043348992
633902880268288
634418209296400
634418209360128
634418213421188
634418218140160
634422638428160
634564238114824
635242843209728
635517721419776
635517733437456
635517787963652
635519063031872
635526847660064
635534902951936
635792632320000
636617249260544
637716744114464
637716745232384
637716811235330
637716878589960
637717280981057
637718891725312
637729629011972
637751137435648
637786537852928
637854191452288
642114790633480
642114824241664
642123447795712
642149418795010
642252230098960
642389676916768
642666157047808
644313813893248
650910883775492
650911026251776
650913031651336
650919473594369
650928063545600
651086977302528
651185761550466
652010398416896
655309202784256
668505217175554
668529913233408
668640508658176
669052825567240
669602614878208
670702093207552
677299162710021
703687441776729
703687441801282
703687442833444
703687443350530
703687446036994
703687450443808
703687458586753
703687458824704
703687475627008
703687508887585
703687580207104
703687777333248
703687979237632
703688523915265
703688582643716
703689597649664
703691736752512
703692273614896
703696031846401
703696165928978
703697139007496
703704625840196
703713212891136
703721801711680
703721801777288
703722875260960
703726113783808
703756161303040
703756161384460
703756170166288
703758579269632
703764751197184
703773374677248
703824880994308
703824881255040
703824882827360
703824914300929
703831323182080
703833743294464
703859307577600
703962319749280
703962320734720
703962321785856
703962324140048
703963124989954
703963527774208
704099767058432
704237198377024
704237231210512
704237734592640
704241559666690
704271559426049
704520665448448
704786953945096
704786954453249
704787356057728
704788564019200
704804200382480
705096191049732
705886465033236
705888612519944
705891036823552
705903644968960
705955184508931
706437294588160
706986010214912
708085489340480
708085630895104
708085773500672
708086025191432
708086564126848
708137027895298
708364661161985
710284511690752
712483536969728
712483559964676
712485682413584
712487963983936
712500714700832
713033559050240
721279627823424
721279629950978
721279640403976
721283923902464
721314255995392
722379156230144
723487308120064
725746393808928
730076257715200
738871813871632
738871814258944
738871814930560
738873994903556
738940734668800
739010343337984
739984210395136
743269860909056
774056185970960
774056219510912
774056454651905
774060483019264
774064784343040
774073902702592
774331130970176
774608093446144
776289569996800
788349837115392
809240558044192
844424930140421
844424930175040
844424930198594
844424930431232
844424932884736
844424933343240
844424939078656
844424949006416
844424963702920
844424964215296
844425001437200
844425064358402
844425064431632
844425085583360
844425198568001
844425199880192
844425509994496
844426004201984
844426004922374
844426041753600
844426138092545
844427081818120
844429225230339
844429225361552
844429294338048
844431406137376
844433520197792
844434593808656
844442110033940
844442118391810
844442177111296
844442648969248
844459323686914
844467879825408
844476603957312
844493649625121
844493650657664
844493716848704
844494321221632
844495797125122
844562503307272
844562905958656
844566949265408
844639678496772
844699810398209
844699942289536
844702492524544
844704103007240
844734440407040
844838320734272
844974690140704
844976095232000
845013877522432
845043405685760
845112127004672
845524441894916
845524710195458
845528737776128
845541621637248
845799328055312
846074331793408
846623953520128
846623954448384
846625029228544
846632560099330
846658313158664
846714147700736
848822977167428
848822980935680
848823044022272
848823245209616
848840173289480
849097888104704
849372733505537
849923562029056
853221039932032
853221291655172
853222097420320
853231761620992
853238203027457
853289778282496
853358466301954
853770779115520
854321071685632
855420121907200
862017118289924
862017124573216
862019464986624
862021411147840
862034329665536
862051476964352
862154555163136
863125221933056
879609302240256
879611450228752
879617959264264
879644735701120
881808593911840
888409690218496
901599534776322
914793674309676
914793682714688
914793707865104
914794215378944
914797969344512
914862410571776
915085733134336
915343430647936
915927545675777
917132284002304
949978180747264
985162418491522
985162552705312
985163022467584
985164566036481
985196778233872
985299858620416
987636320174080
989569054935040
1020913726259200
1055532236439552
1125899906842731
1125899906842838
1125899906843052
1125899906843480
1125899906844336
1125899906846048
1125899906849472
1125899906856320
1125899906870016
1125899906897408
1125899906952192
1125899907061760
1125899907138057
1125899907280896
1125899907433490
1125899907719168
1125899907915781
1125899908024356
1125899908153537
1125899908595712
1125899908988938
1125899909072905
1125899909202961
1125899909206088
1125899909464450
1125899910348800
1125899911135252
1125899911303186
1125899911563298
1125899911569552
1125899912086276
1125899913854976
1125899915427880
1125899915763748
1125899916283972
1125899916296480
1125899917329928
1125899920867328
1125899923621123
1125899924013136
1125899924148257
1125899924684872
1125899925725320
1125899925750336
1125899927817232
1125899932090369
1125899934892032
1125899940399622
1125899941183648
1125899941453890
1125899942527120
1125899944608016
1125899944658048
1125899948791840
1125899957338114
1125899962941440
1125899973956620
1125899973967897
1125899975524672
1125899976056865
1125899976065156
1125899978211616
1125899982373408
1125899982473472
1125899986538497
1125899990741056
1125900007833604
1125900019040256
1125900041070616
1125900041093170
1125900044206720
1125900045271106
1125900045287688
1125900049580608
1125900057904192
1125900058104320
1125900066234370
1125900074639488
1125900108824584
1125900131237888
1125900175298608
1125900175343716
1125900181570816
1125900183699588
1125900183732752
1125900192318592
1125900208965760
1125900209366016
1125900225626116
1125900242436352
1125900310806544
1125900355633152
1125900443754592
1125900443784193
1125900443844808
1125900444377089
1125900448169989
1125900456299008
1125900460556552
1125900460622880
1125900477794560
1125900511088896
1125900511889408
1125900544409608
1125900577933441
1125900578030080
1125900714770464
1125900804423680
1125900980596753
1125900980666560
1125900980725762
1125900980846992
1125900981911554
1125900989497354
1125901001555977
1125901005755392
1125901014270480
1125901014403136
1125901048086529
1125901048746496
1125901114802497
1125901115335168
1125901116936192
1125901181976592
1125901249024258
1125901249217536
1125901522698304
1125901702004736
1125902054350882
1125902054490496
1125902054608900
1125902054851360
1125902056980484
1125902072152084
1125902096269330
1125902104668160
1125902121698336
1125902121963648
1125902189330434
1125902190650368
1125902322761989
1125902322762370
1125902323827712
1125902327029760
1125902457110560
1125902591205892
1125902591592448
1125902599585801
1125903138553984
1125903497166848
1125904201826849
1125904201859140
1125904202039297
1125904202138368
1125904202375176
1125904202860096
1125904206012481
1125904207118344
1125904237461544
1125904269444097
1125904285696036
1125904302493696
1125904336554048
1125904337084672
1125904344678401
1125904471818244
1125904474458112
1125904738681354
1125904738682116
1125904740812800
1125904747216896
1125905007378496
1125905275569160
1125905276342272
1125905292328978
1125906370265344
1125907087491072
1125908496785923
1125908496811074
1125908496844833
1125908496875656
1125908497235970
1125908497434112
1125908497907728
1125908498877568
1125908505182338
1125908507394064
1125908568080464
1125908632045570
1125908664549448
1125908698144768
1125908766265472
1125908767326720
1125908769538049
1125908782514178
1125909036793864
1125909042073600
1125909570520084
1125909570521608
1125909574782976
1125909587591168
1125910107914368
1125910644295696
1125910645841920
1125910677815332
1125912809570305
1125912833688064
1125914268139520
1125917086729222
1125917086779524
1125917086847042
1125917086908688
1125917087629316
1125917087764489
1125917088025600
1125917088972832
1125917090912512
1125917103522052
1125917107945504
1125917229318304
1125917357248516
1125917422256272
1125917489446912
1125917625688320
1125917627810816
1125917632233474
1125917658185732
1125918166745104
1125918168842245
1125918177304576
1125919234197544
1125919234200592
1125919238406145
1125919242723328
1125919268339712
1125920308986112
1125921381681169
1125921381748768
1125921384841216
1125921448788040
1125925712297986
1125925760533504
1125928629436416
1125934266615820
1125934266712071
1125934266716424
1125934266851460
1125934266974752
1125934268416008
1125934268686354
1125934269208576
1125934271103040
1125934274969873
1125934274982400
1125934300201480
1125934309048384
1125934551793984
1125934807654408
1125934937669920
1125935072051200
1125935344534016
1125935348779008
1125935357624324
1125935373878273
1125935409528840
1125936426647584
1125936430841866
1125936447766528
1125936548286465
1125938561552464
1125938561558560
1125938569969666
1125938578604032
1125938629836800
1125940711129600
1125942856519714
1125942856654912
1125942862839808
1125942990733456
1125951517753348
1125951614224384
1125957352030208
1125960036646913
1125968626320901
1125968626389016
1125968626581518
1125968626590224
1125968626860296
1125968627106880
1125968627499265
1125968629989392
1125968630530084
1125968630546561
1125968631574528
1125968635363456
1125968643097122
1125968643122176
1125968693560336
1125968711254144
1125968895344641
1125969165303809
1125969196745344
1125969708466192
1125969968497216
1125970237259776
1125970782225408
1125970790715392
1125970808406024
1125970840913922
1125970912215056
1125972946452544
1125972954841108
1125972988690432
1125973189730306
1125977216262304
1125977216274496
1125977233096708
1125977250365440
1125977352830976
1125981515416576
1125985806196804
1125985806467200
1125985818836992
1125986007515137
1125986074624288
1126003128664072
1126003321606144
1126014797217792
1126020166451202
1126037345799178
1126037345861713
1126037345935408
1126037346320412
1126037346337824
1126037346877968
1126037347371136
1126037348155906
1126037353136160
1126037354217544
1126037354250498
1126037356306432
1126037363884288
1126037379351620
1126037379401728
1126037412937733
1126037480278048
1126037515665664
1126037883846658
1126038423764994
1126038486648064
1126039510089760
1126040030151808
1126040567676928
1126041657608192
1126041674588160
1126041709969424
1126041774985220
1126041917587488
1126045986062464
1126046002839592
1126046070538240
1126046472617988
1126048085311489
1126054525681984
1126054525706368
1126054559350792
1126054593888256
1126054798819328
1126063123990528
1126071705550984
1126071706091776
1126071709730817
1126071730831360
1126072108187650
1126072242405952
1126106350485520
1126106736369664
1126129687592960
1126140426059780
1126174784755732
1126174784769025
1126174784880802
1126174785028192
1126174785798200
1126174785833024
1126174786913312
1126174787899648
1126174789469188
1126174793695233
1126174799429696
1126174801592464
1126174801658372
1126174805770240
1126174820925952
1126174851860616
1126174851960832
1126174919032842
1126175053713472
1126175124488704
1126175204179969
1126175860850692
1126176940687364
1126177066453504
1126179113336896
1126180153460992
1126181228511232
1126183408373760
1126183442333696
1126183513096224
1126183643127816
1126183928332352
1126192065282304
1126192098836560
1126192234233856
1126193038393352
1126196263780354
1126209144521344
1126209144570112
1126209211858960
1126209280933888
1126209690796032
1126226341138432
1126243504259344
1126243505340928
1126243512619010
1126243554820096
1126244309532676
1126244577969280
1126312794128416
1126313565896704
1126359468343296
1126380945276936
1126449662668840
1126449662695426
1126449662918980
1126449663213760
1126449664753776
1126449664823424
1126449666984000
1126449668956672
1126449672095752
1126449680547842
1126449692016768
1126449696342304
1126449696474120
1126449704697856
1126449735009280
1126449746544641
1126449796878608
1126449797079040
1126449931132929
1126449931223060
1126450200584320
1126450342134784
1126450501517314
1126451814858760
1126453974532104
1126454226064384
1126458319831168
1126460400079360
1126462550179840
1126466909904896
1126466977824768
1126467119349824
1126467396698112
1126467949822080
1126484223721984
1126484290830496
1126484561625088
1126486169944080
1126492620718084
1126518382200064
1126518382297600
1126518516875296
1126518655025152
1126519474749440
1126552775434240
1126587101610115
1126587101676064
1126587103839232
1126587118395396
1126587202797568
1126588712222728
1126589249095936
1126725681414208
1126727224950784
1126728835530757
1126819029843968
1126861983711248
1126999418495056
1126999418548228
1126999418994757
1126999418995336
1126999419584896
1126999422664928
1126999422730753
1126999422804224
1126999427125376
1126999431070720
1126999437348880
1126999454253060
1126999477190912
1126999485841984
1126999486105616
1126999502553088
1126999563175936
1126999586246658
1126999686905875
1126999686914592
1126999687315456
1126999955423234
1126999955603496
1127000494326016
1127000526815264
1127000777426944
1127001096192004
1127001582993409
1127003722874896
1127008042221584
1127008545286144
1127016732819712
1127020893316096
1127025193517056
1127033779291136
1127033912967168
1127034048806912
1127034331857024
1127035992801536
1127068540601344
1127068674818368
1127069216407552
1127072433045536
1127085334593544
1127136857557504
1127136857752576
1127137126907968
1127137403207680
1127139042656256
1127205644025856
1127274296377606
1127274296509504
1127274300835840
1127274329948168
1127274498752512
1127277517602832
1127278591349248
1127291478343681
1127551455985792
1127554543058944
1127557764218890
1127617893765121
1127738152845312
1127824060579872
1128098930147488
1128098930253832
1128098931146890
1128098931148048
1128098932327168
1128098938487232
1128098938618882
1128098938765824
1128098947408128
1128098955298816
1128098967855136
1128099001663496
1128099047539200
1128099064841344
1128099065368608
1128099098263552
1128099219509248
1128099265650692
1128099466969126
1128099466986560
1128099467788288
1128100004003844
1128100004364368
1128101077590145
1128101081809408
1128101146787904
1128101648011264
1128102285541384
1128103259144194
1128107520557065
1128107538907168
1128116177600544
1128116378403841
1128117183729664
1128133558796800
1128141879789568
1128150480191488
1128167651739648
1128167919091712
1128168190771200
1128168756871424
1128172078760448
1128237174360064
1128237442794112
1128238525972480
1128244959248448
1128270762344464
1128373808272384
1128373808662528
1128373812199681
1128374346973312
1128374899572736
1128378178469888
1128511381209088
1128648685912588
1128648686176384
1128648694829056
1128648753053712
1128649090662400
1128655128363040
1128657275855872
1128683049844738
1129203005128960
1129209179275264
1129215621595156
1129335880687618
1129576398848000
1129748214317120
1130297953452352
1130297953665040
1130297955451156
1130297955453472
1130297957811712
1130297970131840
1130297970395140
1130297970689024
1130297987973632
1130298003755008
1130298028867648
1130298096484368
1130298188235776
1130298221793793
1130298222840064
1130298223894592
1130298289684480
1130298532175872
1130298624458760
1130299027095628
1130299027130496
1130299028733952
1130300101165064
1130300101886112
1130302248337666
1130302256776192
1130302386733184
1130303389179904
1130304664240144
1130306611445764
1130307617046529
1130315134271506
1130315170971712
1130315670093857
1130332315189377
1130332448358464
1130332849965058
1130334460616704
1130367210750976
1130370967797769
1130383852736512
1130401053540352
1130435392315649
1130435396636672
1130435931340800
1130436474699776
1130437606900224
1130444250678272
1130572831522819
1130574441877504
1130574978745600
1130577145102336
1130590011654272
1130641617846304
1130847709168705
1130847709702144
1130847710482432
1130847717556738
1130848787104000
1130849892302848
1130856450097152
1131122855575552
1131397464982552
1131397465510144
1131397482815488
1131397599264800
1131398274482176
1131410349883456
1131414644869120
1131466192846852
1132496993386513
1132506103415296
1132518451707904
1132531336347688
1132771854532612
1133252890853376
1133596521791616
1134696000062080
1134696000487456
1134696004059688
1134696004064320
1134696005107729
1134696008780800
1134696033421056
1134696033947656
1134696034535424
1134696069104640
1134696100667392
1134696150892672
1134696286126112
1134696469628928
1134696536744962
1134696536768769
1134696538837504
1134696540946560
1134696672526336
1134697157509120
1134697342074896
1134698147348632
1134698147418368
1134698150625280
1134700295487504
1134700296929600
1134704589832708
1134704606709760
1134704866623744
1134706871517184
1134709421637664
1134713196511297
1134713316048904
1134715327250434
1134730361700388
1134730435100800
1134730628055041
1134731433345090
1134764723536130
1134764989874304
1134765793087492
1134766866825249
1134769014390784
1134833439343105
1134834514659328
1134842028752914
1134867798630400
1134902200238080
1134970877776001
1134970877788674
1134970886430720
1134971955838976
1134973042556928
1134975306957824
1134988594513920
1135245756203014
1135245766164481
1135248976912384
1135250050648576
1135254383362048
1135280116465920
1135383328849984
1135795511494786
1135795512561664
1135795514122240
1135795528270852
1135797667365376
1135799877763072
1135812993351680
1136345804308480
1136895023122480
1136895024177664
1136895058788352
1136895157338115
1136895291686976
1136896642121728
1136920792924288
1136929382895616
1137032478851080
1139094046441477
1139094079930402
1139112299987968
1139136996573184
1139162765852752
1139643802222600
1140605874864128
1141293136740608
1143492092907523
1143492093281536
1143492094132288
1143492101276752
1143492101286016
1143492103372834
1143492110718976
1143492111761413
1143492159999488
1143492160061569
1143492161052688
1143492162228224
1143492231366656
1143492294492160
1143492394942720
1143492665409600
1143493032415232
1143493166647300
1143493166694914
1143493170832384
1143493175050496
1143493438210048
1143494408175616
1143494777307168
1143496387854640
1143496387994112
1143496394407936
1143500684132384
1143500687016576
1143509272822792
1143509289549840
1143509306576896
1143513836191744
1143518936432704
1143526486179970
1143526725255184
1143530747658244
1143560816558152
1143560963358976
1143561349267458
1143562959847556
1143569402298385
1143629540229636
1143629800538113
1143630072905984
1143631679332360
1143633826807874
1143638121938944
1143766971843586
1143769122476032
1143784150663204
1143801330532361
1143835690418176
1143904493633536
1144041848709378
1144041848734724
1144041852895265
1144042385588736
1144044004835328
1144046178271232
1144050707073024
1144077282185216
1144591604517121
1144591605563404
1144591625486338
1144598046982144
1144600194454528
1144608859881472
1144660326089216
1144866750857344
1145691116143169
1145691116146948
1145691118280704
1145691121401856
1145691149699080
1145695427888128
1145699848683520
1145726079860736
1146791701774336
1147890139402336
1147890141512704
1147890148835329
1147890210734080
1147890407833606
1147890676531328
1147893377400832
1147941679005952
1147958858948608
1148165050859536
1152288186040330
1152288253018180
1152293554618369
1152324693133312
1152374086303744
1152425624862880
1153387697602576
1155311842885632
1156686366638592
1161084278972422
1161084279472257
1161084279720448
1161084281094401
1161084281421952
1161084295710880
1161084295729408
1161084299903044
1161084314595328
1161084316680202
1161084413149713
1161084413156352
1161084413280514
1161084415262752
1161084417613824
1161084547369025
1161084555890688
1161084682141696
1161084883042816
1161085353754625
1161085423976576
1161086157987840
1161086426451976
1161086426547204
1161086434822144
1161086443258368
1161086969577472
1161088909508608
1161089647771712
1161092868866656
1161092869145600
1161092881973248
1161101461422144
1161101467190528
1161118638802960
1161118672257056
1161118706311168
1161127765540864
1161137966022784
1161153065517316
1161153543667744
1161161588473864
1161221726273680
1161222019875328
1161222271533057
1161222791692292
1161226012852488
1161238897754146
1161359173616648
1161359694233602
1161360238969344
1161361371430913
1161363451822096
1161367746773124
1161376337035264
1161634036844548
1161638338109440
1161651214745601
1161668394483784
1161702754222098
1161771473993728
1161909080424448
1162183790560289
1162183790576132
1162183790626824
1162183798947906
1162188102828032
1162192449699840
1162201507303424
1162254657527808
1163283302191618
1163283304284184
1163283344130052
1163296187121664
1163300482066432
1163317812920320
1163352021925889
1163420745335808
1163833594872064
1165482325443714
1165482325451272
1165482329718784
1165482335961088
1165482392555536
1165490948933632
1165499790524416
1165552252878848
1167683496706048
1169880371962048
1169880376182784
1169880390828034
1169880514625536
1169880908824588
1169881446220032
1169886847959040
1169983451169280
1170017811054592
1170430194876448
1178676465238036
1178676599193736
1178687202394114
1178749479424000
1178848265764864
1178951342883136
1180875488362528
1184723778928640
1187472826434560
1196268651102220
1196268651167809
1196268652101890
1196268652598272
1196268655346178
1196268656001280
1196268684579136
1196268684616192
1196268692963464
1196268718129921
1196268722348032
1196268726517780
1196268919456802
1196268919470080
1196268919718404
1196268923682880
1196268928385024
1196269187895426
1196269204938752
1196269457440768
1196269859243008
1196269993197697
1196270799028241
1196270800666626
1196270941110528
1196272409133056
1196272946061328
1196272946251784
1196272962801664
1196272979674112
1196274032312320
1196277240958981
1196277912174592
1196279388700800
1196285830890688
1196285831448576
1196285857103872
1196303016001664
1196303027538432
1196337370763296
1196337437671488
1196337505779712
1196355624239104
1196376025202944
1196406224192008
1196407180492864
1196423270105104
1196543545704736
1196544132908032
1196544636223490
1196545676541960
1196552118862352
1196577888665668
1196680968929281
1196818407161857
1196818440390672
1196819481624580
1196820571096064
1196822836019202
1196826996801568
1196835586703624
1196852767227904
1197368166846472
1197372994486273
1197376769376256
1197402522648578
1197436882124944
1197505601601572
1197643041144832
1197918254006272
1198467674277954
1198467674309640
1198467674411024
1198467682664481
1198467691053188
1198476298813440
1198484992557056
1198503107764224
1198609408212992
1200666697540612
1200666701725744
1200666781417480
1200666831781889
1200692467400704
1200701057290240
1200735718998016
1200804137009154
1200941583828992
1201767282901504
1205064744044804
1205064744059920
1205064752594944
1205064765079552
1205064878268448
1205081991024640
1205099674206208
1205204598915072
1209467086569472
1213860837081472
1213860845522944
1213860874813444
1213861122408448
1213861910806552
1213862985597440
1213873789075456
1213878016942081
1214066995495936
1214135715266560
1214960482910272
1231453023633448
1231453291544848
1231474497945604
1231599052005376
1231796624687104
1232002778923648
1235851069882432
1243547651014656
1249045746026496
1266637395234881
1266637395361816
1266637395476737
1266637395492994
1266637397361156
1266637398353920
1266637403588611
1266637403849732
1266637405159936
1266637462315648
1266637462389760
1266637479084304
1266637529417218
1266637532037121
1266637537853440
1266637546192936
1266637731790849
1266637932070980
1266637932097536
1266637932594184
1266637940523136
1266637949927424
1266638468948228
1266638503034880
1266639008038912
1266639542813185
1266639811643392
1266640079552770
1266641691213858
1266641694490628
1266641975378432
1266644911423488
1266645985280032
1266645985660944
1266646018760704
1266646052505600
1266648157782016
1266654575075338
1266655917506560
1266658870558976
1266671754938752
1266671756054528
1266671807365120
1266706125160704
1266706148234240
1266774834683968
1266774968500352
1266775104716800
1266811341635584
1266852143563264
1266912541541392
1266913346912257
1266914454143104
1266946633367584
1267187184566848
1267188358973440
1267189365604356
1267191446241296
1267196277817345
1267204330882080
1267255870488712
1267462031015938
1267736907481090
1267736973938720
1267739056406536
1267741235349504
1267745765195780
1267754086760512
1267771266564624
1267805627613184
1268836426850320
1268846082129922
1268853631909888
1268875073159169
1268905138454532
1268973857407264
1269111296360520
1269386175447040
1269936601169920
1271035441713284
1271035441776656
1271035441979424
1271035458486338
1271035475263752
1271052690784256
1271070078271488
1271106308685824
1271318909583360
1275433488238600
1275433496608864
1275433655992336
1275433756721154
1275485027958784
1275502207737856
1275571531153408
1275708367175684
1275983260815360
1277634658960384
1284229581246984
1284229581277216
1284229598347264
1284229623316480
1284229849694272
1284264075206656
1284299441569792
1284509290987520
1293034266296320
1301821767320320
1301821784203264
1301821842784264
1301822337974272
1301823914770480
1301826064352256
1301847671308288
1301856127041538
1302234084149248
1302371523690496
1304021058977920
1337006140424272
1337006676247072
1337049089048584
1337074875629569
1337298197168128
1337693342531584
1338105651004672
1345802232922240
1361195395186688
1372191585210368
1407374883627138
1407374883821569
1407374883881008
1407374884110850
1407374884143364
1407374887879688
1407374889865216
1407374900334598
1407374900856840
1407374903477248
1407375017788672
1407375017936896
1407375018885121
1407375051325984
1407375151991812
1407375157231618
1407375168864256
1407375185543248
1407375487533121
1407375556739074
1407375957299336
1407375957352448
1407375958345744
1407375974203648
1407375993012224
1407377031053832
1407377099227136
1407378109235200
1407379178783746
1407379449053185
1407379716444160
1407380252262916
1407383475585092
1407383482138632
1407384043914240
1407389916004352
1407392063422849
1407392063717440
1407392064479264
1407392130678784
1407392198168576
1407396408721408
1407409243308052
1407409260077057
1407411928170496
1407417834275328
1407443603034880
1407443605266432
1407443707887616
1407512343478784
1407512389625856
1407582115725313
1407649761591313
1407649762525312
1407650030158080
1407650302590976
1407722776428544
1407804380283904
1407925176240160
1407926786981890
1407929001443584
1407993359892544
1408474462291072
1408476811104256
1408478824366088
1408482985639968
1408492648792066
1408508754921536
1408611834134800
1409024155189252
1409573908119556
1409574041034816
1409578205970448
1409582563856384
1409591623548936
1409608266678400
1409642626286624
1409711348383744
1410673418452993
1411772934782977
1411772946858016
1411792257417220
1411807356977152
1411850239475714
1411910370066440
1412047807971904
1412322685878416
1412872444051456
1413973295497216
1416170976583944
1416170976710688
1416170977116224
1416171010130052
1416171043684880
1416205474725888
1416240249700352
1416312710529024
1416737912324096
1424967069634576
1424967086375104
1424967405142048
1424967606599684
1424969217082369
1425070149074944
1425104508633088
1425243155464192
1425516827508744
1426066614788096
1429369411078144
1442559255651344
1442559255711808
1442559289851904
1442559339790336
1442559792545920
1442628243570688
1442698976296960
1443118675132416
1460168625750016
1477743627798016
1477743661563904
1477743778725904
1477744769105920
1477747922698336
1477752221861888
1477795435773952
1477812347240452
1478568261455872
1478843140538368
1482142211113216
1512927999819779
1548112371908621
1548112374005920
1548113445651520
1548198271254544
1548249844416514
1548696487493632
1549486778220544
1550311395166720
1565704559001856
1596490883530752
1618483263578112
1688849860263989
1688849860411652
1688849860800514
1688849860919392
1688849861379076
1688849861444104
1688849868653185
1688849868916752
1688849872887808
1688849893826572
1688849894871056
1688849900111872
1688850128734720
1688850129031168
1688850130927618
1688850195809344
1688850397141000
1688850407620612
1688850430885888
1688850464243872
1688851068223618
1688851206635524
1688852007756048
1688852007862272
1688852009848864
1688852041564672
1688852079181824
1688854155235585
1688854155265040
1688854291611648
1688856311627776
1688858450724868
1688858991263746
1688859526045696
1688860597683208
1688867040198659
1688867044327560
1688867577004560
1688868180985856
1688879925166080
1688884220003074
1688884220592256
1688884222115904
1688884354514944
1688884489494528
1688892910600192
1688918579773480
1688918613311490
1688923949498368
1688935761708032
1688987299227136
1688987303690240
1688987508932608
1689124780114944
1689124872409088
1689193457647681
1689264324608002
1689399616340002
1689399616618512
1689399618208000
1689399750295561
1689400698339328
1689545646014464
1689708853725184
1689950445637696
1689953667121156
1689958096044544
1690086812942464
1691049017739520
1691053715365888
1691057741889552
1691066064437312
1691085390741508
1691117603000448
1691186322604033
1691323761426976
1692148403535880
1693247909396488
1693248175227008
1693256505098272
1693265220870144
1693283340255248
1693316626514176
1693385345730624
1693522789924864
1694347485511681
1695446930063362
1697645953296385
1697645962723330
1697645986873408
1697684607991816
1697714807111680
1697800572108804
1697920833290256
1698195709101184
1698745464914208
1699844981260288
1702046684151808
1706442046578752
1706442047389824
1706442063610368
1706442113417480
1706442180527136
1706511042609152
1706580592558080
1706725514215424
1707575917805568
1724034232426528
1724034265907584
1724034903441472
1724035306356744
1724038527322114
1724240391307264
1724309110423552
1724586404085760
1725133748174864
1726233322733568
1732838915313664
1759218604460064
1759218604580992
1759218608636929
1759218672861184
1759218772738048
1759219678249216
1759356580298752
1759498045751296
1760337443422208
1794437344657408
1829587348753408
1829587416285184
1829587650609184
1829589631369216
1829595938554048
1829604536881152
1829690964705280
1829724787638280
1831236616069120
1831786374234112
1838384515383808
1882363906752513
1899956092796934
1970324836974618
1970324841169216
1970326984460416
1970333426941953
1970496635666464
1970599781990404
1971493068144640
1973073649598464
1974722883490816
2005509211161088
2067081860218880
2111066620313600
