1316905
2098827
2703626
4197654
5267620
10813465
16824833
19402960
21626930
27443208
33649666
34083865
43253860
67162464
67299332
67306660
68167730
71385730
100803075
134598664
155222672
168841856
201606150
269197328
272670920
318772384
319095304
403212300
419430483
538394656
806424600
810549889
1074599424
1074906113
1076789312
1350734848
1629488392
1744871472
2147763073
2149812226
2164524067
2176983041
2282246212
2415985173
2483070208
2701469696
2718041168
2822799369
3225698400
3231712304
3254780568
3290439809
4295526146
4297090081
4299624452
4301263113
4307157248
4329048134
4353966082
4362734608
4434167809
4831970346
4834988546
4840228916
4865458313
5369384961
5410664960
5436082336
5645598738
6443048963
6451396800
6580879618
8590462400
8591052292
8594180162
8599248904
8602526226
8614314496
8658096268
8707932164
8725495842
8858452068
8868335618
9663940692
9680457832
9699334146
9730916626
10738477313
12886097926
12922716480
13035907088
13161759236
13423886608
17182104584
17188360324
17198497808
17205052452
17228628992
17316192536
17326671906
17415864328
17525932096
17736671236
18257969696
18656265856
19327393873
19327881384
19335810049
19398668292
19461833252
20406337800
22582394952
23622346880
25805587200
25820405761
34360099009
34364209168
34376720648
34396995616
34410104904
34457257984
34632385072
34831728656
35433508352
35473342472
38655762768
38671620098
38797336584
38923666504
43285319680
45164789904
51544391704
51611174400
51808125312
52647036944
68728418336
68753441296
68793991232
68820209808
68824334374
68914515968
68988256259
69264770144
69273391233
69390639488
69663457312
70946684944
73018639937
73082077569
77311525536
77443662656
77582565896
77594673168
77847333008
79490523648
85904595456
86446784512
88181051395
90329579808
103084720385
103088783408
103095992869
103281623044
105227356672
105294073888
107377331200
116031225922
137447350881
137506882592
137587982464
137640419616
137829031936
137976512518
138529540288
138546782466
139326914624
141738147877
141893369888
144166633473
146031534084
149250126848
154623051072
154686066768
155189346336
155694666016
163250702400
172335580177
173141278720
176362102790
180659159616
206169440770
206177566816
206191985738
206563246088
208574382114
210588147776
212606255104
232062451844
274877941153
274890491973
274894701762
274913673344
275013765184
275175964928
275280839232
275416941574
275658063872
275683219972
275953025036
275954270852
275993855104
277059080576
277093564932
277562557952
277569093632
279239983119
283786739776
286965891073
288333266946
292063059970
300648235057
309246102144
309246590985
309774650624
310311426080
310378692672
311389332032
326501404800
347926046720
348026667009
352724205580
361318319232
412338881540
412355133632
412383971476
412889395200
413126492176
413927735330
418759376964
421176295552
515396079681
549756149797
549780983946
549789403524
549790024992
549827346688
549928829200
550027530368
550351929856
550561678464
550569574688
550838083590
551316127744
551906050072
551987710208
554118161152
554187129864
554589880325
557307658496
558387695636
561097359360
566952591508
567573479552
573931782146
576666533892
601296470114
618475315522
618475558918
618493181970
620757385344
622778664064
635924189184
652868591628
687199224961
690420711428
696053334018
704450150401
722636638464
824633885714
824652791840
824677763080
824710267264
824767942952
825778790400
842352591104
859128742912
1099516347153
1099532140545
1099561967892
1099578807048
1099654693376
1100048527425
1100055060736
1100115610208
1100670305344
1101123356928
1102632255488
1103001291778
1103806898188
1103812100144
1108103661641
1108236322304
1108374259728
1109179760650
1114615316992
1116959932476
1117161261057
1133872416789
1133905183016
1135146959104
1138176823312
1147863564292
1151051252292
1153333067784
1168232415880
1168499675153
1169315366912
1174675914753
1236984408576
1236986363940
1237504246274
1241514770688
1245557328128
1254667845761
1271848378368
1305754599424
1374398449922
1385130229760
1391579897984
1392106668036
1408900300802
1410896822320
1443646930977
1445273276928
1649355526160
1649420534528
1649535885904
1651557580800
1657859474576
1684705182208
1856499614752
2061584318724
2199023529224
2199024599188
2199027647497
2199032694306
2199064281090
2199090454785
2199123935784
2199157614096
2199166976260
2199297984004
2199309386752
2199715316800
2200097054850
2200097145100
2200110121472
2201407719424
2202246713856
2203318290513
2205264510976
2207624200288
2208049430529
2210299641859
2216207323282
2216472644608
2216748519456
2218359521300
2229230633984
2233919864952
2234322522114
2267744833578
2267810366032
2269356752896
2270293918208
2284956156177
2295727128584
2306666135568
2336596429059
2345052209313
2349351829506
2353676304384
2371929244161
2405185880456
2473902235672
2473968817152
2476099502081
2483029541376
2491114656256
2491148148832
2509335691522
2750020665344
2753076416512
2766260928518
2784213336072
2821793644640
2851858290176
2887293861954
2890546553856
3298535937281
3298711052320
3299071771808
3302830375064
3303115161600
3369410364416
4398047058448
4398051233889
4398055294994
4398059127043
4398065388612
4398092675072
4398128562180
4398180909570
4398247871568
4398315228192
4398383105033
4398594400257
4398600553216
4398618773504
4400194109700
4400220242944
4402475764738
4404493427712
4406636581026
4407743743041
4410529021952
4415228493928
4415248400576
4416098861058
4420599283718
4423820771600
4432414646564
4432945289216
4433488380938
4433497038912
4436719042600
4458461267968
4466766514187
4467101567488
4468645044228
4535489667156
4536089714696
4540587836416
4569912312354
4591454257168
4605288120321
4613332271136
4673010925576
4675074000913
4690104418626
4698703659012
4741645238336
4743858488322
4810434679040
4947937634304
4947945455760
4952101568513
4952199004162
4966059082752
4982229312512
4983235837957
5018671383044
5222949191748
5497593799688
5497692360841
5506152833024
5531938849793
5568426672144
5643587289280
5774587723908
5781093107712
6597071874562
6597422104640
6597682138112
6598143543616
6610021777456
6614385426433
6640021585920
6736723443840
6738820728832
6877450600456
7148989906952
8796094116896
8796097503241
8796098396752
8796102467778
8796110589988
8796118254086
8796126726401
8796130777224
8796257124360
8796361819140
8796495743136
8796629913986
8796630456384
8796766210066
8797166768465
8797188800514
8797237547008
8800388219400
8805630877696
8806843024448
8806897813506
8808986855424
8813273162052
8821058043904
8821862916112
8830491033605
8830496801152
8830721198601
8832197722116
8835351969793
8835846668288
8839042727964
8840118796320
8864829293128
8865890578432
8866994077824
8916922535936
8933533028374
8935679459808
8937290088456
8942124044289
8968168542240
9070979334312
9072179429392
9081175672832
9139824624708
9210576240642
9226664542272
9346419286048
9347065184289
9347997401224
9350148001826
9380208837252
9397407318024
9487716976644
9519795019777
9689448587264
9895604854913
9895608942688
9895875268608
9895890911520
9897250914305
9904203137026
9904398008324
9932118165504
9964458625024
9966471675914
10037342766088
10174787026944
10205648125952
10445914112068
10995135414529
10995187599376
10995384721682
10996500400128
11001558737412
11003857403904
11133096624128
11136853344288
11287174578560
11549175447816
11562186215424
13194143749124
13194844209280
13195364276224
13196287087232
13202729468682
13211322122240
13212460646400
13228770852866
13262861238408
13477641457664
14297962905730
14843407302672
16492674549792
17592188233792
17592195006482
17592204935556
17592221179976
17592236508172
17592253452802
17592261554448
17592514248720
17592723638280
17592991486272
17593260912768
17593532420132
17593796661769
17594333536930
17594377601028
17594475094016
17595558265089
17596757966857
17597557121026
17600776438800
17600880971776
17600977322056
17609905144864
17613664026689
17617973710848
17626546324104
17630974972164
17635282583552
17635404153105
17642116087808
17643726078208
17644396742784
17660906725377
17660982067210
17660993602304
17661274619969
17663055167776
17664395444232
17670703939586
17682397134872
17729658586256
17731781156864
17732330328064
17733988155648
17736069546504
17746876170400
17764003708928
17833845071872
17867064803585
17867066056748
17867089122305
17868213714976
17868959793152
17871358919616
17874580176912
17884244363268
18141948151811
18141958668624
18141961266176
18144156452353
18162351345664
18279649249416
18365817028672
18421152481284
18453329084544
18691832152464
18692771432472
18692838555780
18700296003652
18760417217025
18760417674504
18794814636048
18966710460416
18975433953288
19039590039554
19241487043648
19791217755328
19791345684481
19791750537216
19791781823040
19794501828610
19799869490176
19800067940384
19808406274052
19808796016648
19829864038403
19864236331008
19928917250048
19932943351828
20066356690949
20074685532176
20890721058890
20910048296961
21990270829058
21990371098629
21990375198752
21990769443364
22196390989836
22273706688576
22540326010912
22574349157120
23098350895632
23124372430848
24190329561105
26388287498248
26389688418560
26390728552448
26392574174464
26405458937364
26424921292800
26457541705732
26946629042688
26955282915328
28595925811460
32985349099584
35184376467584
35184380871044
35184388866361
35184390012964
35184409871112
35184442359952
35184473016344
35184506905604
35184512604224
35184523108896
35185028497440
35185447276560
35185982972544
35186519655944
35186519737349
35186521825536
35186528489729
35187064840264
35188667073860
35188667093018
35188735214113
35188755202056
35188950188032
35191116530178
35192963859457
35193515933714
35197274816896
35201552224833
35201552877600
35201761943552
35210477454336
35218966712321
35227328053378
35235947421696
35238059720706
35253091636257
35253092648208
35270808306210
35271347798024
35287990435840
35321812091081
35321813450754
35321964134420
35321987204608
35322347923461
35322549239938
35328790888464
35341407879172
35364794269744
35390566172800
35390815736064
35459259449347
35459317172512
35463562313728
35467976311296
35493752340800
35596756591104
35667690143744
35734129607170
35734132113496
35734138651168
35734178244610
35736427429952
35749160353824
35811571533825
36009005949064
36283896303622
36283917337248
36284965856512
36288312936480
36288717717568
36324702691328
36327370260993
36352637280257
36559298498832
36731634057344
36842304962568
36906658169088
37383965966592
37385677144192
37400592007304
37520834434050
37520835349008
37589629272096
37950867906576
38079180079108
38482974087296
39582419419652
39582691368962
39583501074432
39589003657220
39608356175874
39616812548104
39617592033296
39651140182064
39653319151616
39685497831616
39728472662016
39857834500096
39858370381312
39865886703656
40132713381898
40149371064352
40407085875457
41783593533984
43018394533889
43980498796690
43980541658116
43980742197258
43980750397504
43981538886728
43998316085312
44001940013313
44547413377152
45148698314240
46196701791264
52776574996496
52778743365761
52779376837120
52781457104896
52785148348928
52793763168322
52849842585600
52915083411464
53120172687360
53395075432448
53910565830656
57191851622920
57449482551318
65970698199168
70368752935168
70368754798595
70368777732722
70368780025928
70368811561985
70368819742224
70368884719904
70368946032688
70369013811208
70369046217792
70369482770432
70369818446401
70370056994880
70370894553120
70371965945088
70373039153349
70373043651072
70374129680528
70377334147720
70377470428226
70377608851456
70377900376064
70379481600545
70382233060356
70385927718914
70387031867428
70403103932679
70403104449666
70403105755200
70403523887104
70420283785873
70437486723089
70437933424642
70445047021568
70446062043176
70454656106756
70463502942209
70471894843392
70506183272514
70506185296416
70506229534720
70507592417313
70541616612420
70574902773248
70643624182162
70643626901508
70643928268840
70643974409216
70644695846922
70645098479876
70657581776928
70682815758344
70918512574985
70918518898694
70918634345024
70927124627456
70935952622592
70987504681600
71335380287488
71468259214340
71468264226992
71468356489220
71469061144581
71485435678464
71498320707648
71536979476674
71607842308353
71623143067650
71674414260240
72018028675073
72021232844872
72567768809985
72567792607244
72567834674496
72568338415624
72569931713024
72577699545280
72649405382656
72654740521986
72705274560514
73118596997664
73463268114688
73684609925136
73813316338176
74767092678787
74768143352320
74771354288384
74783979209792
74786134818821
74801184014608
75041668868100
75041670698016
75179258544192
75453985462273
75901735813152
76158360158216
76965948174592
79164871541504
79165382737924
79167002148864
79167127292160
79178007314440
79186314137604
79233625096208
79235184066592
79302301319297
79456945324032
79715669000192
79731773407312
80265426763796
80298742128704
80814171750914
83567313945088
86036789067778
87960997593380
87961083316232
87961097995297
87961484394516
87961500795008
87962012418053
87963077773456
87963078099009
88003880026626
88521691889668
88785563959344
89065072361488
89069067960320
89094826754304
90297396628480
90709851897858
92393403582528
92497489723392
96791651451008
105553120993600
105553149992992
105557486731522
105558753674240
105562914209792
105570296697856
105570874949633
105587526336644
105656203878912
105830166822928
107821131661312
111051349688320
112150203990016
114352229187584
114383703245840
114898965102636
118815975344128
123424475187201
131941396398336
140737490586132
140737497154561
140737505870336
140737509597190
140737530824864
140737560051856
140737623123970
140737639484448
140737769439808
140737790607621
140737892065376
140738027622416
140738092435584
140740113989760
140741789106240
140743931890176
140746087302144
140746088775942
140748259361056
140750641692707
140754668295440
140754940856452
140755020808224
140755800752128
140758963201090
140759500587020
140764466120712
140771855437828
140774063734856
140780438035200
140781247529984
140806207865358
140806211510400
140807047774208
140840567571746
140875866849284
140877092618384
140885144633345
140909312213512
140927005884418
140943789686784
141012366545028
141012370592832
141015184834626
141016688492608
141047934222337
141083233224840
141149805546496
141287248364324
141287253803016
141287378649114
141287856537680
141287948818432
141289391719554
141290196959752
141291539177616
141315163553856
141365631516688
141459177078976
141562264691200
141567491310592
141837025149970
141837037797388
141837268690048
141845590573061
141854180409378
141854249254912
141871905245184
141975009363200
142670760574976
142936518428680
142936528408579
142936528453984
142936712978440
142938122289162
142939263078656
142940840169476
142971945124880
142996641415296
143009527103497
143091134636544
143215684616706
143246286135300
145135534977088
145135537619970
145135585214488
145135669348992
145136878682112
145137683136776
145153251745920
145272979062794
145298810765312
145309481043972
145410549121028
145444772593666
145686364424226
146237193995328
146926536229376
147369219850272
147626632676352
149534119432193
149534657219712
149542171459776
149572269637642
149602368029216
149672366735360
150083337736200
150083341396032
150358517088384
150907970924546
151732639760400
151803471626304
153931896349184
158329808652353
158330765475848
158331823461376
158334004297728
158334254584320
158340495712256
158356014628880
158467250192416
158470368133184
158604602638594
158759171260424
158913890648064
159431338000384
159463546814624
160530853527592
160597484257408
161628343501828
172073578135556
175921868906530
175921995186760
175922166632464
175922195990594
175922968789032
175923001590016
175923202637953
175924024836106
175926155546912
175926156198018
175930593116176
176007760053252
176472157847553
177040699425152
178189653508608
180594793256960
181419703795716
184786807165056
184994979446784
193522636488840
211106299985984
211108388667906
211114973463044
211117507348480
211125828419584
211140593395712
211141749899266
211149190594625
211174978240512
211175052673288
211243671498912
211399370342400
211660333645856
212480690749440
212789859844112
214404800972802
215504279617537
215642263322624
228698418578520
228767406491680
246848950374402
263882792796672
281474976976401
281474994309122
281475011740672
281475019194380
281475044606148
281475113156649
281475120103712
281475246247940
281475278968896
281475513648449
281475538879616
281475581215242
281475784130752
281476055244832
281476138795009
281476184871168
281477132583059
281477529206786
281479414288449
281480227979520
281483578212480
281483853955077
281485735166080
281487863780352
281492174604288
281496518722112
281500838789376
281501283385414
281509405671937
281509881712904
281510041616448
281511601504256
281517926402180
281517926649859
281526524837893
281528932241424
281543697236999
281543710875656
281545852387392
281548127469712
281578466969600
281612415730716
281612423020800
281613539786752
281614095548416
281621009924609
281681135143492
281770289266690
281780188086272
281818624427024
281854011768836
281887579373568
282024733090056
282024734179456
282024741185664
282025571385361
282030369669252
282033659054080
282042050813953
282095600009249
282162843877376
282166466449680
282273857404928
282299611092992
282574496728648
282574507606032
282575713075360
282575897636864
282578783387688
282578783439108
282580393919504
282630327107712
282643778371586
282731263033376
282918354157952
283124244254721
283674050299940
283674075594776
283674537380096
283676147453965
283687958610177
283691181146122
283708376490113
283708498509824
283743810490368
283950018726400
285341521149952
285873036857360
285873040524832
285873056907968
285873425956880
285876244578324
285941742713856
285941778415617
285993282830592
286019054206994
286422795943939
286431369233412
286492572270600
287251708248065
288080637526080
288896680231040
290271075239940
290271170428976
290271338697984
290284491506208
290288284205185
290545958125588
290597621530624
290618962087944
290821098242056
290889545187332
291370586226688
293853072458752
294738439700544
295253265352704
299067162890800
299067172717057
299135916839168
299144539275284
299204736058432
300030309171201
300166675472400
300166682792064
300717034176768
301272896898048
301815941849092
303606943252608
304633440632864
307863792698368
316659617304706
316661530951696
316668008595456
316668509168640
316712029257760
316818262592512
316934500384832
316940736266368
317209205277188
317518342520848
317827781296128
318862676000768
318927093629248
321061707055184
321194968514816
323256687003656
325460944748546
325524429750304
334251537991712
344147156271112
351843737813060
351843872964609
351843990373520
351844333264928
351844391981188
351845901950977
351845937578064
351846003180032
351846405275906
351848049672212
351852312396036
351887744368656
352015520106504
352944315695106
356379307017216
361189586513920
369453153910787
369573614330112
369989958893568
387045272977680
422212469276693
422212599971968
422214629327425
422229946926088
422235014696960
422251656839168
422281186791424
422282258325505
422298381189250
422350105346576
422487343038672
422762304783360
422798740684800
423320667291712
427710563221504
431008559235074
431010705580056
431284526645248
439839013208128
442003708051457
457534812983360
492856355590145
493697900748804
527765585593344
562949953952802
562949962344528
562949988618244
562950023481344
562950038388760
562950089744964
562950221861776
562950240207424
562950492495880
562950557937792
562951027296898
562951077759232
562951162430484
562951568261504
562952110489664
562952277590018
562952369742336
562954265166118
562954785292817
562958551801857
562958556463236
562958828576898
562960455959040
562967156424960
562967707910154
562975727560704
562984349208576
562986745922560
562993037444224
563002566770828
563018673181760
563018690265248
563018811343874
563019209900105
563019763425808
563020083232896
563023203008512
563035852804360
563035853299718
563053049675786
563057864482848
563070279680001
563087394473998
563087421751312
563087543378945
563092225261700
563096254939424
563224831461432
563224831660050
563224846041600
563224864900101
563224966074881
563228191096832
563362270286984
563503467397136
563504005263368
563519305023617
563540578533380
563560376172544
563568466464769
563637248854048
563708023537672
563775158747136
563783198048264
564049466180112
564049482371328
564058190256128
564060739338504
564084101627906
564187981940737
564332932899360
564547714809856
564599226631168
564616409383168
565148993457296
565149015212064
565151426150720
565151795273728
565153272037505
565157566775376
565157566878216
565160787839008
565260654215424
565287556743172
565733226446865
565836708315904
566248488370562
567348002325505
567348100599880
567348151189552
567348553613378
567349074760192
567382362292244
567416997019648
567487620980736
567528388558857
567900037452800
570683042299904
571746073714720
571746083145792
571746113634316
571746113815936
571746851913760
571752489156648
571780679073856
571883485427712
571883556831234
571986565661184
572038108413988
572295970030088
572845591887878
572862738466824
572985144541200
574503416496130
577243604582977
580542150479880
580542677395968
580546703147012
580559453704192
580576568410370
580613543854080
581195243061248
581237924175888
581642196484112
581779090374664
584948775981312
587706144917504
589476879401088
590506530705408
598134345434114
598135961288708
598136477206532
598136674320656
598168685839104
598207340150800
598289078550568
598409472116864
599251018186753
600060618342402
600333350944800
600333365584128
601434068353536
603631883698184
607213886505216
609266881265728
615727585396736
633318697685121
633318707036433
633319234609412
633323061903392
633336017190912
633337018337280
633357654296576
633424058515520
633593575512384
633604380065792
633869000769664
633881472532736
634418410554376
634555649228896
635655562592256
637854187258496
642118011846659
642123414110368
642389937029632
646513374007312
668537429688353
669121545519104
688294312542224
703687475626120
703687745929218
703687980747040
703688666529856
703688783962376
703691803901954
703691875156128
703692006360064
703692810551812
703696099344424
703704622187648
703704624792072
703775488737312
703824880992578
704031039160596
705888631390212
706298781925408
708162797700608
709203253526544
712758614034432
722379173027840
738906307821574
739147228660224
739979917787136
844424938553386
844425199943936
844429258654850
844433553688584
844459893852176
844470029393920
844503313678336
844562373582848
844564516651010
844566999597064
844596762378500
844700210693152
845597481369600
846641334583424
846903130456080
848825124129536
857619204022272
862017118470148
862569053290496
870813221781760
884007416102914
915069625966720
920841256697856
985712711180290
987395801497608
1055531171186688
1125899907892035
1125899907905604
1125899909007745
1125899977236488
1125900046962688
1125900076777520
1125900443723552
1125900452331521
1125900480414848
1125900984991760
1125902155518464
1125902324860968
1125903136523008
1125904220979328
1125904555180036
1125904739484672
1125908530332236
1125909570585634
1125917103603714
1125917112926217
1125917657153796
1125920911918080
1125921550008320
1125934312849920
1125935415820308
1125936749608963
1125951455121408
1125952251764744
1125960172699649
1125968698417152
1125969314220032
1125969500835840
1125979380776964
1125986074888448
1126005133541656
1126037346363520
1126037622687748
1126039526851616
1126040166465792
1126041741623296
1126046406017024
1126071705608720
1126071706599436
1126106099351572
1126115728965696
1126140559360002
1126174788947996
1126174843502624
1126175086757890
1126175389255681
1126175993790592
1126183378895105
1126183391533056
1126192509878848
1126449662922864
1126449671194656
1126449692083200
1126449797169409
1126449931633153
1126449932149762
1126450771003393
1126451829018625
1126456382193664
1126458319708225
1126460400631810
1126466909669384
1126724540573968
1126727224918052
1127001634177152
1127006934794272
1127033795772928
1127033811779713
1127038610047234
1127081157066760
1127120752345088
1127136932929538
1127274497708096
1127416047075344
1127550317494272
1127566488371330
1128098932360224
1128098964742656
1128121478677008
1128142957715456
1128169801254913
1128236370493504
1128375963881474
1128665865798720
1128717415874576
1129095429619712
1129473355284736
1130297986914592
1130298030424128
1130298230190208
1130302852301440
1130303590547456
1130315133550752
1130315133756432
1130321575678016
1130336616450049
1130521308430848
1130572831399969
1130925052133504
1132498117529600
1134696004651010
1134696201199760
1134696302379104
1134697107226756
1134698149520384
1134764724584488
1134764752929793
1134833505960452
1134833994039296
1134975241961472
1135056777117714
1135800074905600
1137994559930368
1139661518929921
1141366084599808
1143492147429440
1143492227268632
1143492227631872
1143492763992067
1143493703827520
1143504978313296
1143578001276928
1143629548750849
1143668191002624
1143766970855424
1143767004348945
1143767113662468
1143973131322368
1144076216827976
1144591881339936
1145691183775756
1145725476933648
1145970289082400
1148442046890000
1149006832992260
1152975414231042
1161084279455909
1161084300959760
1161084681715904
1161085354791936
1161093414142080
1161118638703200
1161121356580864
1161153136820740
1162183832502352
1162390486122496
1162475848351776
1163284392968224
1163558180749328
1163833058066435
1169897551962624
1175412289835008
1178953758802176
1181013061410816
1196268690868228
1196272955461632
1196277257757696
1196341667569920
1196578157101136
1196818944233728
1197643040688256
1198467707834433
1198502036373506
1200121236684804
1200666701889600
1200666731168256
1200667905490962
1207263767396368
1214427773010432
1231455170793472
1266637395370242
1266637414072866
1266638469218824
1266646123806784
1266672034381824
1266674036674560
1266774867714057
1266848117031040
1267738001539328
1267762945065472
1268836821108752
1268836968955904
1271311125184512
1273234464965125
1275450704003072
1275708374516992
1284236023693318
1284246828220736
1284779874059264
1293026748014624
1376588625084448
1407374900330952
1407374951252240
1407375491858436
1407375961494080
1407377333059712
1407377567924752
1407383607803908
1407384012720128
1407385621103624
1407392198688848
1407409244375296
1407409249584144
1407447965107232
1407649763590147
1408062080426016
1411777262780424
1416209631281220
1420571170570274
1425517228068864
1429366207676416
1444758346055680
1460151441949824
1477812615643148
1478294457320448
1479959835574272
1688849861836946
1688849864851720
1688849877106772
1688849881792513
1688850399887872
1688858517309700
1688867040135713
1688884756877317
1688919787704352
1688940058787840
1689006627356672
1689124747165696
1689129033302020
1689133999194128
1689193524757000
1689400421386304
1691194962739200
1692165575028736
1693282669166848
1697646221739024
1708642413838336
1725138106580992
1759218952568832
1768014832205828
1829588489601025
1830139251933440
1971425422360580
1974791602995216
2111062342373376
2251799814734961
2251799815811208
2251799818015490
2251799818421251
2251799954472976
2251800093925376
2251800153555040
2251800960829696
2251801424446016
2251801969983520
2251802231751168
2251804109187592
2251804122284168
2251804311036928
2251804649721936
2251806273046016
2251809110360072
2251809478969344
2251817060664472
2251817262014469
2251819141171268
2251834181814017
2251834207207428
2251834785923074
2251835314307592
2251841823836160
2251868533227789
2251868625699840
2251869743218753
2251870831640616
2251873499217926
2251902910242816
2251920345399298
2251937252647313
2251937257980416
2251937396834304
2251937420415072
2251972149776896
2252010267083312
2252074692727040
2252074693034114
2252075245375496
2252080332931584
2252092812034048
2252143411217440
2252143413198872
2252152009392320
2252212198703144
2252231457931392
2252281118720004
2252349577895992
2252349603086347
2252349687005248
2252350173515780
2252350778511362
2252353864468769
2252384470319360
2252385019757696
2252491372626048
2252624984286272
2252899325845728
2252899342389312
2252899384166400
2252899594338818
2252899661135880
2252899863266306
2252899864299524
2252901542006786
2252903658037250
2252907982389281
2252912764387328
2253449081147936
2254013869588544
2254017090553985
2254067623559426
2254077220094468
2254136292749312
2254162314133520
2254241504690176
2254273865859076
2254273985384512
2254548995416192
2254832094150688
2255098357219331
2255100634988544
2255235822125184
2256197864720448
2256197929485312
2256198938132656
2256206466924673
2256217732808960
2256242957354016
2256336406511624
2256339602509826
2256751927762948
2256764795912720
2257331731597440
2258190859239424
2258396886335616
2258396938010624
2258534322406976
2260595907100693
2260595973829184
2260596060848256
2260596982587396
2260605704602880
2260607181094912
2260630267512864
2260643151356032
2260673232900098
2261042616861696
2261150226972688
2261850104267008
2263346833263616
2267193244975105
2269392009302020
2269392402399520
2269392604758208
2269394214453512
2269394952519698
2269396299040768
2269417769534048
2269529449168976
2269529505859586
2269529573163521
2269667011920904
2269667988078592
2270113554235428
2270491513586689
2271591027179841
2271600149811200
2273824976404481
2278192388308996
2279323037859842
2282732169199616
2286984294858880
2286984454537264
2286984455263744
2286984739424576
2286987407655040
2287259232239616
2287329460879360
2287533941710848
2287534008697890
2287534227324936
2287946262644736
2288152433655952
2291382367551512
2291940578164800
2295780815668353
2296059451670624
2298013665984520
2304576908722216
2304679451039744
2305950769742336
2322168559633408
2322168601919520
2322169111519235
2322169363431808
2322170709583872
2322170982174728
2322186828284160
2322237311158273
2322477933924352
2322718313695362
2324367665004704
2324780972244992
2324951696703552
2326568785936448
2327116361498656
2327666116132870
2332064163041281
2339778464907264
2339795103925248
2350824579670016
2357352929964052
2357907517604352
2362026122821632
2392537308405761
2392537310445896
2392537327239173
2392541697671185
2392547234418688
2392687625913344
2393089205481472
2393156314202272
2393637888467456
2395307556012032
2397004072747012
2400242473369608
2401333403779200
2401333462336512
2401335810981924
2405736273414144
2414527534792736
2419200459030529
2428855546020864
2437067525062912
2463180924126848
2500291589046273
2533274790740484
2533274828145732
2533275864138275
2533276938437648
2533291974508552
2533292247613568
2533344068763648
2533348073349120
2533549735428114
2533696234062080
2534383294742528
2535476003078656
2535525890130944
2537673642217504
2537844635623424
2542139602897168
2542622250369024
2544269906673798
2550901408006144
2551416749033984
2555265022952706
2568459498029313
2568472047386636
2568493656441472
2569559748118528
2586053496029248
2674012314437632
2753177250168896
2814749902504480
2814750983716872
2814751914856708
2814751922988160
2814754666119424
2814755135849504
2814767215607816
2814767500624512
2814768025440256
2814771242207248
2814784397377696
2814818488750592
2815162092486657
2815299527180294
2816124160852032
2823554525560848
2827961086525442
2836741073403972
2850072652939520
2851034456137728
2889516692111360
2902714992295946
2955513025265921
2955625231286296
2956588914640896
2959919671148544
3096774499762560
3105055196610561
3377699723673892
3377699754213544
3377699763585026
3377699867336960
3377700799775744
3377708578900993
3377709403078672
3377717034619400
3377734080271426
3377769513754634
3377837180452994
3377839575408704
3377880117575680
3378013254713344
3378249494331392
3378258066604040
3378267998388256
3378387049514000
3378800842772608
3379898743982592
3380041014575105
3382389925478400
3412888437919744
3448068473880592
3450276213161984
3452466513313801
3536029664411656
3553622788997120
3660278503866880
3942850844721160
3949583205990432
4222124684746752
4503599629469922
4503599631622416
4503599636030980
4503599636842502
4503599908945952
4503600038543618
4503600307110080
4503601774894208
4503601809326084
4503601921659392
4503603939967040
4503604260044801
4503604463502336
4503608218375184
4503608622073856
4503608754176389
4503609299443872
4503612546092032
4503616809369613
4503616845008928
4503616883917312
4503618220720144
4503618957938688
4503634121328944
4503634524028938
4503635065176067
4503638282342536
4503668363628034
4503668414414856
4503669422702610
4503669722710048
4503670579265537
4503670628615184
4503683647672320
4503737066455578
4503737251399680
4503741361293953
4503741663281232
4503746998435852
4503774664065056
4503805820485632
4503840690798596
4503874505294626
4503874505361417
4503874572689536
4503874773721409
4503874793668608
4503944299553792
4504020534166624
4504149385454080
4504149450428449
4504150490750992
4504158107406464
4504158518379522
4504183747120136
4504185624068096
4504286822434880
4504286826397744
4504424397406288
4504562237440008
4504699155791984
4504699374010496
4504699407728658
4504699676132361
4504700347031560
4504701557022724
4504707728937538
4504725579923456
4504770039515392
4504974625079298
4505287550599168
4505798651691456
4505798684778624
4505798768332800
4505799188677636
4505799724893217
4505799726532612
4505799728599048
4505807316074500
4505807375302920
4505815964778562
4505825528774656
4505833278832900
4505936628580480
4506348431607809
4506898162295872
4508027739177088
4508034181107970
4508066548555776
4508135247118852
4508154440188936
4508324628267040
4508547731689984
4508684885426560
4509097990832384
4509664188301376
4510196714438662
4510201269977088
4512395729440896
4512395858970624
4512404377960961
4512412917171201
4512412933849346
4512485914708032
4512670632116257
4512672813023248
4512679205019652
4513014195683473
4513503855525896
4514599038632962
4514663463194880
4516381718478848
4516793836118272
4521191814201386
4521191897301138
4521191947658368
4521192121696512
4521198356529184
4521211409205760
4521214362189824
4521260535025728
4521286302712064
4521346465800196
4521466697089040
4522085233723392
4523425207025664
4523665848828416
4525590145400833
4526693666527232
4530022267225152
4534386489950210
4538784018604040
4538785173929986
4538785209516416
4538788428907024
4538792598081536
4538793395748896
4539058898337952
4539059011719172
4539059146327042
4539334023841808
4539335976157184
4539900967845888
4540227108470856
4540983027173378
4541025989165120
4543182054359682
4543200299622400
4549779116818433
4557621726150656
4558646075719684
4565464338399232
4573968389374026
4573968589717760
4573968909074528
4573968910527488
4573971055968268
4573973749170184
4573974815310080
4574019913253184
4574106885423232
4574245432590848
4574518195003396
4575067883421696
4575068017395780
4575068454649872
4575892525289472
4576304867311904
4582764464576008
4582764735103024
4582970627719168
4591561631336706
4593759580848265
4596027331969040
4644337115881512
4644337203839040
4644337253482496
4644338726863616
4644341419167744
4644354429829633
4644474622316546
4644474824165632
4644612547282960
4645471054209025
4648735330009408
4648743756367873
4649561944489984
4649903393407104
4653137571872896
4654232722997312
4655332232265740
4664128326082562
4679590207850496
4715815035208704
4724052245643264
4785075157794850
4785078935756800
4785094468837376
4785212311732768
4785349519933440
4786312628404544
4789507077439500
4793870831337732
4794008145494024
4794970208733187
4800484946739216
4802666807558400
4802666924673024
4802671621963848
4811472546828288
4820258976244225
4829055069585472
4838400918061058
4857711092041728
4874135050125824
4925820683173888
5000583178092546
5066549581480968
5066549618543120
5066549656291464
5066551728276550
5066551745363968
5066553876875296
5066583949017104
5066584495227136
5066588235513921
5066688137527296
5066858851999746
5066897475764224
5067099470856228
5067392468124160
5068748608249861
5068766589485056
5070952006157312
5070964815564801
5071051780261888
5075347284435008
5085244500738048
5101802816012288
5102833498067968
5119326138925408
5136918996058626
5136944094773272
5136987312882944
5139119496237056
5172106992058496
5207289787056129
5348299972317184
5506354500337792
5629499805008960
5629501967433744
5629503845976320
5629504903184389
5629509332238848
5629534431215632
5629535001249024
5629536050880512
5629542484414496
5629568794755392
5629636977501184
5629636998336576
5629783004151944
5630324184973314
5630599054360588
5632250460766848
5634172459188480
5638295627238436
5638300501016576
5638441656123664
5647109051121696
5664683942084609
5664825640222754
5665302381604864
5673482281025544
5700164631135232
5702068912275456
5779033384222720
5840605766754880
5911026050531842
5911250462572592
5913177829281792
5919839342297088
6210110393221122
6333195567005696
6544430647476225
6755399447347784
6755399508427088
6755399527170052
6755401599551488
6755417157801986
6755423067570177
6755434069238800
6755468160542852
6755506815369472
6755539027509268
6755674360905988
6755679150817408
6755760235151360
6756026509426688
6756498988662784
6756516133208080
6756535996776512
6756774099028000
6757598464315921
6757601685545216
6759797487965184
6760082029150210
6764265058861568
6764779850956800
6773130676667392
6825769259044928
6896136947761184
6900552426323968
6904933026627602
7072059328823312
7107243480711168
7177613055361024
7320557007733760
7885701689442320
7899166411980864
9007199254806714
9007199258939844
9007199263244832
9007199272061960
9007199273685004
9007199657415681
9007199817891904
9007200375701504
9007200614220160
9007203549788416
9007203618652168
9007203843318784
9007207844938081
9007207879934080
9007208520089602
9007208927004672
9007216436750368
9007216489136644
9007217244147712
9007217508679938
9007218598887744
9007220863877124
9007225092184064
9007233767834624
9007235226681344
9007236441440288
9007237915877376
9007242204488705
9007267982612504
9007267987390465
9007268242657888
9007269047962881
9007269048057876
9007272537620746
9007276564685072
9007336727256068
9007336828829712
9007336836300876
9007337264398400
9007339143692296
9007341158531074
9007341257230368
9007357094920193
9007367295344640
9007371137319169
9007373205110802
9007474132911156
9007474502799360
9007478972875009
9007482722587906
9007483326562464
9007493996871704
9007611640971264
9007681381597192
9007749010589252
9007749015286272
9007749587337216
9007800826987008
9007888599107584
9008041068333248
9008298770959360
9008298900856898
9008299303403656
9008300981501984
9008316214812928
9008321331726336
9008371248136192
9008573644869760
9008573652795488
9008848794812576
9008925831725568
9009124474880016
9009398311583968
9009398748020992
9009398815457316
9009399352264722
9009400694063120
9009403114045448
9009415457875076
9009540079030784
9010566509101125
9011597303382912
9011597369557248
9011597536665600
9011598377355272
9011599449261185
9011599449786434
9011599453065224
9011599457198096
9011606168027144
9011614632149000
9011631929557124
9011651057549312
9011666557665800
9012147594068016
9013796324591744
9015995482013703
9016055478354176
9016064604636162
9016270494237704
9016308880377872
9016545238384896
9016649256534080
9016966018760704
9017232299655169
9018195981664768
9018280540897280
9018744227495937
9019328376602752
9020402539954176
9024791458881792
9024791717941248
9024808656306312
9024808755921922
9024825834342402
9024825867698692
9024868766975040
9024971829416064
9025341264232514
9025345626046496
9025893099901008
9026028391366946
9027007711051792
9029326926389760
9032763436957696
9042383628402772
9042383794602276
9042383895316736
9042383899459597
9042384243393024
9042384298246145
9042384719478785
9042422818411520
9042428724379648
9042521068406016
9042521070051456
9042692931600392
9043766644047872
9044170467446784
9044600907890752
9047400417068032
9053387333054464
9055577774882817
9068772979900420
9077568037208080
9077569609598080
9077570419032832
9077576857814048
9077585196163072
9077585246027788
9077602393261064
9077636718526625
9078031855648768
9078117796675904
9078118023438344
9078118292654084
9078668047683616
9080454216941712
9081966054346756
9086364108719364
9086381276006401
9086400599244800
9099558233636866
9112752776806400
9117292151439368
9130928676798464
9147937179435520
9147937818149056
9147937821054976
9147942111936536
9147949630620160
9148039826506368
9148142969684992
9148486767413249
9149036254725665
9149036321835280
9149036390006792
9149317843517440
9150135766843392
9150136034791560
9150136909299744
9151785050578944
9152335360032774
9152609734623808
9165529470206048
9165803815469184
9167762312659200
9174327171874816
9183123262673412
9192054663938080
9218307768984576
9288674407678080
9288675313598736
9288676446142472
9288677453727232
9288682838335488
9288691411321640
9288708859659266
9288949244633092
9289225094565920
9290942108418050
9297470660018816
9297487512735746
9299123888979968
9299806786814208
9306275143745792
9308465445994624
9310664464531480
9315062510526529
9324958115168786
9328256652165124
9359052102434825
9359180415700992
9403298318680064
9429416015037696
9431630070417408
9448104491286528
9464630452682753
9570149845730304
9570170682999817
9570175380619328
9570699173822464
9570733323739264
9572349338853376
9574551553869824
9574823206387713
9578945317998720
9587741662675464
9588016290988048
9589940417466374
9600969893478432
9605333615116800
9605333849346048
9605343243927696
9605539738681347
9622945093656576
9640517952488450
9658110139170944
9676801836122116
9711161579143170
9715422184083456
9748270100251648
9851641366347776
10001166356185092
10133099162961936
10133099312582928
10133099431100449
10133103456553100
10133107753750592
10133168990454272
10133376275054592
10133717703999492
10134198941712456
10134784936248320
10137634785476608
10141895257227281
10141904012314624
10141929631129602
10142103560523776
10150694568870016
10168292124655626
10170489001476096
10172683190796544
10203467905766018
10203472754507776
10205666996135936
10273837992117252
10273888189546544
10273974625765888
10278238992474112
10291497555722241
10414849016726592
10696084548780032
11258999202646608
11258999610017920
11259003363491906
11259003934867488
11259007691952640
11259016250392598
11259018664477696
11259020543398016
11259033562906634
11259068862431264
11259072101761024
11259084968828992
11259137589510784
11259273955002368
11259273996673152
11260648369946628
11261198108721176
11264496643408128
11267795162497548
11276876870320128
11294218102243392
11329367884169218
11329410764376064
11404137824550912
11540748929335328
11558066768445440
11611944448426112
11822052101063684
11822500925145184
11824148048248833
11826355658563584
11839678684594176
12384899050770464
12384901156307201
12398093114802368
12420220786442244
13510798894695568
13510799016854176
13510799054340104
13510803199102976
13510809669861378
13510834315603972
13510867603947780
13510868138477600
13510936321085704
13511078055018536
13511348721811976
13511358301634816
13511520470302720
13511911278641169
13512053018853376
13512997977325568
13513032266416160
13513071993553024
13513548198056000
13515196928631842
13515203371090432
13515334368657424
13519594976716800
13520164058300420
13528391102267393
13529559701913600
13546261353334784
13794472884175880
13801104852647936
13809866053255204
14073748835729984
14073749120747524
14144118657646624
14636837302239232
14641114015467520
15210918736560128
15762873640813569
15771403378884640
15798332823961728
16888498738987008
18014398509613428
18014398517879688
18014398522070056
18014398526261383
18014398526489664
18014398528368898
18014398535188545
18014398544123920
18014398547370008
18014399050680353
18014399314831362
18014399635783808
18014400751403008
18014401228440320
18014402536013984
18014403878225929
18014404012998784
18014407099576832
18014407237304336
18014407686637568
18014408311574529
18014415689876162
18014415740207368
18014415759868160
18014417040179204
18014417854009344
18014424279293994
18014432873500736
18014432978273344
18014434488295424
18014435289497600
18014437197775488
18014450184368128
18014467229222034
18014472882880576
18014475831754752
18014484408977410
18014535974780930
18014538095925762
18014538096115752
18014545075241492
18014553129370144
18014673454512136
18014673657659424
18014678287384592
18014682317062148
18014682514460736
18014708149780616
18014714189840386
18014734590689280
18014742274638338
18014810828439880
18014810843414529
18014948265822312
18014949005598720
18014957945750018
18014965445175812
18014966653124928
18014987993743408
18015018058711041
18015223281942528
18015362763194384
18015498021178504
18015498023257344
18015499174674432
18015502586741248
18015669824520224
18015777198215168
18016082136666496
18016597541816320
18016597801713796
18016601963003968
18016614981173313
18016632429625856
18016642663452672
18016666386702337
18016742496272384
18016872427425840
18017147289739520
18017147305590976
18017697589625152
18017851663451136
18018248949760032
18018796623167936
18018797092869123
18018797496041984
18018797630914632
18018798704529444
18018801004052481
18018801119398032
18018801388126240
18018806228090896
18018830915750152
18018951208374400
18019002714497026
18019080158061568
18019346311807649
18023194602521107
18023194606765824
18023194739114496
18023195073331200
18023196754710544
18023198898522370
18023198906130448
18023198914396192
18023203461136513
18023212336054288
18023229264298000
18023246209220614
18023302115098624
18023333115331600
18027592649183488
18028692169556992
18031990964027406
18032025122504833
18032110956708352
18032129209272324
18032334297104393
18032540732366848
18032540988475408
18032617760755744
18033298513068160
18033932037521408
18034190926872608
18034464599310338
18036391963329536
18037488454991874
18038656753205504
18040786857754648
18040789481291777
18040805079908352
18049582917763584
18049583435882496
18049583988867093
18049617511843844
18049651668684804
18049651735397384
18049943658832128
18050133175324672
18050184176993281
18050274371698688
18050682528465028
18050691252092992
18050716820078608
18051786199802016
18052056782733892
18054015422103584
18058653852779520
18065526873915392
18067175072076032
18067175252197376
18084767256805544
18084767589204552
18084767790633472
18084767798919194
18084768486786048
18084768596492290
18084769438957570
18084801630179337
18084845636823040
18084857448759296
18084909004358400
18085042140102912
18085145210848256
18085385863200784
18088340934893568
18089201815781504
18094800834136064
18106774666108928
18111155549765634
18120107318378496
18128747720876033
18137545959800840
18155136074416160
18155139219196160
18155140565696520
18155140838065664
18155146735337473
18155153715628096
18155170392326144
18155204786522113
18155273705751553
18156235593351808
18156236046876688
18156236585308168
18156785266327555
18157336095367232
18157343904628736
18158159654832128
18159534048576640
18159603871383552
18160908433883424
18161735215087634
18172728217438728
18172762552012802
18172801198489600
18199116467273732
18225504876233089
18234584302878736
18295874358871040
18295875636298112
18295875642109952
18295877785879044
18295884223873072
18295899261240320
18296010993311745
18296079653012736
18296225674067968
18297010578784257
18298072509451330
18298072780013584
18300271533686784
18300272069583120
18300273818599488
18303570101157888
18305219469247616
18313466746012416
18331058940412096
18331607630938368
18335524625318400
18366246525346824
18368441320800260
18384109327876160
18441009029447689
18577348815356160
18577352770453570
18577365676670976
18577417719318532
18577640529069072
18577898489266184
18578448108765217
18578450189131840
18581884216836100
18586286323400705
18594941320037632
18594975025471492
18598247777959936
18599613573628416
18612550287491584
18616930891989248
18621328929062960
18630125021053058
18647719354829824
18656513304330248
18718360831401984
18726916940890240
18753270323384321
18806596637360128
18863260140834816
18896208982573056
18929260905365506
19140298617913384
19140300031655944
19140300699075585
19140315600453637
19140341365999634
19140848239378960
19141397944803360
19144767866798080
19145250513618176
19158990114406400
19175483325350928
19176032581976096
19179880834932748
19201939786956864
19210667230233600
19210667698692096
19210686487855392
19211079477362694
19228267936514049
19245890187313152
19281035904976900
19316220278341888
19353603672244232
19422873049366528
19430844368166912
19703282732695552
19703386412695552
20002332712370184
20266198325923872
20266198625165856
20266198742861824
20266200470655169
20266202618463233
20266206913106200
20266206930927684
20266215507501184
20266287443738640
20266337980908544
20266750227251712
20266752550109184
20267435407998984
20268397883424912
20268414536777736
20269569872496640
20270597443944705
20275269570953216
20275544192974849
20283790514454562
20283808024629248
20283859262259204
20284207121047552
20301389137740032
20305780775324672
20340978002952192
20406935811532036
20407211264049152
20411333992271872
20547675984234504
20547776379093088
20547949251531776
20556477984948224
20582995111444482
20688427968233984
20829216997638152
21411889456088064
22025418001351168
22517999220035840
22518007869734976
22518015383905280
22518037328955392
22518041086796032
22518067125813268
22518137724862528
22518140004996096
22518144203522048
22518275179021568
22518547910004736
22518547993346304
22519098722222118
22520283059486752
22521296739893256
22522396217442352
22526794766745896
22528993286816256
22588436204486784
22623551253125152
22658735768338436
22659354100499520
22729241810452480
22799473121970688
22808275649101824
22942409629368576
23080984597496328
23116133536890880
23643898597343745
23644104202127368
23645001850290368
23648296096497666
23652711317127168
23679357369188352
24769802312614402
24774196005445696
24840441572884488
25359136183027712
26177722589904900
27021597764616710
27021597789391136
27021598033708352
27021598108680208
27021601121763332
27021606398205952
27021614944141441
27021668631207944
27021736276955200
27021872642171408
27022156110037072
27022697443623952
27022716603269632
27023040940605440
27024106037706752
27025995954651136
27026064532832320
27026143987106048
27026270973853698
27027096396112000
27030393857263684
27030406742180864
27039464829419520
27040328116600840
27056803711811584
27059119403827200
27092518478811136
27162378403577856
27584547791044736
27602209705295872
27619732106510408
28165090427539456
28183781554784257
28288237315293248
29282228030935040
29466911624396816
31525747281627138
31542806757769280
31596665647923456
31674732046712833
33776997477974016
36028797019227872
36028797035759376
36028797052522766
36028797052979328
36028797056811025
36028797070377090
36028797088247840
36028797094740016
36028798235312706
36028798294032409
36028798629662724
36028799271567616
36028801502806016
36028802456880640
36028805072027713
36028814199153664
36028814207222209
36028814474608672
36028815373275136
36028816623149058
36028831379752324
36028831480414736
36028831519736320
36028834080358408
36028835708018688
36028865747001472
36028865759938624
36028866276163600
36028868976590848
36028874395550976
36028900368736256
36028901708791938
36028908721799169
36028934458444068
36028935071338496
36028945765761152
36028951637853698
36028951663509504
36028968817954820
36029071949561860
36029072232464385
36029072467296608
36029072970631552
36029076191851524
36029076192231504
36029090150482984
36029106258740288
36029142806822912
36029346909024272
36029347315318848
36029357516396544
36029364634124296
36029365028921472
36029381134647848
36029428379680772
36029452001574912
36029484549276676
36029621686829058
36029898011197440
36029900842336777
36029915891500036
36029930890351624
36029933306249856
36029965317179404
36029975987486816
36030036117422082
36030171442059265
36030446563885056
36030725526388768
36030996042357008
36030998349348864
36031135628658760
36031270922224161
36031545819005186
36031554396430336
36032096225067009
36032164273332992
36032370440175620
36033195073864725
36033195083632640
36033195134812225
36033195603427592
36033197347831840
36033203926007936
36033264859251712
36033285326905344
36033332773404674
36033484992544768
36034294596010016
36034294611181952
36035394122547209
36035395179250304
36035703326902272
36036497899520064
36037593246335872
36037594992083968
36037595261829264
36037597409058888
36037597490843904
36037602008104962
36037602776252480
36037612456181792
36037661831500304
36037804639387648
36038151994867968
36038160316123136
36038692623615298
36041995487019044
36046389205042214
36046389213531648
36046389473452180
36046389478228992
36046390146662400
36046393509421088
36046397797044740
36046397799145736
36046397812260896
36046397828792384
36046397930209409
36046406922273026
36046424672108576
36046458528596000
36046527718228496
36046604230197248
36046666230663200
36046938965147840
36047489270349952
36047523076898881
36048932899389504
36055185298366976
36055186371936257
36057384339113984
36063981928054812
36064016036003874
36064050245009666
36064221913416704
36064258418544648
36064273448863760
36064290628763653
36064668594208786
36065080902764546
36065081976950816
36065235521511488
36066182562849792
36066597026136320
36067864075042816
36068381853745216
36068929198620676
36072783926659072
36074976909983748
36077313506411008
36081573715509296
36081610159816704
36099165835527168
36099166871764992
36099167977734186
36099235023687688
36099303337369608
36099303470794768
36099449235439744
36099716123000833
36101365056930056
36101382504185984
36104113565467784
36108030844207168
36108236742991872
36117307705559040
36131053747830784
36134350219902976
36169534513611088
36169535069364480
36169535178409104
36169535581266944
36169535597838388
36169536973572096
36169537192984580
36169538877915140
36169603260358674
36169691273646080
36169714897518592
36170084273624064
36170084280205824
36170290421696512
36170771726401568
36171742124834848
36174344870690945
36179498835640321
36191559250608128
36204718879411209
36213549332217856
36222311099531268
36257495441752066
36275091919601680
36310271996076289
36310272148832320
36310278438392320
36310280585621696
36310281676131328
36310293470674946
36310340784652288
36310409573044226
36310443794497680
36310547411503106
36310684320940096
36311373789005840
36311405869137926
36312471299948545
36312472093753376
36314687809257472
36314944920101384
36319207742767104
36321816867766848
36327864217387024
36345456401317955
36345456434877456
36345525104025604
36345602396979200
36398232934547464
36451009752466178
36451010595520640
36469168605757472
36523714707193856
36591747098214401
36591747240951815
36591748717742080
36591751272596224
36591751284219904
36591755571758088
36591768447746144
36591798522480640
36591815692945409
36591894075047938
36592021986623490
36592039567040513
36592159306025472
36594021157568514
36596145018902660
36596145023156264
36597382112083968
36600543067373568
36600544139166240
36600547637198976
36607140202315776
36609341440131084
36609476597387297
36610438938495232
36626931344486914
36662117880824192
36663215261876736
36671049250636800
36732493050693648
36768218655752320
36882018058895378
37013963734515713
37154697630712320
37154701221889088
37154731353341952
37154834633330696
37155281058138116
37155401301491968
37156346730151952
37156896217530434
37156900378263680
37159103563301408
37159266804564032
37163493019093057
37163768433672200
37172572646801410
37189882640075264
37189950050942984
37196495555919872
37199227147256832
37225082850000897
37225100574983168
37233861783978496
37242657858125920
37260250042106116
37295447835938816
37295778146287616
37313026608660496
37436721662803968
37506540646768642
37613193274720256
37726520281669632
37792417965146112
37858521810731012
38280596833206913
38280597034242176
38280601262358800
38280601398151170
38280682731999268
38280751487123457
38281181216641025
38282795889483840
38282796393072640
38289393059897378
38290501027236352
38298206215479296
38350966650701856
38352065163952192
38359761669865496
38403879573913728
38421334460467200
38421335397384192
38421372975710784
38422158954725388
38491780374626304
38562071809953800
38632440556683776
38707207344488464
38861688736333824
38993080401006592
39125025252442112
39406565465391104
40004665424740368
40532396646435584
40532396649222145
40532396651847744
40532397250331712
40532400941310338
40532405236926466
40532413826212400
40532431015002368
40532535159054337
40532675961817088
40533505100218368
40534598358138896
40534617163300864
40536795766849824
40539139744993280
40541194887889410
40551088385949698
40567581028909124
40567616049258496
40567718524518408
40568414242095104
40602767546417153
40605514169974784
40611561584199680
40673168496590856
40681956005904384
40814490266107904
40822667984543744
41095351968469008
41095552758186176
41104142827061249
41112955969896448
41165990222888964
41376855936467968
41658313800155268
41659396069068800
42828178015649792
44050836002702336
45035996274360648
45035998440071680
45036015739469952
45036030767810560
45036074657910784
45036082173592064
45036134251626536
45036275449725056
45036280009992192
45036288407044096
45036339875315968
45036546030699521
45036550358043136
45037095820009472
45037095986692608
45040944076066818
45042593479786512
45044792434884704
45057986573632512
45106365017907488
45176872408973568
45317471536676872
45387947368775680
45601317049139200
45616551298203648
46161900748144656
46163004290760704
46232267073781760
47287797194687490
47288208404254736
47290003700580736
47305422634254336
47322984754454529
47358714738376704
49539596203081856
49539604625228804
49680883145768976
52355445179809800
54043195528724554
54043195531608069
54043195578782272
54043195666898948
54043196067416704
54043196217360416
54043197944366104
54043212796411904
54043337262415888
54043472553910400
54043745284342816
54044312220074144
54045394887247904
54045433206539264
54046081881210880
54048212075413504
54051991909302272
54052129065664640
54052287974212096
54054192792224000
54060787714527368
54060813484361728
54060925187129600
54080656233201680
54087176002015232
54113564281012772
54114698278469632
54118238807654400
54333467671920652
54606146555610241
54887629182730752
55204419410591744
55239464213020816
55450639131480065
56294996484096000
56367563109568514
56576474630586496
58546984402812928
58564456061870080
63050669795311681
63051494563254276
63085613515538560
63193331295846912
63349464093425666
67553994955948032
72057594071518752
72057594105045532
72057594105958656
72057594140754180
72057594172212001
72057594176495680
72057594189480032
72057594658881552
72057596202721412
72057596269318152
72057597259325448
72057598333157651
72057598543135232
72057600616697888
72057602627863597
72057603005612032
72057610144055426
72057611487355392
72057615512903716
72057620346704000
72057628398307328
72057628414444418
72057628949217344
72057629479800961
72057630746550272
72057633246298116
72057639151894529
72057662759504648
72057663039472640
72057667320809477
72057668160716816
72057671416037376
72057697117175976
72057731477028995
72057731494002944
72057737953181696
72057748791101952
72057800737472512
72057817443598338
72057868916888136
72057870142676992
72057871067582465
72057891531522304
72057903327019008
72057937635909640
72058143802657796
72058143899123720
72058144464928770
72058144934593216
72058145404363009
72058145941263104
72058145952759810
72058152383703048
72058152384463008
72058180300965968
72058212517480576
72058418940477441
72058693685903377
72058694086434962
72058694624108544
72058694630637696
72058695697041569
72058713149538368
72058729268248592
72058730057842944
72058762540089376
72058830989034576
72058856759361544
72058938362757120
72058969098553352
72059243373658116
72059793396727953
72059796022394880
72059797400190977
72059801684673554
72059831783000072
72059844601315872
72059861780703248
72059866612499712
72059930785349672
72059951974973632
72060072234844164
72060342822240289
72060342884118530
72061451052777536
72061992084714016
72061992101253140
72061992286814368
72061993163032576
72061996698697728
72062541844448322
72062541907673088
72063091638010372
72063108792860672
72064191110840332
72064192450134018
72066390167265280
72066390269624450
72066391206855184
72066398720890928
72066407852015872
72066458859078145
72066459924693252
72066529718503424
72066570653810688
72066665546809348
72066969985089536
72068589158958080
72068589222363904
72070788245094418
72070790358500608
72071406653804544
72072995799040128
72075186492671744
72075189984167936
72075190523658528
72075194818117776
72075204016209924
72075205552504960
72075224912363584
72075323663000608
72075736249286720
72076320632246272
72077385247230596
72077935003631632
72079756078088192
72083982319108130
72092778410084428
72092778427063296
72092778956457984
72092780293324800
72092795594089480
72092795598291472
72092795624521792
72092795657584768
72092795860418818
72092813844546052
72092849344217152
72092917057192000
72093165225508864
72093208460394496
72093332461326400
72095046153797762
72102674081792001
72110370596733952
72110371132932177
72110372743872514
72127963856109624
72127980096192585
72127997412377601
72128032072007748
72128100490019332
72128443826833408
72128513630011392
72128546897727520
72128581257527306
72129337188417572
72130170395363584
72130471043022976
72132361366553600
72133194052272640
72135728150085632
72136763707490432
72137858397241352
72145555018490368
72145567853318144
72154627012822016
72163147160879104
72163147431018592
72163220319633408
72198331671054336
72198333743529984
72198335955468372
72198340653121608
72198400279330849
72198470047375376
72198606674739216
72198606941589536
72199432246001666
72199774635328512
72202730113860112
72202765008371968
72202867280314432
72207128441389058
72216009745899520
72216061688414336
72220321825951745
72234615411118080
72262107495661568
72339069027222176
72339069090169857
72339069283082251
72339070356818208
72339071162533888
72339071195676776
72339073947144192
72339077755830280
72339103644516352
72339206488195586
72339206520717348
72339382547292160
72339429795037184
72340168547248128
72340580843393024
72341270202155280
72341543452803136
72343501420888113
72347869420454912
72348689741381890
72353363739574272
72379203336544256
72410537438216448
72427098664435712
72444622199062536
72479806503018880
72479806511906882
72482624269975552
72550183839203360
72620544297664640
72620556876784640
72620562782879776
72620563352262656
72620586941349892
72620613256089602
72620614862512384
72620681569304576
72620686815920128
72620698610171925
72620818953404480
72620819146088452
72621093747229960
72621094823006212
72621664977814018
72624944187506752
72624946341232672
72629340084371672
72629344381468928
72629375618514944
72638170541326849
72638415485534208
72643633735533696
72655728434745376
72655876539810304
72690912802635910
72690912869754912
72691050208051208
72691204793958400
72796465869094928
72902019504932356
72938337211514944
73047429414387712
73183494079513736
73183494481903630
73183496100659205
73183497435484160
73183502545192448
73183502568439808
73183515956545536
73183536895492288
73183571254247441
73183597044961280
73183631385890818
73184043973246980
73184079134081026
73184318612050944
73188042315137028
73192290037805320
73192291120054336
73192839877492768
73201086134747136
73201088278332480
73201095274397952
73201640181596289
73214280404631552
73218953194774594
73220877876990464
73253862689080340
73324235761648384
73326430523753472
73342098501273600
73464986101387296
73500291000958992
73764036117790756
73958650179223552
74027927469031426
74309393855809561
74309395261424640
74309402508789888
74309428278460485
74309445391231232
74309479751122945
74309670877274128
74310493497721888
74310562116276232
74311593957064736
74313792435060868
74313794046657025
74313800756527360
74318207126602816
74326986038186114
74326987249844224
74345145293602820
74379900101885968
74392991111839744
74398454294513664
74450165700001794
74450201149966336
74467723567956992
74485315716251840
74626053217320992
74872412927164432
74873443325607936
74907528210743297
75013081293537284
75226386549440512
75453040563339264
75584835930292224
75717043621462024
76561194271638016
76561211935686724
76561365463998536
76561400897475072
76561743421112839
76562293186363457
76562303914934272
76562602414703104
76563392957515840
76563394836168738
76563427585228801
76565866598171648
76574392099799049
76579475327811584
76581002054472704
76596412430958592
76631562417889282
76631579589609600
76631601068376080
76635960592826368
76701933301403712
76704130327904384
76719523339730992
76807759147827456
76842668920934400
76842670794768384
76842745951421568
76844317909450776
76983560749252608
77124143619907600
77124144960929793
77264881113367552
77414414688976928
77687093706364929
77723377472667648
77986160802013184
78812993481097473
80009330849480736
81064793301352528
81064793303695488
81064793309470737
81064794165092416
81064794434568195
81064797990322304
81064801882620676
81064810473852932
81064827652424800
81064862030004736
81064862046028800
81065070318108674
81065351923634176
81067010200436736
81067138347171840
81070333800480770
81073591533699648
81078279489986560
81082389775778820
81102176771899396
81108842481451024
81135162057818248
81135232098516992
81135437049036816
81136828484190208
81205556550960128
81346281154283584
81363912011808768
81628845056196608
81645335969087488
82190693740577793
82190703936938016
82191105516372352
82191797006127104
82208285654122498
82225911939792896
82331980445777928
82753711872935936
83334803767689472
85603594471997473
90071996880143360
90072031478939904
90072061535621120
90072130120581170
90072149315821568
90072164347184128
90072268503253072
90072280310349832
90072550899450112
90072576814088192
90072679750631936
90073092061399042
90073100716086272
90074191640018944
90074191973385216
90074329009623300
90076390627516417
90080788675297288
90081132254593152
90085186959573024
90089584869769408
90107177205760001
90115973147265024
90247916555338784
90353744817947136
90371059710427141
90634942500880960
90634943073353744
90916554916497536
91197893530091553
91233102596407296
91268261215209536
92323792394649922
92333690113359872
92358977806942216
92464534147563520
94575592179499137
94575594389374980
94576416808509472
94580007401161472
94593184385990664
94610845268508672
94717429476753408
99079209250457608
99361766291537952
101401360368402433
108086391063216138
108086391157564544
108086391192682502
108086392134833408
108086392434720832
108086397507797000
108086425592823808
108086427568308260
108086459776565764
108086674524831776
108086945107820800
108086958061781008
108087490568685632
108087508822196225
108088624440148288
108090789774495808
108090866413078528
108092163762421760
108096424150827008
108103983818604544
108104258131329280
108104575948424192
108108385584448000
108121575429054736
108121626968723456
108156759803189248
108161312466403360
108227145730097152
108236477615308800
108370090826678272
108403050943119360
108649426926437376
108654288813162497
109212293111220482
110338191164178944
110408838821183488
110478928426041632
112589991759054856
112589995247666208
112735126219137028
112871740555657217
113152949261172992
117102386673090817
117128912123740160
126101339590623362
126102989126508552
126171227031077120
126241527054860305
126386662591693824
126698928186851332
135107989911896064
144115188076907424
144115188143037504
144115188210091064
144115188211917312
144115188281508360
144115188344424002
144115188352991360
144115188378960064
144115189688565860
144115192405442824
144115194518650896
144115196666315302
144115197086270464
144115205255727194
144115206011224064
144115206866370563
144115209827522560
144115220288110852
144115222437839876
144115231030378560
144115241762948288
144115256795627569
144115256796614656
144115256813168648
144115256828888836
144115257898434688
144115261493100544
144115266492596232
144115278303789058
144115292228833536
144115325519009296
144115325783249029
144115326078945280
144115330885615633
144115334641618954
144115336321433632
144115342832074752
144115394234351952
144115394838266369
144115462954057990
144115462988005888
144115469563986944
144115475906363392
144115480267980929
144115497582203904
144115601474945024
144115634887196676
144115737898778901
144115740285353984
144115746438390048
144115783063044608
144115806654038016
144115875271819280
144116014924431368
144116287798247440
144116288929857540
144116290288615441
144116291882526208
144116291905519620
144116304767406096
144116304768926016
144116360601931936
144116425034961152
144116837880954882
144117387371806754
144117387636097088
144117389261275392
144117389515294724
144117391394083138
144117421560037378
144117426299076736
144117458536497184
144117460115685888
144117713518723088
144117876725514240
144117938197106704
144118022758727680
144118486747316232
144119586126578496
144119586793455906
144119589343592489
144119592044789760
144119594800381954
144119599275712576
144119603369347108
144119663566000144
144119672021730305
144119723561406496
144119733224999424
144119903949947264
144120144469688328
144120685634259201
144120685644480578
144120685768237060
144120689962647568
144122334909956608
144122902105555072
144123984169428032
144123984573628736
144123993397395456
144123993832570885
144124020693929984
144124259080413440
144124533941864448
144125083688896644
144126183276020744
144128384900268036
144128657093331968
144132780261916897
144132780266356812
144132780539248900
144132781067215873
144132782413710368
144132815704031744
144133059437006848
144133141307621376
144133331093618696
144133881015046144
144133939970179072
144137178317916160
144137178444727808
144141576490188836
144141580717001216
144142813307609088
144145991598080256
144150372450083968
144150372749936673
144150372985343488
144150379968335872
144150381047317056
144150389636235552
144150408032419848
144150411105009920
144150449824727168
144150647326001216
144150647728513040
144151218557550592
144151472093791297
144152606100439040
144152641264492544
144154770494461192
144154770495045649
144159168574525508
144185556820168856
144185556854126592
144185557912915968
144185560586649600
144185574037684352
144185591188178960
144185591196582944
144185591249043584
144185591315169536
144185591720837636
144185627689092104
144185698688434304
144185834114384000
144186108723339282
144186110872913984
144186416920788992
144186664922652800
144186673513627681
144187756380423184
144187760209559553
144190092307595524
144220741193467904
144220742265864354
144220745487745028
144255925564276807
144255925636039936
144255927712219248
144255927983276033
144255934154146329
144255960192385170
144255994824755202
144256064144015496
144256200980038664
144256887653666816
144257033674178592
144257093795455040
144257162515054612
144258674376835144
144260325858934784
144260327907803264
144260340790596098
144260942086045952
144264721659363368
144264725969502209
144266388104545280
144271456300171264
144273527414980864
144275716794482704
144291135706636288
144299907639934992
144309254025644032
144326294862037184
144326440639266816
144328510511530240
144335090476912640
144396663070392852
144396663342108672
144396667487059968
144396671910936744
144396672188284944
144396697416507650
144396800558661698
144396940094750752
144397213349478432
144397213883179072
144397229990363138
144397251463086089
144397762566298112
144397900271600640
144399549270657024
144405530016743936
144405734560628864
144414256379609088
144432123376828672
144469230822236160
144524214991323136
144537400725479424
144537537979875617
144572589476446208
144678138054444352
144678138566164502
144678140713636416
144678142325067776
144678147894288384
144678148771938320
144678155511660560
144678163799344130
144678172389542017
144678413041434696
144678859590074368
144679512756453376
144680337094496256
144680337120823296
144681161686786048
144683086905606272
144687002841776226
144697379482763780
144706727479148544
144748506790299650
144749056529432577
144758406673088512
144889244398125072
144959613006000145
145100367678406720
145241087984305156
145241088016523394
145241088595329280
145241113753569280
145241126704525312
145241225958523056
145241226512179204
145241229725024768
145241363138609152
145241397220343850
145241638292176904
145242187527981056
145242188576980993
145242189646012424
145249884746814464
145249888375013504
145249892682465344
145254282130620440
145258751237029888
145276341082653698
145276830971068416
145287267471067392
145311456869548096
145311457012089089
145381825605271820
145381825739509824
145382100416102416
145382409587916800
145592931738189856
145804039009864712
145843895249403904
145876674423029888
146366988158763073
146366988392857604
146366988963807260
146366994870968320
146367005090384896
146367005136879616
146367073790984576
146367142508494882
146367194089922560
146367262771781636
146367812523328001
146368087946493960
146368158268162052
146368637224101888
146375783987020064
146376084630274056
146384580075610640
146384582240108672
146384661679964161
146386779099367456
146402172269494272
146402176556664960
146402190548795904
146403280363192578
146428560809263104
146441755753980928
146507759737767944
146648471523296768
146684197002547200
146929972202774592
146934473396060160
147000582001917984
147072874623009280
147528072235581512
147778760953825280
148055854938062852
148618787711619122
148618789850874176
148618790522849280
148618796335169537
148618839259635712
148618856556920970
148618925163151369
148618925413367808
148618959502245890
148619341754548256
148619888288612992
148621124232552464
148623220148273152
148625659651178496
148636656914661379
148653972076372228
148655073734688800
148690290587205640
148697970928254976
148725028014261248
148759530560301056
148759800203771936
148785982223679488
148796908589027328
148900331400003588
148900402299932672
148935447135913984
148970631432503680
149041000168424464
149181737657697793
149182837306687744
149252106434641984
149746886651215872
149762279798212624
149815056421486594
150026162587074568
150870656307695616
150906081126678528
151169671860584448
151434087242924048
152005283516784641
153122387400089600
153122391625582595
153122392431133184
153122396256206849
153122405592604680
153122456218894337
153122730927997072
153122938298565632
153123486842225678
153124586372726914
153124861231796225
153126785915031680
153126855170457602
153139979650965504
153148784199598098
153162004108945408
153175163888730881
153192824861917184
153403866602807424
153408260655808768
153439046679461984
153615518295654912
153685337841868800
153685341589536768
153685491902843136
153688635818901552
153967121498505216
154248289921859586
154254892897141760
154828829377953856
155374187412729858
155374187681186064
155446754945335296
155972321604026368
157625986962194946
157626261861564416
157630934762389505
157635882629791744
160018661698961472
162129586585469195
162129586607390976
162129586618941474
162129586623349249
162129586719754256
162129589001326848
162129603765241352
162129620947705864
162129629536059425
162129655304849600
162129724060009472
162130140636217348
162130703847268352
162134020400873472
162134276694343680
162138451409371136
162139483263991872
162147183067399296
162149515233607688
162164773173067778
162164779551557640
162200530863521792
162204353543798792
162208751423127584
162270324115636496
162270464197033984
162270874098073632
162273656968380416
162411070185668612
162411113101920256
162411132026355712
162692673986363424
162727824023617536
163255495082181248
163257690112393216
163290671938174976
164381387481155586
164381407873876032
164383594012254208
164416571308244996
164451823879585792
164663960891555856
165507423745871872
166633186414067713
166668387764666512
167200543339446272
171136992002703364
171207188943994946
171418260833567745
180143985363272204
180143989389983777
180143993760286720
180144298631643136
180144328694368256
180144534986948768
180145084673556611
180145101798900224
180145120039968768
180145153628176384
180145359501263872
180146184122798084
180146201432172544
180148383946770432
180161719031562304
180166525116751872
180179169739538816
180214354411520002
180214628784014080
180231946294530048
180425683409829896
180495828815710213
180707489635894272
180988410025001216
181269886146707488
181305069911670785
182395787060183106
182395793498849280
182405268196327424
182466205192814592
184647876779970624
184929068295127040
189151184358998274
189151188778749960
189152833617018944
189160014802322944
189186368771981328
189291939017818116
189434858953506816
189714136450727937
198158418500915216
198159489558904832
198167179764572160
198723532583075904
202802720736804866
209421780719239200
216172782116933904
216172782126432276
216172782181425185
216172782315129088
216172784269666816
216172784869441664
216172859425300482
216172885260108816
216172919553131528
216172919556933728
216173349049663552
216173890215641600
216174981137371264
216174981271420932
216177180571336705
216177248880296576
216181579548991616
216181732826157056
216184327524843520
216190786717351936
216207967637209088
216208516262658560
216209151896848384
216216771168896000
216243150858109472
216245352029749312
216251946984538129
216313519636744196
216322624932806720
216524643819847680
216735732085047424
216740181653356544
217299026692014080
217308577626324994
217580156999434372
218424586222440964
218424626487754752
220676382328357888
220817677642366976
220957856852083264
222365238043869184
225470252438274056
225743481111314434
226305898522345984
234204773346181634
234257824247480320
234327918115827712
252202679181246724
252205978253017104
252342454062154240
252483054109720610
253397856373702664
254455577969689601
288230376153814848
288230376156037262
288230376286075008
288230376420182128
288230376423834624
288230376504561665
288230376563016720
288230376688848004
288230376689369633
288230376705982720
288230376757920128
288230376759894033
288230376827062784
288230383403663364
288230384810885648
288230389037301792
288230393332630604
288230394172540928
288230394405343424
288230394690535434
288230410511454388
288230412022448128
288230413732741126
288230414807535617
288230419655045120
288230440576221704
288230444875679752
288230445089292480
288230462051614864
288230513591255138
288230513593229312
288230513657777672
288230514664669449
288230515796869376
288230522986201088
288230552262672512
288230556607578116
288230651030167681
288230651038018592
288230651566498058
288230652157890560
288230661771231266
288230669283237908
288230672642867264
288230685664149504
288230788468703904
288230925908115980
288230925949599873
288230925976011776
288230951812726784
288230960535961858
288230995164407808
288231063363256849
288231269774393352
288231475663899649
288231475667552544
288231475797557802
288231480570707968
288231484412657665
288231544382894084
288231566126089216
288231613308076032
288231802080854273
288232575746457601
288232577859715080
288232579738372864
288232580577230882
288232583765052416
288232583811039240
288232609534812192
288232609537852032
288232721203863872
288232850069922304
288233124932886537
288233401427689472
288233675761909764
288234774200320039
288234774743613508
288234775272194176
288234778522550784
288234782788166276
288234791378223129
288234852598153472
288234917072994368
288234920231371776
288235049076196112
288235427037446176
288235876394213408
288236973494632464
288239172253156992
288239172265714048
288239173586911812
288239178687184978
288239184089579520
288239189600763908
288239206738694216
288239240965783617
288239326863558786
288239447122812992
288239466449998848
288239722537419800
288239807899894528
288240288939376656
288241371268518402
288241371536474120
288243572511080448
288243707740700672
288245804211110144
288247968338856064
288247981239500802
288247986794790912
288247989813129216
288248252342599681
288248792971546688
288250167377793288
288252366552041488
288252377121718280
288252435171442688
288256769800536072
288265560523833794
288265560669061120
288265560859542016
288265561078497800
288265564827420736
288265631408063488
288265637867814916
288265839698773008
288265972841746432
288266118874013696
288266282615242752
288266662187237392
288267879940358144
288274356635832320
288274356889455616
288274562775261192
288283152980377672
288283161434002432
288285626615218176
288291983196160512
288300745499873346
288300745970686976
288300759936671744
288300762094634112
288300779272471104
288300816064839696
288300847975106944
288300899649454336
288301294652002432
288301317200281601
288305151532351568
288305215956877316
288305417895804929
288309540988922384
288309540990091298
288335929268076553
288371113640337712
288371113708253184
288371115825831936
288371121173299200
288371148075368704
288371182376357920
288371182393165888
288371182498087168
288371182630339072
288371255378184208
288371397376868608
288371668228768000
288371672019386880
288372221745827968
288372247563862016
288372833841577984
288373347027255362
288380184615191048
288388705828208785
288441482386935808
288441484531728708
288441490975490056
288511851197637636
288511853293740034
288511855424438496
288511868308292658
288511919864694785
288511920384770340
288511989649510404
288511990849077384
288512128153847812
288512401960077328
288512950645293065
288513775307333632
288514050694844416
288514067348357184
288514325030109224
288517348753670288
288520655949791248
288521884172091904
288532776209090560
288542912600342528
288547054829961728
288551433588965408
288582271413272576
288599815279869984
288618508051288064
288652881278533632
288657021023060480
288661934465875969
288793326123220997
288793326684217344
288793334974119936
288793343821873488
288793394833015300
288793394860262432
288793463611228289
288793601117323396
288793880189501504
288794426698956864
288794427766358144
288794459980726276
288794502926172178
288797728446611848
288799098541314048
288806520295063552
288810920455440448
288811060033487872
288811469121257728
288832908523742272
288864246753657344
288865893874698240
288938461644472320
289048429982646272
289074805511569408
289075075959751234
289356276108888704
289356277132329004
289356281427272832
289356284650135552
289356284782707104
289356295788576768
289356297543876640
289356311023321120
289356327598688320
289356346928693248
289356826082869392
289357530189168640
289357719180148736
289358475350384644
289360674188992512
289360674241646592
289362323373572096
289365484602654721
289366173811212544
289374005683552452
289391460430921748
289394758965527560
289413454958297088
289426647487086721
289427229052510208
289497013547959824
289497580482596868
289498113058865154
289637751270146050
289708394657612032
289778488796250144
289919226012000290
289919226012079104
290200735356813440
290482175968610312
290482176033046788
290482176636489985
290482177190658560
290482201768820864
290482227507138560
290482253409050624
290482313953804320
290482347765399568
290482453024358408
290482459450049536
290482726277218304
290482794440687700
290483276584353808
290484379292024848
290484417938849793
290484924815770112
290486642732434560
290490976355484161
290499769493628928
290499776750027008
290508564261240880
290517377525875712
290517502474059776
290535502280392705
290552544713770248
290552682165307396
290574534942134784
290622913739096192
290658097825843744
290763651210543640
290763651479019648
290764200832204832
291185863476379712
291608075872321601
291608078019729424
291753348846059776
292189717657550848
292733976785715208
292733977927614520
292733989741936640
292734010180769792
292734010273759232
292734044532113929
292734113352294402
292734147581969152
292734285016989764
292734388179845120
292734525543563272
292734800417030145
292736175892987920
292736316536324104
292737274448203776
292740574996332609
292742841732464640
292752169260548112
292769160151221280
292769164480217344
292804344538988544
292804353113329920
292804381097591808
292806560726385156
292857121618526208
292874721857437716
292875812779098376
292883511507961856
293015519475535888
293017658637418498
293296943046593536
293305722095013888
293368394005094400
293859944405549184
293895061132804160
294145749246018560
295056144471163024
296111709876125704
297237575423238244
297237581045698560
297237678519271424
297237712862449666
297237713113841940
297237850326302738
297237850826735616
297237919004491780
297238683509096512
297238709286739968
297239914016179200
297242540389433344
297243279123023872
297244172543328266
297246373663735817
297246375828258944
297246647451124000
297255176186628100
297255203026109440
297273313829322758
297307944152744456
297310147469377600
297378322558492674
297380581174411280
297519050383687939
297519061120602112
297519600407543872
297571964447358976
297593817178054656
297800662800007176
297800804599865344
297802175164186625
297870894271827968
297941262865007360
298082000336848928
298363475315395586
298460232344928256
298504212869283968
298930825460711428
299493773302431744
299630112842973188
300052325174149136
300898950200688640
301812162253357056
302339343721168896
302868174485848096
304010567033569282
306244774662406657
306244775208026240
306244779023353856
306244783251165190
306244783790161952
306244792512413698
306244811185209360
306244912437788674
306245051888435200
306245324819660805
306245461855994144
306245874207166464
306246973684451356
306249172724745224
306249172745453828
306253710340915204
306262367920980035
306264565971165184
306280032584597505
306297568399196196
306317343506825216
306324008217890816
306350327777461762
306385649723834368
306807733205614848
306807741797105665
306878093358923968
307231036591309824
307370675683737600
307370683179073536
307370983805686272
307934242997010432
308496574479630400
308496579843719172
309059524453470208
309657658755907712
310748374825459716
310893509890670592
315251973924389892
315252523723128832
315261869524779010
320037323397922944
324259173214781952
324259173237882948
324259173246698498
324259175587774720
324259178002653696
324259190484795425
324259207530482704
324259241895411728
324259259072118850
324259310609699200
324259311703293952
324259448065360024
324259448120018944
324259516768322561
324259725073989635
324260281272434696
324261372361704704
324261407694536704
324263574446802944
324268040801746944
324268553388687360
324272367310221313
324276937155411978
324278966527983744
324294366134798592
324294494982373377
324313117959946240
324329542051299332
324329559103115280
324408707087597584
324470588640854048
324540928394067968
324541748196147264
324547313936760832
324822131718225985
324822140371337224
324822226203840512
324892492673597440
325386172859678721
325455648047235072
326515380224786432
326581343876349952
328762774962311172
328762815747752064
328764422065489408
328767188024508416
328780365051199745
328903647759171584
329327921783111712
331014847491743744
333266372828135426
342275770720256001
342291168167460864
342414377887989892
342836521667135490
352406688021618688
360287970194948354
360287970491650304
360287973411389457
360287974618956801
360287978779967554
360287987520573440
360288004551608352
360288125915759616
360288246142484480
360288597263286272
360288657388736512
360289074013012288
360290203597800448
360290240079937536
360290307256352768
360290719002527744
360296766560075776
360296767893540864
360305562375725316
360340747838292096
360358339479077632
360428707678012426
360428708823040004
360447399376192000
360463892589060096
360569582607401025
360851232065060864
361413872248422912
361414979271788544
361418336862470216
361979019073159425
362539772293414976
362541144460034048
362610139823341570
363112065805590528
364791574120366212
364800365947781184
364932410385629184
369295169444941832
369295444322290177
369331453596794880
369435911227768864
369858136590254080
378302368717996548
378302377557499920
378305667234037888
378320029604645888
378443381074034688
378583878035636232
378869717907013632
379428272901455874
396316837001830432
396334359529144320
405605441473609732
432345564233867808
432345564263252225
432345564319973408
432345564362850370
432345564630258176
432345568539333632
432345569738883328
432345583564619776
432345702371295232
432345839106263056
432346268870647808
432346698099327104
432347780431283200
432347832247124032
432349962274742528
432354368913145984
432354497760593152
432363156548354057
432363159097983232
432363465652314112
432380782971977729
432385696603308032
432415935274418176
432417032525317120
432418303793696768
432433542337792000
432486301716218944
432486507874893824
432627039212756992
432645249865613440
432945910461235200
433189989176573960
433472013890225185
433480363306713088
433489056324653058
434878841165578241
436849164123389969
436849172444881928
436850332625010688
441352764656715776
441353040509796416
441635355284733952
441915713704166528
450361062518163456
450940504876548112
452611797044691968
454864115341459456
468374369870024736
468409546692363268
468515648494960640
469781736130609664
504405358362493448
504684908124308480
504966108219441220
506795712747405328
508911155939379202
540431959647584256
576460752303591500
576460752311835904
576460752353825025
576460752506060865
576460752597024964
576460752639492386
576460752840876544
576460753377305024
576460753385685521
576460753391915008
576460753393945100
576460753511416074
576460753714823172
576460753948643392
576460754451968528
576460754454055044
576460754520507392
576460754728257024
576460755524947969
576460786740756520
576460786797551617
576460786798493840
576460796393949185
576460803845783680
576460803851419922
576460821027098928
576460825317950208
576460889742394064
576460889748669474
576460890021298433
576460891923415047
576460895786369024
576460902627541016
576460906926718980
576460926316756992
576460967052877824
576461010001463328
576461027483353108
576461029598363650
576461044646412801
576461095903035968
576461302061597064
576461302069493760
576461302327687200
576461306355254308
576461310884054016
576461319239631882
576461336427446276
576461339641380864
576461379637346368
576461474126888976
576461851817247236
576461851848650880
576461853962568744
576461856328138752
576461857453244417
576461894781501576
576461924829528144
576461938268045568
576461990353174528
576462401571392128
576462951329040432
576462951332987009
576462951494976004
576462951600623616
576462951947468801
576462953474883648
576462985686680581
576462992128868640
576463054947483648
576463088908242960
576463089840423944
576463228354207744
576463243921342466
576463501149603908
576464059496136704
576464326794149920
576465150366786688
576465167548940290
576465169979408384
576465219206791168
576465512200933376
576465700928880640
576466249871130752
576469550082556032
576469550682406916
576469559135436832
576469570005500040
576469582756786176
576469582940733472
576469685835825280
576469685847984640
576469823277499393
576470098152308801
576470647976265728
576470654887399424
576470785481768962
576471207327571968
576471747488972802
576473946482802704
576473946711394564
576478346671030544
576478348785353216
576478353079535904
576478361786779648
576478378849241616
576478413209469028
576478413477385218
576478481933148161
576478658089190400
576478915988553984
576478928622063616
576480955846361216
576482261500690432
576482759716896816
576487141675106368
576495936680822785
576495936709204480
576495938825093217
576495942044223760
576495953855389827
576495962445316424
576495984054894592
576496006099632144
576496074651353376
576496211559710980
576496486833995778
576496556224577664
576497036187828480
576497070548189186
576497113496571904
576497173894529544
576498145370832898
576498479296154624
576500339352539136
576504732770650120
576504732852421136
576504733309632514
576504733842472992
576513537740898304
576522464541017088
576531121050910736
576531121052000768
576531121198727298
576531127624269841
576531194875740160
576531413248016384
576531675098710018
576532220567627777
576532257066975236
576533371946008576
576539917207749664
576548713904742464
576548988382347264
576566305722269696
576566326898720800
576568504443232256
576601489791911688
576601490060247712
576601490372820992
576601490869715017
576601492010567712
576601494230401026
576601507006259456
576601511266748417
576601515565842434
576601524152041987
576601773328830464
576602589441826832
576602606491668544
576603963701395457
576604378157547520
576605896445526080
576610767458009088
576636674239905792
576636675254398976
576645478880378881
576654266351091776
576671858538061834
576671859618087200
576671893432586240
576681754157449216
576707180481218560
576742227284590674
576742229696069896
576742231579324416
576742244997206016
576742287443263488
576742296075112960
576742364786460928
576742511955935296
576742536536655872
576742846294393856
576744426304586240
576744516497702916
576746625863518337
576746626673017856
576747175082459488
576751023373166082
576760096500088832
576777411652266048
576777411656941704
576882964768882724
576883106536488960
577023702257927360
577023702529589248
577023710999904256
577023720678227969
577023732389773312
577023839998051328
577023842380285952
577023908484481040
577023977202008192
577023977269240064
577023977688925184
577023978217932800
577023981463277600
577024269209313344
577024837204050944
577025920611648512
577028134679888384
577030583062888448
577032498685419521
577032567077798912
577032635805597960
577041367457335424
577042668832456705
577045692497797122
577058923136159872
577059440688103425
577094139737280516
577164474138493008
577164577185218561
577305177244319744
577305185823491344
577305194681862146
577305211598536736
577316172920258560
577586652210790968
577586652212634113
577586656507860992
577586660934430722
577586669394330496
577586686570037382
577586725241487363
577586806829093889
577586927155355652
577586929235657872
577587206294618128
577587760848700480
577588301482033153
577588855536885824
577591050256973834
577591050277748772
577594348925911040
577595449779945472
577595517090005248
577595998060216832
577596547817013408
577608642711257664
577621870959002624
577626784384944128
577657020954984514
577657021055401984
577670352532938752
577674613140555008
577727390235492625
577727467016423424
577727527139704896
577744982052438144
577762853243584520
577868333349666816
577938508816056448
578013279901728768
578149606592873984
578150772810711040
578186985560080388
578712552117125166
578712552150738960
578712552189460500
578712554433445888
578712570437828674
578712587593056256
578712622984070464
578712689556587652
578713102141489668
578713652165870096
578714768454582528
578716954492403968
578716958762009088
578717087619481616
578717259401265224
578721350374416384
578735641861832704
578782929518338304
578783487830528000
578785124181607424
578858237407790081
578870881791545600
578996234711205888
579275510694150146
579293094274465792
579732967627161600
579839551535581448
579873654113304576
580119963508146176
580964352132131328
580964352488783872
580964356225892528
580964358373246986
580964369110728996
580964373405667840
580964386297118720
580964386827404928
580964430850883584
580964437872083072
580964491789860992
580965520166093828
580966552028054080
580968750044430339
580969368453251072
580970124417171456
580973148024603664
580981944253153286
580981944452546560
580988541190864896
580999948619743249
581003942941426688
581034729281945632
581035270430786320
581105158423838728
581105365370847232
581118283558686752
581193067529764864
581245837644923396
581263522172764161
581283210437066784
581531699932037128
581606501081284608
581671342202421248
582372826327547904
582653202881577088
583216151744577672
583779101832642624
584342051928162304
585467951566554179
585467951571017760
585467951828763664
585467954242536452
585468020583827456
585468157725130752
585468261332779008
585468638758174784
585469059794010144
585469085496774656
585469463386661888
585470152805449728
585470425459327312
585472349604684041
585472354033991744
585476756312424456
585476764864675904
585476919451975684
585477022529114624
585485544297857034
585503153118513156
585538325671092224
585538389156299264
585539144936587265
585573504741540032
585609257592815616
585681256818147332
585749976357806096
585753895465123840
585837387465115648
586030902652961280
586033100669061128
586593852538751072
586593853612655104
586596051025395840
586598524399910912
587721984754852352
589971559775494208
590552643080815616
592298118326779904
594475151450439692
594475159407034592
594475161692930056
594475206664323072
594475288419655680
594475288791613440
594475425825032228
594475838024453120
594476387764535568
594476800415956992
594477349840355850
594477349870829600
594477913013747712
594478449364697092
594480674140848129
594483951268528192
594484513841872928
594488345489391616
594492897617805314
594529028493279232
594547924738768960
594615888301461632
594615905617445888
594633480504082465
594756625852530688
594756625923899395
594756660149896192
594756772086943744
594967734170681344
595038100766327557
595042498812970016
595073293728423936
595601325615497216
595618645053286400
596726984988426257
596727019882950656
597012823716954112
598978750473832513
598979025318773248
603763825581228608
604608258564947972
607986087201079328
612489549389529488
612489550400333826
612489551470002313
612489553617355286
612489558718152705
612489571879370752
612489585963828226
612489618041937985
612489824238044672
612489961773662208
612490099146375176
612490100151944272
612490374492983424
612490649001787464
612490651003518976
612490923714543632
612493981732962560
612498354005480448
612511676995995648
612515937869889576
612524742351519780
612524751009612288
612525837501072512
612559926657550400
612559952443088912
612630286944964613
612631386322649344
612632503013867544
612647949863748096
612771024307554336
612779837574086912
613052537930547208
613061572394221632
613615449231328268
613615466442653730
613617649326752000
613827105486012416
614741624013979907
614741898896605216
614742466096037888
614747948353323012
615022824783888384
615304299156605952
615867249043972224
616993148958158856
617556099173712384
619262549539422224
621498947617162272
621514340906303488
621532484852515072
621646282158506114
621778360992825345
622059699068469264
623748548393173056
630539132206186498
630787896710004736
632896622581252096
635011945639968896
639581515830853640
648518346367569952
648518349696811520
648518350637639680
648518350649065472
648518354969042948
648518380701237272
648518415195048002
648518417746231304
648518492437413952
648518621252812938
648518897447731208
648518930492555776
648520546975219732
648521095120553088
648521782315206656
648535938678391824
648538137550946312
648554089060237328
648588715085561891
648588719380496652
648659378034966532
648729521293361296
648835280568139776
648940558806423560
649081846591913984
649644246919413792
650770180519035904
650770214884999172
650771795439255554
650779080760754177
650805332943046656
651051621132272384
652463394061815808
653021948116214785
653021950431526912
653021980412870656
653048334247788928
655276219684618240
657525545615098112
657525567071453200
657547536935944192
662169882720207360
666532746998415376
667113287259258880
671317820528787456
684547143394136080
684549342589091840
684555974349948928
684586725795692552
703688541288268288
720575940514025856
720575940555704320
720575940648108304
720575940683370504
720575942526914562
720575948973442049
720575959707191296
720575967239733248
720576009635758212
720576077818507328
720576215278223424
720576283985051912
720576490135373312
720577040176652288
720577314769866756
720578139403583507
720578147992535052
720580372786315296
720584878474723328
720611410903564288
720613461251325952
720628716937461764
720716712235770880
720717227626070020
720791719536361472
720857484109037632
720859617600471168
721138892480192548
721174076046966848
721297220611080192
721701840621668480
721702961272848384
721706240481165568
721728503443619840
722827774569480452
722827809181925408
722828152511938560
725083939135291396
725220277495267457
725361839885516800
729583414713253890
729591936263913505
729600768595722240
729864623201976320
734121923633610760
738590347545821200
738590510687584768
738590614840418305
738596935958534144
738607999794610176
738660707901375492
738871818162536480
739153838733262848
740850934829023360
747598637663551488
756604739009118216
757167704531599488
792633535491538946
792642330577600516
792651143789412352
793196759248536080
794885334365118472
833165999783051264
864691128757133378
864691128992665616
864691141342134340
864691162816446728
864691197778870272
864691270189187330
864691751359614976
864692232266514432
864692245146656776
864693636749721600
864693877251522560
864695543748625664
864700062087778304
864700208016326656
864700476721987584
864702123706687488
864708720678961184
864708859153956864
864726313936879616
864726319270739968
864743905013794818
864762666504290304
864765895245826088
864873647385346176
864902239049744896
864972612021788705
865254078408560651
865254082988736528
865394818052816896
865817029972591106
865821426442567681
865836845341081600
866947326453743618
866988008245559300
869194874120306688
869195277839368322
869199164783730688
870039153079812096
873698328783618181
873698336870236416
873715988617502720
873768715781406722
873979806989942792
875950677279410176
882705544178041360
882705595692482594
882723668906606600
883268889239093248
891853463976165376
900719925474246752
900755385000919040
901018992637903872
902971794057592832
936748722568562704
936748757926576192
936761916632728064
936819366115160064
937312771992715264
939018119324631040
1008806595703898240
1008876685813153792
1013327508361183744
1044835253136392208
1098913493450490112
