0000000000
4535300000
1317510000
0064140000
3566440000
1021540000
7501460000
3736660000
0204421000
1203351000
0025261000
0256602000
1467712000
2555522000
6324623000
2147743000
7252563000
5177404000
5760314000
3027134000
2144154000
3231105000
5512325000
4666535000
7355665000
4710646000
3534556000
3653066000
4775217000
6533417000
2720147000
5261177000
3103170100
1610441100
7016151100
3031061100
0364761100
1253212100
5067212100
6174532100
3421642100
3351452100
1336072100
4545243100
0275714100
5536334100
3466044100
0335715100
7733245100
4257055100
1675155100
0702755100
2763765100
4412075100
6644216100
6151446100
7270256100
6165366100
4045607100
0131227100
3106437100
7210637100
0761547100
1056477100
3673050200
1244060200
5022370200
4150470200
5713301200
5507611200
7217541200
1775661200
2666471200
1434202200
5100012200
4021733200
1321143200
3550163200
6507563200
1443544200
0600364200
3411174200
5076525200
7463435200
0573245200
3505275200
2216675200
0037006200
0372136200
5730636200
7636156200
2463117200
6651357200
4316267200
0063000300
0324500300
6437700300
5402120300
4516540300
0660170300
2420351300
2700071300
5536771300
7563602300
7072112300
5622232300
1366332300
3077413300
1146423300
6600723300
3112333300
1606063300
4410263300
4202304300
7221514300
7162354300
6353025300
6771335300
7650745300
1051265300
6237265300
3764656300
2547656300
0670566300
2254576300
6127127300
2471427300
1357747300
2053657300
0704677300
5341010400
1303030400
2660230400
5270430400
4276340400
5417250400
6137201400
0671621400
7025371400
0243122400
5464642400
4100352400
7065452400
7321203400
6562513400
4715323400
3732073400
3175504400
3705524400
5054064400
3642305400
2324135400
6446465400
0317416400
4522746400
7123756400
2226007400
0550177400
7170620500
3176760500
4041370500
6315511500
4134621500
1501251500
6051032500
3513132500
5477172500
3521403500
7330313500
1103243500
4614453500
0760204500
4133514500
2406734500
2062464500
2235445500
6304275500
4143575500
2626006500
1457326500
7744436500
5346146500
1527476500
7633027500
0034157500
6242667500
5602000600
2135730600
1225150600
1744111600
2323311600
5635721600
6400631600
5352551600
4743751600
0747402600
6673702600
3273322600
4257142600
5343223600
7425073600
6214004600
2311624600
7345364600
0632474600
0151605600
2444545600
2437165600
4406206600
6340726600
6050656600
0110317600
1726317600
1064537600
2427700700
6515040700
3656211700
2754731700
4127051700
7442161700
5260761700
6701022700
3360522700
4077642700
2752462700
3244772700
1647033700
2071053700
4767173700
6053714700
6373054700
1540764700
3073205700
3332615700
5431675700
7462026700
0566026700
1012226700
5675546700
4624676700
5215776700
5301407700
0465347700
7107277700
0626700010
3472210010
2506670010
0633401010
7575731010
5553741010
1462651010
1104302010
4733012010
0535172010
6121433010
5634163010
1564504010
6275424010
3432724010
3247344010
5276164010
4211215010
2371415010
0745515010
5044425010
2110245010
4252055010
6067706010
4420326010
1246736010
7056276010
5313017010
4166457010
1602167010
2073577010
1532020110
6326140110
3042570110
3644121110
0064331110
0147461110
4452102110
2646302110
4662242110
3267203110
4304513110
5117523110
3543743110
3730453110
4217473110
1111114110
7304324110
1353734110
0501054110
2005035110
0223145110
2075316110
3571326110
0017046110
5472356110
1607507110
1704157110
5070467110
5435667110
6236767110
1337210210
4614620210
6371270210
5063231210
4454341210
6232551210
6012402210
6775312210
0407612210
7026622210
0766452210
2011472210
5650503210
7145043210
4332643210
6153463210
3014214210
5331534210
0655654210
1640015210
4425525210
7703165210
5507216210
3561616210
5706266210
1721427210
3257137210
0104747210
2554700310
2056110310
7731650310
1241160310
7762370310
2310721310
1674031310
3201131310
6013331310
4500332310
0152752310
6347062310
6440153310
2342353310
2474763310
0714044310
2520664310
0447274310
2251725310
7417235310
1263445310
1527355310
6114226310
3325676310
5045327310
1224547310
7516567310
0076730410
7265560410
7431701410
1055011410
4327441410
7602771410
5012102410
4744732410
2633642410
0230262410
4465672410
2776203410
3224053410
1110663410
5135324410
3675344410
4060754410
5153374410
5354605410
5466315410
0773025410
6551545410
1431255410
2343666410
1126676410
7660007410
7142227410
0267257410
2200657410
3105710510
7524630510
3230040510
5271211510
0336321510
6666461510
4454561510
4305071510
4512271510
3040312510
7264122510
2176042510
6500442510
5543052510
7707413510
4423233510
0720763510
5265004510
1034174510
3766005510
7452225510
3167625510
5627575510
4771106510
7023516510
2651126510
1661736510
7106556510
4051476510
0413107510
3112347510
2420557510
1453500610
5767440610
2371160610
3354360610
6322001610
7777411610
4235371610
2335542610
6716652610
2062643610
6555253610
0061673610
5772534610
1256044610
7037264610
6611564610
5003715610
2542435610
4560155610
7170175610
5123136610
6532146610
1611376610
2177027610
0320037610
3204247610
7517757610
4440610710
6667330710
3651530710
7115150710
4641060710
4330201710
2124511710
7640412710
7471052710
4377552710
2163772710
6212713710
7571443710
4112404710
4726634710
2607344710
1740605710
7355135710
7455465710
6613075710
2731306710
0252416710
0700526710
3413456710
5305207710
4234117710
3407067710
1544377710
4353630020
7037730020
2251640020
6225650020
3417501020
5504311020
6562241020
3305461020
7121302020
0707342020
0214462020
1654572020
5231313020
1765033020
3346333020
4024714020
6763244020
3027205020
0274115020
3376155020
5520106020
1013626020
4554336020
2605056020
5152766020
7363476020
4140257020
4467130120
1722330120
0173650120
7156360120
5700670120
6361051120
7357171120
2332132120
5633442120
6774652120
1705703120
7672023120
5166623120
0315543120
0642253120
2041224120
6636754120
5443564120
0565174120
6620374120
0130305120
3411715120
2207525120
5756275120
7175016120
4521036120
4204446120
7414746120
0650017120
7446747120
2365400220
3347320220
2622530220
6546040220
4402450220
0727251220
2530161220
2252771220
3510202220
6116322220
1553462220
3662562220
4623103220
5041363220
7242673220
5364704220
3256414220
4477434220
1132734220
6715664220
1057715220
5207606220
7255726220
1040336220
4114576220
3272517220
5424057220
3730777220
6465310320
4607220320
5075250320
3020460320
4363011320
7330411320
4511131320
4125741320
0542622320
5473472320
7726572320
3606603320
0454133320
3533054320
1747454320
2332064320
6503774320
6636205320
0370215320
6010165320
4164565320
5265665320
2747175320
0473606320
0211356320
5124137320
6100537320
1645447320
4270747320
7067077320
6704550420
3614170420
6745270420
2040711420
2456521420
0145031420
1260312420
0172712420
5244712420
0753042420
5034342420
4606072420
1312103420
2046103420
1624413420
7515743420
4431044420
2274454420
7772405420
4677765420
4061116420
6232426420
3315236420
7256236420
2460546420
3107456420
5711727420
1537637420
7203757420
6775167420
3301577420
5016000520
2743130520
1150701520
2431341520
4746641520
5451112520
2327212520
6440552520
7050653520
4310363520
1217073520
6141773520
6404024520
7563324520
0617734520
3403254520
4535125520
1422035520
6327745520
5611655520
2170275520
2567675520
1002216520
2714616520
0364056520
2375456520
7621266520
5233207520
7775347520
2364377520
6154210620
7413610620
5102750620
0436070620
1471501620
4630601620
1304701620
0526411620
1762321620
6073471620
4245102620
7301202620
5150222620
2001742620
5715562620
2675613620
5125123620
2230353620
6560063620
3613073620
0223424620
5643144620
1544544620
5107154620
3751164620
7605335620
3027546620
5226566620
6622417620
4676327620
3462347620
1331257620
1570420720
3270041720
5261461720
0060732720
3413103720
3164023720
7373533720
1426243720
2017363720
0535763720
1201134720
4264254720
6052364720
7075564720
4232274720
1713715720
6552635720
4756345720
2152255720
0033575720
7137146720
3143066720
6276376720
1455007720
5547517720
5722127720
5634457720
0122667720
4457410030
5144630030
7470140030
2557001030
2352451030
5220271030
4313422030
1576232030
2161662030
0663113030
1032613030
3753713030
3414653030
2726373030
3611204030
6230734030
5405074030
7122715030
5341125030
0003345030
6511065030
7646365030
2015116030
6032646030
4671256030
1367566030
7500227030
0234527030
2407437030
4536047030
3150367030
3772500130
2421610130
1615250130
6603760130
0464470130
3635431130
3304241130
6453171130
3763132130
0242332130
7627432130
4631272130
6356033130
2627753130
6144263130
7757624130
1326505130
5110115130
5454755130
0262075130
4540306130
1224326130
7041556130
0513776130
1371417130
6017357130
2505167130
6716110230
7012031230
6265141230
5547471230
3706571230
2157212230
6216732230
2046552230
3122262230
4360662230
2604423230
6470543230
4276153230
2572604230
7353314230
3533624230
5724444230
7435254230
0136354230
1300774230
1211405230
2457145230
2253345230
5302565230
0671075230
7051606230
3044707230
7224067230
0210250330
7311670330
3626101330
6552521330
5017631330
5256002330
5444702330
4435532330
3034442330
7305703330
1560323330
5121043330
0043463330
2023104330
0076524330
1306624330
6515234330
6267454330
7116274330
1142574330
3240625330
0755435330
5637116330
3331516330
2762066330
4764307330
0165027330
4353327330
7231427330
7163147330
4450710430
7032020430
4122130430
2725050430
1077560430
1266211430
7150551430
1737761430
6161102430
6525502430
2517132430
7344252430
0176062430
1412372430
2366223430
0401633430
7213214430
5656264430
4201574430
1020674430
6601315430
7506625430
3025175430
2443206430
2410026430
5167336430
1545656430
6335227430
5503347430
2341447430
3357747430
6342400530
1253010530
2574710530
2746620530
5523050530
2272721530
6074141530
3441361530
0675002530
3506612530
1715742530
1000152530
5731233530
7461533530
4112653530
6672124530
4155244530
5532554530
4366654530
3716754530
4103005530
2510505530
0340215530
6753725530
1037406530
6030046530
1425746530
5405466530
0361176530
3212676530
4646517530
5777667530
0375100630
2030330630
0153340630
7701760630
1666770630
5663521630
3771041630
0146741630
1442012630
5320612630
0654622630
4023262630
7534103630
5050403630
6623633630
0722343630
6174673630
4525464630
3757005630
4416125630
1275665630
6002475630
7225775630
7176416630
4707356630
2647276630
3437427630
2104037630
3427300730
4577500730
5414010730
6160510730
3233540730
0476370730
4001611730
6133611730
0107131730
2120241730
1730032730
4572372730
5565603730
1245523730
0630443730
2734563730
7461724730
7710534730
3342154730
1714164730
3710355730
2531555730
5203655730
0662206730
7555316730
4573436730
0754056730
0326766730
6026627730
6320277730
3657777730
0701110040
7520220040
0075030040
2333260040
6171521040
7242041040
6714351040
0472171040
4263502040
6717622040
0426432040
2236752040
4741023040
0072123040
2610133040
2274143040
0567653040
1165263040
7377014040
3525634040
1513054040
5340764040
3155015040
1701335040
4757675040
3071307040
7632407040
4052237040
0327777040
5263710140
2123420140
0437540140
1440370140
5612011140
4102621140
3512731140
5207362140
6055672140
7754203140
4075113140
0553023140
4372523140
6700443140
5514053140
6222704140
2370444140
1550254140
2134674140
3600235140
6572265140
1467575140
3352006140
1143236140
5611436140
1701076140
5574107140
4416607140
3633317140
2765037140
5130510240
7161240240
0451060240
6721460240
0253401240
6007211240
0760411240
2020561240
6063022240
2641532240
7504042240
3141652240
3602343240
7556373240
4645714240
5462424240
5316754240
0506705240
1754115240
6330625240
1106335240
5545145240
3015555240
6246106240
6674716240
2067326240
1337346240
4523176240
1313537240
6170000340
7645600340
5744730340
6555570340
3445221340
2531241340
1732441340
6024171340
7143312340
4703122340
5331742340
3456152340
7035362340
6637472340
0222613340
0415613340
1021533340
3230553340
2403573340
5002545340
0666055340
3503706340
5753616340
7726716340
1712726340
3061636340
4016346340
4301156340
2576466340
6514607340
7372457340
1627267340
0551710440
1520121440
3322631440
5426661440
5742202440
2750132440
6433732440
1174242440
3111162440
1241503440
5665043440
4433363440
3400404440
0636114440
2354424440
2027524440
3566724440
7017725440
4335435440
5643275440
7260375440
4114006440
1402616440
7467156440
3224376440
6752047440
7325557440
4473267440
4374330540
3065140540
1732750540
5565160540
0713360540
7347501540
3754541540
7247751540
1001412540
5305322540
3236232540
2266213540
7436123540
4452723540
6425453540
3370753540
2102073540
2122314540
5210424540
6361164540
0464445540
2611765540
5735306540
1532666540
1155537540
3470637540
4261637540
6150247540
4227247540
7004767540
6212320640
2756340640
3273670640
7730221640
3567031640
5165231640
7653251640
4571612640
2470352640
2364062640
1117303640
3616273640
3725604640
5477744640
0012754640
6463564640
4107574640
0206505640
2046415640
3521325640
0363255640
1174455640
0505626640
1610556640
4434466640
1306617640
7312647640
5040057640
6746177640
3542410740
2257410740
6604650740
4634260740
1306260740
7713170740
7273001740
0516651740
1661771740
2775771740
2347702740
1425112740
0635222740
4123442740
0116572740
6436603740
3325513740
2574233740
5054533740
0140343740
3772014740
0203234740
7046444740
6220405740
1324025740
6723535740
4047165740
2170646740
4335756740
7537317740
2416037740
2266367740
5466400050
0612310050
6014120050
3131520050
6443240050
1350070050
5156101050
4506531050
6060471050
3426112050
5370632050
3541042050
7742152050
6322752050
1573113050
0235243050
1102253050
5046614050
2712534050
4650444050
7414374050
2461205050
5727035050
1624645050
3013745050
7405506050
7306216050
3665426050
6272066050
6461176050
0312607050
3570700150
6737120150
2670540150
4554660150
7231270150
6335001150
0502601150
0406351150
1712261150
7235571150
1020022150
0477222150
5740262150
2521113150
7514233150
5661353150
4013504150
4244114150
3271744150
1044725150
0625725150
7546455150
2346655150
1667706150
3137636150
3257256150
6454317150
1214517150
4676177150
7323740250
2347650250
4110701250
5374221250
2765621250
3364431250
2522302250
5373352250
6635162250
3774072250
6455072250
1135172250
1647213250
2156513250
3401333250
4003143250
0571053250
1466063250
7743004250
6701604250
0260744250
0423554250
3152605250
6142755250
4371365250
6206226250
2510056250
6517256250
4252556250
0334276250
0005417250
6315427250
3440527250
5516247250
2036447250
4706200350
3062230350
6334340350
5113460350
1233621350
2112141350
3552441350
7076361350
6613512350
6744622350
2757503350
3226723350
1763273350
1405644350
1171064350
6356474350
7014425350
7320555350
3137375350
1004406350
4447716350
2523236350
5401566350
5567627350
7273037350
0641757350
5125610450
4534450450
4777511450
6373421450
1751431450
7447322450
7452672450
5105473450
7643134450
6521234450
6070654450
2246064450
4165364450
0667425450
0016645450
1365775450
2262216450
3053526450
0662336450
1742546450
0504366450
2255307450
2624707450
4670227450
5432137450
3210167450
4121077450
7117050550
5655150550
1430411550
0602031550
0250631550
5023361550
1544561550
0057302550
0351512550
7561342550
3624552550
7132762550
6562203550
3403643550
2027163550
7254104550
4036724550
0050434550
6145115550
2702325550
1673245550
4200065550
4620065550
3576575550
5320626550
0120176550
3545017550
0353647550
4713077550
2165577550
3015630650
0207730650
3066550650
4153660650
2243401650
3227111650
5411141650
3131251650
4167402650
6224412650
5306442650
7374713650
5736523650
6537433650
5242733650
6066543650
3303073650
1252224650
4634034650
5510774650
7031345650
1340355650
1553065650
3460765650
7666606650
2433756650
2101376650
0045476650
6761717650
2356737650
0572267650
5270300750
4255020750
1153040750
0341470750
2032501750
5440371750
0217671750
2603212750
5101722750
1676152750
4514262750
7700613750
0411423750
4362723750
5357043750
6725463750
0357124750
7735334750
7064015750
4113335750
2005065750
7174306750
0746116750
1471136750
7762266750
6001107750
3033437750
6602047750
3160557750
1423277750
5264020060
1756420060
2222340060
1446640060
6657641060
0511361060
6140771060
3010742060
5115552060
0031652060
6050062060
5464272060
6367403060
2432013060
5600733060
0111063060
0700514060
1315374060
4007425060
4244235060
7443335060
5430445060
6347555060
0351706060
4475626060
6625066060
1177376060
5306617060
3516427060
5622247060
2744567060
4720010160
0247610160
6102640160
2562150160
3213221160
2261731160
1073341160
5121441160
3145351160
1126561160
4537722160
5071772160
0022433160
3456533160
2147173160
4243673160
4431104160
5322414160
1602634160
6460225160
0363245160
3004665160
2476406160
4355216160
5653326160
1675307160
7057407160
3325527160
1570067160
0732100260
5146200260
0561500260
3000130260
0536370260
4064561260
1270102260
7366712260
0761252260
5205013260
6117413260
5777723260
6264373260
3122404260
6121024260
7150124260
1667044260
7274354260
0734765260
7332036260
4765536260
6241246260
3423366260
4406317260
1502727260
4143047260
7677657260
5151667260
2455277260
1643520360
1507140360
7422401360
2660611360
0341531360
6407751360
5315061360
4517661360
1710602360
0137132360
2215242360
0776242360
4221762360
3371313360
7233163360
0577073360
4524504360
6732214360
2160434360
2751374360
7676674360
2175105360
1164755360
3540206360
2200316360
2514326360
3652717360
6466637360
5735457360
2064300460
3401020460
6336350460
6415701460
7704111460
1216331460
0163051460
2102261460
1162612460
7617322460
0365622460
3136543460
7631553460
0357363460
4547104460
3353204460
2535214460
4530614460
2474034460
2505405460
5223625460
0732335460
0612155460
5520046460
3702146460
3773746460
2016756460
2050466460
4553766460
6710576460
1543157460
1272477460
0431410560
2114440560
6412560560
0605570560
0006221560
7525671560
4474002560
5766432560
2371542560
3640472560
5442603560
3624033560
3017743560
4044253560
1663453560
0641304560
1345034560
7173434560
6071605560
3554115560
1557235560
7334345560
3637026560
3307707560
0225337560
7310147560
6256057560
4333567560
5012777560
4201520660
5551330660
4147460660
7240570660
4676031660
7667651660
7711012660
6506162660
2612762660
7071123660
0133323660
3572163660
6021344660
3042054660
2726454660
7423654660
2175015660
5037015660
4513515660
4651755660
4724275660
1330206660
6747636660
5364546660
0253166660
3150076660
1065117660
0414237660
4663447660
1611730760
7747260760
7044601760
6544421760
5520751760
4755161760
7675271760
3705571760
6353302760
3202432760
1267532760
1035743760
2303153760
1251653760
3177224760
7651244760
0422544760
3603664760
5036174760
7316005760
5132305760
1476515760
7624135760
3741645760
4560745760
0121206760
4642636760
6026256760
3531266760
3760117760
6311577760
1141010070
7616540070
4126331070
2637351070
7374461070
4300171070
3704732070
3002062070
1026003070
1440403070
5557223070
5467753070
0452534070
4362044070
0773364070
7541774070
2673725070
1562445070
6406745070
3123475070
2133506070
0260136070
6743607070
6123157070
4415767070
3665677070
7545420170
4111230170
5707050170
2074201170
5762701170
7403011170
5450041170
7115402170
1664022170
4210352170
0332462170
5524572170
6652133170
0540533170
5711153170
5424204170
2577314170
7120244170
3317374170
1036615170
7432525170
6643635170
2367645170
3725506170
7006166170
0755266170
4766727170
6654447170
2722257170
2350100270
7710700270
0065220270
2641111270
0723711270
7774631270
1315451270
3526751270
7045272270
2075133270
1236643270
1154353270
4712563270
5175273270
3333104270
2226214270
0344634270
7437464270
0427005270
6506015270
4432225270
5234435270
7777526270
7605146270
1656646270
2324456270
2442776270
2231027270
3552037270
6520437270
6013577270
7117200370
4033770370
4040031370
7131661370
5657371370
0001302370
1144522370
6047532370
4625352370
4734013370
7350233370
3671463370
5461673370
4154014370
5660114370
7502654370
3640664370
4072705370
4342415370
2614415370
3404325370
5265545370
1352175370
0141216370
5235026370
0523046370
6466266370
1230107370
5204617370
3417047370
6452077370
4267600470
5372510470
0444120470
7247120470
7660460470
6412660470
2777070470
6050321470
5003531470
2513671470
6534671470
5036402470
4650522470
6047242470
3645752470
4546213470
3255433470
6207173470
0034773470
0101444470
6313644470
3210015470
0221765470
7500175470
1764106470
6424516470
6302736470
5571056470
5630376470
0023617470
7307337470
1175357470
0716457470
2541320570
1272640570
0360660570
4226470570
0274501570
6727031570
4062151570
3654761570
1473622570
2155632570
3753252570
0316423570
6031523570
7703643570
5515743570
1556304570
3620214570
3767514570
2245264570
7100305570
6177355570
7731175570
2433775570
3446026570
6213336570
1711146570
0677147570
2401257570
5625420670
1124720670
0612141670
3530512670
2263072670
1420772670
2163413670
4107613670
4422053670
0607263670
5644363670
7466134670
6305554670
6457664670
3361235670
4770645670
7274555670
0136065670
1015365670
3262316670
7054046670
5370076670
0142507670
4551707670
7451417670
1733437670
7602310770
6435030770
0554240770
3021450770
5346750770
5563160770
4162670770
3176121770
5173241770
1321341770
0445451770
5415212770
7227632770
2314142770
0524352770
1503552770
5257762770
6242343770
2667504770
1631604770
4206524770
2450074770
1717225770
6162155770
6363716770
2716536770
4474676770
6176707770
2000227770
7623327770
1770557770
3243300001
1070610001
2413560001
4422411001
6062121001
5245431001
7674741001
4101071001
6263232001
5113332001
4774352001
5535262001
0450572001
6546203001
7650303001
6706713001
0243223001
5037543001
0423304001
0751634001
1642634001
2634144001
1375405001
7621325001
3205645001
4111306001
6437516001
7327246001
7371537001
3600447001
2751057001
4007557001
2360067001
6703210101
4465420101
5726621101
6204151101
4777602101
4231032101
5754162101
3252313101
6713643101
0113624101
4032034101
7755764101
4506764101
3574374101
3616035101
5103455101
7020026101
4013636101
6217056101
7531656101
5456007101
4354247101
1102567101
0627677101
4444530201
5166240201
7452201201
2521741201
6312471201
4052322201
0173422201
0006742201
3437023201
6614363201
3643773201
4240404201
2222224201
5273154201
6064435201
7535055201
5657465201
4131175201
4753006201
7610526201
3545526201
5434656201
1107166201
1260317201
2504617201
4177027201
0414327201
2776737201
2345157201
7041140301
0742750301
4676460301
2146511301
1436141301
3463351301
7305312301
0550122301
2015422301
1764042301
6541403301
2564153301
4306573301
7600204301
3634434301
6375054301
4215554301
0216764301
2037305301
5225705301
3426215301
5562716301
1243236301
0164636301
6617117301
1424457301
0765567301
3300777301
2653410401
3012750401
5773570401
5130311401
3303461401
4611602401
3124432401
7313062401
1561162401
6226172401
5350723401
1215133401
0066443401
0144353401
0574204401
7367704401
7116644401
5667674401
6303705401
3356515401
6677245401
0520255401
1066606401
4707336401
3021436401
0441046401
3242456401
7234776401
2253507401
1515277401
5324000501
4330150501
1546170501
5506501501
3573061501
2711261501
3267271501
3725102501
7445612501
1136232501
1635332501
6322542501
5370403501
7755023501
0361033501
2464363501
2072273501
2347024501
4111224501
2537534501
2450664501
4040715501
2156335501
1007045501
6211755501
7623346501
0102456501
3641556501
6167707501
2743317501
6660667501
3672620601
3325240601
0572340601
5054250601
5233660601
3261070601
0607501601
4360502601
6431322601
7177762601
3140103601
3732703601
0664223601
2422633601
7517543601
1516053601
5656453601
7554414601
1304554601
1730074601
0476174601
1761315601
7510135601
6032765601
5671775601
5727016601
2167136601
4074166601
6751576601
7205127601
4132677601
7135400701
7026030701
6561660701
6220370701
1452770701
1153421701
3557631701
1577341701
0710151701
2005102701
2112202701
1027522701
5241543701
0336214701
6474414701
1411434701
5066354701
2625074701
1005215701
4524125701
7572016701
4650256701
2301476701
0614707701
6156617701
7346627701
3733367701
1324230011
0230530011
6770550011
3125521011
2466131011
6334661011
1160022011
7522532011
0303252011
0064162011
3656662011
7053013011
3451223011
6412643011
4152773011
7753104011
2202204011
4233124011
6616374011
7407405011
2547225011
5651055011
0767755011
3712136011
1221746011
5010476011
1731247011
5342747011
4270377011
6117310111
0573410111
0166520111
2175670111
4022311111
2700141111
4757271111
4203322111
7251332111
2165042111
3617152111
4410762111
1504623111
5160633111
7302053111
1276453111
7716504111
5141254111
7674464111
0055105111
2434415111
6350035111
2534006111
3621206111
0334506111
2341736111
6645127111
3274400211
1143500211
4550120211
7421150211
7654750211
0044001211
0717361211
4676542211
6473372211
0514372211
4327603211
2630703211
5543313211
6022643211
4042553211
7456263211
0335563211
7370114211
2261544211
5055154211
6162164211
3222355211
0552065211
3162256211
6004356211
2227776211
7137017211
1466257211
6753267211
3333330311
0120260311
0007170311
5016370311
5773401311
3222221311
6276621311
2405102311
5063512311
7065442311
4244652311
1425303311
7375243311
3013173311
0174173311
1603614311
1016224311
7400624311
5100115311
7177035311
6546745311
2645365311
4662675311
4567066311
0432566311
3075766311
7705076311
4201607311
3236717311
5321527311
2435437311
1057647311
1112057311
6000020411
7507640411
5564260411
0515511411
3136031411
6762431411
1674371411
3314422411
5405742411
2351272411
0242203411
1747013411
6430213411
3537704411
4402114411
0541354411
4047155411
1340365411
7021575411
5216516411
5077326411
7453636411
2620156411
4723707411
6115737411
4653400511
5362220511
4755030511
0323550511
2607711511
1317031511
7240461511
6176302511
5632472511
1044133511
3434543511
4570643511
7265653511
5531763511
0127414511
3003734511
7013344511
5715615511
5400025511
6243525511
6425065511
4376216511
1754426511
1372007511
7046427511
5454347511
2556167511
6707577511
2040400611
6202610611
5366360611
3512501611
4771721611
4534451611
1533671611
0741132611
1605432611
3001462611
6323113611
4456613611
0331333611
6463204611
3445444611
3077254611
2764774611
5341725611
4604235611
1230545611
2113055611
0726355611
4725316611
7337436611
6675046611
5313546611
2212066611
4642566611
1772776611
7700307611
2611217611
3524667611
0031010711
2776020711
7214220711
4363140711
4301550711
3660270711
7433121711
0543031711
7616261711
0151361711
6427071711
6231102711
6602602711
1711512711
6032242711
2502113711
0003623711
2757533711
1603443711
0231424711
5120044711
3250554711
1337674711
5026774711
0474705711
5277635711
6672165711
3565475711
1664106711
6047616711
5525326711
4145246711
7513756711
4662427711
2361710021
1617160021
6005360021
2233001021
5737411021
1076771021
0202712021
2675532021
5414142021
4441642021
1420623021
3524273021
3756024021
0162424021
6646734021
0106544021
6143415021
4313265021
0610616021
3507126021
7165446021
4272746021
7464056021
6451407021
0336127021
4134737021
1766647021
7145557021
2316310121
6036410121
4513610121
3254530121
1343040121
1260260121
7460570121
3700201121
2133331121
0313641121
5635161121
7133602121
3702312121
5377042121
0063762121
2540072121
7047113121
5620213121
2517243121
4662344121
3626654121
5457754121
0727135121
1565535121
6201345121
7124075121
2266206121
1154506121
6605416121
7732456121
3161437121
4305157121
0400757121
1371367121
1167200221
0043220221
2060040221
5015570221
6631670221
7335301221
4367731221
1201441221
2206052221
5761752221
2732313221
6120633221
0072553221
3435114221
6724424221
7600044221
3342264221
0546364221
5470365221
7006675221
2402506221
4650046221
0715446221
5244076221
6577407221
4723517221
7073127221
0403037221
2554177221
7577300321
1101320321
4752540321
7564450321
0556611321
0267521321
5401231321
4653251321
3744761321
6252132321
5343603321
7533723321
5114033321
6176143321
4673073321
7022434321
2153744321
1360174321
0645274321
4212615321
3053335321
1616555321
7711706321
3571116321
1605526321
2477717321
2713327321
4170200421
5523700421
7402430421
6545560421
4444101421
3655321421
1514061421
6111161421
7504512421
4542022421
2426022421
6323222421
2611332421
1773052421
4021352421
4611523421
2362653421
2775463421
3461673421
0664724421
1772244421
6250744421
7217074421
2333574421
6011005421
4034515421
5735045421
2221465421
0031136421
0343356421
5325217421
4246437421
3570547421
5152467421
0741200521
0662020521
2305630521
5432350521
6320531521
4051551521
4407661521
0346071521
0403771521
0225402521
0020642521
3757742521
6074752521
1207272521
3303423521
5527173521
4255273521
2127104521
2031614521
4512164521
1144615521
3030425521
7603145521
3112726521
5004507521
0435607521
2454517521
1551727521
3023247521
3206567521
2276120621
3247050621
3013211621
1122041621
1116232621
3632252621
7375672621
2334153621
1657463621
7271734621
0705064621
0447764621
4743474621
2426005621
6522105621
7457205621
5660415621
0352625621
3214126621
6446226621
4530326621
5506736621
3441556621
6125376621
3065517621
6214347621
3710657621
6175641721
7642751721
4326402721
5647322721
6535252721
7430562721
7760103721
5173513721
1236333721
0204163721
0156763721
5500604721
2563714721
1345505721
0521015721
4467715721
2774625721
3752775721
6344736721
0044446721
6007266721
7412376721
2150117721
6672337721
3667177721
0055740031
2024650031
0733170031
4043501031
7426421031
3520141031
4444671031
3371002031
5511622031
6266572031
4345013031
5502743031
2131473031
3322334031
0504464031
3161764031
1457315031
4606025031
5662335031
7201155031
0573755031
7650136031
2735466031
7772676031
6412327031
0177237031
3444537031
7667000131
5546210131
3352720131
7744360131
0730601131
1355021131
1500031131
3432741131
1176051131
2401502131
6670612131
6712022131
5225272131
1612213131
2771123131
1543133131
0361234131
1004074131
4564015131
4072445131
3137165131
7613575131
6217626131
3060726131
4312536131
0647746131
2304276131
6163376131
0036207131
0245417131
5023427131
2252767131
5030620231
6374720231
2357370231
5071311231
2613221231
7257321231
0631551231
7171002231
1232412231
3562732231
4767223231
6155423231
2321433231
1311643231
5337204231
3413034231
7175434231
1625544231
6110254231
0702274231
7624505231
1743235231
7142106231
4404716231
1323056231
7526366231
3052576231
0352617231
4460477231
1714677231
1500500331
3407220331
6134560331
3417111331
6711511331
1522461331
5551471331
1342402331
0636702331
4144112331
4033042331
1123772331
6750303331
7766413331
2011053331
4027753331
7203363331
2230673331
1450414331
0641334331
3470344331
7454544331
2107654331
3715005331
5776715331
7631665331
6423665331
3255206331
0271036331
4616136331
6476756331
7364727331
5575337331
6770477331
5465000431
1326610431
6102720431
3147470431
2065241431
5417451431
4655651431
0203371431
4130732431
7756352431
0117003431
7571313431
1132623431
4103263431
6734014431
5241724431
2172535431
3677535431
0300545431
6544755431
6253065431
3420175431
2542175431
5633406431
0352116431
2720516431
0202547431
3363157431
1227657431
4316700531
3611610531
5157540531
7100060531
4676370531
4224731531
0652161531
0423222531
6401132531
2273432531
5770242531
5047352531
3054072531
0254713531
2440253531
3016063531
7743524531
3763634531
6307344531
7525154531
0563305531
1336455531
6155265531
7164275531
0665216531
0474526531
2246147531
1637067531
4531210631
7253130631
1717430631
1025101631
0460011631
2054331631
7346041631
6045741631
6537642631
1451162631
4224343631
3503353631
1765553631
3307663631
0675173631
4270004631
1061304631
7015124631
4330164631
5345675631
7000236631
3114646631
6120717631
5602257631
0576557631
0211467631
3372300731
1634040731
5062140731
1447660731
5374751731
2267112731
3105322731
1660452731
6741452731
5045062731
6554503731
3024213731
1310743731
5322553731
3472063731
4056674731
5456135731
2323265731
1270275731
6121536731
3706636731
2516446731
0237356731
2640307731
7435647731
4205567731
5746077731
5767500041
4627510041
2655220041
7200030041
5526070041
1023370041
7661611041
1745751041
5417002041
2777442041
1534152041
5702303041
3373533041
0631343041
6653353041
7015463041
5136424041
6300454041
4551564041
2052705041
4110625041
2120345041
6405175041
7734326041
6104246041
0355456041
1243167041
6026767041
6726250141
4246750141
1011660141
0150301141
1347421141
0532251141
6030102141
1545702141
2755112141
1535422141
7074403141
3035723141
6277563141
0411773141
2467334141
0224534141
5561444141
2721054141
5636515141
7425345141
7140065141
2213175141
4166116141
4454616141
1760747141
7501557141
3673757141
7252277141
5577250241
0245350241
1405760241
5622721241
6357761241
1226071241
3670171241
4221571241
6125002241
6310232241
5150552241
5032662241
0303272241
3727403241
4231223241
0220033241
1402143241
7124604241
0046205241
0212515241
2500725241
3364345241
4133745241
5265636241
4116417241
4441627241
1620437241
7241247241
2007457241
2512130341
0203040341
1466470341
1267301341
2671631341
7157741341
3527012341
2576212341
4320712341
0746522341
7607722341
7424662341
7737272341
5434213341
6063053341
3535653341
1340463341
4400034341
3511244341
4254364341
3651105341
6561525341
2317255341
4130406341
6655036341
3172646341
2624576341
3664007341
0041037341
5720157341
4570577341
1034710441
0613420441
2430620441
2044540441
6606560441
4131270441
6565411441
2205021441
7050441441
4066071441
3076122441
1357132441
0622062441
7646233441
2173014441
5024114441
1717354441
4710474441
4375674441
6740635441
1556245441
0314165441
4235265441
6306606441
7743026441
3422726441
1161556441
3414366441
0161307441
3210717441
6500147441
7026567441
6601777441
3456500541
3710020541
3250160541
0774401541
6251111541
7467211541
3521621541
7616012541
7472732541
2566652541
4123323541
4502433541
1604204541
1115124541
0476664541
6742174541
6155174541
5070574541
3175745541
7033655541
0507106541
4063266541
2371366541
5317637541
6233447541
6364557541
0035377541
7722520641
6073730641
0166150641
3301770641
4543201641
2725231641
1754241641
2463741641
6414551641
5103661641
2506371641
5343512641
7262142641
4344542641
3650362641
4626723641
1057573641
3134304641
6517424641
7630754641
1332035641
2165665641
1242606641
1673316641
5651646641
0465776641
4337107641
3253627641
4042347641
0461077641
5171130741
0570731741
4015441741
4772051741
5144271741
0010312741
1472222741
4553452741
1513203741
6446313741
5405433741
7351673741
4704773741
4247004741
7165314741
3040514741
1401024741
7302564741
4444335741
0147735741
3442455741
5761065741
3207306741
6205056741
6647066741
2236666741
5433276741
3704417741
7521237741
0566147741
5274447741
4245720051
6542030051
6207270051
2341121051
4355541051
1370151051
7177651051
3440702051
5122212051
2544332051
7275562051
6717272051
4064603051
0367323051
3674433051
7736273051
7565204051
3401514051
5733734051
3714005051
2436235051
0114575051
0000106051
1460536051
4223156051
1750366051
5615007051
5533607051
1003417051
0754227051
2565357051
3342277051
2770300151
6210500151
5515311151
6633231151
3007241151
2476561151
7306432151
6656442151
6441462151
1123303151
4740423151
3105533151
4470153151
1431073151
4763104151
3360624151
0070034151
0333715151
4025255151
3744555151
5072175151
1553675151
1254126151
1316146151
5522546151
4157776151
0262107151
2121747151
7313457151
2537557151
5304110251
7151430251
0010560251
6647301251
7601011251
4506231251
1253761251
6500671251
2025612251
4104122251
6760172251
1771213251
3456223251
0447643251
7061763251
6466004251
3646014251
1110344251
4672654251
1530605251
2336525251
7415725251
0777535251
2623475251
3311416251
4503636251
2717017251
2462717251
0061167251
7432610351
5650730351
1733060351
2414070351
6354101351
7714631351
0625051351
4731351351
1660261351
0371602351
2352042351
3217562351
6655623351
4321043351
4000363351
4165134351
5441174351
4755415351
5163225351
0467445351
2604745351
5365416351
2046256351
5353166351
4272476351
5507437351
7540247351
6136577351
7763300451
3625340451
1264640451
7527770451
6242311451
2142121451
2141321451
3475451451
7007061451
0066612451
0630332451
0705652451
4527562451
2063772451
2116733451
6264253451
1032404451
3154214451
0356054451
5421364451
1631145451
5502055451
5175706451
0455016451
2337116451
4701426451
7614676451
1606107451
3731507451
7572127451
7036300551
0724310551
2662410551
6057220551
2726530551
6671040551
1421001551
5013121551
5470521551
5210602551
4663632551
0131242551
4732003551
7443013551
5206353551
7772263551
2014404551
0546324551
6324764551
5206474551
4775574551
3300255551
3544146551
1075556551
6151656551
5250276551
7500776551
7222027551
6513027551
1277427551
3427337551
0621120651
2573220651
6643430651
5420440651
4021631651
0236461651
2320471651
1146712651
3527752651
0100462651
7043372651
2501003651
6005503651
7123563651
2205773651
5134524651
1353334651
0412405651
7276115651
2617045651
6776065651
3162665651
3263046651
2052246651
5337676651
6744207651
3015617651
4155067651
7211667651
3550010751
1403750751
3632160751
1722660751
4466660751
0224211751
3766341751
5742572751
1352313751
1465753751
6315173751
5621124751
2242144751
6573144751
0017554751
2643664751
7032074751
6365335751
5011535751
7257445751
4674355751
0126406751
6736726751
4417217751
1554037751
5725147751
0653577751
3077777751
3163310061
0644410061
2031250061
6273360061
7261611061
6307041061
5050212061
1237322061
1075342061
7122252061
0762462061
3336703061
0525133061
4577153061
1262763061
2310734061
7673264061
6552074061
6622505061
3271615061
5204565061
1501575061
7076046061
5156356061
2703656061
3046176061
7232776061
1424117061
5004700161
0354020161
1475630161
5632270161
7517470161
4445201161
2346601161
7772711161
3620331161
4475141161
7363571161
7250642161
5510523161
3773063161
5351473161
3762404161
1047724161
6235544161
3700154161
6366354161
1132775161
2602326161
5746336161
7173217161
4011537161
4516057161
7406377161
6021110261
6256530261
4515660261
7447760261
1151070261
0630241261
1757151261
0125771261
7374222261
3416042261
3243242261
4501342261
2134062261
3730672261
0607513261
1062233261
4067614261
7601134261
2741005261
3114105261
5742425261
1055655261
6513706261
0436436261
2170556261
1621717261
5427537261
2123600361
1215010361
3526420361
6424240361
4360321361
5212741361
7170351361
3034571361
3547632361
6113452361
1471552361
5217103361
0101124361
4611444361
5530064361
6053564361
0504725361
4326135361
7775165361
2051026361
7445536361
1105446361
6557017361
3002617361
4073137361
0305347361
7252357361
5271657361
5640140461
4605250461
2334460461
4664501461
0377631461
3276261461
0020761461
3411302461
7320402461
2162522461
2400262461
4433172461
0470413461
0714613461
6055123461
7324323461
4212033461
3555143461
6423453461
1602673461
5755524461
5044234461
4736364461
5446645461
0254475461
6075626461
7144246461
5360256461
6200766461
1665327461
6331047461
5567367461
0740677461
5676220561
0461450561
7352660561
1703001561
7331111561
3014411561
4561012561
1623722561
1312352561
2107362561
7470203561
6715503561
0122643561
1620073561
7714573561
2655404561
1526514561
0234654561
7266705561
4721445561
6547375561
4235516561
6572236561
6467146561
6510456561
5124066561
3646266561
1341276561
6361107561
5542517561
2443767561
2225177561
1525540661
2736740661
3422160661
5161401661
5372051661
2455351661
7112171661
0226002661
6275212661
4615712661
3345162661
6644023661
4735433661
5753743661
1574663661
6106473661
1227704661
4452224661
6140334661
2417574661
2750515661
3473025661
0017265661
1456406661
2204216661
4362756661
5433107661
6070307661
7563037661
2171547661
0216600761
3377710761
2632011761
4100411761
3311321761
1533531761
7653341761
6721361761
7006171761
0143132761
5404632761
4345772761
3151203761
2666563761
0562373761
4071714761
2475724761
5713654761
1044325761
1610625761
5263725761
3730235761
6167055761
0270166761
4607076761
0775227761
2042437761
3225757761
7114277761
4471100071
5004520071
7354130071
0637060071
2102470071
1256301071
4517711071
6113041071
3747541071
5216251071
5172112071
2060513071
5421263071
0146663071
2164024071
6610244071
4720254071
6071274071
4357315071
3166635071
7316075071
4027406071
1566216071
5241716071
1543446071
2217607071
3432447071
7030357071
0430077071
6221400171
1157050171
6335770171
4630711171
7656721171
0002531171
7420712171
6564712171
3503222171
0611232171
2063352171
2051552171
4601103171
3214703171
4637443171
3325063171
5351514171
3236144171
6442654171
6067064171
0370145171
2174255171
4241375171
1477266171
3423176171
6074027171
5732637171
4756610271
1447020271
5135350271
3601360271
3536470271
7105731271
4214061271
3700661271
0321722271
7724542271
3316652271
2465503271
0514113271
3267043271
2453443271
5626173271
4705304271
1575024271
2015474271
6655605271
6202235271
6451735271
0720475271
6340016271
2563626271
3774336271
7273466271
0056337271
4612647271
3045267271
5303077271
5403101371
7535201371
2523401371
3562551371
5765171371
1622112371
6200422371
2654262371
7702762371
3161072371
5642023371
1701733371
0257453371
2372504371
0135704371
7244614371
6727324371
5324305371
2130225371
4443555371
6731655371
6416506371
7361226371
2353526371
5710346371
1315346371
3056456371
0022376371
2126267371
6532367371
5052600471
3721140471
7237550471
0531421471
1440571471
7643002471
1777402471
0543003471
2273343471
2570763471
3001614471
5503034471
6664734471
2732454471
7462215471
4127625471
1013135471
5576435471
4706275471
0457346471
1135766471
4646766471
7522507471
0757707471
5105127471
3474047471
4251247471
0415230571
1542750571
3153270571
3132411571
1634221571
2140541571
5564641571
2733151571
1465361571
5067452571
4726162571
4117572571
6336133571
7747333571
5252014571
5170734571
1262505571
2260125571
1706565571
5220075571
2411006571
3020606571
0733716571
5615436571
5416717571
0661337571
6505647571
4144457571
7671477571
6765600671
7440210671
0504610671
4410330671
5464150671
6375211671
0354731671
1041651671
5766202671
3554502671
4035032671
2473152671
0244672671
7556623671
3177233671
1712473671
7404473671
2006144671
5623644671
5112364671
4623015671
1677515671
0275325671
7361445671
0101016671
7024516671
1702126671
6667556671
0550276671
1306727671
3636537671
5547167671
2745110771
6312420771
4260730771
2106340771
0173570771
7073601771
2327231771
6030741771
1502402771
7017122771
0406042771
4334372771
1755672771
7625713771
5037253771
7140753771
0663544771
3367464771
3542145771
2615755771
2551265771
1223616771
7752546771
2673607771
6026447771
5230057771
1131157771
6400167771
7521440002
7154750002
3067260002
5777611002
5326461002
1702571002
2572602002
1130132002
0342232002
3610352002
3266403002
6440113002
3165323002
7703443002
2240053002
4476373002
4005454002
6106364002
5646574002
6225515002
2163545002
1526765002
2344406002
7417026002
4561146002
1464646002
0631766002
1133517002
0727427002
5057737002
6074647002
0457567002
6170077002
4663100102
0306310102
6122060102
1351301102
5441711102
5442531102
7005671102
0644042102
2415203102
5001433102
1307653102
1050373102
5557304102
0307124102
7526534102
6623044102
3364674102
4071515102
1615035102
3347335102
7262265102
2020616102
2725526102
7673736102
7145276102
2533107102
0222437102
2114347102
0743057102
6575467102
6426130202
1004740202
0517770202
4206611202
4640321202
5541231202
3152441202
4420002202
0305102202
1525012202
6526222202
5667052202
0611013202
7745653202
5132753202
3254163202
0200473202
6171224202
2315364202
2042174202
6413405202
2751645202
3370755202
5333316202
0773616202
4344446202
7714456202
4371717202
7624277202
3365200302
7730710302
2043020302
2507330302
5035040302
3111350302
6331770302
6113731302
4654731302
2244361302
0564361302
6660602302
3375412302
7274022302
2461762302
0236233302
3723563302
1760124302
4712434302
2065574302
1372774302
7013615302
0301025302
4736455302
5154175302
0477606302
2203706302
0136456302
5751476302
3522207302
3212737302
7606457302
1441067302
1162300402
4704600402
3757120402
0474260402
2121570402
5701221402
1071531402
2457441402
4245271402
4632512402
6572432402
7432342402
6741772402
2614123402
5426504402
1543314402
3500024402
6636634402
3033254402
4473354402
0151555402
1333626402
5010166402
7071366402
7355576402
3144117402
7066717402
5512647402
4230567402
0042300502
6253600502
0263750502
6535701502
7350031502
2321151502
0622451502
5165412502
5703712502
2201372502
4024472502
7356123502
0334643502
1477553502
1124634502
5772144502
0210344502
7137774502
4556215502
0673315502
3501745502
5314206502
6462636502
4146066502
3643507502
6402217502
1566527502
3215337502
5171067502
3606610602
5734030602
7372530602
5475750602
4017001602
5170261602
1256562602
3417662602
2157272602
1502703602
6367253602
6577073602
1565773602
4761024602
4470744602
7647115602
4066325602
1176425602
2010555602
3713226602
5625356602
7544566602
4635676602
0055227602
0245547602
6247540702
1420050702
2262650702
6655460702
5313170702
6767311702
3475331702
0623671702
0040642702
7156162702
6024723702
5262343702
4511663702
2316773702
3151044702
4403225702
5240625702
4342445702
1534355702
7647465702
1776006702
7221206702
0104516702
2005146702
2237727702
7552157702
3436477702
1675620012
4124140012
2702260012
7167111012
6155231012
0071161012
7751502012
2146732012
2422172012
4005572012
5264513012
6241123012
5724723012
3021353012
0413353012
2536653012
7541063012
6563463012
7016014012
3431334012
1532564012
4215564012
7236675012
0507036012
0160256012
1443176012
4647607012
6604017012
2263627012
5566727012
7304147012
1550657012
3130120112
2437230112
1652150112
1245770112
2367011112
6325331112
7007251112
3153402112
0012412112
6353222112
7370772112
5235303112
4772333112
5506173112
3273114112
3745434112
5001644112
1626064112
6147705112
3756325112
6416425112
3214045112
1170406112
7635016112
5303066112
0744276112
0732607112
1025737112
4366547112
4471557112
0755310212
1660520212
3043601212
5460731212
6257051212
3772742212
1016503212
2715773212
6546614212
3120714212
4534574212
4247415212
0624335212
6037335212
1301045212
5165455212
7026165212
2350575212
5574326212
2137546212
3400266212
7121366212
7565007212
5327617212
2362137212
6136157212
5552000312
2711400312
6261050312
1042631312
7444341312
1034461312
0533271312
6306371312
5357212312
4064312312
0277522312
2643162312
3404572312
4146772312
1107503312
4465123312
1637423312
7626523312
1472614312
3610724312
7742034312
5404454312
6072515312
1462725312
2135535312
6650346312
0515156312
7156237312
0023577312
4613710412
3637360412
7566470412
0200401412
6345521412
1406441412
1113551412
2552361412
4066142412
5171113412
1761643412
7602353412
2643563412
3017673412
2144424412
3316154412
5330474412
4722655412
0374265412
6105665412
5211075412
3265306412
6723216412
2537226412
2425407412
5412027412
6454777412
1416200512
5034620512
5142530512
3251240512
4460460512
1775470512
1521101512
0411621512
6204041512
5674732512
0076052512
1222362512
0024203512
2253523512
4343343512
7671273512
3457014512
7776114512
0767044512
1347644512
6710254512
0105264512
4610105512
2560316512
5063026512
4302726512
3311437512
2103677512
2526200612
1310420612
4547550612
3061750612
5223470612
3661111612
0056541612
5616641612
1164071612
2233512612
1540222612
0171442612
7225742612
4714362612
5144003612
3352403612
7470623612
7130633612
6727763612
3365704612
6455134612
7573454612
3430005612
0706515612
5655245612
1275216612
7562726612
4210036612
1142466612
0377307612
2241017612
6270147612
3533110712
0312130712
7050340712
5222131712
2621431712
3110571712
1517442712
3735062712
4273662712
5051172712
6374003712
7437503712
6726224712
2654634712
2676254712
6560215712
7101325712
2703335712
1153745712
3723155712
4055706712
0472046712
2022566712
5766766712
4261276712
3333027712
0761537712
4020547712
0246757712
3534600022
3116700022
1302160022
2445370022
3732731022
0160641022
3541451022
6470751022
6077112022
0434262022
4222443022
2264373022
7607373022
0571504022
0040124022
5555434022
0674605022
5716135022
4337075022
1736206022
4156506022
5342516022
2321046022
1000066022
5653237022
4234047022
3003747022
3666067022
1211277022
6556700122
2731510122
7214620122
3453720122
7312240122
3672231122
6112351122
5246112122
1172032122
1253552122
3715372122
1463613122
4051043122
0655663122
7023273122
6432473122
3040604122
4226324122
6377274122
1274145122
0422755122
5520565122
2651475122
3627406122
6401126122
2116756122
0502576122
3324007122
7243367122
4767667122
5161150222
2644450222
0646760222
1523670222
4002101222
1335511222
4176421222
5664271222
4131702222
2056232222
7414532222
2213632222
4122242222
7537462222
1514023222
6356353222
1615204222
0116074222
7453774222
6764505222
3201425222
3446545222
1600575222
2472026222
2767266222
3360376222
3625137222
7756247222
6065547222
0052420322
6200150322
2340550322
1717570322
3020111322
5117702322
3731622322
1572413322
0605553322
4763753322
5321663322
2704004322
6317144322
6131264322
2303435322
7267735322
3356465322
4046406322
7054316322
6123426322
3071036322
5240246322
1541676322
4432307322
2026337322
4561247322
5676747322
6615010422
5206320422
4354060422
4745501422
3726611422
7773041422
0212561422
7420271422
3563512422
0036512422
1324122422
2557622422
0323332422
4557313422
3270523422
5532733422
3340043422
1756614422
2742714422
7363564422
7174635422
0405245422
5275275422
7602606422
2234606422
6435056422
4017656422
6547766422
6152607422
1147347422
6663657422
6766330522
4615640522
1510711522
5465221522
6241531522
2034741522
7366602522
4413042522
1446152522
0133433522
3704633522
7175163522
2012004522
2720304522
1207534522
5375774522
7634215522
5415325522
3361135522
0127535522
4172555522
3235755522
1733165522
7550006522
5702246522
3652176522
0751417522
6247127522
2540237522
0524357522
0464700622
7123410622
1077230622
4421360622
7401370622
6607721622
0555051622
0641371622
5254671622
4620722622
2762452622
5150543622
6303063622
5064463622
7706463622
7010104622
6472514622
4300234622
2725144622
3333744622
7230374622
5753305622
3512315622
4203055622
4503117622
0074627622
5110457622
3127767622
7031077622
0331100722
4770410722
4136520722
5444430722
7771211722
7215211722
6311021722
2362621722
6614461722
4455322722
7505722722
1671342722
6100272722
6351213722
6742223722
1477443722
2127053722
0062014722
5265314722
7664124722
1407115722
5025645722
1646255722
2576065722
3406616722
5633036722
3443736722
7170256722
1063407722
1725177722
1543710032
1256520032
7415720032
2713701032
2447021032
7303631032
0527641032
4741741032
0265351032
1063002032
6000402032
2630412032
7465622032
0101542032
4452652032
3042523032
6632153032
1316114032
2153314032
6356024032
4360635032
5300255032
5006255032
6527475032
3217416032
0313246032
7607166032
7111366032
4325107032
5237547032
7545377032
6664520132
6214330132
6051250132
7330421132
5623651132
4756461132
7476702132
2143022132
6340342132
5136672132
0351503132
4671023132
4015723132
2265443132
0245653132
2220263132
3037173132
3014414132
5162224132
4434224132
6307534132
1133454132
0027105132
6736345132
3104056132
5530666132
3201707132
4374047132
3460347132
4340767132
1467177132
5644300232
5406400232
3511120232
4125030232
2174260232
2314521232
0773331232
3042251232
1457032232
0250172232
1277303232
0525213232
7033513232
3700043232
2403624232
0505264232
6071464232
4427374232
1720755232
4055065232
2665165232
2173175232
6732375232
7463306232
3653436232
6150007232
3575627232
4521757232
2501367232
5672567232
2103110332
0037660332
2162001332
1577251332
7322161332
6473571332
3424632332
7125052332
6526172332
6012603332
5455113332
5510533332
5032104332
4607014332
1051354332
1653664332
2545715332
5013725332
7410755332
4140375332
6700136332
4774246332
3366556332
6642076332
0205676332
3131417332
2626627332
7423057332
1373320432
6720240432
0670050432
3006701432
6013441432
3662641432
7645761432
5024071432
4607171432
6305212432
1611232432
3270632432
4223552432
4536533432
4161773432
5745104432
3252544432
7332205432
3524405432
7653425432
1204725432
2301355432
3463465432
7545565432
0711326432
1364436432
5137746432
4254617432
7710467432
0643277432
7722010532
0220020532
4422120532
5336230532
5351740532
3445650532
4211701532
1740611532
6123021532
3776531532
6730361532
5115471532
2735322532
7547542532
5601703532
6175623532
6416243532
0067363532
2757473532
1327324532
4241134532
3620444532
6764544532
3035535532
0056636532
2232356532
3373276532
6021776532
0537347532
3264257532
2616557532
0402767532
3504140632
3764370632
4612570632
2570111632
7674311632
4232711632
0567422632
5774152632
6334752632
2005562632
1723623632
0443443632
7121653632
5207063632
4621514632
2566044632
0223574632
1134515632
6063615632
7757535632
1402345632
6246265632
2424106632
6115516632
5272726632
2371636632
1355146632
7544407632
6466037632
0713247632
4307200732
7177420732
3642740732
1435270732
7274770732
6231101732
1656201732
5150011732
1145141732
4653341732
3357261732
5410502732
6301742732
0047752732
2070733732
1033163732
1400704732
0441024732
3121334732
5774264732
0344364732
7517605732
0632435732
0431665732
7503075732
4040526732
7206746732
5126317732
0074137732
1702337732
2461347732
7603100042
4337330042
6132440042
5751650042
3760270042
4573421042
1627521042
0314031042
5047361042
2431561042
2036612042
6550042042
1300342042
3624503042
0106723042
1455443042
4073653042
6410614042
7221054042
3146674042
0730015042
3554735042
7770145042
6611745042
6031206042
1656716042
5524456042
0562266042
2716217042
0135617042
2140327042
2550430142
3205460142
5176770142
3717101142
5127201142
1067531142
6563341142
1432671142
1514771142
4727512142
4606732142
0420152142
4244252142
6444013142
1126553142
4741163142
5155034142
2064225142
0315655142
7152565142
0314716142
6614136142
1751336142
1242046142
6276576142
1642417142
7126617142
7151727142
2557747142
5066557142
3517067142
2073710242
7346020242
6143660242
4562760242
7653570242
0161141242
5371061242
4732671242
5723642242
5445362242
0451372242
1631153242
2567673242
7564104242
5204314242
3673524242
2230044242
6563154242
0277754242
0112125242
1110365242
5663126242
7035136242
0350546242
6713056242
2664756242
3475207242
6705027242
0471447242
2102257242
7212377242
5323300342
1364610342
4543220342
7401530342
4633260342
7002621342
4575451342
4246551342
2377171342
2501012342
7460212342
1075762342
4550103342
7311323342
2007243342
7344173342
3057604342
5715524342
0626444342
2754254342
1737025342
6424235342
3227645342
5625775342
7233526342
1503336342
5177436342
2412466342
0060437342
2702647342
6174377342
2240700442
6107410442
0004550442
4361401442
7453311442
2053151442
2261451442
6254202442
2730402442
5233142442
1703472442
5531572442
3166772442
3305313442
1021323442
7227133442
0762163442
6370304442
2136114442
0247624442
3601134442
4323744442
2512464442
5471615442
4620345442
1664075442
6516306442
4172256442
7251066442
5306237442
1214400542
6025310542
3463420542
5500260542
2444131542
3100051542
3027022542
4565232542
7617672542
0346103542
6630533542
7576743542
4456073542
3332204542
2704444542
7062064542
5513764542
2677005542
6552405542
1437705542
7141515542
1043255542
3741716542
6650226542
4267446542
7511546542
0331476542
5056617542
2423047542
4634147542
0145000642
4275200642
0752630642
5725040642
3136301642
3004471642
1611102642
7343432642
0413652642
6771562642
3210513642
3442253642
2336763642
1021214642
7034644642
1405054642
2642354642
0553164642
2206205642
5353015642
5224425642
4544635642
4326165642
7765475642
1267126642
5560707642
4154527642
4415537642
6222657642
1015740742
2634070742
4721701742
0073711742
2515631742
5356451742
7524761742
3642502742
1447212742
6262662742
5743003742
5572013742
7652423742
3216653742
1152624742
5411354742
0750274742
4105505742
5256035742
6035245742
0777375742
2245426742
2163336742
3047776742
1376547742
4600667742
4701730052
3256240052
7376550052
0475470052
5161670052
1412761052
6123612052
7707552052
1654472052
0620203052
5430123052
7662334052
7027444052
2130054052
4147264052
4552374052
2057774052
6375325052
4617435052
3031065052
3213106052
0776426052
0432346052
4024546052
2514117052
1677227052
1354057052
2625457052
5721467052
1646130152
0521630152
3227601152
5541021152
1775021152
2210651152
4163161152
0435361152
6734402152
3341312152
6752712152
3002422152
3436062152
3664753152
0117563152
5271324152
7474164152
2605274152
2773674152
2242505152
5330215152
5065116152
3536216152
4577346152
2443456152
7431627152
0616347152
7060577152
0235120252
2421520252
4773130252
3756011252
3327421252
7631141252
7365741252
7726171252
4516302252
7657612252
5261222252
0166532252
1113352252
2045303252
3462513252
3265033252
6055114252
5017034252
6751364252
1363464252
1504445252
5407155252
6213275252
5302706252
4744626252
1077156252
0226666252
6234576252
4030217252
1734737252
1106010352
4310620352
6543370352
6502511352
2506021352
5726541352
7112522352
5032352352
6675403352
4251533352
6107733352
6001143352
1041743352
4523704352
4314114352
2666314352
1227374352
0244005352
5577615352
0752255352
2450665352
0154726352
7410076352
2770127352
2335237352
3115147352
5203267352
0015200452
5610430452
5567040452
1236750452
2201160452
3574751452
4274012452
5654422452
4445742452
1211452452
5525162452
7133003452
7653243452
3126053452
3756663452
1177504452
0465614452
0453164452
1622515452
6066125452
0553135452
0710745452
3511506452
7140416452
0752656452
6322307452
7760017452
6443537452
5347457452
2072667452
5071510552
7000430552
1152140552
0536450552
3074260552
1255601552
7763721552
2471241552
4325062552
2316762552
7272613552
0347713552
6623363552
4141444552
3467154552
6501674552
1562774552
1761105552
7155355552
3552455552
3654565552
6434575552
0640006552
4626416552
5445646552
1613066552
3533376552
5050707552
4605327552
7777237552
7315050652
7457360652
5322270652
4037411652
6550521652
5105331652
1570002652
5203632652
7104242652
1033542652
0661062652
1714313652
2011413652
3545023652
0166104652
6012734652
6641625652
5723235652
0171735652
3044175652
3740536652
2746346652
5451256652
5147656652
2307517652
2534427652
0361377652
3703500752
5567230752
4462001752
1340201752
2404601752
0300311752
6046031752
7512112752
3320132752
7004652752
4476633752
4545553752
0152073752
5670673752
5233414752
4502224752
6230764752
6112074752
5363545752
5705555752
4426775752
2427716752
0014336752
6360446752
0525646752
7667756752
2756107752
1117327752
6737657752
4240177752
2157100062
3112030062
4032570062
7210501062
1174311062
3755411062
2016321062
4323751062
1045402062
7233712062
6245632062
5427042062
1765252062
0604172062
6461303062
7520313062
6754033062
2306543062
3771073062
7114704062
5272254062
4670064062
3725715062
7331225062
3577625062
2142665062
2662746062
6302427062
2343067062
3076340162
2637450162
4066270162
0424521162
6764671162
7077002162
4135332162
2360003162
7402733162
5334143162
0572743162
0376253162
4164453162
6040763162
2217214162
0153514162
1400564162
5373505162
4252125162
2424365162
3521075162
7161626162
1606246162
4713766162
1205207162
2312327162
5647077162
6553177162
0632777162
4626600262
5233350262
5554201262
2276411262
2575051262
4141571262
5211642262
6603552262
1370133262
4652263262
0322224262
6544244262
3731554262
7020405262
6245315262
2525635262
7472645262
7202075262
1522016262
0347016262
3353656262
0445576262
5104676262
0063727262
6640437262
3707347262
1016167262
7527567262
0420730362
7160040362
5073060362
3255770362
0342111362
4705641362
5637151362
3677761362
5770322362
4367542362
3566362362
3747203362
2641213362
1152633362
0437714362
7555464362
1264664362
5661305362
0356705362
0216425362
6463035362
2533645362
1226255362
6236046362
4127156362
6162166362
7634507362
4414267362
6571720462
7655130462
0143140462
5742350462
3344670462
7656001462
2233231462
5563441462
0207202462
1403602462
4671462462
4013323462
1721263462
1046473462
0767434462
4070634462
4055734462
2226754462
4116215462
1000035462
5567555462
4575375462
3520536462
3425246462
6615346462
0536007462
1221117462
2774537462
3450457462
3446510562
7727620562
0204070562
2510170562
5060511562
4217431562
7436361562
0262312562
7013232562
4737652562
3130662562
5535023562
1355553562
2073104562
3102304562
2206434562
1024654562
6751754562
3364015562
5712135562
7043145562
0011565562
5275136562
6406156562
1444756562
6377466562
7405417562
1140227562
5052337562
2265510662
4331610662
2114720662
2402040662
6027670662
3050711662
1422431662
7561661662
6730171662
1653771662
3625022662
5446722662
6326532662
7536252662
6123503662
2677333662
0300653662
1362273662
4176604662
1703324662
7341454662
5016464662
7750106662
4254306662
0043506662
3231446662
1716607662
0101137662
1335367662
2373477662
0616677662
7712040762
0627240762
6005150762
2153350762
3737121762
2021202762
2554512762
0764122762
1732722762
5362072762
7546303762
0277603762
6666113762
3614543762
3503273762
0325473762
0613404762
3516134762
3314364762
2300725762
1250335762
7141555762
0740465762
4453116762
6457526762
1501456762
3472107762
6411617762
7244547762
4014057762
5165767762
6317500072
3530030072
2025430072
0234530072
1767340072
7426660072
4634021072
7515121072
0251241072
3414271072
5033702072
2373222072
3675113072
2513273072
1547134072
5644554072
0062305072
2472035072
4242065072
5250765072
4401416072
3125236072
6507646072
0726156072
6754166072
4762527072
2505747072
3741367072
5600310172
5745440172
6403540172
7717750172
0237011172
7175541172
7527351172
6321122172
2257242172
3511542172
1304662172
7266033172
0702263172
0534134172
0401334172
0033444172
2646444172
1610764172
6260474172
3750205172
7725435172
3502155172
4565006172
0452646172
1032376172
6671637172
2353637172
6742000272
2576500272
3052010272
1454210272
6612220272
4177140272
1726270272
0114601272
6433061272
4746032272
7540152272
2174452272
4007762272
4606623272
5147623272
0223723272
5316433272
7701214272
1351424272
1420634272
5074344272
1261654272
1101205272
3133465272
3637275272
0570716272
5025526272
3612256272
6375776272
4263447272
7200557272
0363010372
3242320372
2376640372
3724060372
4721311372
3613241372
1606651372
5553532372
1212742372
4303452372
6365462372
6270213372
3063643372
1125373372
7446204372
4243514372
7271105372
1525525372
3370565372
1620506372
3434736372
7750656372
0450327372
6745757372
1632077372
4157477372
1416110472
7041630472
1555560472
2260721472
1366741472
6147251472
6031451472
5470202472
2115012472
2120362472
0151672472
4435603472
0617433472
1730243472
4310053472
2451753472
7075724472
2350644472
2766035472
7067265472
3072475472
5327736472
2003076472
0676176472
6733527472
6514267472
7242677472
7661500572
4577320572
2343211572
4070671572
2400512572
6156712572
0665242572
7454442572
6332052572
3606172572
5554023572
4111463572
2322573572
6104114572
5636624572
0735554572
7302025572
0543425572
4447535572
5126045572
1645075572
5707406572
0037226572
2111036572
2257166572
5160566572
5041107572
1573117572
2017317572
5276367572
4700777572
1330440672
3173350672
6010170672
2132121672
4342621672
3207431672
0740061672
6447302672
2204132672
3216472672
5402423672
1273733672
3657743672
7652404672
6524654672
5737164672
4004305672
0435115672
6556775672
1476116672
5512616672
6056026672
4311576672
3571617672
2660137672
4036237672
7022747672
5463377672
0104460772
3221521772
6320441772
5617561772
0466271772
4043212772
7324413772
1164233772
6501333772
2537143772
6225004772
3064324772
4530344772
4057554772
3422764772
7713674772
3111605772
2744715772
4464155772
3271355772
1341765772
5667416772
2671526772
7336356772
5534707772
0170027772
7355257772
5002277772
4212110003
0310430003
1016350003
7662550003
6105101003
1564221003
4020621003
1347171003
3051471003
2443671003
7512002003
6646102003
3631212003
4277432003
5471023003
7770263003
7435234003
6747064003
3053525003
6411535003
3363055003
2656255003
0201665003
2766475003
3127716003
2404326003
3655007003
0546347003
6232367003
4322667003
7541700103
3765250103
2077160103
6116670103
2117431103
4225041103
2642051103
7101361103
4100142103
1663442103
0640413103
7237743103
5523153103
5344773103
2724304103
2360514103
4154524103
1470015103
5630175103
0732116103
3674426103
4302276103
2273527103
6330557103
2531010203
7242420203
6560350203
0454711203
6735532203
5373242203
6554642203
4673272203
5702572203
7166603203
4177313203
5517533203
1332463203
7402014203
3717724203
7420734203
0774474203
0446155203
2275046203
6420146203
2357756203
5063566203
3005376203
1022207203
2005727203
4634337203
2612257203
2667620303
3575240303
4066701303
0077131303
6756261303
4421271303
0246012303
3251722303
1403232303
3106252303
1460672303
1274603303
2546033303
7353404303
5534444303
5220654303
1655164303
5302735303
5772345303
3024345303
0415545303
6124065303
6311026303
1133376303
7747107303
4265177303
5631200403
1623650403
3447031403
1730531403
6120451403
3115661403
3550302403
2214612403
4507422403
1552622403
0701642403
3336742403
3226752403
0425362403
0665703403
7406523403
6075233403
5122143403
6363324403
4756554403
2002415403
7167535403
2325345403
0524555403
1724365403
4033075403
7600675403
6200006403
6641426403
5456736403
5304517403
0652037403
3541637403
5756010503
7615720503
0023530503
5074630503
3740440503
0432601503
5607341503
4621561503
0712622503
0237052503
7320372503
0155503503
6763053503
1031014503
6520514503
4570654503
5351264503
4441205503
2575665503
3462575503
3247575503
4475516503
1216616503
6045226503
2320366503
2165276503
6704427503
7572137503
5250237503
7060047503
7413357503
7567467503
1103400603
0533720603
3464130603
6307540603
7024301603
2302211603
1410721603
0562231603
7155471603
3533442603
2640742603
3142562603
4364303603
4213413603
2676713603
2453443603
1045643603
2701153603
4733363603
1376064603
7111274603
4704674603
2430205603
4255535603
6444355603
1237475603
5072406603
0343616603
0120726603
6221336603
1501536603
4405766603
5277507603
3755637603
3016147603
3326110703
0241320703
7705650703
7153060703
0513011703
7304021703
1365631703
5016412703
0056542703
1134152703
0175752703
7631462703
0521272703
6457103703
4652533703
6533504703
4204034703
6172644703
2547254703
5724215703
5135325703
5622525703
3110435703
0511645703
1550606703
7031566703
3210766703
7745417703
4771547703
2013747703
6364167703
1676277703
5723220013
3555250013
3370021013
5706041013
0515471013
1436362013
2161762013
7000672013
2104313013
0625443013
1563073013
6645573013
4071604013
4626214013
2076244013
0334744013
7514654013
6650264013
1224464013
2303305013
7163365013
1060175013
3315016013
5154416013
5032036013
5540156013
4741456013
3077307013
0621507013
2631037013
3767357013
7050510113
5143070113
3676370113
6255501113
5634701113
7472441113
3263061113
6531371113
2423512113
4305422113
1312552113
1044652113
6010703113
1757343113
2152234113
1657334113
0473244113
3777564113
4064025113
7742625113
2031725113
6507135113
2615606113
3220416113
1051266113
0141176113
6404776113
2274257113
1366177113
5502660213
3627070213
2171631213
1017241213
7740541213
2636061213
2577102213
3737462213
1762113213
2662713213
7234243213
0270363213
2440004213
3606124213
5456624213
4230234213
0213334213
6173764213
6352305213
4013655213
4126465213
4072716213
0366426213
6314636213
4447146213
5214727213
3504537213
7343377213
6573620313
4375050313
7012460313
5714760313
0347311313
7652421313
3245731313
7101771313
0435022313
5615132313
2027342313
7110442313
6624552313
2203003313
4131503313
3602243313
7523773313
3774104313
6705744313
3106164313
6331415313
7532515313
2210535313
2365265313
5207016313
1053136313
7666346313
3224076313
3176407313
1415317313
3443417313
0560717313
2750457313
1705300413
1226520413
4341130413
6456740413
0771560413
2332170413
7254151413
5746251413
4155012413
7361032413
2564042413
5577272413
0554433413
3413733413
6436163413
4526004413
5640544413
7472105413
0637625413
4272725413
1150455413
7401216413
7533446413
4310317413
3773617413
0225647413
7207747413
6041367413
2307777413
4037500513
0045600513
7246310513
0652610513
2644760513
6464611513
1430351513
5427161513
4701222513
0501732513
7057103513
5476433513
7025063513
2112163513
1756773513
0150614513
7664614513
1022424513
6242454513
3262554513
3271574513
0113005513
2727215513
7337155513
4553575513
1751006513
6730646513
3524256513
4530037513
6125257513
3053367513
7663010613
0462350613
1100750613
7324560613
2007521613
6113531613
4055661613
3422771613
0026112613
1175122613
5613322613
5260662613
6202523613
7065333613
0375643613
6677653613
4444273613
5545714613
1217174613
7243205613
6525025613
7734735613
7326745613
5670555613
7235175613
0763306613
2561526613
5656076613
5421607613
1511347613
3752277613
2206430713
5255140713
0164440713
4417670713
1406201713
1724431713
1715351713
0372471713
7567702713
3450122713
4520262713
1536613713
5300333713
0465753713
1601763713
2141604713
4443724713
2514054713
7354745713
4417755713
1633565713
3347536713
0236346713
7720076713
3162727713
6451737713
7075177713
5403510023
3171440023
4604750023
6701101023
0750331023
5643752023
7355162023
6513772023
5347203023
0137403023
4424513023
0056543023
3140014023
1515614023
4365224023
2515354023
4730574023
5127674023
5462605023
6232225023
7310765023
0075716023
2646526023
1037636023
4523017023
6406627023
7157037023
0475157023
2012077023
6350460123
1607370123
6227711123
4774371123
1260702123
0124222123
7421522123
3536332123
7731432123
3535152123
6021613123
0547053123
4132063123
2470173123
7475204123
5703224123
4050134123
4506505123
7343115123
3651745123
5021555123
2201565123
6254665123
2045346123
6514166123
1135217123
2562417123
5715447123
1502647123
7776610223
2105220223
7052740223
1703131223
0661431223
5552141223
3074061223
3153571223
7312312223
3475652223
3030503223
4263523223
1445733223
0301714223
6745074223
2247305223
3276035223
7644235223
1464275223
2520775223
5531026223
4533256223
1672476223
7226107223
1374127223
0117637223
2111567223
6317277223
0014300323
1226060323
2611121323
5005721323
5574541323
2123651323
1771112323
0333032323
4472262323
2245472323
2614772323
4110303323
3630013323
0167653323
6234753323
5757363323
3416473323
3442504323
4115614323
7520344323
7507164323
6657025323
0402355323
6065206323
7277636323
3322446323
0725776323
1370607323
5336657323
5663367323
7245030423
6437530423
1410340423
2173740423
3202250423
5235060423
7727601423
6412011423
3735441423
0451151423
0543402423
4042532423
5610252423
7344643423
3241153423
3022763423
7505173423
1457004423
7044104423
6166214423
3237444423
2136715423
7760025423
1716425423
3371235423
0053206423
2452036423
4261366423
5026376423
6004437423
5627767423
1061077423
3104377423
1421000523
1520400523
4601400523
6227260523
1272301523
3223631523
7665551523
6132271523
5734102523
7141422523
2607352523
6676662523
0571223523
0154043523
5067143523
2342654523
1273464523
5562074523
2136574523
0075415523
6656515523
1351545523
3563136523
4106336523
1744056523
5717556523
0300666523
5101117523
3670317523
4357027523
2753000623
0754010623
1034020623
1172520623
5040170623
3540621623
0204241623
1055312623
4702612623
0251552623
6540652623
7327523623
1621133623
3736133623
3570434623
7006054623
2033364623
1165745623
4400455623
3515265623
4613006623
7241116623
2417436623
6602646623
5373737623
6633147623
4156357623
1440667623
7256320723
4522330723
3064660723
6365070723
4032470723
4341211723
7051221723
1160561723
2430612723
6766542723
3303352723
5027462723
5554613723
0616633723
2276304723
4015024723
1652754723
1423345723
7411065723
0242165723
3671706723
2723436723
1466456723
2667247723
4707747723
7516777723
4061430033
6722350033
6575360033
1602411033
0766721033
6373042033
7447452033
4574062033
7761372033
6217733033
7610073033
5017304033
7262404033
1772024033
2623034033
5354534033
0471315033
3755125033
2077065033
2650565033
3635775033
1105606033
1240646033
4433066033
4257466033
7134176033
5710717033
1735127033
3043010133
2744130133
4523540133
4037450133
4725131133
7321731133
7072671133
0500112133
7165512133
5335652133
4416562133
3433303133
5705233133
4407633133
0306163133
4062534133
0612744133
6411464133
5654374133
7246774133
1320225133
0162735133
0563565133
2707706133
5271216133
6555756133
1230576133
3654107133
3727027133
6543227133
4412500233
3154730233
2615340233
4751760233
1201270233
4356111233
4247021233
5650451233
0704651233
0467261233
0320102233
6044122233
5425722233
3026343233
5164053233
2541263233
0556704233
5235615233
0031145233
7562545233
7107355233
6773455233
0416216233
5166656233
7761756233
6036576233
5113107233
6603237233
7040637233
0142377233
6136130333
7350270333
5664470333
7404011333
2237711333
0104221333
3743141333
0270741333
1461551333
0311362333
2673543333
6571173333
2516314333
4671624333
3067274333
1307574333
3212145333
7221645333
4102775333
0227406333
0642366333
2150766333
6501007333
7271207333
6044217333
0525717333
1000527333
2432247333
4406447333
6641667333
4502510433
7651120433
3556260433
0263670433
6576301433
5375421433
6424621433
2234561433
1062762433
4220203433
5722413433
1367713433
7053423433
6272043433
1474743433
0740573433
2170154433
4014754433
5403164433
0455374433
1151035433
4517145433
5146565433
7735606433
1117216433
3636326433
7377046433
7314507433
5624647433
1235057433
2176277433
3335520533
1213150533
2367101533
7114321533
7637241533
4037312533
1564332533
2042252533
0326452533
7206262533
3643462533
3321013533
6560723533
5170704533
6445334533
5260434533
2450645533
4314475533
0016606533
1624116533
3702066533
2324627533
3062547533
5551057533
4163620633
5141340633
2537050633
5216550633
2220760633
0315201633
0721601633
3426551633
1331761633
5310032633
2376332633
3070242633
3703672633
5252323633
2601424633
0532634633
1646005633
3374615633
5577745633
5704165633
0024565633
6637206633
6760406633
7057617633
4742737633
1575477633
2702510733
0440230733
2151550733
7545031733
6010661733
2000071733
2154402733
7646502733
4662152733
6432372733
1353672733
3505443733
0453253733
2145463733
3760314733
0517514733
4165164733
4736405733
6007705733
5342626733
4465046733
1776146733
5073356733
3544276733
1127507733
1266017733
5411137733
3616657733
6540110043
3020630043
1472560043
4144601043
4450741043
4007061043
3233771043
1253212043
3044212043
3362122043
7111732043
2506553043
6215373043
2532724043
3605474043
4216325043
3736645043
2260455043
2374575043
5622636043
2421656043
5676166043
6516466043
2446307043
7275607043
6467227043
5113547043
5300500143
3111020143
5505620143
4614511143
6341641143
5053261143
0445561143
3424712143
3657542143
6271352143
5132352143
7622172143
3166413143
1724033143
0061004143
6206614143
6413124143
0143144143
5735074143
7073335143
5722455143
3306475143
2727606143
4773726143
7366236143
4625307143
0256307143
6466237143
4263157143
4324250243
6634660243
5414170243
7125411243
4142321243
1463642243
6270472243
7004472243
3576003243
0737233243
2313443243
6665214243
5143434243
2716544243
7231664243
3341705243
3455645243
6660055243
2603065243
1706126243
7670226243
3157226243
4776236243
5001746243
0611676243
2550327243
5077647243
1542557243
1540467243
0535767243
1335700343
5266240343
2433150343
0156670343
0323121343
7563431343
3531161343
6145642343
0272052343
6472503343
2055323343
4302233343
5061453343
1055204343
6637114343
1644324343
4022015343
1217715343
0707465343
7476075343
4047675343
5460306343
6762616343
1305036343
4544046343
7017556343
4626656343
2137517343
7350427343
4033137343
3736437343
6721347343
4562600443
3767520443
2467760443
4643331443
3103541443
1675251443
0557571443
6667712443
2721222443
6416452443
4337423443
4306043443
7573663443
2056634443
7714244443
1307654443
3651074443
7434005443
3125105443
0015336443
1570436443
7227317443
0602327443
7164167443
1130077443
0172200543
4642040543
5671450543
2555011543
3354341543
6400371543
3205702543
4431112543
0340722543
1104762543
2143172543
4252772543
2014103543
7653703543
3547563543
5455663543
7712534543
7305144543
4455454543
4753135543
1530245543
7452416543
0264526543
0774136543
1343576543
6376707543
5025757543
2741677543
0357240643
1710160643
7477470643
2771411643
7166521643
1036621643
3272461643
5404002643
6127032643
0717372643
7142713643
2251233643
0030453643
4511753643
5325373643
1723504643
3321434643
5576354643
6163754643
6441574643
2672135643
6051445643
1027755643
6537316643
4755426643
4076056643
2163607643
0407217643
4240267643
0204077643
1603310743
0705730743
7730350743
6712201743
5351501743
1102031743
5237731743
2626141743
5370612743
1414422743
3512522743
1746362743
3361513743
6273123743
5647123743
1121473743
6620524743
4574544743
3523174743
4001374743
5510205743
4061725743
7254555743
6126755743
0050065743
2242665743
0664375743
3431046743
6002156743
6454166743
5312067743
7254000053
4046160053
4672201053
7713471053
5466312053
0733532053
6030642053
5565562053
1321672053
0442703053
6151323053
1220553053
3752653053
0477704053
7200324053
1255774053
2115425053
6504255053
6373216053
7367616053
7071756053
3316666053
7023627053
2557137053
5571237053
6563737053
7125247053
2375710153
2530040153
1427460153
2213270153
2754011153
7410131153
3375131153
1156641153
1317202153
0716013153
0004343153
1003753153
5224063153
6164554153
4631754153
3542364153
7620664153
3121305153
6767615153
0261245153
6573016153
0332526153
1565246153
5474766153
2100407153
3011527153
5644637153
5452577153
6063400253
5050620253
1267530253
5436740253
0332670253
1523311253
7044511253
5237341253
6212151253
3617061253
4755402253
2664502253
0106712253
0022042253
0613162253
2407572253
6646453253
4544463253
4050073253
6251714253
3557644253
0105054253
4346174253
4645205253
3200115253
5721375253
5120236253
1212336253
3413707253
4231457253
0431667253
6401210353
2274430353
3527450353
1512470353
5320001353
7205451353
4602002353
0531412353
4053742353
4760052353
7735713353
6362533353
1516173353
5711673353
3454624353
3240234353
1006534353
0730564353
4637525353
7546375353
2161106353
5411226353
0071236353
7556736353
6147546353
3374356353
7653456353
5457557353
3351167353
0174667353
0224177353
1501310453
4312341453
7366661453
0236171453
6600562453
3177372453
7373503453
4370603453
5015513453
0461533453
3460143453
6437773453
2512604453
7677414453
5501324453
2325534453
3256035453
2747755453
1473165453
2721616453
1445226453
4775136453
2754246453
5203456453
6662276453
6020776453
1143727453
0047157453
1712267453
4706220553
4211740553
7133260553
3120670553
4367770553
5742761553
1504171553
0414032553
6357632553
2340123553
1177443553
0634673553
6677034553
6601334553
0303554553
3735464553
6263305553
3006605553
5312415553
1041235553
4174235553
5514735553
5247355553
4750775553
2503206553
4422126553
6726517553
2466027553
0365437553
3232700653
0153110653
1745410653
2142330653
7764640653
0606260653
5162011653
6425321653
6274131653
1600741653
2063251653
6340461653
4473071653
7575522653
7651732653
5336103653
4566673653
1636304653
6135044653
4727244653
5064764653
7402145653
0550155653
4634475653
4170516653
7310256653
7625466653
2456676653
6276607653
6452547653
6620057653
6321467653
6144300753
3617400753
0677020753
7767120753
6072450753
3641611753
5556421753
5403631753
5643741753
2306161753
7334722753
3055232753
1241042753
7773142753
2235372753
3275313753
2263023753
1007023753
7423533753
7166243753
7422253753
0023214753
1444154753
4665615753
6770725753
2371075753
4535106753
2651316753
2042136753
6215266753
1527766753
5337367753
5325400063
6267010063
0376511063
2764231063
2500531063
4530461063
3152671063
4716102063
7434123063
3633623063
3304453063
1574573063
5276773063
6434404063
7047534063
6421144063
7702744063
5321154063
0003474063
1312705063
0645045063
2422455063
0157275063
7103026063
0542226063
1711546063
2337646063
1220627063
4351627063
1201337063
3420267063
7600100163
1757410163
6446030163
0653730163
0274550163
6073401163
3315061163
5467471163
6107742163
3266152163
4120652163
5551262163
2726762163
1262543163
7171053163
3337273163
3055604163
1565424163
0604044163
4657205163
6412715163
5714445163
1772655163
0330365163
7031475163
0210356163
0441066163
6323076163
7564317163
0236427163
5170337163
3040047163
7615267163
0627120263
6046720263
5754560263
3402070263
6472321263
6205761263
1537071263
3215502263
5633602263
3172112263
1140712263
2307032263
2256142263
0500603263
7450053263
2252663263
0273014263
0571144263
1432244263
2621354263
0723215263
6325145263
3532455263
4115426263
7765366263
7752176263
1361607263
7011257263
4457330363
3175530363
5446650363
4604360363
6032331363
2222571363
2004622363
5240232363
2532752363
1313213363
0241223363
4620423363
7124733363
3317663363
5243304363
0462054363
4745664363
1574205363
7510215363
4162215363
3703515363
3141755363
7556506363
1030756363
5505276363
1046247363
5374177363
6677777363
4243510463
3713030463
7573350463
6131660463
3035111463
7506411463
3501711463
5260121463
5021041463
1342461463
1526732463
0402723463
3660233463
6743333463
6127124463
6030524463
2761174463
3613574463
2415635463
3605055463
7213765463
0364006463
2474416463
4304166463
1657666463
4763207463
5750707463
2653117463
4636747463
1630110563
1366130563
2054550563
6643101563
2777521563
0116751563
1175471563
7270532563
5526642563
6015072563
5344572563
2231403563
6003013563
5247413563
2765343563
5463714563
1117044563
3426274563
5326325563
6133425563
3411335563
6066365563
1205175563
0077726563
4152346563
4200677563
6516710663
7616430663
0774140663
7435540663
1773250663
5147611663
5744321663
3614051663
1052102663
6455442663
6372272663
0660372663
2020023663
4115153663
4467063663
5632563663
7274404663
1654274663
4441315663
3066435663
5106535663
2144706663
3507016663
7213646663
0717127663
6265627663
5222067663
2524477663
3534310763
2610220763
3751320763
4371640763
2122770763
0131001763
1027451763
4333551763
3023002763
4156022763
3466723763
6512343763
4040573763
7325614763
6211134763
2350444763
7477364763
1607405763
2543125763
7154465763
5076675763
4224606763
4136436763
5731256763
6740007763
5674017763
7232217763
0062557763
2644757763
0403467763
0140620073
5013640073
2065711073
0626231073
6066651073
3650171073
7426202073
4330522073
3224342073
5207252073
4257072073
0747772073
2727613073
3103133073
7632333073
6661143073
5500443073
1176534073
0267644073
1373254073
0052464073
7551615073
1657435073
3444165073
6453406073
3470506073
4005246073
0064076073
4522376073
0117457073
4172757073
1054767073
2645177073
1461120173
5272030173
0322340173
7434650173
1235660173
1143101173
5213411173
3016731173
4501651173
0546771173
3442232173
4672113173
7376323173
1215623173
5147643173
2661663173
5344273173
2026473173
4347404173
2443614173
7655044173
6535005173
5057125173
7012225173
6616365173
5116006173
6063116173
7460536173
5605536173
4467327173
7701067173
3530677173
1670700273
2733420273
4375530273
1722401273
3350251273
4043351273
5521412273
0677512273
1666022273
7301142273
6717152273
6304003273
1551533273
7411343273
7030304273
5662164273
3125564273
7173525273
4160035273
2134345273
1012675273
0215506273
1060416273
1025156273
3333407273
1655517273
5360247273
3756157273
2406467273
6167677273
6762700373
3507720373
2317030373
1142240373
7641570373
2775361373
6451602373
5536122373
1726222373
7463762373
2256113373
4335353373
4072114373
4513234373
6326734373
2361244373
5045405373
7233315373
0620635373
5177055373
1437636373
2777736373
0603156373
6140476373
1753047373
7764577373
3204200473
2356300473
0000210473
0526020473
4445470473
6175011473
2605411473
3164441473
7623161473
5311771473
2071502473
5740112473
0144412473
2222132473
4163242473
0702442473
5114263473
1334014473
0275234473
1060354473
1577474473
0676405473
6240545473
5565355473
6353655473
3246606473
5614526473
7752726473
0122556473
5471427473
4506157473
7527210573
2417720573
6754370573
3560201573
6261021573
0051621573
6576441573
3225222573
7102632573
1510062573
1402313573
4666253573
0553373573
4307414573
1721744573
2203744573
0016174573
4425705573
5623025573
6344225573
3070475573
7345306573
2630736573
3605546573
3031156573
4247266573
3612407573
4444147573
1434547573
3372767573
6001050673
2565170673
7507301673
4336241673
1113061673
5733571673
5161302673
4664412673
6223262673
6750213673
3744523673
4314104673
3776714673
2552124673
0410524673
3220354673
7227125673
2712075673
1254756673
3363766673
0261707673
3031227673
1250347673
2345057673
7146667673
6622710773
2252621773
4714541773
7736051773
6157371773
1074432773
0133632773
3032003773
0775003773
4353763773
7260473773
0407104773
5761634773
2034264773
4105515773
0346535773
3477255773
5201575773
7110116773
4121126773
5100426773
6572566773
3303217773
4424037773
0577667773
6243477773
2425577773
6350200004
5655110004
3223210004
7361350004
7544721004
0570551004
3104671004
1671102004
2667012004
6416532004
4643762004
4523003004
4334713004
6172433004
0012143004
5514563004
7113124004
5201044004
3726174004
1273674004
0137674004
1730425004
4256626004
3507207004
7715037004
2004337004
2732377004
3356777004
0471000104
7257220104
3570530104
4153650104
3746001104
7437411104
1606261104
7204471104
5264402104
2560022104
2300752104
6034262104
4126513104
7442343104
5625553104
3632504104
4335424104
5072724104
6141234104
6647454104
0046664104
1722174104
0264415104
6110725104
2745275104
2172616104
4661426104
3013036104
0553366104
1216466104
4451137104
5363647104
1520640204
1043450204
5466670204
3512711204
5153021204
4565021204
7011421204
5030141204
1213141204
4552351204
7674161204
0753761204
7750212204
3071632204
0711162204
6242003204
5703203204
2244503204
3465413204
1716043204
5565514204
6405244204
5356344204
2504105204
4602215204
2236335204
1177155204
7341565204
6135076204
0125467204
1357510304
4147630304
0026750304
6003270304
2454370304
6161711304
0302641304
5017071304
1621612304
4006022304
1515752304
4537162304
6163462304
0750613304
6506323304
2660243304
3031124304
7125324304
3466524304
3207464304
0540474304
7623405304
4140505304
4260345304
5424106304
2645136304
5675227304
4453627304
7102447304
5247357304
2046220404
6764060404
4767201404
4373111404
3322021404
2165641404
5040002404
0404232404
7157042404
3225662404
7764772404
7057603404
5272213404
4604043404
2777353404
2613434404
7400154404
3671764404
6272125404
2531045404
6455355404
6316275404
1411706404
6757436404
5136266404
1034407404
6052517404
7370337404
2617567404
7626400504
5544520504
5712430504
3307260504
0220701504
1442121504
1026231504
6055341504
1554051504
6774251504
7553272504
2131603504
6257063504
4475563504
4414314504
4660774504
0636015504
0401475504
3362106504
3202546504
4737746504
5005656504
2036576504
7305007504
3114017504
5622717504
0436257504
4752400604
2374440604
7206731604
1645612604
4715242604
7164352604
0746533604
3053733604
7636053604
1261263604
0521363604
6656704604
6565144604
0031554604
1563655604
5311165604
3115475604
6007626604
0420236604
0130046604
7473246604
3577176604
4700527604
2423727604
1641247604
6614177604
1206100704
2625220704
1316630704
6666501704
4231451704
6637302704
6325732704
0603542704
2412652704
4313403704
2520413704
3774323704
0377523704
1067473704
1215504704
4371334704
5432064704
7051115704
0700035704
0467335704
0214145704
3410255704
7763516704
5103726704
2124346704
6443556704
1652366704
2700766704
4352766704
5161257704
3440077704
5676600014
3043420014
1252330014
7140660014
1335211014
2416741014
3064561014
4763071014
7721671014
3175202014
2707122014
2770632014
3357143014
4665363014
6524314014
0251024014
3641054014
7425754014
2133064014
3677415014
5571345014
4056355014
2540406014
4000616014
1413426014
6312256014
6210007014
5134277014
2137430114
4624730114
2247540114
5415050114
7277370114
1073521114
7365261114
1127002114
0466602114
3522462114
0636133114
5736743114
6721363114
2324244114
7322405114
5112505114
4517605114
0321615114
5561775114
0340716114
5757626114
3300346114
6233756114
5202466114
1241517114
0342537114
5703537114
6462047114
4117367114
6520077114
2411277114
1744610214
7305430214
6111140214
4723260214
3605001214
1364121214
5405571214
7223012214
7632322214
4444432214
0512423214
4207753214
0037373214
7736224214
5667744214
2753554214
1454364214
2257464214
5423105214
2106725214
3640655214
1450475214
4163016214
1045066214
2073176214
7531207214
4054207214
3215647214
0010657214
1477367214
7122600314
3164700314
4431340314
1151450314
2235101314
6517601314
4242211314
0456061314
5041502314
2560232314
4327033314
6443633314
0171743314
7373153314
1746553314
0663324314
3052044314
1202205314
7753315314
5604065314
4575416314
7462716314
3334226314
5226436314
6771676314
7524127314
2630257314
3502357314
4716177314
1652240414
1735150414
3321750414
6503160414
0302070414
7510011414
5535631414
2041751414
3012402414
5457462414
6144072414
2125123414
4103433414
2001073414
0027114414
1065414414
6477524414
1143234414
4461264414
1440735414
0403245414
4760445414
0652506414
0274656414
1573707414
2734137414
0542147414
3730067414
3223377414
1464510514
2373020514
7217070514
3600521514
0101441514
2304471514
0646671514
7734112514
6367722514
1331632514
5556152514
6150562514
7002303514
3615723514
4632054514
5740374514
4346625514
7161135514
7074545514
0112375514
0205116514
1670236514
6360536514
2663246514
7401666514
3577576514
2572517514
0045237514
6631447514
6203457514
5157720614
3775050614
2616170614
0426021614
2710421614
7052521614
3147331614
0733461614
3153642614
0315572614
4136772614
3711003614
5020223614
6036404614
0504214614
1122714614
4576334614
7404534614
4750744614
0202664614
2467515614
3276565614
7106006614
4623546614
2444356614
0014766614
4364657614
3605167614
7657177614
6035550714
1577760714
0530770714
4170101714
6176311714
7762661714
5621022714
7042732714
5546442714
2366013714
4554223714
3362033714
1412533714
5444163714
7346104714
1000074714
6755474714
1016305714
6714115714
3236025714
4771575714
6222675714
5311346714
0607256714
1353417714
7727447714
3535540024
4217450024
0777060024
4031301024
7406331024
4627471024
6614102024
4075322024
3220032024
6023452024
0651362024
6155703024
1126113024
2456233024
7760743024
5002053024
7532114024
0367454024
6426464024
5710664024
6064525024
0441725024
2602165024
3742606024
2101236024
7417247024
4574467024
5377577024
7025100124
2734220124
1773130124
5200740124
6740511124
3177241124
2525661124
6245102124
2171262124
3467772124
1147533124
3404163124
5010373124
1345254124
3663274124
1062005124
6006045124
7511355124
4230655124
7337706124
0710126124
4453536124
2071607124
0607427124
1410337124
3337567124
3153077124
7017610224
0564030224
3126550224
2447011224
1205321224
6443621224
7114731224
4720061224
6343161224
4505602224
5164612224
4674342224
1604352224
5056262224
5041413224
7471033224
4563343224
6411253224
0221504224
4151604224
2555514224
3514474224
7027225224
6773445224
4275575224
0434126224
3613746224
7320417224
0743327224
1636527224
0232247224
3566100324
7630030324
6044640324
5374560324
6672760324
4415401324
3750431324
1624041324
2627402324
1362222324
7256442324
7413152324
1105062324
1250023324
2512523324
0400043324
4641154324
5436305324
5501215324
2066165324
0172365324
3316016324
2730216324
5764336324
1631576324
6153127324
3274277324
4422677324
0706410424
7075650424
0422170424
5042621424
1167721424
6302551424
3765212424
4573712424
0621142424
1061452424
5030472424
5467303424
6640403424
3112013424
3707033424
4031243424
0376773424
2003314424
5214334424
0714505424
5120525424
7371725424
0736375424
5614136424
6576646424
1250156424
4645617424
2644057424
1501567424
4466210524
0043530524
3051370524
7277221524
3652631524
7371051524
3631071524
2252302524
2313752524
0574672524
7516403524
5721323524
4722753524
6333604524
7241314524
1600144524
3165454524
7657564524
1324235524
5755455524
5362465524
2741565524
4010275524
5143675524
6264416524
5470716524
2433166524
4224366524
2215737524
0336267524
7454667524
0230310624
3170320624
7704620624
1342770624
7144401624
7435701624
5476641624
4104351624
2572751624
3376102624
6551032624
4647632624
5335423624
6663733624
6315663624
2543573624
5674004624
2266634624
1112444624
2355354624
6362515624
2354325624
6233535624
6747045624
6455765624
3163506624
1553216624
7775356624
5017137624
5113240724
0457650724
4003560724
6540770724
1050501724
0615111724
2701541724
5626361724
3263171724
4754712724
5316722724
1565142724
1337013724
1010214724
7562234724
1733744724
4206264724
2402474724
3324574724
2073445724
0545206724
4217506724
3627316724
0155436724
6030146724
4306176724
2377107724
7603307724
6261627724
1173037724
3350747724
4511057724
1021757724
4275700034
4117040034
0366240034
5366760034
5532501034
5606751034
1271161034
6701032034
3746142034
5725452034
1434033034
3227533034
1044273034
5313373034
2445204034
3562114034
3473644034
4303154034
0532205034
0256415034
1705555034
7023765034
2614775034
5440226034
6503526034
4650556034
2320507034
2076017034
6405617034
6254447034
7202110134
0614430134
1374350134
3201650134
6106401134
5155711134
2712141134
6566151134
4237571134
0773202134
7011042134
5620062134
7355062134
3110573134
4555673134
0653014134
2436534134
6777734134
6135105134
1444605134
0000325134
5343035134
7552426134
3526246134
7140546134
6523607134
5651017134
0121457134
1741777134
6727700234
4740320234
5252560234
2761070234
1156370234
0027570234
7260201234
4311131234
3334312234
6422552234
2502062234
5645672234
7317133234
2642743234
7507714234
1046444234
4013364234
2312615234
5574135234
3421245234
7475445234
0166445234
4635406234
1376606234
2065256234
0167666234
4501076234
5666737234
7756647234
5512457234
2224120334
4005170334
4526611334
2346431334
5452371334
0717412334
3372712334
7170622334
3155342334
3662623334
1665333334
6351643334
5737253334
7226563334
1310404334
0123134334
1551734334
5335644334
0557545334
3747055334
3173265334
1776665334
2077306334
6243746334
1574456334
7614766334
7441476334
0464517334
0433410434
5617320434
1051101434
7765211434
1423541434
2470061434
2037722434
5271532434
2753542434
6501652434
3643013434
6060133434
0254043434
3530353434
2302004434
6174404434
5005544434
7612654434
6331174434
0155255434
6356416434
5166126434
4052036434
3402436434
1516076434
0416107434
4677417434
4622227434
3721737434
6347667434
1010510534
0131330534
7275440534
4107311534
0740151534
3573761534
3246571534
4210222534
1106422534
0672772534
5530323534
2100143534
1434753534
0762563534
4542663534
5263663534
6275073534
2050214534
0355724534
7044064534
4443474534
6624605534
6012306534
4557136534
5604376534
1752207534
4061027534
3056427534
5474047534
7133757534
3355377534
6645510634
3656450634
6452060634
3514231634
4361541634
7613751634
1630361634
4403702634
0545312634
6271222634
2121532634
7062172634
0502523634
6240453634
2211304634
3737614634
2567364634
5171174634
3003105634
4124215634
3734725634
4377255634
7433375634
5236126634
3265736634
1322456634
4726076634
4112376634
4434667634
5500077634
6407320734
2551620734
7076150734
2116460734
1764401734
5631601734
1677621734
2243351734
0430771734
0216052734
6464362734
0307072734
7601203734
4002513734
5527224734
7004454734
4146754734
2356374734
5765525734
1641435734
6315345734
1072055734
3130216734
3267026734
4213237734
7132537734
0025047734
4621167734
7174510044
1661020044
1404420044
1056130044
6430330044
7507301044
2207151044
6660761044
7230602044
5752242044
6301762044
4324272044
5013113044
6342314044
4764134044
0011734044
7100574044
3617235044
7252445044
6067255044
1146655044
0542675044
0725006044
4130146044
5145756044
2575076044
2613176044
5614247044
3433067044
7753767044
3313400144
0442210144
2644501144
5276041144
2516522144
4543072144
7263423144
4477453144
1174763144
4360273144
4303304144
1530214144
7215434144
7170654144
5407315144
1751525144
6422335144
3375126144
7604236144
1033446144
7716656144
2564566144
1177766144
2405347144
3024157144
3242767144
1525300244
3231730244
4670440244
2754021244
0355231244
6001331244
1172531244
7403251244
2173302244
0047562244
1612072244
5301623244
6725543244
7761553244
3634573244
0617104244
3220204244
2602134244
7322144244
1054774244
5367005244
4070705244
7537415244
5476556244
6215117244
3551217244
6436717244
5247137244
2001510344
5312610344
5600411344
6225421344
4434721344
0712551344
4152161344
4213661344
1356271344
7040771344
0354102344
3705332344
6646342344
2161313344
2743733344
7115253344
7467163344
1745173344
4026204344
7771404344
2035024344
6157354344
6273074344
1543505344
2134035344
4411055344
4714565344
6320366344
6057776344
0330137344
3250547344
7052577344
7773700444
6333220444
4356530444
3075070444
4510170444
0074611444
7741341444
0260671444
0234303444
3345603444
5554753444
1421254444
5262554444
1037364444
1666564444
6702664444
3654665444
2546116444
7332516444
0100736444
2227276444
3776476444
1114627444
5527447444
2162477444
5444477444
2437200544
4243630544
7565340544
4006640544
6647150544
2625660544
2022401544
3327111544
6352541544
1326351544
0410242544
2635452544
4011762544
5663172544
1662603544
2557713544
6016433544
6673263544
5434234544
5421544544
7705215544
3523515544
1251365544
0142026544
5223056544
5116366544
1415676544
4146407544
1767017544
0657357544
0231420644
3724040644
2040260644
7536560644
6561470644
6457601644
5255511644
3060321644
7430031644
4201412644
2633022644
5502132644
0524742644
5027672644
1400113644
1247743644
0475124644
2370264644
5716705644
4045525644
6103345644
0720675644
7421006644
3644656644
1252066644
5747266644
6062207644
1277617644
0673637644
2315047644
7772367644
5131767644
5053320744
4443140744
2760350744
3505561744
3766202744
6131012744
4167642744
1224572744
0104103744
4733613744
0026623744
2655063744
3232173744
3160034744
0347244744
3214744744
3141225744
7676425744
2362745744
5330155744
0065465744
7540636744
4425636744
0571266744
5200676744
7410727744
6506057744
6077167744
2766700054
6226050054
0505150054
6437670054
2424211054
1111411054
6744741054
1615651054
5102361054
0346412054
2242422054
7166032054
2453052054
4267103054
7331443054
5723514054
4521624054
3025074054
5550405054
4703415054
0741235054
6110635054
0520165054
2255516054
4110716054
1041326054
7234266054
3602776054
0006507054
4467507054
5175147054
1637747054
0665500154
4067310154
7606020154
0771440154
3234321154
6754551154
5460461154
0143271154
0512512154
7035122154
0254732154
6202372154
5076203154
1653123154
6076133154
2054453154
6450204154
4711614154
1537054154
6027554154
1262635154
7712345154
7675645154
5607665154
4046765154
5326726154
7044736154
2162076154
4301017154
2236367154
6610477154
6505430254
5614550254
3540760254
7572270254
7513401254
2027732254
6377442254
0330452254
4566552254
4031662254
2024662254
6132623254
5533333254
4442444254
2204764254
0651274254
7767374254
7264315254
0213025254
3722135254
6371506254
3052116254
0103316254
7474507254
2357327254
2240637254
4325157254
2076677254
1476320354
2511360354
0675311354
0707702354
6730332354
6265752354
3661572354
7547023354
3144443354
0523653354
2632663354
5152604354
5616214354
2173544354
2000274354
1303125354
4532735354
5270145354
4127345354
6050075354
5772026354
1727146354
5033017354
3330057354
6702067354
1065667354
3473630454
4140160454
0563001454
3432121454
7201521454
0332731454
4016461454
3433202454
6217342454
3344542454
7626252454
1350563454
0313763454
3203673454
2271773454
0724424454
5700054454
1623005454
4451305454
2770315454
7157715454
7245135454
3063355454
5416575454
1436026454
6515266454
0160227454
4505777454
4341200554
2502540554
2734060554
6163570554
6122641554
2176751554
1743302554
0462042554
4450362554
4075572554
3237613554
1525223554
5157033554
2313333554
1713624554
2561434554
0042744554
4222154554
3636145554
1517545554
2435265554
5447406554
3711256554
2521756554
7756166554
6304137554
5620647554
5764267554
1411177554
7360110654
1465230654
3601640654
6172150654
0327561654
1707271654
1357302654
2072012654
2745222654
3221403654
6604713654
7216543654
4204053654
0753173654
1520734654
5235254654
3406354654
1026435654
4264175654
4612126654
4344036654
0674446654
5225307654
0130607654
3157537654
7441657654
3773467654
5221010754
2352230754
3114150754
0146560754
0145521754
4037231754
7620531754
4454041754
7332371754
1506612754
3513622754
7273772754
2410643754
5244553754
3240263754
1374614754
6644224754
3355705754
7570325754
6131465754
2147175754
2010106754
6754636754
0062656754
3546307754
5475717754
1462457754
1340040064
0513250064
7165770064
1363101064
3724301064
5641531064
7252751064
3133461064
2336312064
5517712064
5704132064
1053462064
4172523064
1407263064
6051663064
4416204064
0124074064
7466525064
5357625064
0035635064
4265045064
6133136064
0246376064
0260417064
4447027064
2671157064
5401357064
1567577064
5327160164
7574070164
7543611164
2136221164
4536141164
0001171164
1413312164
0765642164
3000252164
4702552164
3757472164
1541103164
1224313164
2203633164
2733063164
6314634164
6033244164
5144344164
0415064164
1666715164
6175435164
2650575164
6707516164
5034616164
6227237164
0155147164
4035000264
0400320264
7353520264
1032340264
3436651264
4354432264
2024533264
6747253264
7100263264
5346763264
5412273264
4641773264
4310514264
3730724264
1775234264
6237074264
3633715264
2615525264
6474245264
0344455264
6661265264
3456706264
7517336264
6702446264
2152656264
3560466264
1720276264
5203127264
3167527264
4276727264
2127410364
4163510364
6715120364
4262460364
5731711364
2634541364
3070451364
2440112364
1076472364
0654203364
5230503364
3420743364
2545704364
6504534364
3361644364
6246564364
3653255364
7307675364
6732006364
4154226364
5555046364
7064246364
4101056364
7663056364
2363676364
4342307364
0723347364
1314757364
1356367364
5110600464
7251410464
5067730464
3245470464
2527131464
0075461464
3616512464
3304022464
2606642464
3057052464
5375362464
1100372464
7477213464
2515453464
0556324464
4734624464
1454144464
5701105464
1135505464
5361435464
6224755464
7522065464
7645726464
0621636464
4343246464
3033366464
0472576464
6766447464
7137457464
6013277464
6341040564
1234760564
5733031564
4662331564
0353441564
6547202564
6052122564
2421422564
0730742564
4776113564
7435673564
3474424564
0706034564
2017644564
1276254564
3277305564
0602715564
2020055564
6473775564
4564706564
1171016564
4275326564
7125546564
7515176564
6530327564
3542737564
3045467564
4526377564
0135210664
3762220664
5503450664
4116060664
2623370664
6626211664
1211021664
1305731664
4500241664
5064151664
6317351664
2537271664
0134512664
7601422664
7610303664
6456113664
4022613664
1206343664
0437553664
7062504664
0670704664
2240114664
5450634664
2551155664
5523436664
5465566664
2705607664
0372027664
3573227664
7050767664
4420400764
4210540764
7663640764
4711770764
5572101764
3061241764
0267061764
2431132764
6670052764
5727552764
7314462764
7126172764
0163703764
5672443764
3157344764
1123264764
4635374764
7444015764
5255225764
6570735764
3012365764
1645316764
1304526764
2251007764
5556577764
4132210074
6605221074
5313331074
5463431074
0122322074
7672572074
6035313074
2454123074
3616323074
5774653074
3462753074
5603404074
2060624074
1407724074
0223134074
3566264074
7150005074
6531115074
1704245074
6640345074
1333565074
4764665074
1514306074
0305306074
4077036074
6736046074
3345666074
3211576074
1322437074
7043147074
3622620174
7553140174
2012760174
2651701174
7661611174
3406631174
1535471174
1171671174
1167132174
5431042174
3014642174
6045313174
4446323174
3561423174
7575553174
7154373174
0155244174
0671354174
4376064174
4220164174
2456105174
3660315174
4323725174
2254036174
5342156174
0420456174
7447176174
4730507174
3106217174
6332717174
0644567174
6270610274
4250720274
0066311274
0377741274
2110371274
1246222274
7535742274
2476162274
0473713274
1504023274
3302243274
1003673274
6550124274
7166054274
6522774274
2063535274
5725765274
4656475274
0146106274
6627026274
4014426274
4731536274
5262346274
7664417274
3467637274
0144747274
0735057274
3121177274
3354210374
0272430374
2755740374
4544250374
2460550374
7361001374
7055531374
1572041374
1114161374
5022261374
7021322374
6477142374
2306552374
3233562374
0511662374
5306513374
6734473374
2425014374
6517714374
2022564374
5253774374
6763105374
3116635374
0036275374
4673306374
1270726374
5511707374
0311227374
4607537374
0215577374
0453400474
3107500474
1544330474
2726301474
6612031474
4753231474
4304361474
5350671474
4212702474
0025142474
4133152474
7742662474
2647203474
1152543474
6226643474
5365073474
7415544474
3143764474
1247415474
5632745474
6651316474
2365126474
1203366474
4457276474
6635417474
4561517474
1070257474
7066377474
6400000574
4633610574
2272620574
5001230574
7426740574
5337470574
1047701574
5137521574
5345131574
7765351574
3313551574
7570402574
5375012574
6713412574
5020332574
4204142574
0261153574
0120463574
2774004574
3541044574
7323274574
7414625574
2730435574
0507635574
2226555574
1165307574
3770127574
5642537574
2614200674
3515310674
1032160674
5241460674
2237641674
0124071674
3455171674
3623702674
3340422674
1460542674
1751352674
1327603674
0566723674
7232233674
0013053674
4070563674
0117214674
7243024674
1714334674
7057154674
3432605674
5470235674
6152245674
0601755674
2507465674
6011716674
1463236674
7725636674
2151466674
5546017674
5767117674
6354577674
7323030774
6776230774
7205360774
5421570774
3451511774
1436711774
6703421774
6425251774
0050402774
6142112774
1610462774
6620153774
4105653774
7717063774
2341373774
5104704774
3645134774
6706674774
3004715774
4552025774
5253206774
7116416774
1061746774
2532456774
6567276774
0772317774
4745427774
5656137774
2534647774
3661730005
4467240005
1114460005
3037670005
2616401005
7040211005
3175721005
0424012005
5365153005
5752604005
0257114005
1666224005
7617524005
4551474005
5543035005
2727735005
0753145005
4422165005
6070365005
2442575005
0460775005
6745306005
5773406005
5306226005
6376546005
1541627005
6331237005
5400657005
2061140105
0200240105
4340640105
3120260105
4256701105
3560611105
4345371105
6132202105
5653652105
2546262105
4357662105
0126372105
4032223105
2100523105
0433733105
6406653105
6373363105
0310663105
3311105105
7704305105
1271525105
1744245105
3027745105
0354126105
2235136105
1465056105
6257076105
2606717105
3777457105
5525077105
7075510205
3363230205
5455330205
7566060205
3401501205
1622601205
2334011205
3760031205
4741442205
6162742205
2226462205
7734143205
1210253205
1506414205
6447224205
6750534205
3224754205
6635754205
4403664205
1145625205
2674635205
7146746205
0001256205
4120307205
5510047205
0332520305
6627640305
3430460305
6271441305
4004051305
1115261305
4440032305
6577732305
2733552305
7211172305
4543103305
5614603305
2705113305
5160573305
1167004305
7337634305
3343744305
0743064305
6746705305
1121045305
6252255305
0355075305
4055106305
7124116305
6033416305
2570126305
0427426305
2010146305
7136027305
7471367305
3344367305
1532177305
6574100405
4121610405
3030501405
5672351405
3516161405
7143471405
2772002405
6410722405
4443323405
5245763405
7010073405
1231373405
2451714405
2674024405
4327354405
7475174405
0044574405
7605705405
5213045405
0062665405
1660216405
2565736405
1754346405
6156156405
0277017405
5357127405
4106037405
6663347405
2625547405
6715100505
1252410505
3234220505
6602170505
0167111505
7454551505
5264161505
6511212505
7367532505
2503342505
5304562505
4434423505
4714233505
3046353505
4236404505
7225604505
5142254505
2026564505
6376025505
0641165505
7721626505
3525436505
0512066505
1076766505
4242076505
1017407505
0420727505
7343737505
1323177505
2617777505
2260320605
0777330605
2541650605
4357770605
4146121605
0705421605
2473031605
7550341605
7263641605
6066012605
1043132605
6424142605
7022552605
5007372605
5531523605
4651433605
1537343605
6223573605
3612314605
2750264605
5546605605
0321715605
3102025605
0406565605
6501406605
1714776605
7463507605
5436417605
4271157605
7332457605
4744500705
0647450705
2230211705
2056641705
5317741705
7716371705
4513571705
7031702705
5101712705
1370242705
4665062705
5515403705
0772703705
2574213705
5603133705
0674053705
7127663705
3457273705
3000614705
5763424705
0155234705
4536715705
5720475705
6034675705
1153506705
3721166705
4142376705
3654327705
1204627705
3272537705
2362557705
3245100015
0414640015
5537150015
5301370015
7227301015
1632541015
2217261015
4562402015
6350112015
3726412015
6054722015
1415003015
6401033015
4036163015
1477273015
3567324015
0115334015
7344074015
6673135015
1505755015
2232075015
2435626015
1364656015
7173266015
4320466015
0061217015
7276437015
5360100115
7333600115
4721710115
4173220115
0017420115
3402360115
1042201115
6670711115
6522021115
6124441115
7015671115
6437412115
6705632115
5730342115
3241633115
2754643115
7427024115
4515744115
6062054115
0352154115
2766464115
1455574115
7523215115
0660555115
6777665115
1557516115
6144326115
5151676115
2142617115
5250427115
7560167115
1645267115
4603477115
0346440215
2412350215
6651201215
1730411215
2545141215
5167351215
0210171215
1344702215
6101512215
1254032215
1775132215
3117732215
4425252215
3761323215
5073043215
0506243215
0140553215
6266773215
7752724215
7671405215
5737505215
7313525215
7452635215
6514565215
3064106215
2556406215
5647436215
0722736215
1233646215
6300227215
3741577215
7647310315
2273750315
4753121315
7761231315
3577561315
2466512315
4620172315
1541272315
6707243315
3332473315
0560004315
4030614315
5501424315
5416554315
5623764315
2162374315
3155515315
0204335315
0020455315
5116316315
6042126315
3651046315
2237356315
1376666315
3026007315
4551637315
5461147315
2313667315
6162500415
6636010415
5004210415
3645411415
4461331415
2627012415
0772232415
6237432415
7454052415
3200272415
6016213415
2576523415
5625233415
7713143415
0106604415
7352344415
6721674415
5715755415
5636065415
1156175415
3443775415
1463026415
4674536415
5724566415
3251776415
2407107415
3074427415
0134527415
2010237415
4535547415
7032767415
2003300515
2221030515
3316240515
1133340515
6065760515
1103411515
5102441515
3452751515
5443702515
7174642515
7750452515
1767562515
4651313515
4250143515
5433553515
5554204515
2325504515
3372614515
4635205515
3543115515
4744055515
7330765515
6317176515
0475376515
0262227515
1611757515
4124777515
6434300615
7746120615
1427130615
6470460615
5314411615
4606151615
2351061615
5242642615
0553762615
7244403615
1520533615
3133273615
5657424615
1071034615
1012635615
6557355615
5772275615
7401316615
4217626615
4765546615
3035156615
2600366615
3363127615
0375727615
0157447615
4023067615
4446577615
3750600715
6243250715
5107060715
3722211715
1265711715
5336531715
0522641715
4434161715
1213302715
7063502715
4645542715
3564152715
0677162715
0044262715
7554613715
3547713715
2135453715
3006463715
6161563715
7210114715
2272224715
4274444715
1170354715
2325325715
4066235715
1302706715
1510726715
7611656715
2513117715
2742027715
4300737715
6571077715
6446000025
4365020025
0523520025
4216011025
0021021025
4270131025
6025531025
2372341025
2054451025
1571761025
0175471025
5273322025
3137552025
6710423025
1323743025
1642363025
3630244025
3701354025
1672554025
1461664025
0306035025
7545245025
6500375025
7670006025
3457216025
4765676025
7352507025
5104507025
2613000125
5542460125
3423401125
5211601125
3662121125
2002761125
6604571125
3233112125
4027622125
2464532125
6455242125
6141133125
4756253125
1064353125
7777573125
1676104125
3524734125
5212574125
3645025125
1167465125
0554475125
3076526125
4740156125
0334256125
7222666125
4314407125
6437317125
5450210225
6123020225
1752050225
7513560225
5476701225
7300621225
3062471225
1000502225
0756772225
7203213225
6342033225
1610153225
2637173225
1724334225
0041344225
6014154225
5527064225
2165015225
4711235225
1225235225
4607545225
4334645225
0053155225
0654306225
1440726225
0145166225
2171476225
0442417225
2567557225
6463120325
5776530325
0235630325
3446750325
6103301325
4716051325
3415071325
5527322325
5350352325
2321703325
7474713325
3660433325
4203263325
1013514325
2244524325
4356724325
5073634325
4257105325
7117415325
5437625325
0046345325
6445556325
6712766325
4431776325
4235467325
0706667325
0612277325
7763277325
3152610425
7110730425
7621350425
1371450425
0567270425
4524221425
2657331425
3326651425
0733751425
1635602425
5041162425
3674662425
6251172425
2504703425
2000613425
6526613425
7366353425
6553073425
1106573425
5726014425
6067744425
4137264425
2413274425
3357405425
1572315425
5104146425
7555427425
4262037425
4505010525
5626440525
0670570525
5753311525
1216121525
7011441525
3261002525
4320142525
4144362525
7047072525
1435472525
0032413525
2662723525
3325253525
3707473525
0604104525
5340134525
6746305525
0266545525
3101765525
6773206525
2277616525
1315326525
7436036525
6540607525
7762137525
2770047525
6057067525
2761200625
3411520625
4074770625
7131511625
1443261625
1337712625
7666222625
4110142625
4534442625
3475303625
0117123625
1734623625
0135704625
4373014625
0007334625
5400544625
2622605625
6206435625
3704445625
6421155625
1105365625
5032206625
2024016625
6635516625
5351226625
0361146625
0272056625
5563656625
2561627625
7347337625
2624267625
6526377625
1250477625
5665777625
1554130725
7304040725
3531740725
7227150725
2253760725
1747631725
2506251725
0434361725
0722002725
4071022725
5775232725
3146432725
6060203725
0215433725
4451543725
5132643725
6641514725
0320324725
7143644725
4243705725
7035525725
5312755725
7504536725
6417636725
1753276725
6205317725
3005637725
4076267725
0310567725
0127100035
2205230035
7007340035
2522750035
4242260035
1151221035
0447731035
5111551035
3310751035
3704202035
3307602035
1014512035
7412262035
7233672035
4775772035
4717303035
4663213035
7644623035
4254353035
7300173035
0070473035
6204104035
0343464035
5075505035
5215415035
5761016035
1426336035
2464427035
0767037035
5006167035
1514500135
0714720135
5031560135
1324570135
4041001135
2666371135
2631122135
3352732135
7246452135
6071703135
5507413135
5473123135
0140404135
4406214135
1237124135
7031244135
3055364135
6362315135
0576625135
4751635135
5426445135
7577255135
2716575135
0622116135
0531346135
4415156135
7734617135
1172347135
6725567135
2053200235
1160410235
5565120235
3457640235
2720160235
7105570235
7333651235
4647161235
5101271235
0530022235
1702622235
6611442235
5763062235
4026072235
1022123235
2372463235
3715663235
4441604235
3276034235
0375735235
5040775235
3244516235
4572616235
6251326235
1131726235
1033637235
1344247235
4305357235
3306030335
1045430335
1566740335
3672150335
6347150335
0710350335
5274301335
4732521335
6640251335
3621371335
2652512335
5133242335
5367442335
0102452335
6147013335
3565263335
2575044335
0751144335
7056605335
6440025335
3033745335
4500465335
2711275335
2406775335
7725226335
0113536335
1604466335
4112017335
6253717335
1207377335
6215420435
1650630435
2247440435
4173441435
2201661435
5550112435
6006332435
3461052435
1750703435
3074313435
6402553435
5036653435
6626763435
2335714435
1533124435
7564634435
0315064435
2564225435
4341525435
3123345435
0330006435
5603616435
6774276435
4067576435
0603407435
5262707435
3747227435
2430547435
4160350535
0203511535
3365621535
6534431535
2615531535
1313071535
0227652535
7723403535
1501643535
1354263535
1422234535
1477054535
7636364535
6237215535
7420315535
4477125535
7652045535
2661455535
5526175535
4123606535
2147036535
0706446535
5054746535
3030107535
2215037535
0531677535
6362630635
7755001635
2773111635
6177561635
7517771635
7247202635
3665302635
1721402635
4165732635
2425462635
0434172635
0055272635
2156503635
4364133635
5417763635
6742414635
3545534635
4604544635
5320054635
1716254635
4127264635
7114025635
5130435635
6360145635
1203026635
6543356635
2025517635
5016527635
3451627635
7670747635
0775640735
0501121735
5722331735
0023331735
7226061735
5252471735
2220742735
4330023735
7031333735
3134733735
3446173735
2633704735
6027414735
1627614735
5366644735
7560574735
1160105735
7402225735
5614265735
6472706735
2446616735
2345636735
2354176735
7341117735
0526237735
6150657735
3553567735
6763777735
6753570045
1731131045
2453131045
5362271045
0600202045
2315602045
2051342045
1157662045
5257633045
0674063045
6022273045
5675314045
4436554045
5624125045
1440525045
7512155045
3612465045
3374775045
1132106045
2043716045
0406716045
7551536045
2202536045
3067446045
0063366045
4564317045
3205027045
1616127045
4722747045
0121057045
2174477045
6325777045
7472020145
7732430145
1675240145
3307340145
2504350145
4145550145
1302711145
4410051145
0601261145
5215022145
6012542145
6360262145
0073072145
0533043145
7620643145
5246673145
7056314145
3450764145
4161474145
6043405145
3463605145
0154415145
7465135145
4220535145
2572645145
4432365145
5430476145
5060227145
2331327145
6547737145
5117177145
5251100245
0660130245
2244211245
1417611245
6746461245
4270312245
0642752245
3502672245
6525703245
4014733245
7327363245
6007173245
6011604245
2421414245
2105444245
4557054245
0363574245
3436355245
7656565245
6704016245
0227026245
3326536245
3223456245
1477076245
0666607245
7053017245
1071117245
5032027245
3176147245
4237567245
4766410345
2034750345
5147160345
0532301345
7536111345
5541661345
2447402345
7623032345
0225162345
4375572345
7230323345
3176733345
6216063345
3104224345
0444634345
4765344345
1232154345
0576254345
5122564345
6163605345
1610345345
3770265345
1024675345
5201756345
7365757345
3513477345
2656677345
7416200445
1037170445
5310770445
5005401445
0177321445
3614031445
1723461445
5764722445
1346052445
1521003445
4677703445
0452223445
4412443445
7540504445
3031534445
7705515445
0473535445
2141245445
7101455445
2275555445
4231646445
3755566445
5342376445
4000127445
6357537445
3734257445
1163757445
0514610545
2302050545
1773160545
7224470545
4401670545
4613321545
3222231545
5510331545
0037041545
6135061545
7351422545
6575152545
1163213545
6767623545
0245173545
3700373545
1650004545
2706124545
1441744545
4772464545
1603635545
5066735545
1345465545
4321275545
6161506545
6632356545
3673656545
5533227545
1502627545
2130467545
0607700645
3425710645
6656320645
5536330645
3743340645
4050050645
3374601645
2160751645
5436262645
2110672645
0356413645
0671513645
4166043645
7751073645
2462104645
4063704645
7703764645
6235274645
2535305645
3707055645
6244765645
0515426645
2327526645
7152336645
1126246645
3074466645
7075276645
1664537645
6501367645
1235000745
5126700745
2072620745
6317030745
6413360745
5660021745
3054121745
7407541745
7706102745
1577632745
7113752745
5111203745
1735513745
6371653745
2017234745
6334434745
2211115745
2453325745
4317216745
6653146745
1562246745
0256746745
4645727745
5424357745
6420267745
4336310055
5277720055
2136630055
4620570055
0653661055
5635071055
2541571055
1003232055
4011172055
1266433055
3510043055
4163543055
7556753055
5415463055
2553504055
1774714055
0072324055
6226144055
2374105055
5231705055
3343615055
3267365055
6352026055
6607456055
1144007055
3522517055
7601647055
4473647055
5235377055
2047010155
5443320155
4413330155
1400730155
5355440155
3551170155
0157031155
4372431155
5771551155
3720771155
2570702155
3120542155
5176052155
4225413155
6346543155
3655273155
4567524155
2432044155
7503544155
7642705155
2030635155
1305165155
4404206155
0763436155
7251066155
2717366155
6003666155
1442307155
7106127155
5712210255
4202540255
6567111255
3010311255
1615531255
3735241255
1366051255
3216422255
5323132255
7446672255
0431403255
0273603255
7505363255
3424673255
5760604255
2670424255
3134064255
1036264255
5551715255
4561125255
6474045255
7220346255
2323276255
7601037255
6152267255
4657767255
2702177255
1645477255
0741070355
7025270355
3402621355
1121731355
0664141355
2407441355
0721471355
0015712355
6061222355
1555322355
0416132355
1774523355
5315623355
7617353355
1143653355
0301753355
5534573355
4776505355
2322455355
3025006355
7230506355
6520616355
0657236355
0000556355
4345566355
2267207355
7654217355
1340317355
7055337355
6534747355
1372010455
5165650455
0250360455
0403101455
0326201455
6425111455
6300741455
4553251455
2363412455
0203722455
3767142455
2420333455
0741463455
4263114455
6653024455
5371244455
7466444455
3505174455
0607215455
7024235455
7533365455
4414565455
6170475455
4737026455
7511636455
4042736455
1124256455
5632466455
5716337455
5051647455
7577600555
6236710555
3333040555
2704450555
4364301555
3646721555
2730151555
5122502555
3607112555
5134312555
3741762555
5240013555
4147113555
3171123555
7642533555
7563453555
3715704555
1140174555
5007274555
2074374555
6453435555
4015045555
0173765555
6715675555
7373106555
2117226555
4466346555
3160337555
5245547555
6275747555
4012657555
1726657555
1051700655
0224230655
1276670655
7762561655
4304622655
3532032655
6311352655
2731662655
0112743655
6730053655
5052163655
3500104655
0514454655
2255654655
1647564655
0540215655
5464025655
4613745655
2643355655
7367075655
0231016655
6134026655
5677346655
6115207655
7635117655
1432717655
7044427655
0047647655
1631320755
2364530755
6516550755
2114701755
6165211755
1050161755
0451502755
5731112755
6405522755
4247332755
7622642755
4150272755
0702103755
2723043755
1622073755
2612473755
7311004755
4122134755
3271254755
7745754755
0606774755
5177415755
3226225755
3007545755
0430655755
2460166755
5564476755
4153407755
0713627755
4516100065
2755720065
5570540065
7203670065
3566601065
5043251065
3132622065
3170172065
2742313065
2571433065
2163163065
5743173065
2105514065
6671614065
4636434065
1025044065
6665454065
3447474065
4101145065
4014345065
7766655065
2556065065
2220426065
3350336065
0715056065
5537766065
0241707065
6112137065
3213557065
7176767065
7421777065
6771300165
0476110165
0361760165
1706321165
7154031165
0710231165
1247141165
7743522165
4612622165
7205353165
4616663165
2223334165
0502444165
7063154165
5206265165
3112206165
4621716165
1014136165
3636566165
3735017165
2665617165
1633057165
2357257165
2030777165
4622000265
1317420265
3464740265
7134250265
2503731265
5623541265
5227451265
7512471265
4333471265
7465102265
3041322265
4367452265
7655372265
4404472265
1573572265
6355613265
0726023265
2033223265
3053153265
5005424265
1212564265
7314305265
5616315265
0131535265
1461436265
0070646265
2776356265
5411166265
6166237265
5744157265
6474657265
3370077265
1433200365
6150540365
1451211365
4077221365
4254271365
6724312365
6376022365
5602032365
7000162365
0455562365
5437003365
1454403365
0065503365
5056713365
2416343365
7212724365
7777144365
6301264365
2340364365
1742535365
0313375365
4175675365
6337106365
3266176365
2672207365
1530437365
6521557365
4644110465
3736620465
7502230465
6522450465
2315160465
5706770465
4151011465
3240041465
6232651465
5025632465
0317542465
5274462465
1175023465
2544673465
6001704465
7233034465
6630125465
1757745465
4070755465
6664075465
5117775465
1027306465
0166316465
4546426465
7440666465
3622417465
6344717465
1760630565
5307001565
4400501565
0575351565
2670661565
1061671565
6356671565
0164202565
4056502565
2644742565
3552523565
0374333565
0427053565
4107753565
0556463565
0743214565
6116624565
3627164565
4253074565
5131374565
0420205565
2032115565
2107655565
5412516565
4434036565
1247436565
5661527565
7701247565
5145210665
4637130665
0042740665
3013460665
7004311665
5434721665
0752541665
3471232665
2467252665
2272372665
6152472665
7345233665
4760733665
1605143665
5221243665
3511053665
5513004665
3264514665
6313724665
6300615665
1143155665
1325555665
0265465665
3641406665
3606706665
3756616665
7524126665
4757317665
3326647665
7461410765
4525360765
2441270765
1212121765
6274241765
5445051765
3473412765
4332142765
0656352765
6543062765
1331262765
7267323765
6637533765
2737504765
7557734765
1540454765
6460374765
0102015765
1416445765
3672555765
2065036765
7633476765
0737676765
0555607765
5123627765
1704067765
3507277765
2224310075
7036410075
6130720075
0040230075
7453250075
7767001075
3573011075
6260561075
4651002075
5461322075
6147522075
4516632075
7335442075
1640152075
4266762075
2311553075
0302673075
0322504075
7700434075
3154654075
6126205075
6771425075
1234055075
3743236075
5455346075
1214276075
4503327075
3402057075
0337167075
5646277075
3164040175
4256150175
0055751175
4273161175
4576071175
6411271175
3344502175
5462752175
4752362175
7634362175
1521462175
2200003175
0764213175
1336723175
1330604175
1710014175
6535624175
5667234175
2177774175
0537505175
5513465175
3603675175
0256626175
4570236175
6010246175
7264746175
2301476175
7315517175
5123717175
1456237175
3247577175
1113710275
2607630275
4026521275
7542331275
3521612275
5452522275
6475332275
5142432275
6362362275
4574203275
5410043275
3230763275
0412004275
5116124275
7257244275
4464764275
4705115275
3255425275
5321655275
2047665275
1763375275
7017706275
2632216275
0536556275
6236307275
2670737275
0643257275
3707310375
5427510375
6057430375
7471540375
1261450375
4723650375
2636070375
6645611375
0347721375
5130641375
2124151375
2740602375
0674422375
3014252375
6422072375
1377133375
7562043375
3156363375
7631104375
7507624375
2211334375
1011025375
2606145375
7574775375
4303546375
4665756375
6366407375
5754037375
3405137375
2061767375
3320220475
4731060475
0611370475
2231570475
6772101475
3717621475
3636241475
1404351475
0765571475
7276512475
0560612475
1205042475
1427772475
7151103475
3663503475
7322163475
3213304475
1642124475
6714324475
4110534475
4624474475
3334135475
7045055475
5422475475
2012446475
3547656475
1415617475
2145337475
0407067475
4366667475
5745700575
0155120575
2443060575
7176211575
4371732575
3103052575
6565052575
2736272575
2552772575
6627303575
1456603575
3410113575
7001723575
5023533575
6044443575
4065444575
0560754575
2054515575
3732345575
5474675575
1350416575
7162426575
6205736575
0221566575
4000376575
3037717575
6073557575
7214167575
7442177575
0303400675
5074110675
7675060675
1502260675
0246131675
6523241675
0425641675
4667451675
4053622675
4670262675
0421272675
0362313675
2405223675
4542173675
4141324675
5631034675
3356574675
1100674675
6615105675
7250715675
2053425675
5720706675
6174636675
1775207675
2410017675
4527147675
5701547675
2216757675
0653710775
1027040775
5740560775
1066570775
2037421775
7470431775
4102761775
0261612775
3075342775
4202403775
5752453775
1673563775
4214673775
0024104775
6433344775
6371154775
4207654775
3016064775
5375664775
5577174775
6657015775
2526545775
7340275775
5541306775
5644046775
3600056775
3115076775
5052307775
0711447775
2113020006
2277230006
1754070006
3232122006
5333742006
4341252006
4053362006
7605662006
3770762006
1024672006
1411753006
6530273006
0162514006
5710024006
1325724006
7451144006
5045735006
6017655006
1505116006
7246316006
5374036006
7156436006
2024666006
3614576006
1213207006
3720607006
6141427006
2452420106
2751030106
0105030106
1164630106
2636340106
4336160106
1611360106
4510401106
6003521106
4770541106
5472661106
0517702106
7314112106
0137362106
1445572106
2473772106
1512003106
0765733106
7661173106
0276273106
3173114106
5420134106
1737644106
1101754106
6554335106
7324455106
2677726106
1052736106
5267566106
5711317106
3410227106
5207710206
0256550206
0335321206
1657231206
0140241206
3231361206
6326671206
3036502206
2747312206
2460432206
7573723206
2123253206
1625563206
6075304206
5601024206
4064244206
1474574206
2511774206
4164005206
4720625206
1612145206
3323365206
1633006206
4327506206
5551376206
5135107206
5447247206
3762057206
7233677206
6342110306
0066210306
4223340306
0345260306
7371201306
7434221306
5443521306
1527331306
3255051306
6402402306
4050412306
5106662306
4461613306
5453243306
2652373306
5524614306
0232044306
2564415306
7042055306
5003355306
6717575306
2132606306
2501646306
3160756306
5044666306
4616276306
7075776306
4572527306
6721037306
0573137306
1436400406
0535610406
7424320406
4145740406
6144050406
4314221406
0211531406
2560371406
1466622406
1607752406
1157262406
3041623406
0005063406
4362463406
1070144406
6462244406
0660054406
3731415406
3263135406
3547075406
5755446406
2743166406
3103607406
4437757406
2027267406
6471110506
5640760506
0567401506
7423561506
1507412506
1131552506
4202652506
0723072506
5227423506
6220133506
6114543506
3676643506
6333473506
2675314506
3350674506
6665674506
1274715506
0640535506
7726245506
4465755506
5061326506
0073446506
2453056506
7712507506
2154707506
4006137506
1360447506
7513420606
4504370606
2250101606
7776451606
6662761606
5701071606
2076071606
5111032606
7504603606
1155013606
2743713606
3244204606
0327044606
4613154606
3421454606
6020464606
2725005606
7566205606
5634515606
3556725606
4455645606
0222775606
3430316606
6732226606
6522666606
0403176606
6347437606
0766167606
0522120706
1763720706
7632630706
1042111706
4625121706
0734441706
3002741706
0377351706
0234452706
5576752706
6070203706
1300303706
3507113706
4745033706
2335533706
4133204706
2707234706
7047344706
6266164706
2661005706
7170505706
5072435706
0406365706
5353175706
6250016706
6445707706
5620517706
4543617706
7436137706
3315357706
2131267706
7500467706
6672450016
3060650016
2650770016
6765101016
5140301016
6033311016
3604311016
1220611016
0004151016
6442261016
2352612016
6103562016
5326562016
5354013016
7607523016
4011723016
4345133016
4700704016
5567124016
6363144016
2317454016
1713635016
0172045016
3166545016
5553606016
7430517016
3055447016
3531177016
3024030116
1401440116
2055560116
4764211116
7613531116
4631641116
7136741116
2563451116
2234502116
3671012116
1756712116
6567672116
4246213116
5613263116
7157763116
0410673116
1735304116
6240324116
4543534116
1023664116
5332245116
4171165116
1125275116
7272106116
4356356116
6741666116
7341007116
4066127116
6577247116
5422010216
1516130216
2703240216
6330060216
6653411216
1373751216
6624202216
5342622216
0265342216
5242162216
7044513216
3146223216
6477423216
4521453216
6205673216
0051524216
6327564216
0133615216
3712765216
5320406216
6415606216
2601516216
7030426216
2324337216
7100357216
3461467216
7745767216
5776077216
4047277216
0450200316
3517510316
4104430316
5715540316
5234170316
0366501316
4757111316
7534002316
4121322316
3720522316
5066032316
7417332316
6214413316
0732123316
2550063316
5571563316
7251673316
2473224316
2665734316
7167554316
4777764316
2476655316
6560675316
4344775316
1135316316
6071436316
1540746316
7003717316
1622147316
6363547316
0757000416
2545320416
0373230416
7216760416
1370571416
1301122416
2142422416
7663352416
5522303416
4400403416
3751513416
5361733416
1111404416
1224264416
7622474416
3432674416
4375005416
0564115416
3050235416
2404555416
2435175416
3610106416
2006536416
2212346416
4636476416
0167476416
6551107416
6656627416
5026157416
0311300516
0545500516
5323650516
7463070516
4443411516
2216321516
5075421516
2737631516
1014751516
2010062516
3323162516
1236043516
5104253516
3306004516
3515224516
0430134516
1505364516
7516035516
3405145516
0257765516
2622275516
2062206516
6526706516
0603026516
5135726516
3232336516
7542256516
0615466516
7227727516
3174657516
0742367516
2620610616
4002020616
0731250616
0427221616
5505551616
6241271616
7436212616
7720232616
5037042616
1247052616
0642003616
2077703616
1361423616
2774433616
3203653616
5446063616
2355173616
5744604616
7131144616
6303274616
4505445616
6654155616
3014375616
3476746616
6720356616
2145456616
2235217616
5552417616
4262437616
1071310716
3340420716
6056070716
7360651716
0624661716
0575602716
0217532716
1704642716
6421742716
4114062716
4703372716
2425213716
0311253716
3673373716
1404573716
5632714716
6103034716
6740144716
5441405716
2074125716
5533365716
7155626716
3464236716
3524046716
5162576716
5067607716
0606417716
1147137716
4252547716
6456357716
6736267716
7745210026
7062720026
3211130026
4672170026
5612421026
0253371026
7100422026
4405232026
2646242026
1506072026
6731772026
2350213026
2035023026
3045704026
4601634026
3713344026
4440354026
5015174026
1224705026
6050615026
1531435026
3302535026
7473555026
7404065026
1161375026
6374316026
5707626026
5663046026
0116266026
5245017026
1176217026
0344627026
6427347026
5256657026
6502200126
4147110126
5365330126
4205721126
1244431126
1437151126
3574651126
7554261126
3125312126
6712032126
7621543126
3005473126
5331404126
0414254126
0352064126
0231764126
2612705126
4436635126
4170026126
6766426126
5021276126
1646376126
5544727126
0376537126
2207147126
6372677126
4063777126
3775720226
2271330226
3217660226
7666311226
5702431226
2035671226
0374512226
6443612226
3355042226
4221172226
5751103226
2560123226
5575453226
1630653226
1433324226
4466344226
7610454226
1311015226
0350425226
3573665226
0767016226
7422316226
6157536226
6301156226
4312466226
2632707226
0575737226
6000757226
7163367226
6273500326
7720530326
1413730326
3307640326
3057601326
2647041326
6430441326
2136442326
5770613326
2222253326
1034563326
7102173326
4222114326
0677414326
3205124326
2140724326
0765605326
5147235326
3734145326
5550055326
0623716326
2013236326
1275546326
2455166326
4557476326
0121207326
1700217326
3641337326
7515647326
4037257326
7630367326
7230140426
1053440426
2314201426
1601011426
2152111426
3700361426
0577122426
0470462426
6667462426
7653633426
0000343426
2531304426
5766504426
7270624426
0506154426
4125554426
0155125426
2673225426
1246675426
5413526426
1724636426
6336566426
3044276426
5146007426
5263417426
4617037426
7751257426
3562357426
6310710526
2472140526
5742150526
1667250526
7137370526
6210001526
7034431526
4546761526
0532542526
7406752526
5316172526
4644303526
4260513526
6513153526
3461263526
3577214526
1154724526
6656234526
1052644526
7074564526
6022325526
1066525526
5244745526
0201406526
2770736526
7561766526
3426567526
5125477526
3120000626
4326620626
0511040626
2232031626
4311341626
5023051626
5347461626
2103102626
3454412626
1777522626
4461572626
7352013626
4016713626
0162233626
4524743626
4733663626
6467114626
0070035626
5266255626
0623475626
2515506626
7065166626
5771666626
2137076626
4774217626
7442527626
2017547626
1264767626
4360277626
5655500726
6101720726
2726470726
6524101726
2461121726
3537521726
0103621726
1112651726
7222022726
4570132726
2347662726
7552272726
0056143726
0762443726
3036053726
5407773726
6511424726
2246544726
2023554726
2610364726
4377174726
0174774726
6777405726
7012515726
6745355726
6664326726
6723546726
1320766726
7231500036
3506330036
4622350036
0465160036
6041070036
3036251036
7052071036
4564771036
3137002036
0627362036
4527372036
1552103036
0746603036
5070313036
7064243036
2125643036
1717153036
4514524036
1130234036
2671664036
3174325036
2744045036
4313145036
6477116036
7213736036
6315736036
5451576036
0602637036
1673757036
0510667036
2460600136
7146230136
2527321136
7421241136
0151451136
1262551136
6570261136
5454522136
1542342136
0201023136
0635323136
5762073136
5057004136
4422704136
5216644136
2775554136
2226015136
5060345136
1317065136
3270475136
3746706136
2314416136
2303246136
2650056136
2664666136
6035137136
4117647136
6535540236
0643640236
2431150236
3420301236
4475011236
5766511236
4742421236
1106661236
5200532236
0013752236
6363003236
4650333236
1164144236
3005754236
1741564236
6607605236
0115025236
1405425236
2016735236
3544355236
7540165236
5345306236
4303726236
6534236236
5112046236
0620117236
4171457236
4215277236
7457777236
5171710336
5340420336
7753460336
1613301336
7122701336
6733021336
5243151336
3647532336
2762632336
1567632336
4514552336
1355652336
5054752336
6240362336
4342272336
3712423336
0324073336
0530573336
6606544336
7260064336
4330105336
0007225336
6635355336
2437765336
7354646336
5526266336
2051537336
3543057336
1404177336
4763550436
3532270436
1065670436
0542241436
0124761436
4074602436
5007432436
0110632436
7675172436
3323572436
1242772436
2447513436
5631453436
1256453436
7527034436
7703334436
0476344436
7215305436
4523435436
6757165436
2255706436
7126126436
3511746436
4032366436
1046067436
4451267436
5734377436
7336477436
7404100536
2066400536
6552610536
1025220536
5707170536
0072011536
4735111536
3141631536
6701451536
2425371536
6257502536
7021712536
3176532536
1676503536
0377233536
3157153536
6221214536
4366714536
4417544536
2533474536
0342305536
2334605536
7665715536
1463736536
4555566536
1770376536
5473207536
2333117536
3721127536
6614037536
3267747536
3300410636
5625230636
4433540636
5515760636
4102201636
7067441636
5563212636
2750722636
4276442636
1231713636
6410373636
7372324636
3644434636
3156244636
0153064636
2064674636
6341505636
1472215636
6161645636
0704506636
3535026636
0047126636
7460656636
3331066636
6006317636
1650027636
5443337636
2202157636
1310567636
3122577636
4476020736
1561050736
7362250736
7260660736
6556431736
5750241736
1614171736
0011571736
7415402736
6356222736
5601142736
3711272736
7116313736
0244713736
1223433736
4134463736
5173373736
3222604736
4365414736
5373514736
3261325736
6432525736
4657725736
2204235736
3013126736
1237256736
6670456736
7774527736
2105757736
4673067736
1001600046
2527140046
0226060046
4115370046
5212670046
1465001046
4302031046
6576631046
1072402046
2766012046
5241472046
5120563046
6054004046
6237514046
2264714046
4507244046
1666474046
7326305046
5773255046
6735565046
0722416046
0270226046
7210446046
3622056046
2757756046
7447666046
7623227046
4123437046
4274120146
5377620146
4233070146
5046131146
4427731146
0727371146
3416471146
5676402146
3055612146
1010432146
0367352146
6107003146
5423703146
6304223146
3564543146
2042653146
1566363146
7647224146
2351144146
3716254146
7500715146
0623425146
2471235146
0025506146
7313626146
3640166146
1703157146
1255457146
6737340246
0024460246
1541721246
0426141246
1204541246
1352402246
2211702246
4737122246
4636262246
7162403246
2414623246
7770033246
3443133246
3033414246
3752334246
4253634246
6460535246
7527655246
6176175246
5704475246
2740206246
2322116246
1524316246
6042436246
1174266246
7566576246
3166327246
5354467246
3246510346
6621720346
7716040346
6420251346
3337551346
2605361346
7217461346
3623202346
0062772346
5327023346
4275633346
0111143346
6352743346
5776353346
0163763346
2536604346
0674114346
5412234346
7234354346
3310074346
1063115346
4555225346
3342545346
1452365346
1011016346
2406326346
0133656346
2243376346
5400707346
7457127346
0114247346
0351567346
5245110446
6261230446
3541430446
6774740446
5452550446
7655601446
4572701446
4256701446
7725711446
5316141446
5334051446
6513312446
7135222446
4420042446
4153762446
0413503446
5617613446
2605473446
1272734446
6445064446
4702315446
3262025446
5150325446
4371146446
3030646446
1644456446
0707666446
2523067446
6307377446
6675577446
1736020546
1127730546
2210550546
3113211546
2763541546
2151071546
3132171546
3761302546
0177512546
0553632546
5162342546
4375062546
6724662546
1070323546
7340653546
7535034546
6043674546
2346415546
0731725546
5232165546
5355216546
4716526546
4200176546
4012007546
2602527546
7271347546
0304277546
0046777546
7011100646
7607060646
4640011646
0706731646
0615741646
7212261646
6144122646
1264332646
6506532646
0356632646
5263103646
2055333646
5540443646
3135543646
3001263646
0361614646
5765624646
7177634646
7326774646
2100615646
6612255646
4667365646
1421665646
0637736646
6403446646
1060176646
7153776646
5631307646
3712117646
7474057646
1532577646
4151210746
0560520746
3152150746
3474560746
7370760746
2017570746
3630401746
5154342746
2065252746
2654403746
4541333746
1757204746
1363134746
0522334746
0741654746
6117764746
7637045746
6567045746
1515175746
7203775746
0445016746
5006016746
6533216746
0333007746
4031427746
3345247746
4621557746
7464677746
6164430056
5702640056
5040450056
3404711056
1357421056
1573341056
2251541056
0616022056
6160152056
0444352056
0541513056
7075633056
4615053056
2367363056
2202463056
6471663056
3723224056
0263034056
6506725056
4132655056
0247565056
2600275056
0454275056
4530016056
0576746056
7527576056
7611117056
7307767056
3206077056
6755377056
7750350156
6343750156
6425660156
7061701156
5327121156
1507102156
7203602156
1075512156
0132722156
6562532156
0340172156
5114772156
6465723156
6614043156
7132414156
1200514156
2415124156
1430515156
5652615156
0111155156
2153565156
0077475156
5251126156
7321336156
7705046156
4622266156
1561207156
3555627156
3766237156
4742147156
0034067156
7647100256
2533510256
5673030256
4745750256
4400270256
2565670256
5274641256
6021051256
2462351256
1365512256
7711022256
7277252256
1672762256
1250223256
2550743256
4317573256
0237104256
4133134256
7304734256
1756005256
7355215256
6121575256
4164716256
6676336256
1455746256
0720456256
5743576256
0517327256
6224527256
3101647256
3477000356
2034110356
3470140356
3545101356
3603731356
3773671356
4236642356
2571152356
3504062356
0403313356
7426433356
5040533356
5667743356
4453004356
5364304356
6170214356
1002354356
7331754356
6512164356
6216305356
3261425356
5425535356
1100676356
1116707356
2743447356
6046167356
6023100456
3634710456
4057320456
1312520456
0222440456
2366050456
7461021456
1015331456
2636551456
5361661456
4001202456
7054532456
2256472456
1737113456
6134333456
3372153456
1560453456
4754173456
7347734456
0635544456
6213654456
2427605456
6327015456
5107245456
7776065456
4641606456
2330356456
6100107456
5576417456
2075027456
3650300556
0104520556
0775101556
7140021556
4527041556
5642212556
5530622556
2625132556
3412442556
6446272556
7104333556
6772733556
3033773556
2711014556
7217314556
5146634556
1524344556
4001564556
1547474556
5034405556
7660425556
7067616556
2244626556
5331536556
1365046556
4273357556
0471757556
6631267556
5314500656
4071540656
4735470656
4631201656
6316611656
0030721656
7543151656
5056371656
7644571656
2315502656
7271062656
1424162656
4717223656
4175343656
0724753656
3245363656
5721304656
4552014656
2126324656
5760424656
3660644656
2541764656
1333245656
6257406656
3116466656
1407637656
3653557656
5702757656
0117177656
1452700756
1014240756
3145670756
4266531756
2175461756
6551761756
5603471756
3147712756
5437032756
4323452756
0463262756
5020713756
7043223756
7536263756
0265573756
1625404756
7456514756
3355064756
0301635756
2344055756
1732175756
0676506756
2172236756
5214156756
4777066756
7502466756
4232327756
4710437756
3376447756
2020377756
7320100066
4472730066
3647350066
6456260066
3721560066
6374470066
0453621066
1451441066
4446541066
7717161066
2060522066
7574442066
5636413066
3214223066
1173043066
6736054066
5002164066
1334664066
0370774066
4153205066
5617206066
4761326066
2167066066
4660107066
1037517066
5021227066
7654347066
6545257066
6651500166
7026740166
1120250166
0474301166
3352561166
2701412166
1634232166
2023142166
0505052166
6726103166
5425113166
6531513166
2512713166
4527223166
3067033166
3553304166
5645654166
7760064166
2211074166
3101774166
0142425166
0250445166
4315745166
7433055166
4643465166
6160606166
3407556166
5261756166
1575176166
0157367166
4024467166
4014010266
3665440266
0172360266
4177501266
3124131266
0412631266
2064041266
4410151266
3263002266
0252212266
6010322266
5033542266
5566633266
2426163266
5075263266
1341373266
2306204266
7542614266
7225474266
1054625266
7246435266
2377745266
5230075266
2562275266
3624726266
0204136266
2713407266
6604507266
5132420366
5321230366
7531340366
7306050366
4654650366
1740701366
2047561366
6165271366
0606471366
1343022366
6505322366
7754752366
3145503366
4132333366
4701063366
1256124366
0025354366
6722674366
0667125366
3672045366
3435765366
1744216366
7672516366
0310436366
2227067366
2146077366
5011477366
5727677366
1076210466
6517021466
6355131466
0321531466
7471271466
2322702466
5153732466
1715262466
4520672466
2700623466
5114533466
3277443466
6052453466
1633773466
3376424466
7265244466
5604764466
0012274466
0051315466
1427525466
6442145466
7003545466
2111355466
6263716466
5440036466
7105007466
3367217466
1465137466
0461747466
0240557466
1303310566
4550730566
2262060566
0544160566
3742071566
6635712566
1651142566
1050372566
6205203566
7647443566
1722553566
4166173566
7411604566
4364524566
5755025566
4571035566
4001165566
1120465566
4430246566
7377156566
7007356566
6454376566
2335776566
0116617566
0550547566
1753667566
0560300666
1547600666
5521111666
7235621666
3767771666
7732302666
4046452666
4230752666
5257314666
2637424666
0655534666
0543744666
3227264666
4216674666
3317135666
6210645666
5542575666
1171626666
4023236666
1536156666
2273566666
1107407666
5370127666
3234637666
2556247666
3066347666
6104367666
1415077666
3200620766
5715330766
6707530766
2033630766
2413711766
7323241766
5202341766
2740502766
7141562766
2277672766
0130113766
7751733766
4434353766
6074553766
0702704766
1146014766
5400244766
4227315766
3626735766
0273455766
1362306766
3764406766
3775616766
6641176766
3254476766
4507407766
2603037766
6134747766
4321057766
5734200076
4405540076
2407740076
1623270076
5121701076
1771021076
5455061076
4237661076
6242771076
0651122076
2512242076
6561352076
3434452076
7472303076
0715333076
7243553076
3010544076
2255174076
0366715076
2021135076
5175165076
5417475076
2436106076
4642706076
3331626076
3710456076
0524407076
2270417076
0463517076
6756517076
0043300176
3265610176
0756570176
3325211176
2620021176
2330331176
6773742176
6126252176
3275752176
7076662176
5300762176
4373403176
2131703176
0057213176
2435143176
7224653176
4142074176
0604605176
5307325176
3453045176
6524165176
3747416176
4134556176
1113527176
5220737176
1526357176
6662457176
2714177176
3314300276
4533700276
0771620276
7362170276
3713470276
2465221276
6215461276
0503561276
7551071276
3067102276
7431232276
0545432276
1127442276
4706743276
2656063276
5444314276
3144714276
3570034276
2342544276
5037754276
6603374276
5111515276
1032555276
4241056276
4150666276
2272117276
1007047276
7072247276
6654520376
1314440376
4610160376
2304760376
5070370376
1554511376
4166021376
6064631376
7000141376
4207212376
7010203376
3520773376
0305414376
1736734376
1473454376
0431074376
3201505376
7746125376
6375635376
6025445376
4456455376
3152216376
4562136376
0147346376
1761466376
1263227376
7637627376
5312357376
7174610476
4401120476
4710430476
2405650476
6351360476
1023011476
5677131476
6146551476
3461161476
6234112476
3426312476
5546342476
5333613476
5464023476
0727543476
0666753476
6171063476
1340204476
2163604476
4254424476
4132334476
7737274476
6530705476
1553525476
7504226476
2221446476
6705256476
1202076476
4054147476
0352757476
3635267476
7011667476
3470777476
3457430576
3606150576
5571560576
3203321576
1352231576
5660251576
4745522576
5624242576
5251652576
1172472576
3364703576
1041413576
2504033576
6437463576
1617673576
4012534576
7624054576
5156464576
2764155576
0100355576
0213265576
7055575576
5173146576
6162017576
0250617576
4325617576
2441730676
6216040676
6135450676
2167560676
4422501676
1150131676
2714661676
0036302676
5355702676
7300042676
2674342676
0672652676
5005672676
1600123676
6741243676
7723114676
4071314676
6574724676
1571274676
2466305676
0442035676
7143735676
3575406676
1046516676
0327256676
7313366676
2542000776
5236220776
5624660776
6307111776
5714021776
1235241776
3046461776
3653032776
2566472776
6630572776
6423123776
3522623776
1275163776
7754304776
2402324776
1243424776
4510315776
1214735776
4671245776
1060065776
4722265776
3261206776
4316606776
0412726776
2557356776
7277007776
7565537776
1440647776
5560030007
6557750007
0371370007
7446470007
6636021007
0047421007
5224331007
2503731007
4116542007
2034752007
5770472007
2761503007
0013213007
7220123007
4550733007
2241414007
7576614007
0674254007
7036105007
4274705007
5164765007
3452246007
1472456007
4306556007
6623676007
1352017007
1527027007
0103777007
3716510107
1134710107
4657740107
0054670107
1223201107
7677301107
6751621107
5464541107
1230361107
5505202107
6672322107
7626132107
5133003107
1626753107
2214063107
7542473107
5316254107
3241174107
3535445107
2266745107
2407075107
6046575107
7440306107
5147526107
0001317107
2362127107
4567237107
7523767107
3310600207
2677510207
0137620207
4311050207
7707170207
2770770207
7761041207
4115251207
4542512207
2656122207
7723332207
1367472207
1060123207
7215253207
7057453207
0227363207
4624114207
2052034207
0015634207
2137305207
6143315207
0661406207
0262706207
3307036207
3276236207
2331266207
3114437207
1255747207
6431577207
6722500307
2605500307
2473310307
5255660307
5643531307
2635651307
1232061307
2320242307
3530642307
6773152307
0176103307
7204533307
0551453307
6065373307
0157344307
3746644307
6414774307
5376015307
3517125307
7365625307
1314535307
1503765307
1324706307
4742216307
7532276307
1731307307
4214027307
4735727307
3627157307
3050567307
6724400407
6261720407
6137030407
4021170407
3027511407
4476721407
7162131407
0766071407
0735152407
5240652407
1653513407
1772633407
5032043407
0345404407
7772514407
0130164407
7722264407
4152405407
6421615407
0044025407
5202335407
4401735407
6551106407
3004346407
4426056407
0513556407
6206247407
2376657407
4574267407
5615477407
7003120507
7070220507
1700520507
6634240507
1245340507
4172070507
7312711507
2003461507
3454002507
0656432507
7544732507
5747732507
3072362507
6130703507
5216423507
2642623507
6405043507
3735173507
1043704507
5515114507
3664364507
2121125507
4333635507
5750555507
3426655507
4717365507
1352275507
7207616507
1600436507
0765746507
1171647507
7651010607
4007240607
1110270607
3333141607
6545071607
5120671607
6230112607
0215522607
7714622607
1332352607
3062672607
4525233607
3371543607
0454663607
1407704607
5405214607
4163534607
5075044607
2552544607
5337164607
1200464607
3620065607
0316306607
2266456607
0323107607
5126447607
3504757607
6013067607
2442367607
5174377607
0430110707
6304410707
1751220707
5054230707
3415560707
2712101707
6540131707
3065551707
4344661707
2270571707
3263012707
2036322707
5161332707
7610042707
7401152707
0207413707
4535443707
7464743707
6637263707
5021704707
4470424707
6502354707
7223354707
2553074707
0367205707
5706145707
5737555707
3057675707
2155616707
4030336707
3617146707
5423466707
0554320017
5431720017
6264140017
6712740017
5211260017
1207470017
4157531017
7643051017
5067371017
7661222017
0021052017
2215152017
6473703017
7111613017
7312523017
2622443017
0350604017
6107634017
5173664017
3653245017
4221255017
3540565017
1077665017
7744475017
2324036017
0243546017
6365646017
7776327017
4414437017
5755067017
5704100117
7122550117
4735260117
3256611117
0405711117
2250221117
0520341117
0376651117
4650071117
5074132117
1031732117
7202642117
1663372117
0345403117
2451323117
5237314117
0426474117
6214215117
0516235117
7130635117
6667145117
3506636117
1763356117
3733576117
7556047117
2044757117
0423167117
3377767117
6764477117
4266300217
3601410217
4072430217
3444050217
1102321217
5711031217
0572151217
4313202217
2734502217
2533732217
2416662217
7173472217
7664663217
1672104217
7002504217
1203114217
3523444217
2154164217
4321074217
5614774217
1065705217
3071125217
7300435217
6326735217
1571655217
5736116217
5675226217
0353556217
1043276217
0270437217
4707657217
0665077217
7525110317
0763630317
5504340317
4252431317
3011641317
5174551317
4300561317
2336002317
1030272317
5212672317
1055053317
0360153317
4246763317
6651704317
3721414317
3570334317
2722705317
4437045317
0751565317
6612006317
2770016317
4573326317
5426246317
4136656317
5317756317
6254366317
2155307317
3261017317
2063637317
5140777317
6353450417
4027460417
7634570417
6477670417
3121201417
7211411417
4503621417
6020502417
0641712417
3465532417
0527723417
1307233417
6160343417
2067053417
5670753417
5347563417
4727373417
0472434417
4043044417
2264605417
5030025417
3606455417
6601265417
7717206417
7354716417
0146336417
2471146417
3172066417
1740127417
5263537417
6441620517
0601740517
5302601517
1725541517
4163741517
6057171517
4657202517
1474212517
6345352517
3532213517
1575133517
4714243517
3517373517
2460473517
6066514517
0665524517
2734354517
2041645517
1616375517
3134406517
3240726517
4515507517
4177117517
6622337517
1406067517
1315400617
0274010617
6640230617
7005240617
1566401617
1777141617
7416161617
2025761617
6702012617
7477512617
3164632617
5231452617
3547072617
4132113617
1623323617
7256704617
4365314617
7145624617
1634725617
4352165617
6101106617
0450716617
5050536617
1414046617
1552676617
3346217617
0033357617
5035410717
3406120717
2475540717
3447301717
6023721717
3737751717
2743271717
1350712717
3267242717
5124652717
4024103717
4500013717
5116023717
3705623717
0226573717
1362244717
2501164717
0756564717
3413664717
0260005717
5442315717
6537425717
7275035717
0132235717
6504776717
2014527717
5630647717
7361367717
6011530027
2463040027
2130360027
3072131027
7724551027
2166171027
7067632027
1522252027
2523162027
6566513027
5062233027
4277643027
3203763027
0701273027
0773104027
7627704027
1054224027
5544305027
4655115027
7153425027
7525055027
7633355027
2774726027
7742066027
6135466027
5630727027
1306447027
6042757027
5677010127
2024340127
4576750127
3641260127
0065401127
0402021127
5333221127
5030551127
2176461127
4322571127
7160212127
4341612127
3142142127
4015452127
5252403127
2573333127
3330633127
6202243127
6167304127
7104014127
6570524127
7461444127
7740735127
1723075127
0666036127
4260236127
2037466127
3706007127
2755557127
5224710227
0551460227
3003370227
1503201227
1451631227
1740442227
6271062227
4265762227
2635233227
6674243227
5105343227
5323253227
3117753227
4712324227
7336544227
2424644227
0060264227
5172005227
4546755227
6026606227
1421516227
6730366227
5355717227
6315127227
7067427227
3032627227
7541137227
7220057227
5410167227
2375120327
3727230327
1144311327
7216221327
1005171327
1432502327
3660702327
2464732327
3227542327
6307672327
1074323327
4374423327
6525033327
2441453327
0253214327
3405514327
5536374327
7151574327
2061355327
6104655327
1325365327
6602465327
0261775327
7043006327
7372146327
1577746327
5662156327
1276166327
3340327327
4020547327
7325267327
2510410427
1165430427
0335740427
0037141427
1626741427
6277351427
0673561427
7751642427
4352372427
7445063427
6326134427
6127444427
1416764427
5367115427
2310025427
3520645427
3644255427
2055775427
3171326427
4460626427
5534076427
4113176427
3016307427
7433117427
2403227427
6733010527
4643420527
0737520527
0175630527
2507450527
4764160527
3366711527
2744071527
5557271527
0063122527
6235522527
3776532527
5601062527
0426313527
5745273527
0625624527
3114534527
6344444527
5071454527
1470105527
2212245527
2353506527
4675736527
3556346527
1160056527
0173547527
1125667527
0447577527
5741020627
4656140627
0610550627
2046660627
7576270627
0534531627
6756731627
6253451627
7532661627
1014602627
5211312627
5422732627
6364342627
0147252627
7550362627
4047503627
0210703627
1314473627
2200404627
6517324627
1435654627
4462764627
3567505627
1131125627
7041435627
0617675627
3245646627
0302366627
3200576627
4737007627
1613617627
0724617627
7102700727
1242510727
4565301727
6473231727
1557061727
5571671727
5606522727
6640562727
6234072727
6752123727
4176033727
3713453727
4761653727
0222034727
3354054727
2312674727
3425425727
2600135727
4141475727
4632416727
5076716727
5351036727
7650676727
3434207727
6216407727
0257327727
0111047727
0474547727
1654300037
2563600037
6673420037
0332050037
6321211037
4700221037
0612721037
7135341037
6152332037
7546633037
5376463037
2046334037
1233244037
4731344037
3112454037
2427564037
3600515037
6765235037
1377775037
5222006037
4151126037
6146056037
3243457037
4053177037
4103300137
1236600137
0720430137
6446721137
3567361137
1056542137
6400052137
1232462137
2002272137
3042672137
1027143137
2554743137
7450563137
5610104137
7347514137
0725354137
2363754137
2003115137
2275325137
5447245137
1541116137
4753316137
5761146137
0175566137
6325476137
3475037137
7512337137
0264657137
4232130237
6077040237
7553501237
2107701237
1136221237
4626631237
6454461237
5321302237
3670222237
2456132237
0704262237
2345572237
4566103237
3351553237
7432773237
6262624237
1647554237
0074674237
1534015237
3766115237
0120525237
7616026237
4210446237
5500556237
5653766237
2777417237
3554020337
2622340337
5706360337
3215311337
0063241337
0314661337
0470671337
5025612337
1647122337
7603342337
3471403337
6337323337
1413523337
4645143337
5504643337
6127273337
4752704337
7374234337
6733264337
4234005337
4273515337
1442135337
7034155337
4461206337
3021666337
5744507337
1162617337
0337437337
1456757337
4111767337
5474330437
0311650437
0742460437
4540070437
3340731437
6661041437
5374571437
6716771437
5412702437
4266322437
5732522437
2114352437
7530752437
3755203437
0102113437
7212153437
2140014437
0560444437
6657274437
2733605437
4045415437
7614445437
1705716437
0021426437
2552236437
4162436437
6244536437
3277166437
0071207437
4477607437
1604367437
2571240537
1327360537
3424770537
7035201537
5436011537
7204321537
5405731537
6053651537
0010371537
4701532537
1510142537
4372142537
6113162537
4005623537
7773053537
1141363537
0544004537
3204664537
3146205537
1562425537
5451435537
5022635537
0417055537
2667576537
5360317537
1105247537
4520457537
6536767537
7306577537
7343700637
0067710637
4274550637
2522021637
5304121637
2303641637
0436642637
6507252637
2436213637
2513633637
7551243637
5045753637
3660163637
4601473637
2411714637
3026124637
3135074637
7740674637
4316425637
0205035637
5157655637
3251375637
1173706637
7424416637
5442176637
2655407637
7641327637
7221537637
3672047637
6065457637
1163267637
6615000737
7673210737
5533730737
4012250737
0546160737
6200660737
1546321737
3163431737
3571402737
4717012737
0452212737
7255132737
4624742737
0121723737
6747643737
7062363737
2130524737
1605734737
5467054737
7236615737
0625555737
7771765737
3166675737
1431306737
2407046737
3750446737
6724156737
1013476737
2535676737
6375517737
6522147737
5041267737
2211077737
3341100047
5365520047
3462370047
1010001047
3556311047
7303112047
3634612047
3713722047
7441242047
3577352047
6625472047
4365013047
1361733047
4704563047
7137073047
2601604047
7553644047
3435554047
3225364047
0511405047
1107215047
0322545047
0444136047
4330776047
5456127047
1745537047
3010157047
6064600147
3037230147
0217140147
5652770147
6226111147
7571121147
2364321147
3765651147
2274622147
7333562147
2112303147
5552533147
3726243147
4603553147
0707653147
0040063147
5771214147
0746724147
4612664147
1134145147
6631055147
5014365147
4036475147
0572606147
3461016147
3555146147
3052356147
2125766147
6350117147
5101637147
0720077147
7413410247
1355620247
0006450247
1373160247
6734701247
3264421247
2435431247
7644631247
0134051247
0337102247
6552052247
4060652247
3151752247
6462613247
5740713247
2043043247
7675153247
1561334247
5520274247
1476374247
2076215247
6207525247
4762255247
5445675247
4606066247
1515266247
4647376247
4402007247
0770507247
4017700347
6435140347
3662560347
1771670347
2411501347
7706331347
1250631347
1126502347
4171232347
7757062347
5165462347
1660543347
5564014347
4423024347
6000744347
2544464347
0231315347
2257035347
5373445347
3304116347
6666226347
0640626347
2205476347
6343207347
0505517347
1272727347
1433477347
1036000447
5626330447
7042350447
0123260447
6147601447
2610211447
5052211447
0575042447
2402762447
6534123447
1006223447
2236463447
5063273447
6153673447
2711773447
4325104447
0320014447
1665105447
0423755447
6112575447
3635006447
5547506447
4250516447
0054007447
1453307447
3447617447
6025027447
2234737447
7667547447
4711157447
2760667447
7116630547
0232270547
1677411547
4531351547
0166261547
5273771547
7120102547
3407322547
1011242547
1020562547
5624513547
5312043547
5355504547
4167724547
2077134547
6276344547
5722744547
7256254547
4750605547
1735615547
7453425547
3244035547
7304745547
4774455547
3717465547
7020146547
6427256547
3645356547
6564076547
2065707547
0641017547
7544327547
2317310647
1503040647
2454270647
4460241647
6642441647
0341151647
4105161647
4322422647
3003532647
7605452647
7265013647
3150423647
6776033647
2633204647
1446034647
5202174647
7360505647
5570325647
2273416647
5014226647
6713136647
2732546647
1557157647
2021177647
5537400747
6142220747
5221640747
2646770747
4462511747
6313561747
7355371747
0255722747
7614332747
3036762747
3520472747
2323603747
1764713747
3450333747
0667433747
1200253747
6465104747
5757114747
4526615747
0703645747
7074506747
7307426747
4470366747
3103666747
6175417747
2143557747
1651467747
3331677747
4445110057
2305020057
0125760057
0537211057
3451031057
2001441057
5133151057
7410451057
4736561057
0364402057
6544662057
1516123057
2745643057
6332504057
7021164057
4476274057
2327674057
1747105057
6410015057
3330335057
1062345057
1235436057
5641346057
0057556057
4534207057
3314747057
6261557057
2673367057
3702477057
3366460157
6625770157
2664111157
5707761157
6524002157
1375312157
2457152157
7322603157
1301413157
4130713157
1562723157
3053434157
3212054157
6536174157
5235705157
1671535157
4146045157
4304375157
1600626157
6245036157
5413646157
7124156157
5324376157
0422217157
4226227157
4640357157
6017767157
0401277157
2111000257
7564320257
3272201257
7757231257
0242631257
0201302257
5512422257
3706362257
7016772257
3627213257
3471723257
2144233257
3107404257
6741754257
5575564257
0652525257
6050245257
2233155257
7443265257
7115665257
2660646257
3435356257
1156276257
1170737257
0326047257
7113547257
5553657257
5342067257
4034077257
7247700357
1720110357
4024520357
7312030357
1634250357
3123011357
0110421357
7070041357
6467761357
2353771357
2251612357
4724432357
5145072357
0033303357
4355163357
6047424357
2716154357
7633174357
7124574357
7701225357
5646465357
7715406357
0566536357
2002736357
3610676357
7152317357
5262417357
6475257357
0556277357
0446500457
3762710457
0604130457
3543240457
2717640457
2150250457
1045260457
5257570457
1207051457
5550761457
1134471457
5106112457
1356512457
6776622457
1223442457
5404303457
2631033457
6531443457
1642073457
5524173457
4205634457
7172744457
3312225457
3764165457
3060006457
6031616457
0415076457
6401376457
7335677457
7455730557
7730540557
0052160557
6611301557
2655241557
4347651557
7221471557
0270462557
1260772557
5503503557
4054413557
2306613557
0710233557
0771353557
5766753557
6707163557
3273004557
4440504557
5174024557
1331524557
4637654557
7310264557
2223715557
5434525557
0565065557
6570316557
6612756557
1236137557
0752477557
1101550657
6377260657
5217231657
4220351657
3675571657
5627102657
4433422657
2710532657
2565142657
7167162657
4356203657
5765133657
4407133657
6072373657
3307724657
5372434657
0754344657
4073605657
3026015657
6703325657
2254045657
3564216657
1223526657
1067626657
4541766657
1766766657
7420607657
0243717657
5734600757
4663050757
6126350757
0505370757
4575721757
5666202757
1142602757
2321462757
2272562757
3041113757
2167623757
6253343757
0161314757
5256524757
3616734757
5015244757
1761574757
7521505757
2577435757
1056755757
0373026757
3722326757
4100546757
1434566757
0500147757
7244467757
4347120067
4756440067
0406750067
5475601067
0122111067
3403141067
1645261067
0405302067
4206712067
6720022067
1623532067
3555772067
3004003067
6654313067
6250173067
5437334067
0215144067
5166744067
1150154067
1712415067
7070265067
5023375067
2570206067
7062416067
3001076067
4514676067
7354237067
0630537067
2126637067
5562667067
7015320167
6203430167
2341530167
1270060167
6052011167
1320641167
5624451167
1511722167
5747342167
4462062167
0531572167
3170613167
4211243167
2626504167
4707044167
0527664167
2150764167
4674174167
3045215167
3576125167
5213135167
7637735167
7456155167
4272406167
2316076167
6617507167
1444427167
2413747167
6732167167
7662777167
5120320267
6460750267
1631460267
3355170267
7155021267
2340341267
6516541267
4071761267
7574371267
6137602267
4417222267
1724052267
1736403267
0445123267
0253033267
3615633267
3101563267
6773614267
2254624267
3332734267
0333454267
4454505267
3160545267
6227165267
0363175267
2017116267
5057446267
2521317267
4535637267
1246677267
3230400367
5277270367
0460501367
2767421367
5651521367
5513112367
6456412367
3602722367
6561132367
0074732367
7042262367
6616462367
0113472367
7036633367
4542353367
5066024367
5377534367
4103254367
4563474367
1323415367
0622625367
7241045367
3774745367
3410175367
3143126367
1422626367
0634346367
2264147367
0610067367
2672100467
2156040467
2471360467
7063621467
7376131467
1514641467
2437371467
7244102467
7736012467
4442152467
2723272467
2567343467
7301463467
4725573467
1271004467
1650314467
5141514467
3561254467
6005754467
3745374467
6500305467
4237565467
0233226467
5302626467
4154727467
1002557467
6176567467
3222100567
7157400567
4404610567
6563240567
5214350567
3572650567
6767760567
4613711567
3153121567
7502521567
6100231567
0545441567
5770161567
2145002567
3073542567
5363452567
0443662567
1467603567
7646153567
2524263567
1355763567
4020034567
2453335567
2664435567
5305255567
1336506567
5543416567
0751136567
7723707567
3601227567
5137247567
2432657567
5662610667
1763560667
6364001667
6404061667
4253361667
4757532667
3323652667
2247723667
6431743667
2012553667
0034414667
0121064667
6711205667
6575715667
0676225667
2705335667
7127345667
2336575667
1401675667
0777456667
6674166667
3754266667
7001776667
5600507667
4075447667
7760257667
0320510767
4040120767
7725230767
5453070767
1174170767
0052701767
2601651767
6061432767
2214052767
7526003767
5364213767
2375243767
6342753767
5710363767
7530024767
1452264767
7642274767
4052045767
6356665767
5006306767
5335126767
1117736767
7420746767
7245556767
7007517767
4746237767
4363337767
4501000077
3775150077
5320350077
2752611077
1245651077
2326061077
7025012077
1311032077
5652542077
0170062077
4463672077
4140433077
1535573077
5343324077
0206625077
1415255077
5102716077
6636436077
7063736077
2210366077
7267176077
7164207077
7640717077
3257527077
6277337077
5007057077
1412100177
5164420177
3370250177
4315131177
4044741177
7427671177
4556412177
0760322177
2106132177
6133253177
1743663177
6006204177
3222524177
1704434177
6145164177
1265374177
3774515177
2545615177
4733025177
2040455177
4061565177
0105775177
2613516177
6771746177
2123356177
3131347177
0273277177
7500477177
2225200277
7001010277
6366260277
0557460277
6244170277
3741401277
5246501277
4430111277
1420021277
1662571277
6643712277
0153142277
5600742277
6122413277
0164523277
2700353277
7073763277
5051073277
2377673277
0632614277
2314515277
3663725277
4555335277
0417345277
7403236277
3730146277
7374656277
3547107277
5757227277
6541547277
7033757277
1024367277
5155600377
5531130377
7266330377
4351440377
6510650377
1546650377
5442441377
7221751377
3346372377
1567713377
2172223377
7613733377
0032543377
4124643377
0421163377
5000663377
3677604377
3465634377
0245254377
6414364377
3702074377
6200575377
1653775377
1357006377
6455526377
7107566377
0202107377
4676017377
2517277377
5073720477
4402640477
7506401477
0744311477
5225141477
4332202477
6503212477
0364552477
5713062477
6055162477
7735423477
6417433477
1014153477
3343173477
2617024477
5753454477
7511554477
3552764477
2504574477
1376345477
1621255477
5430265477
1741006477
4225316477
3563027477
2546527477
7120037477
2161210577
1033030577
2112041577
7232741577
2312371577
0502102577
2337402577
1201513577
4231733577
0650043577
3076073577
6715414577
7430324577
4453154577
4263664577
0016105577
5613205577
7711015577
6365635577
0314755577
7672365577
6370175577
2526726577
0324246577
7534066577
6042566577
5766676577
6421537577
5654637577
3251667577
6523530677
3110740677
3136650677
4755370677
1070411677
0471331677
4461341677
2742251677
7357022677
3115722677
1517562677
1706372677
2621672677
6231603677
3027333677
5476553677
4041204677
6334234677
2635564677
4237774677
7773305677
5534245677
7212455677
4165226677
1662036677
2340146677
6466427677
4603467677
7347540777
0047070777
3305001777
0633101777
2274051777
7563251777
3604271777
4720702777
1137312777
2444722777
2762332777
4475472777
4616303777
5240234777
1126434777
0276444777
2463405777
3322735777
6154545777
4211126777
0035666777
2331717777
6010627777
0512737777
3765047777
1327157777
