
########## ratchet round 1 -- 20:37:28 ##########

>>> ratchet (14,5): ours 60680 (record 60390) -> sweeping 60681..61080
    [dd_gpu] 600.95s  114 launches  3375887551 evals  5.62 Mevals/s  best f=0 at N=61008 (m=2542 n=24 a=1421)  hits=1
      N=61040     best_f=840      (m=15260 n=4 a=687)
      N=61038     best_f=326      (m=10173 n=6 a=9617)
      N=61035     best_f=2        (m=1565 n=39 a=1371)
      N=61029     best_f=6206     (m=20343 n=3 a=2926)
      N=61028     best_f=571      (m=15257 n=4 a=6689)
      N=61026     best_f=68       (m=10171 n=6 a=7958)
      N=61023     best_f=6116     (m=20341 n=3 a=2356)
      N=61020     best_f=34       (m=5085 n=12 a=2471)
      N=61019     best_f=20       (m=8717 n=7 a=7775)
      N=61017     best_f=1824     (m=20339 n=3 a=13366)
      N=61016     best_f=1684     (m=15254 n=4 a=2105)
      N=61010     best_f=76       (m=12202 n=5 a=5061)
      N=61008     best_f=0        (m=2542 n=24 a=1421)
      N=61004     best_f=490      (m=15251 n=4 a=12534)
      N=61000     best_f=4        (m=3050 n=20 a=1613)
      N=60996     best_f=433      (m=15249 n=4 a=8419)

>>> ratchet (13,5): ours 42744 (record 42680) -> sweeping 42745..43144
    [dd_gpu] 602.02s  163 launches  4835704966 evals  8.03 Mevals/s  best f=0 at N=42900 (m=715 n=60 a=618)  hits=2
      N=42944     best_f=185      (m=10736 n=4 a=133)
      N=42942     best_f=36       (m=7157 n=6 a=5031)
      N=42940     best_f=312      (m=10735 n=4 a=8912)
      N=42938     best_f=102      (m=3067 n=14 a=818)
      N=42936     best_f=172      (m=3578 n=12 a=919)
      N=42930     best_f=578      (m=7155 n=6 a=1801)
      N=42924     best_f=2        (m=3577 n=12 a=998)
      N=42920     best_f=235      (m=10730 n=4 a=6321)
      N=42916     best_f=14245    (m=10729 n=4 a=6759)
      N=42912     best_f=240      (m=10728 n=4 a=10027)
      N=42904     best_f=272      (m=10726 n=4 a=8557)
      N=42900     best_f=0        (m=715 n=60 a=618)
      N=42894     best_f=548      (m=7149 n=6 a=6046)
      N=42882     best_f=134      (m=7147 n=6 a=2694)
      N=42880     best_f=619      (m=10720 n=4 a=6297)
      N=42876     best_f=3        (m=1191 n=36 a=41)

>>> ratchet (11,5): ours 20952 (record 20646) -> sweeping 20953..21352
    [dd_gpu] 601.93s  298 launches  8827196587 evals  14.66 Mevals/s  best f=3 at N=21210 (m=707 n=30 a=522)  hits=0
      N=21312     best_f=4        (m=592 n=36 a=91)
      N=21310     best_f=206      (m=2131 n=10 a=397)
      N=21308     best_f=719      (m=5327 n=4 a=1483)
      N=21306     best_f=40       (m=3551 n=6 a=2174)
      N=21300     best_f=13       (m=2130 n=10 a=1829)
      N=21296     best_f=38       (m=968 n=22 a=593)
      N=21294     best_f=69       (m=3549 n=6 a=2389)
      N=21284     best_f=217      (m=5321 n=4 a=3418)
      N=21282     best_f=2492     (m=3547 n=6 a=2385)
      N=21280     best_f=497      (m=5320 n=4 a=2547)
      N=21276     best_f=30       (m=1773 n=12 a=14)
      N=21270     best_f=222      (m=3545 n=6 a=2354)
      N=21268     best_f=266      (m=5317 n=4 a=4356)
      N=21266     best_f=62       (m=1519 n=14 a=743)
      N=21260     best_f=9826     (m=5315 n=4 a=2127)
      N=21256     best_f=514      (m=2657 n=8 a=1991)
      N=21252     best_f=6        (m=322 n=66 a=11)
      N=21250     best_f=112      (m=2125 n=10 a=1174)
      N=21248     best_f=1868     (m=2656 n=8 a=1827)
      N=21246     best_f=2439     (m=3541 n=6 a=60)
      N=21244     best_f=169      (m=5311 n=4 a=3714)
      N=21240     best_f=895      (m=5310 n=4 a=1297)
      N=21236     best_f=7417     (m=5309 n=4 a=3505)
      N=21230     best_f=204      (m=2123 n=10 a=1929)
      N=21228     best_f=6        (m=1769 n=12 a=1694)
      N=21224     best_f=28       (m=1516 n=14 a=293)
      N=21222     best_f=460      (m=3537 n=6 a=2881)
      N=21220     best_f=43       (m=1061 n=20 a=14)
      N=21216     best_f=4        (m=442 n=48 a=37)
      N=21210     best_f=3        (m=707 n=30 a=522)
      N=21208     best_f=10       (m=2651 n=8 a=1695)
      N=21206     best_f=10       (m=461 n=46 a=113)
      N=21204     best_f=42       (m=3534 n=6 a=305)

>>> ratchet (9,5): ours 8802 (record 8760) -> sweeping 8803..9202
    [dd_gpu] 600.19s  686 launches  20277640373 evals  33.79 Mevals/s  best f=0 at N=8892 (m=494 n=18 a=251)  hits=2
      N=9200      best_f=131      (m=2300 n=4 a=507)
      N=9198      best_f=6        (m=511 n=18 a=109)
      N=9186      best_f=1314     (m=1531 n=6 a=647)
      N=9184      best_f=11       (m=1148 n=8 a=407)
      N=9180      best_f=22       (m=765 n=12 a=761)
      N=9176      best_f=418      (m=2294 n=4 a=1301)
      N=9174      best_f=44       (m=1529 n=6 a=1154)
      N=9170      best_f=12       (m=917 n=10 a=204)
      N=9164      best_f=202      (m=2291 n=4 a=2134)
      N=9160      best_f=3506     (m=2290 n=4 a=1023)
      N=9156      best_f=11       (m=763 n=12 a=41)
      N=9152      best_f=100      (m=2288 n=4 a=109)
      N=9150      best_f=10       (m=915 n=10 a=41)
      N=9144      best_f=17       (m=508 n=18 a=409)
      N=9140      best_f=490      (m=2285 n=4 a=1719)
      N=9132      best_f=866      (m=2283 n=4 a=1483)
      N=9130      best_f=76       (m=913 n=10 a=829)
      N=9126      best_f=42       (m=1521 n=6 a=1375)
      N=9120      best_f=17       (m=760 n=12 a=293)
      N=9116      best_f=119      (m=2279 n=4 a=818)
      N=9114      best_f=29       (m=1519 n=6 a=1489)
      N=9112      best_f=184      (m=1139 n=8 a=468)
      N=9110      best_f=374      (m=1822 n=5 a=1393)
      N=9108      best_f=14       (m=414 n=22 a=35)
      N=9104      best_f=1556     (m=2276 n=4 a=1621)
      N=9102      best_f=774      (m=1517 n=6 a=286)
      N=9100      best_f=98       (m=2275 n=4 a=2157)
      N=9096      best_f=740      (m=1516 n=6 a=431)
      N=9090      best_f=7        (m=909 n=10 a=721)
      N=9088      best_f=7112     (m=2272 n=4 a=1703)
      N=9084      best_f=804      (m=1514 n=6 a=785)
      N=9080      best_f=5276     (m=2270 n=4 a=907)
      N=9072      best_f=24       (m=1512 n=6 a=305)
      N=9060      best_f=18       (m=302 n=30 a=147)
      N=9052      best_f=267      (m=2263 n=4 a=1487)
      N=9050      best_f=22       (m=905 n=10 a=59)
      N=9048      best_f=7        (m=754 n=12 a=621)
      N=9044      best_f=104      (m=2261 n=4 a=1483)
      N=9040      best_f=6        (m=565 n=16 a=73)
      N=9032      best_f=246      (m=1129 n=8 a=437)
      N=9030      best_f=4        (m=645 n=14 a=434)
      N=9028      best_f=113      (m=2257 n=4 a=926)
      N=9024      best_f=4302     (m=2256 n=4 a=187)
      N=9020      best_f=2        (m=451 n=20 a=244)
      N=9018      best_f=1732     (m=1503 n=6 a=335)
      N=9012      best_f=2160     (m=3004 n=3 a=2325)
      N=9006      best_f=22       (m=1501 n=6 a=892)
      N=9000      best_f=15       (m=450 n=20 a=17)
      N=8996      best_f=126      (m=2249 n=4 a=599)
      N=8992      best_f=70       (m=1124 n=8 a=903)
      N=8990      best_f=44       (m=899 n=10 a=581)
      N=8988      best_f=708      (m=1498 n=6 a=641)
      N=8982      best_f=3328     (m=2994 n=3 a=1357)
      N=8980      best_f=434      (m=2245 n=4 a=1414)
      N=8976      best_f=10       (m=561 n=16 a=241)
      N=8970      best_f=32       (m=1495 n=6 a=666)
      N=8964      best_f=658      (m=1494 n=6 a=1327)
      N=8960      best_f=135      (m=2240 n=4 a=433)
      N=8952      best_f=1234     (m=2984 n=3 a=657)
      N=8940      best_f=107      (m=2235 n=4 a=2191)
      N=8934      best_f=3282     (m=2978 n=3 a=483)
      N=8932      best_f=4        (m=319 n=28 a=10)
      N=8928      best_f=23       (m=1488 n=6 a=1079)
      N=8920      best_f=5116     (m=2230 n=4 a=1337)
      N=8918      best_f=32       (m=637 n=14 a=428)
      N=8912      best_f=1437     (m=2228 n=4 a=675)
      N=8910      best_f=4        (m=297 n=30 a=152)
      N=8908      best_f=456      (m=2227 n=4 a=132)
      N=8904      best_f=9        (m=742 n=12 a=341)
      N=8900      best_f=195      (m=2225 n=4 a=924)
      N=8896      best_f=2792     (m=2224 n=4 a=1947)
      N=8892      best_f=0        (m=494 n=18 a=251)
      N=8890      best_f=5        (m=635 n=14 a=246)
      N=8888      best_f=258      (m=2222 n=4 a=2111)
      N=8880      best_f=10       (m=740 n=12 a=199)
      N=8876      best_f=306      (m=2219 n=4 a=1154)
      N=8872      best_f=3243     (m=2218 n=4 a=755)
      N=8868      best_f=756      (m=1478 n=6 a=419)
      N=8864      best_f=480      (m=2216 n=4 a=337)
      N=8862      best_f=7        (m=633 n=14 a=88)
      N=8860      best_f=4038     (m=2215 n=4 a=1773)
      N=8856      best_f=3        (m=369 n=24 a=284)
      N=8852      best_f=3258     (m=2213 n=4 a=1130)
      N=8844      best_f=8        (m=134 n=66 a=7)
      N=8840      best_f=6        (m=1105 n=8 a=824)
      N=8834      best_f=39       (m=631 n=14 a=190)
      N=8832      best_f=1292     (m=2208 n=4 a=1609)
      N=8826      best_f=3208     (m=2942 n=3 a=251)
      N=8820      best_f=20       (m=735 n=12 a=178)
      N=8816      best_f=94       (m=2204 n=4 a=191)
      N=8814      best_f=891      (m=1469 n=6 a=790)
      N=8810      best_f=298      (m=1762 n=5 a=1625)
      N=8808      best_f=634      (m=1468 n=6 a=451)

>>> ratchet (14,3): ours 1032 (record 979) -> sweeping 1033..1432
    [dd_gpu] 600.49s  953 launches  28232966757 evals  47.02 Mevals/s  best f=4 at N=1053 (m=351 n=3 a=100)  hits=0
      N=1431      best_f=226      (m=477 n=3 a=319)
      N=1430      best_f=89       (m=143 n=10 a=38)
      N=1428      best_f=87       (m=119 n=12 a=89)
      N=1425      best_f=78       (m=475 n=3 a=26)
      N=1424      best_f=144      (m=178 n=8 a=77)
      N=1422      best_f=88       (m=474 n=3 a=55)
      N=1421      best_f=84       (m=203 n=7 a=78)
      N=1420      best_f=81       (m=284 n=5 a=5)
      N=1408      best_f=108      (m=352 n=4 a=23)
      N=1407      best_f=98       (m=469 n=3 a=135)
      N=1405      best_f=80       (m=281 n=5 a=86)
      N=1404      best_f=76       (m=117 n=12 a=2)
      N=1400      best_f=103      (m=350 n=4 a=43)
      N=1396      best_f=309      (m=349 n=4 a=213)
      N=1395      best_f=72       (m=93 n=15 a=40)
      N=1392      best_f=111      (m=348 n=4 a=17)
      N=1389      best_f=102      (m=463 n=3 a=21)
      N=1386      best_f=83       (m=231 n=6 a=142)
      N=1384      best_f=283      (m=346 n=4 a=93)
      N=1380      best_f=79       (m=345 n=4 a=323)
      N=1379      best_f=64       (m=197 n=7 a=114)
      N=1378      best_f=65       (m=106 n=13 a=95)
      N=1377      best_f=194      (m=459 n=3 a=154)
      N=1375      best_f=60       (m=275 n=5 a=141)
      N=1374      best_f=173      (m=229 n=6 a=95)
      N=1372      best_f=89       (m=196 n=7 a=141)
      N=1368      best_f=62       (m=456 n=3 a=121)
      N=1365      best_f=56       (m=455 n=3 a=256)
      N=1360      best_f=60       (m=85 n=16 a=74)
      N=1356      best_f=128      (m=339 n=4 a=98)
      N=1355      best_f=60       (m=271 n=5 a=244)
      N=1352      best_f=269      (m=338 n=4 a=99)
      N=1350      best_f=79       (m=225 n=6 a=101)
      N=1348      best_f=282      (m=337 n=4 a=148)
      N=1344      best_f=52       (m=112 n=12 a=19)
      N=1340      best_f=116      (m=335 n=4 a=68)
      N=1338      best_f=62       (m=446 n=3 a=183)
      N=1332      best_f=54       (m=444 n=3 a=433)
      N=1331      best_f=62       (m=121 n=11 a=34)
      N=1326      best_f=63       (m=221 n=6 a=205)
      N=1323      best_f=50       (m=441 n=3 a=361)
      N=1320      best_f=51       (m=132 n=10 a=125)
      N=1317      best_f=64       (m=439 n=3 a=171)
      N=1314      best_f=50       (m=146 n=9 a=75)
      N=1312      best_f=75       (m=164 n=8 a=85)
      N=1311      best_f=46       (m=437 n=3 a=254)
      N=1310      best_f=51       (m=262 n=5 a=53)
      N=1308      best_f=91       (m=109 n=12 a=68)
      N=1302      best_f=52       (m=434 n=3 a=149)
      N=1300      best_f=62       (m=325 n=4 a=118)
      N=1296      best_f=63       (m=216 n=6 a=91)
      N=1292      best_f=70       (m=323 n=4 a=132)
      N=1290      best_f=40       (m=430 n=3 a=221)
      N=1281      best_f=38       (m=427 n=3 a=169)
      N=1280      best_f=42       (m=160 n=8 a=43)
      N=1276      best_f=57       (m=319 n=4 a=12)
      N=1272      best_f=98       (m=318 n=4 a=23)
      N=1268      best_f=231      (m=317 n=4 a=114)
      N=1266      best_f=40       (m=422 n=3 a=407)
      N=1265      best_f=38       (m=115 n=11 a=36)
      N=1263      best_f=60       (m=421 n=3 a=400)
      N=1260      best_f=37       (m=105 n=12 a=52)
      N=1255      best_f=36       (m=251 n=5 a=20)
      N=1254      best_f=36       (m=209 n=6 a=197)
      N=1252      best_f=221      (m=313 n=4 a=288)
      N=1251      best_f=60       (m=417 n=3 a=181)
      N=1250      best_f=82       (m=250 n=5 a=201)
      N=1248      best_f=41       (m=208 n=6 a=55)
      N=1242      best_f=57       (m=207 n=6 a=185)
      N=1240      best_f=33       (m=124 n=10 a=47)
      N=1239      best_f=50       (m=413 n=3 a=296)
      N=1236      best_f=112      (m=206 n=6 a=47)
      N=1230      best_f=37       (m=246 n=5 a=133)
      N=1227      best_f=48       (m=409 n=3 a=355)
      N=1224      best_f=32       (m=153 n=8 a=8)
      N=1221      best_f=28       (m=407 n=3 a=232)
      N=1220      best_f=32       (m=244 n=5 a=9)
      N=1218      best_f=28       (m=87 n=14 a=74)
      N=1216      best_f=57       (m=304 n=4 a=267)
      N=1215      best_f=34       (m=135 n=9 a=61)
      N=1212      best_f=86       (m=303 n=4 a=212)
      N=1210      best_f=24       (m=242 n=5 a=81)
      N=1209      best_f=24       (m=403 n=3 a=118)
      N=1206      best_f=42       (m=201 n=6 a=104)
      N=1205      best_f=26       (m=241 n=5 a=98)
      N=1204      best_f=23       (m=172 n=7 a=133)
      N=1200      best_f=49       (m=300 n=4 a=157)
      N=1197      best_f=24       (m=133 n=9 a=81)
      N=1196      best_f=39       (m=299 n=4 a=47)
      N=1194      best_f=22       (m=398 n=3 a=291)
      N=1192      best_f=177      (m=298 n=4 a=105)
      N=1191      best_f=38       (m=397 n=3 a=362)
      N=1188      best_f=44       (m=198 n=6 a=43)
      N=1184      best_f=54       (m=296 n=4 a=117)
      N=1180      best_f=70       (m=295 n=4 a=58)
      N=1176      best_f=14       (m=392 n=3 a=177)
      N=1172      best_f=173      (m=293 n=4 a=138)
      N=1170      best_f=26       (m=390 n=3 a=61)
      N=1168      best_f=66       (m=146 n=8 a=51)
      N=1164      best_f=16       (m=388 n=3 a=61)
      N=1161      best_f=16       (m=387 n=3 a=337)
      N=1160      best_f=53       (m=290 n=4 a=233)
      N=1158      best_f=20       (m=386 n=3 a=277)
      N=1155      best_f=18       (m=77 n=15 a=25)
      N=1152      best_f=38       (m=288 n=4 a=199)
      N=1148      best_f=35       (m=287 n=4 a=132)
      N=1144      best_f=31       (m=286 n=4 a=177)
      N=1143      best_f=18       (m=127 n=9 a=103)
      N=1140      best_f=17       (m=95 n=12 a=83)
      N=1134      best_f=12       (m=378 n=3 a=361)
      N=1125      best_f=44       (m=225 n=5 a=181)
      N=1120      best_f=25       (m=280 n=4 a=237)
      N=1119      best_f=26       (m=373 n=3 a=88)
      N=1116      best_f=17       (m=186 n=6 a=149)
      N=1113      best_f=32       (m=371 n=3 a=107)
      N=1110      best_f=12       (m=370 n=3 a=211)
      N=1108      best_f=143      (m=277 n=4 a=217)
      N=1107      best_f=72       (m=369 n=3 a=247)
      N=1101      best_f=22       (m=367 n=3 a=283)
      N=1100      best_f=10       (m=55 n=20 a=7)
      N=1098      best_f=14       (m=366 n=3 a=169)
      N=1096      best_f=139      (m=274 n=4 a=37)
      N=1095      best_f=6        (m=365 n=3 a=81)
      N=1092      best_f=8        (m=364 n=3 a=165)
      N=1088      best_f=14       (m=136 n=8 a=15)
      N=1086      best_f=8        (m=362 n=3 a=313)
      N=1085      best_f=12       (m=217 n=5 a=78)
      N=1083      best_f=18       (m=361 n=3 a=292)
      N=1081      best_f=8        (m=47 n=23 a=4)
      N=1080      best_f=10       (m=90 n=12 a=67)
      N=1076      best_f=131      (m=269 n=4 a=82)
      N=1071      best_f=22       (m=357 n=3 a=205)
      N=1065      best_f=10       (m=213 n=5 a=25)
      N=1060      best_f=20       (m=265 n=4 a=136)
      N=1055      best_f=6        (m=211 n=5 a=55)
      N=1053      best_f=4        (m=351 n=3 a=100)
      N=1050      best_f=15       (m=175 n=6 a=149)
      N=1045      best_f=14       (m=209 n=5 a=20)
      N=1044      best_f=10       (m=261 n=4 a=46)
      N=1040      best_f=13       (m=260 n=4 a=151)
      N=1036      best_f=13       (m=259 n=4 a=43)

########## ratchet round 2 -- 21:27:38 ##########

>>> ratchet (14,5): ours 60680 (record 60390) -> sweeping 60681..61080
    [dd_gpu] 600.93s  114 launches  3375887551 evals  5.62 Mevals/s  best f=0 at N=61008 (m=2542 n=24 a=1421)  hits=1
      N=61040     best_f=840      (m=15260 n=4 a=687)
      N=61038     best_f=326      (m=10173 n=6 a=9617)
      N=61035     best_f=2        (m=1565 n=39 a=1371)
      N=61029     best_f=6206     (m=20343 n=3 a=2926)
      N=61028     best_f=571      (m=15257 n=4 a=6689)
      N=61026     best_f=68       (m=10171 n=6 a=7958)
      N=61023     best_f=6116     (m=20341 n=3 a=2356)
      N=61020     best_f=34       (m=5085 n=12 a=2471)
      N=61019     best_f=20       (m=8717 n=7 a=7775)
      N=61017     best_f=1824     (m=20339 n=3 a=13366)
      N=61016     best_f=1684     (m=15254 n=4 a=2105)
      N=61010     best_f=76       (m=12202 n=5 a=5061)
      N=61008     best_f=0        (m=2542 n=24 a=1421)
      N=61004     best_f=490      (m=15251 n=4 a=12534)
      N=61000     best_f=4        (m=3050 n=20 a=1613)
      N=60996     best_f=433      (m=15249 n=4 a=8419)

>>> ratchet (13,5): ours 42744 (record 42680) -> sweeping 42745..43144
    [dd_gpu] 601.96s  163 launches  4835704966 evals  8.03 Mevals/s  best f=0 at N=42900 (m=715 n=60 a=618)  hits=2
      N=42944     best_f=185      (m=10736 n=4 a=133)
      N=42942     best_f=36       (m=7157 n=6 a=5031)
      N=42940     best_f=312      (m=10735 n=4 a=8912)
      N=42938     best_f=102      (m=3067 n=14 a=818)
      N=42936     best_f=172      (m=3578 n=12 a=919)
      N=42930     best_f=578      (m=7155 n=6 a=1801)
      N=42924     best_f=2        (m=3577 n=12 a=998)
      N=42920     best_f=235      (m=10730 n=4 a=6321)
      N=42916     best_f=14245    (m=10729 n=4 a=6759)
      N=42912     best_f=240      (m=10728 n=4 a=10027)
      N=42904     best_f=272      (m=10726 n=4 a=8557)
      N=42900     best_f=0        (m=715 n=60 a=618)
      N=42894     best_f=548      (m=7149 n=6 a=6046)
      N=42882     best_f=134      (m=7147 n=6 a=2694)
      N=42880     best_f=619      (m=10720 n=4 a=6297)
      N=42876     best_f=3        (m=1191 n=36 a=41)

>>> ratchet (11,5): ours 20952 (record 20646) -> sweeping 20953..21352
    [dd_gpu] 600.01s  297 launches  8797364220 evals  14.66 Mevals/s  best f=3 at N=21210 (m=707 n=30 a=522)  hits=0
      N=21312     best_f=4        (m=592 n=36 a=91)
      N=21310     best_f=206      (m=2131 n=10 a=397)
      N=21308     best_f=719      (m=5327 n=4 a=1483)
      N=21306     best_f=40       (m=3551 n=6 a=2174)
      N=21300     best_f=13       (m=2130 n=10 a=1829)
      N=21296     best_f=38       (m=968 n=22 a=593)
      N=21294     best_f=69       (m=3549 n=6 a=2389)
      N=21284     best_f=217      (m=5321 n=4 a=3418)
      N=21282     best_f=2492     (m=3547 n=6 a=2385)
      N=21280     best_f=497      (m=5320 n=4 a=2547)
      N=21276     best_f=30       (m=1773 n=12 a=14)
      N=21270     best_f=222      (m=3545 n=6 a=2354)
      N=21268     best_f=266      (m=5317 n=4 a=4356)
      N=21266     best_f=62       (m=1519 n=14 a=743)
      N=21260     best_f=9826     (m=5315 n=4 a=2127)
      N=21256     best_f=514      (m=2657 n=8 a=1991)
      N=21252     best_f=6        (m=322 n=66 a=11)
      N=21250     best_f=112      (m=2125 n=10 a=1174)
      N=21248     best_f=1868     (m=2656 n=8 a=1827)
      N=21246     best_f=2439     (m=3541 n=6 a=60)
      N=21244     best_f=169      (m=5311 n=4 a=3714)
      N=21240     best_f=895      (m=5310 n=4 a=1297)
      N=21236     best_f=7417     (m=5309 n=4 a=3505)
      N=21230     best_f=204      (m=2123 n=10 a=1929)
      N=21228     best_f=6        (m=1769 n=12 a=1694)
      N=21224     best_f=28       (m=1516 n=14 a=293)
      N=21222     best_f=460      (m=3537 n=6 a=2881)
      N=21220     best_f=43       (m=1061 n=20 a=14)
      N=21216     best_f=4        (m=442 n=48 a=37)
      N=21210     best_f=3        (m=707 n=30 a=522)
      N=21208     best_f=10       (m=2651 n=8 a=1695)
      N=21206     best_f=10       (m=461 n=46 a=113)
      N=21204     best_f=2432     (m=7068 n=3 a=1369)

>>> ratchet (9,5): ours 8802 (record 8760) -> sweeping 8803..9202
    [dd_gpu] 600.17s  686 launches  20277640373 evals  33.79 Mevals/s  best f=0 at N=8892 (m=494 n=18 a=251)  hits=2
      N=9200      best_f=131      (m=2300 n=4 a=507)
      N=9198      best_f=6        (m=511 n=18 a=109)
      N=9186      best_f=1314     (m=1531 n=6 a=647)
      N=9184      best_f=11       (m=1148 n=8 a=407)
      N=9180      best_f=22       (m=765 n=12 a=761)
      N=9176      best_f=418      (m=2294 n=4 a=1301)
      N=9174      best_f=44       (m=1529 n=6 a=1154)
      N=9170      best_f=12       (m=917 n=10 a=204)
      N=9164      best_f=202      (m=2291 n=4 a=2134)
      N=9160      best_f=3506     (m=2290 n=4 a=1023)
      N=9156      best_f=11       (m=763 n=12 a=41)
      N=9152      best_f=100      (m=2288 n=4 a=109)
      N=9150      best_f=10       (m=915 n=10 a=41)
      N=9144      best_f=17       (m=508 n=18 a=409)
      N=9140      best_f=490      (m=2285 n=4 a=1719)
      N=9132      best_f=866      (m=2283 n=4 a=1483)
      N=9130      best_f=76       (m=913 n=10 a=829)
      N=9126      best_f=42       (m=1521 n=6 a=1375)
      N=9120      best_f=17       (m=760 n=12 a=293)
      N=9116      best_f=119      (m=2279 n=4 a=818)
      N=9114      best_f=29       (m=1519 n=6 a=1489)
      N=9112      best_f=184      (m=1139 n=8 a=468)
      N=9110      best_f=374      (m=1822 n=5 a=1393)
      N=9108      best_f=14       (m=414 n=22 a=35)
      N=9104      best_f=1556     (m=2276 n=4 a=1621)
      N=9102      best_f=774      (m=1517 n=6 a=286)
      N=9100      best_f=98       (m=2275 n=4 a=2157)
      N=9096      best_f=740      (m=1516 n=6 a=431)
      N=9090      best_f=7        (m=909 n=10 a=721)
      N=9088      best_f=7112     (m=2272 n=4 a=1703)
      N=9084      best_f=804      (m=1514 n=6 a=785)
      N=9080      best_f=5276     (m=2270 n=4 a=907)
      N=9072      best_f=24       (m=1512 n=6 a=305)
      N=9060      best_f=18       (m=302 n=30 a=147)
      N=9052      best_f=267      (m=2263 n=4 a=1487)
      N=9050      best_f=22       (m=905 n=10 a=59)
      N=9048      best_f=7        (m=754 n=12 a=621)
      N=9044      best_f=104      (m=2261 n=4 a=1483)
      N=9040      best_f=6        (m=565 n=16 a=73)
      N=9032      best_f=246      (m=1129 n=8 a=437)
      N=9030      best_f=4        (m=645 n=14 a=434)
      N=9028      best_f=113      (m=2257 n=4 a=926)
      N=9024      best_f=4302     (m=2256 n=4 a=187)
      N=9020      best_f=2        (m=451 n=20 a=244)
      N=9018      best_f=1732     (m=1503 n=6 a=335)
      N=9012      best_f=2160     (m=3004 n=3 a=2325)
      N=9006      best_f=22       (m=1501 n=6 a=892)
      N=9000      best_f=15       (m=450 n=20 a=17)
      N=8996      best_f=126      (m=2249 n=4 a=599)
      N=8992      best_f=70       (m=1124 n=8 a=903)
      N=8990      best_f=44       (m=899 n=10 a=581)
      N=8988      best_f=708      (m=1498 n=6 a=641)
      N=8982      best_f=3328     (m=2994 n=3 a=1357)
      N=8980      best_f=434      (m=2245 n=4 a=1414)
      N=8976      best_f=10       (m=561 n=16 a=241)
      N=8970      best_f=32       (m=1495 n=6 a=666)
      N=8964      best_f=658      (m=1494 n=6 a=1327)
      N=8960      best_f=135      (m=2240 n=4 a=433)
      N=8952      best_f=1234     (m=2984 n=3 a=657)
      N=8940      best_f=107      (m=2235 n=4 a=2191)
      N=8934      best_f=3282     (m=2978 n=3 a=483)
      N=8932      best_f=4        (m=319 n=28 a=10)
      N=8928      best_f=23       (m=1488 n=6 a=1079)
      N=8920      best_f=5116     (m=2230 n=4 a=1337)
      N=8918      best_f=32       (m=637 n=14 a=428)
      N=8912      best_f=1437     (m=2228 n=4 a=675)
      N=8910      best_f=4        (m=297 n=30 a=152)
      N=8908      best_f=456      (m=2227 n=4 a=132)
      N=8904      best_f=9        (m=742 n=12 a=341)
      N=8900      best_f=195      (m=2225 n=4 a=924)
      N=8896      best_f=2792     (m=2224 n=4 a=1947)
      N=8892      best_f=0        (m=494 n=18 a=251)
      N=8890      best_f=5        (m=635 n=14 a=246)
      N=8888      best_f=258      (m=2222 n=4 a=2111)
      N=8880      best_f=10       (m=740 n=12 a=199)
      N=8876      best_f=306      (m=2219 n=4 a=1154)
      N=8872      best_f=3243     (m=2218 n=4 a=755)
      N=8868      best_f=756      (m=1478 n=6 a=419)
      N=8864      best_f=480      (m=2216 n=4 a=337)
      N=8862      best_f=7        (m=633 n=14 a=88)
      N=8860      best_f=4038     (m=2215 n=4 a=1773)
      N=8856      best_f=3        (m=369 n=24 a=284)
      N=8852      best_f=3258     (m=2213 n=4 a=1130)
      N=8844      best_f=8        (m=134 n=66 a=7)
      N=8840      best_f=6        (m=1105 n=8 a=824)
      N=8834      best_f=39       (m=631 n=14 a=190)
      N=8832      best_f=1292     (m=2208 n=4 a=1609)
      N=8826      best_f=3208     (m=2942 n=3 a=251)
      N=8820      best_f=20       (m=735 n=12 a=178)
      N=8816      best_f=94       (m=2204 n=4 a=191)
      N=8814      best_f=891      (m=1469 n=6 a=790)
      N=8810      best_f=298      (m=1762 n=5 a=1625)
      N=8808      best_f=634      (m=1468 n=6 a=451)

>>> ratchet (14,3): ours 1032 (record 979) -> sweeping 1033..1432
    [dd_gpu] 600.54s  953 launches  28232966757 evals  47.01 Mevals/s  best f=4 at N=1053 (m=351 n=3 a=100)  hits=0
      N=1431      best_f=226      (m=477 n=3 a=319)
      N=1430      best_f=89       (m=143 n=10 a=38)
      N=1428      best_f=87       (m=119 n=12 a=89)
      N=1425      best_f=78       (m=475 n=3 a=26)
      N=1424      best_f=144      (m=178 n=8 a=77)
      N=1422      best_f=88       (m=474 n=3 a=55)
      N=1421      best_f=84       (m=203 n=7 a=78)
      N=1420      best_f=81       (m=284 n=5 a=5)
      N=1408      best_f=108      (m=352 n=4 a=23)
      N=1407      best_f=98       (m=469 n=3 a=135)
      N=1405      best_f=80       (m=281 n=5 a=86)
      N=1404      best_f=76       (m=117 n=12 a=2)
      N=1400      best_f=103      (m=350 n=4 a=43)
      N=1396      best_f=309      (m=349 n=4 a=213)
      N=1395      best_f=72       (m=93 n=15 a=40)
      N=1392      best_f=111      (m=348 n=4 a=17)
      N=1389      best_f=102      (m=463 n=3 a=21)
      N=1386      best_f=83       (m=231 n=6 a=142)
      N=1384      best_f=283      (m=346 n=4 a=93)
      N=1380      best_f=79       (m=345 n=4 a=323)
      N=1379      best_f=64       (m=197 n=7 a=114)
      N=1378      best_f=65       (m=106 n=13 a=95)
      N=1377      best_f=194      (m=459 n=3 a=154)
      N=1375      best_f=60       (m=275 n=5 a=141)
      N=1374      best_f=173      (m=229 n=6 a=95)
      N=1372      best_f=89       (m=196 n=7 a=141)
      N=1368      best_f=62       (m=456 n=3 a=121)
      N=1365      best_f=56       (m=455 n=3 a=256)
      N=1360      best_f=60       (m=85 n=16 a=74)
      N=1356      best_f=128      (m=339 n=4 a=98)
      N=1355      best_f=60       (m=271 n=5 a=244)
      N=1352      best_f=269      (m=338 n=4 a=99)
      N=1350      best_f=79       (m=225 n=6 a=101)
      N=1348      best_f=282      (m=337 n=4 a=148)
      N=1344      best_f=52       (m=112 n=12 a=19)
      N=1340      best_f=116      (m=335 n=4 a=68)
      N=1338      best_f=62       (m=446 n=3 a=183)
      N=1332      best_f=54       (m=444 n=3 a=433)
      N=1331      best_f=62       (m=121 n=11 a=34)
      N=1326      best_f=63       (m=221 n=6 a=205)
      N=1323      best_f=50       (m=441 n=3 a=361)
      N=1320      best_f=51       (m=132 n=10 a=125)
      N=1317      best_f=64       (m=439 n=3 a=171)
      N=1314      best_f=50       (m=146 n=9 a=75)
      N=1312      best_f=75       (m=164 n=8 a=85)
      N=1311      best_f=46       (m=437 n=3 a=254)
      N=1310      best_f=51       (m=262 n=5 a=53)
      N=1308      best_f=91       (m=109 n=12 a=68)
      N=1302      best_f=52       (m=434 n=3 a=149)
      N=1300      best_f=62       (m=325 n=4 a=118)
      N=1296      best_f=63       (m=216 n=6 a=91)
      N=1292      best_f=70       (m=323 n=4 a=132)
      N=1290      best_f=40       (m=430 n=3 a=221)
      N=1281      best_f=38       (m=427 n=3 a=169)
      N=1280      best_f=42       (m=160 n=8 a=43)
      N=1276      best_f=57       (m=319 n=4 a=12)
      N=1272      best_f=98       (m=318 n=4 a=23)
      N=1268      best_f=231      (m=317 n=4 a=114)
      N=1266      best_f=40       (m=422 n=3 a=407)
      N=1265      best_f=38       (m=115 n=11 a=36)
      N=1263      best_f=60       (m=421 n=3 a=400)
      N=1260      best_f=37       (m=105 n=12 a=52)
      N=1255      best_f=36       (m=251 n=5 a=20)
      N=1254      best_f=36       (m=209 n=6 a=197)
      N=1252      best_f=221      (m=313 n=4 a=288)
      N=1251      best_f=60       (m=417 n=3 a=181)
      N=1250      best_f=82       (m=250 n=5 a=201)
      N=1248      best_f=41       (m=208 n=6 a=55)
      N=1242      best_f=57       (m=207 n=6 a=185)
      N=1240      best_f=33       (m=124 n=10 a=47)
      N=1239      best_f=50       (m=413 n=3 a=296)
      N=1236      best_f=112      (m=206 n=6 a=47)
      N=1230      best_f=37       (m=246 n=5 a=133)
      N=1227      best_f=48       (m=409 n=3 a=355)
      N=1224      best_f=32       (m=153 n=8 a=8)
      N=1221      best_f=28       (m=407 n=3 a=232)
      N=1220      best_f=32       (m=244 n=5 a=9)
      N=1218      best_f=28       (m=87 n=14 a=74)
      N=1216      best_f=57       (m=304 n=4 a=267)
      N=1215      best_f=34       (m=135 n=9 a=61)
      N=1212      best_f=86       (m=303 n=4 a=212)
      N=1210      best_f=24       (m=242 n=5 a=81)
      N=1209      best_f=24       (m=403 n=3 a=118)
      N=1206      best_f=42       (m=201 n=6 a=104)
      N=1205      best_f=26       (m=241 n=5 a=98)
      N=1204      best_f=23       (m=172 n=7 a=133)
      N=1200      best_f=49       (m=300 n=4 a=157)
      N=1197      best_f=24       (m=133 n=9 a=81)
      N=1196      best_f=39       (m=299 n=4 a=47)
      N=1194      best_f=22       (m=398 n=3 a=291)
      N=1192      best_f=177      (m=298 n=4 a=105)
      N=1191      best_f=38       (m=397 n=3 a=362)
      N=1188      best_f=44       (m=198 n=6 a=43)
      N=1184      best_f=54       (m=296 n=4 a=117)
      N=1180      best_f=70       (m=295 n=4 a=58)
      N=1176      best_f=14       (m=392 n=3 a=177)
      N=1172      best_f=173      (m=293 n=4 a=138)
      N=1170      best_f=26       (m=390 n=3 a=61)
      N=1168      best_f=66       (m=146 n=8 a=51)
      N=1164      best_f=16       (m=388 n=3 a=61)
      N=1161      best_f=16       (m=387 n=3 a=337)
      N=1160      best_f=53       (m=290 n=4 a=233)
      N=1158      best_f=20       (m=386 n=3 a=277)
      N=1155      best_f=18       (m=77 n=15 a=25)
      N=1152      best_f=38       (m=288 n=4 a=199)
      N=1148      best_f=35       (m=287 n=4 a=132)
      N=1144      best_f=31       (m=286 n=4 a=177)
      N=1143      best_f=18       (m=127 n=9 a=103)
      N=1140      best_f=17       (m=95 n=12 a=83)
      N=1134      best_f=12       (m=378 n=3 a=361)
      N=1125      best_f=44       (m=225 n=5 a=181)
      N=1120      best_f=25       (m=280 n=4 a=237)
      N=1119      best_f=26       (m=373 n=3 a=88)
      N=1116      best_f=17       (m=186 n=6 a=149)
      N=1113      best_f=32       (m=371 n=3 a=107)
      N=1110      best_f=12       (m=370 n=3 a=211)
      N=1108      best_f=143      (m=277 n=4 a=217)
      N=1107      best_f=72       (m=369 n=3 a=247)
      N=1101      best_f=22       (m=367 n=3 a=283)
      N=1100      best_f=10       (m=55 n=20 a=7)
      N=1098      best_f=14       (m=366 n=3 a=169)
      N=1096      best_f=139      (m=274 n=4 a=37)
      N=1095      best_f=6        (m=365 n=3 a=81)
      N=1092      best_f=8        (m=364 n=3 a=165)
      N=1088      best_f=14       (m=136 n=8 a=15)
      N=1086      best_f=8        (m=362 n=3 a=313)
      N=1085      best_f=12       (m=217 n=5 a=78)
      N=1083      best_f=18       (m=361 n=3 a=292)
      N=1081      best_f=8        (m=47 n=23 a=4)
      N=1080      best_f=10       (m=90 n=12 a=67)
      N=1076      best_f=131      (m=269 n=4 a=82)
      N=1071      best_f=22       (m=357 n=3 a=205)
      N=1065      best_f=10       (m=213 n=5 a=25)
      N=1060      best_f=20       (m=265 n=4 a=136)
      N=1055      best_f=6        (m=211 n=5 a=55)
      N=1053      best_f=4        (m=351 n=3 a=100)
      N=1050      best_f=15       (m=175 n=6 a=149)
      N=1045      best_f=14       (m=209 n=5 a=20)
      N=1044      best_f=10       (m=261 n=4 a=46)
      N=1040      best_f=13       (m=260 n=4 a=151)
      N=1036      best_f=13       (m=259 n=4 a=43)

########## ratchet round 3 -- 22:17:48 ##########

>>> ratchet (14,5): ours 60680 (record 60390) -> sweeping 60681..61080
    [dd_gpu] 600.99s  114 launches  3375887551 evals  5.62 Mevals/s  best f=0 at N=61008 (m=2542 n=24 a=1421)  hits=1
      N=61040     best_f=840      (m=15260 n=4 a=687)
      N=61038     best_f=326      (m=10173 n=6 a=9617)
      N=61035     best_f=2        (m=1565 n=39 a=1371)
      N=61029     best_f=6206     (m=20343 n=3 a=2926)
      N=61028     best_f=571      (m=15257 n=4 a=6689)
      N=61026     best_f=68       (m=10171 n=6 a=7958)
      N=61023     best_f=6116     (m=20341 n=3 a=2356)
      N=61020     best_f=34       (m=5085 n=12 a=2471)
      N=61019     best_f=20       (m=8717 n=7 a=7775)
      N=61017     best_f=1824     (m=20339 n=3 a=13366)
      N=61016     best_f=1684     (m=15254 n=4 a=2105)
      N=61010     best_f=76       (m=12202 n=5 a=5061)
      N=61008     best_f=0        (m=2542 n=24 a=1421)
      N=61004     best_f=490      (m=15251 n=4 a=12534)
      N=61000     best_f=4        (m=3050 n=20 a=1613)
      N=60996     best_f=433      (m=15249 n=4 a=8419)

>>> ratchet (13,5): ours 42744 (record 42680) -> sweeping 42745..43144
    [dd_gpu] 601.78s  163 launches  4835704966 evals  8.04 Mevals/s  best f=0 at N=42900 (m=715 n=60 a=618)  hits=2
      N=42944     best_f=185      (m=10736 n=4 a=133)
      N=42942     best_f=36       (m=7157 n=6 a=5031)
      N=42940     best_f=312      (m=10735 n=4 a=8912)
      N=42938     best_f=102      (m=3067 n=14 a=818)
      N=42936     best_f=172      (m=3578 n=12 a=919)
      N=42930     best_f=578      (m=7155 n=6 a=1801)
      N=42924     best_f=2        (m=3577 n=12 a=998)
      N=42920     best_f=235      (m=10730 n=4 a=6321)
      N=42916     best_f=14245    (m=10729 n=4 a=6759)
      N=42912     best_f=240      (m=10728 n=4 a=10027)
      N=42904     best_f=272      (m=10726 n=4 a=8557)
      N=42900     best_f=0        (m=715 n=60 a=618)
      N=42894     best_f=548      (m=7149 n=6 a=6046)
      N=42882     best_f=134      (m=7147 n=6 a=2694)
      N=42880     best_f=619      (m=10720 n=4 a=6297)
      N=42876     best_f=3        (m=1191 n=36 a=41)

>>> ratchet (11,5): ours 20952 (record 20646) -> sweeping 20953..21352
    [dd_gpu] 600.09s  297 launches  8797364220 evals  14.66 Mevals/s  best f=3 at N=21210 (m=707 n=30 a=522)  hits=0
      N=21312     best_f=4        (m=592 n=36 a=91)
      N=21310     best_f=206      (m=2131 n=10 a=397)
      N=21308     best_f=719      (m=5327 n=4 a=1483)
      N=21306     best_f=40       (m=3551 n=6 a=2174)
      N=21300     best_f=13       (m=2130 n=10 a=1829)
      N=21296     best_f=38       (m=968 n=22 a=593)
      N=21294     best_f=69       (m=3549 n=6 a=2389)
      N=21284     best_f=217      (m=5321 n=4 a=3418)
      N=21282     best_f=2492     (m=3547 n=6 a=2385)
      N=21280     best_f=497      (m=5320 n=4 a=2547)
      N=21276     best_f=30       (m=1773 n=12 a=14)
      N=21270     best_f=222      (m=3545 n=6 a=2354)
      N=21268     best_f=266      (m=5317 n=4 a=4356)
      N=21266     best_f=62       (m=1519 n=14 a=743)
      N=21260     best_f=9826     (m=5315 n=4 a=2127)
      N=21256     best_f=514      (m=2657 n=8 a=1991)
      N=21252     best_f=6        (m=322 n=66 a=11)
      N=21250     best_f=112      (m=2125 n=10 a=1174)
      N=21248     best_f=1868     (m=2656 n=8 a=1827)
      N=21246     best_f=2439     (m=3541 n=6 a=60)
      N=21244     best_f=169      (m=5311 n=4 a=3714)
      N=21240     best_f=895      (m=5310 n=4 a=1297)
      N=21236     best_f=7417     (m=5309 n=4 a=3505)
      N=21230     best_f=204      (m=2123 n=10 a=1929)
      N=21228     best_f=6        (m=1769 n=12 a=1694)
      N=21224     best_f=28       (m=1516 n=14 a=293)
      N=21222     best_f=460      (m=3537 n=6 a=2881)
      N=21220     best_f=43       (m=1061 n=20 a=14)
      N=21216     best_f=4        (m=442 n=48 a=37)
      N=21210     best_f=3        (m=707 n=30 a=522)
      N=21208     best_f=10       (m=2651 n=8 a=1695)
      N=21206     best_f=10       (m=461 n=46 a=113)
      N=21204     best_f=2432     (m=7068 n=3 a=1369)

>>> ratchet (9,5): ours 8802 (record 8760) -> sweeping 8803..9202
    [dd_gpu] 600.17s  686 launches  20277640373 evals  33.79 Mevals/s  best f=0 at N=8892 (m=494 n=18 a=251)  hits=2
      N=9200      best_f=131      (m=2300 n=4 a=507)
      N=9198      best_f=6        (m=511 n=18 a=109)
      N=9186      best_f=1314     (m=1531 n=6 a=647)
      N=9184      best_f=11       (m=1148 n=8 a=407)
      N=9180      best_f=22       (m=765 n=12 a=761)
      N=9176      best_f=418      (m=2294 n=4 a=1301)
      N=9174      best_f=44       (m=1529 n=6 a=1154)
      N=9170      best_f=12       (m=917 n=10 a=204)
      N=9164      best_f=202      (m=2291 n=4 a=2134)
      N=9160      best_f=3506     (m=2290 n=4 a=1023)
      N=9156      best_f=11       (m=763 n=12 a=41)
      N=9152      best_f=100      (m=2288 n=4 a=109)
      N=9150      best_f=10       (m=915 n=10 a=41)
      N=9144      best_f=17       (m=508 n=18 a=409)
      N=9140      best_f=490      (m=2285 n=4 a=1719)
      N=9132      best_f=866      (m=2283 n=4 a=1483)
      N=9130      best_f=76       (m=913 n=10 a=829)
      N=9126      best_f=42       (m=1521 n=6 a=1375)
      N=9120      best_f=17       (m=760 n=12 a=293)
      N=9116      best_f=119      (m=2279 n=4 a=818)
      N=9114      best_f=29       (m=1519 n=6 a=1489)
      N=9112      best_f=184      (m=1139 n=8 a=468)
      N=9110      best_f=374      (m=1822 n=5 a=1393)
      N=9108      best_f=14       (m=414 n=22 a=35)
      N=9104      best_f=1556     (m=2276 n=4 a=1621)
      N=9102      best_f=774      (m=1517 n=6 a=286)
      N=9100      best_f=98       (m=2275 n=4 a=2157)
      N=9096      best_f=740      (m=1516 n=6 a=431)
      N=9090      best_f=7        (m=909 n=10 a=721)
      N=9088      best_f=7112     (m=2272 n=4 a=1703)
      N=9084      best_f=804      (m=1514 n=6 a=785)
      N=9080      best_f=5276     (m=2270 n=4 a=907)
      N=9072      best_f=24       (m=1512 n=6 a=305)
      N=9060      best_f=18       (m=302 n=30 a=147)
      N=9052      best_f=267      (m=2263 n=4 a=1487)
      N=9050      best_f=22       (m=905 n=10 a=59)
      N=9048      best_f=7        (m=754 n=12 a=621)
      N=9044      best_f=104      (m=2261 n=4 a=1483)
      N=9040      best_f=6        (m=565 n=16 a=73)
      N=9032      best_f=246      (m=1129 n=8 a=437)
      N=9030      best_f=4        (m=645 n=14 a=434)
      N=9028      best_f=113      (m=2257 n=4 a=926)
      N=9024      best_f=4302     (m=2256 n=4 a=187)
      N=9020      best_f=2        (m=451 n=20 a=244)
      N=9018      best_f=1732     (m=1503 n=6 a=335)
      N=9012      best_f=2160     (m=3004 n=3 a=2325)
      N=9006      best_f=22       (m=1501 n=6 a=892)
      N=9000      best_f=15       (m=450 n=20 a=17)
      N=8996      best_f=126      (m=2249 n=4 a=599)
      N=8992      best_f=70       (m=1124 n=8 a=903)
      N=8990      best_f=44       (m=899 n=10 a=581)
      N=8988      best_f=708      (m=1498 n=6 a=641)
      N=8982      best_f=3328     (m=2994 n=3 a=1357)
      N=8980      best_f=434      (m=2245 n=4 a=1414)
      N=8976      best_f=10       (m=561 n=16 a=241)
      N=8970      best_f=32       (m=1495 n=6 a=666)
      N=8964      best_f=658      (m=1494 n=6 a=1327)
      N=8960      best_f=135      (m=2240 n=4 a=433)
      N=8952      best_f=1234     (m=2984 n=3 a=657)
      N=8940      best_f=107      (m=2235 n=4 a=2191)
      N=8934      best_f=3282     (m=2978 n=3 a=483)
      N=8932      best_f=4        (m=319 n=28 a=10)
      N=8928      best_f=23       (m=1488 n=6 a=1079)
      N=8920      best_f=5116     (m=2230 n=4 a=1337)
      N=8918      best_f=32       (m=637 n=14 a=428)
      N=8912      best_f=1437     (m=2228 n=4 a=675)
      N=8910      best_f=4        (m=297 n=30 a=152)
      N=8908      best_f=456      (m=2227 n=4 a=132)
      N=8904      best_f=9        (m=742 n=12 a=341)
      N=8900      best_f=195      (m=2225 n=4 a=924)
      N=8896      best_f=2792     (m=2224 n=4 a=1947)
      N=8892      best_f=0        (m=494 n=18 a=251)
      N=8890      best_f=5        (m=635 n=14 a=246)
      N=8888      best_f=258      (m=2222 n=4 a=2111)
      N=8880      best_f=10       (m=740 n=12 a=199)
      N=8876      best_f=306      (m=2219 n=4 a=1154)
      N=8872      best_f=3243     (m=2218 n=4 a=755)
      N=8868      best_f=756      (m=1478 n=6 a=419)
      N=8864      best_f=480      (m=2216 n=4 a=337)
      N=8862      best_f=7        (m=633 n=14 a=88)
      N=8860      best_f=4038     (m=2215 n=4 a=1773)
      N=8856      best_f=3        (m=369 n=24 a=284)
      N=8852      best_f=3258     (m=2213 n=4 a=1130)
      N=8844      best_f=8        (m=134 n=66 a=7)
      N=8840      best_f=6        (m=1105 n=8 a=824)
      N=8834      best_f=39       (m=631 n=14 a=190)
      N=8832      best_f=1292     (m=2208 n=4 a=1609)
      N=8826      best_f=3208     (m=2942 n=3 a=251)
      N=8820      best_f=20       (m=735 n=12 a=178)
      N=8816      best_f=94       (m=2204 n=4 a=191)
      N=8814      best_f=891      (m=1469 n=6 a=790)
      N=8810      best_f=298      (m=1762 n=5 a=1625)
      N=8808      best_f=634      (m=1468 n=6 a=451)

>>> ratchet (14,3): ours 1032 (record 979) -> sweeping 1033..1432
    [dd_gpu] 600.61s  953 launches  28232966757 evals  47.01 Mevals/s  best f=4 at N=1053 (m=351 n=3 a=100)  hits=0
      N=1431      best_f=226      (m=477 n=3 a=319)
      N=1430      best_f=89       (m=143 n=10 a=38)
      N=1428      best_f=87       (m=119 n=12 a=89)
      N=1425      best_f=78       (m=475 n=3 a=26)
      N=1424      best_f=144      (m=178 n=8 a=77)
      N=1422      best_f=88       (m=474 n=3 a=55)
      N=1421      best_f=84       (m=203 n=7 a=78)
      N=1420      best_f=81       (m=284 n=5 a=5)
      N=1408      best_f=108      (m=352 n=4 a=23)
      N=1407      best_f=98       (m=469 n=3 a=135)
      N=1405      best_f=80       (m=281 n=5 a=86)
      N=1404      best_f=76       (m=117 n=12 a=2)
      N=1400      best_f=103      (m=350 n=4 a=43)
      N=1396      best_f=309      (m=349 n=4 a=213)
      N=1395      best_f=72       (m=93 n=15 a=40)
      N=1392      best_f=111      (m=348 n=4 a=17)
      N=1389      best_f=102      (m=463 n=3 a=21)
      N=1386      best_f=83       (m=231 n=6 a=142)
      N=1384      best_f=283      (m=346 n=4 a=93)
      N=1380      best_f=79       (m=345 n=4 a=323)
      N=1379      best_f=64       (m=197 n=7 a=114)
      N=1378      best_f=65       (m=106 n=13 a=95)
      N=1377      best_f=194      (m=459 n=3 a=154)
      N=1375      best_f=60       (m=275 n=5 a=141)
      N=1374      best_f=173      (m=229 n=6 a=95)
      N=1372      best_f=89       (m=196 n=7 a=141)
      N=1368      best_f=62       (m=456 n=3 a=121)
      N=1365      best_f=56       (m=455 n=3 a=256)
      N=1360      best_f=60       (m=85 n=16 a=74)
      N=1356      best_f=128      (m=339 n=4 a=98)
      N=1355      best_f=60       (m=271 n=5 a=244)
      N=1352      best_f=269      (m=338 n=4 a=99)
      N=1350      best_f=79       (m=225 n=6 a=101)
      N=1348      best_f=282      (m=337 n=4 a=148)
      N=1344      best_f=52       (m=112 n=12 a=19)
      N=1340      best_f=116      (m=335 n=4 a=68)
      N=1338      best_f=62       (m=446 n=3 a=183)
      N=1332      best_f=54       (m=444 n=3 a=433)
      N=1331      best_f=62       (m=121 n=11 a=34)
      N=1326      best_f=63       (m=221 n=6 a=205)
      N=1323      best_f=50       (m=441 n=3 a=361)
      N=1320      best_f=51       (m=132 n=10 a=125)
      N=1317      best_f=64       (m=439 n=3 a=171)
      N=1314      best_f=50       (m=146 n=9 a=75)
      N=1312      best_f=75       (m=164 n=8 a=85)
      N=1311      best_f=46       (m=437 n=3 a=254)
      N=1310      best_f=51       (m=262 n=5 a=53)
      N=1308      best_f=91       (m=109 n=12 a=68)
      N=1302      best_f=52       (m=434 n=3 a=149)
      N=1300      best_f=62       (m=325 n=4 a=118)
      N=1296      best_f=63       (m=216 n=6 a=91)
      N=1292      best_f=70       (m=323 n=4 a=132)
      N=1290      best_f=40       (m=430 n=3 a=221)
      N=1281      best_f=38       (m=427 n=3 a=169)
      N=1280      best_f=42       (m=160 n=8 a=43)
      N=1276      best_f=57       (m=319 n=4 a=12)
      N=1272      best_f=98       (m=318 n=4 a=23)
      N=1268      best_f=231      (m=317 n=4 a=114)
      N=1266      best_f=40       (m=422 n=3 a=407)
      N=1265      best_f=38       (m=115 n=11 a=36)
      N=1263      best_f=60       (m=421 n=3 a=400)
      N=1260      best_f=37       (m=105 n=12 a=52)
      N=1255      best_f=36       (m=251 n=5 a=20)
      N=1254      best_f=36       (m=209 n=6 a=197)
      N=1252      best_f=221      (m=313 n=4 a=288)
      N=1251      best_f=60       (m=417 n=3 a=181)
      N=1250      best_f=82       (m=250 n=5 a=201)
      N=1248      best_f=41       (m=208 n=6 a=55)
      N=1242      best_f=57       (m=207 n=6 a=185)
      N=1240      best_f=33       (m=124 n=10 a=47)
      N=1239      best_f=50       (m=413 n=3 a=296)
      N=1236      best_f=112      (m=206 n=6 a=47)
      N=1230      best_f=37       (m=246 n=5 a=133)
      N=1227      best_f=48       (m=409 n=3 a=355)
      N=1224      best_f=32       (m=153 n=8 a=8)
      N=1221      best_f=28       (m=407 n=3 a=232)
      N=1220      best_f=32       (m=244 n=5 a=9)
      N=1218      best_f=28       (m=87 n=14 a=74)
      N=1216      best_f=57       (m=304 n=4 a=267)
      N=1215      best_f=34       (m=135 n=9 a=61)
      N=1212      best_f=86       (m=303 n=4 a=212)
      N=1210      best_f=24       (m=242 n=5 a=81)
      N=1209      best_f=24       (m=403 n=3 a=118)
      N=1206      best_f=42       (m=201 n=6 a=104)
      N=1205      best_f=26       (m=241 n=5 a=98)
      N=1204      best_f=23       (m=172 n=7 a=133)
      N=1200      best_f=49       (m=300 n=4 a=157)
      N=1197      best_f=24       (m=133 n=9 a=81)
      N=1196      best_f=39       (m=299 n=4 a=47)
      N=1194      best_f=22       (m=398 n=3 a=291)
      N=1192      best_f=177      (m=298 n=4 a=105)
      N=1191      best_f=38       (m=397 n=3 a=362)
      N=1188      best_f=44       (m=198 n=6 a=43)
      N=1184      best_f=54       (m=296 n=4 a=117)
      N=1180      best_f=70       (m=295 n=4 a=58)
      N=1176      best_f=14       (m=392 n=3 a=177)
      N=1172      best_f=173      (m=293 n=4 a=138)
      N=1170      best_f=26       (m=390 n=3 a=61)
      N=1168      best_f=66       (m=146 n=8 a=51)
      N=1164      best_f=16       (m=388 n=3 a=61)
      N=1161      best_f=16       (m=387 n=3 a=337)
      N=1160      best_f=53       (m=290 n=4 a=233)
      N=1158      best_f=20       (m=386 n=3 a=277)
      N=1155      best_f=18       (m=77 n=15 a=25)
      N=1152      best_f=38       (m=288 n=4 a=199)
      N=1148      best_f=35       (m=287 n=4 a=132)
      N=1144      best_f=31       (m=286 n=4 a=177)
      N=1143      best_f=18       (m=127 n=9 a=103)
      N=1140      best_f=17       (m=95 n=12 a=83)
      N=1134      best_f=12       (m=378 n=3 a=361)
      N=1125      best_f=44       (m=225 n=5 a=181)
      N=1120      best_f=25       (m=280 n=4 a=237)
      N=1119      best_f=26       (m=373 n=3 a=88)
      N=1116      best_f=17       (m=186 n=6 a=149)
      N=1113      best_f=32       (m=371 n=3 a=107)
      N=1110      best_f=12       (m=370 n=3 a=211)
      N=1108      best_f=143      (m=277 n=4 a=217)
      N=1107      best_f=72       (m=369 n=3 a=247)
      N=1101      best_f=22       (m=367 n=3 a=283)
      N=1100      best_f=10       (m=55 n=20 a=7)
      N=1098      best_f=14       (m=366 n=3 a=169)
      N=1096      best_f=139      (m=274 n=4 a=37)
      N=1095      best_f=6        (m=365 n=3 a=81)
      N=1092      best_f=8        (m=364 n=3 a=165)
      N=1088      best_f=14       (m=136 n=8 a=15)
      N=1086      best_f=8        (m=362 n=3 a=313)
      N=1085      best_f=12       (m=217 n=5 a=78)
      N=1083      best_f=18       (m=361 n=3 a=292)
      N=1081      best_f=8        (m=47 n=23 a=4)
      N=1080      best_f=10       (m=90 n=12 a=67)
      N=1076      best_f=131      (m=269 n=4 a=82)
      N=1071      best_f=22       (m=357 n=3 a=205)
      N=1065      best_f=10       (m=213 n=5 a=25)
      N=1060      best_f=20       (m=265 n=4 a=136)
      N=1055      best_f=6        (m=211 n=5 a=55)
      N=1053      best_f=4        (m=351 n=3 a=100)
      N=1050      best_f=15       (m=175 n=6 a=149)
      N=1045      best_f=14       (m=209 n=5 a=20)
      N=1044      best_f=10       (m=261 n=4 a=46)
      N=1040      best_f=13       (m=260 n=4 a=151)
      N=1036      best_f=13       (m=259 n=4 a=43)

########## ratchet round 4 -- 23:08:01 ##########

>>> ratchet (14,5): ours 60680 (record 60390) -> sweeping 60681..61080
    [dd_gpu] 600.94s  114 launches  3375887551 evals  5.62 Mevals/s  best f=0 at N=61008 (m=2542 n=24 a=1421)  hits=1
      N=61040     best_f=840      (m=15260 n=4 a=687)
      N=61038     best_f=326      (m=10173 n=6 a=9617)
      N=61035     best_f=2        (m=1565 n=39 a=1371)
      N=61029     best_f=6206     (m=20343 n=3 a=2926)
      N=61028     best_f=571      (m=15257 n=4 a=6689)
      N=61026     best_f=68       (m=10171 n=6 a=7958)
      N=61023     best_f=6116     (m=20341 n=3 a=2356)
      N=61020     best_f=34       (m=5085 n=12 a=2471)
      N=61019     best_f=20       (m=8717 n=7 a=7775)
      N=61017     best_f=1824     (m=20339 n=3 a=13366)
      N=61016     best_f=1684     (m=15254 n=4 a=2105)
      N=61010     best_f=76       (m=12202 n=5 a=5061)
      N=61008     best_f=0        (m=2542 n=24 a=1421)
      N=61004     best_f=490      (m=15251 n=4 a=12534)
      N=61000     best_f=4        (m=3050 n=20 a=1613)
      N=60996     best_f=433      (m=15249 n=4 a=8419)

>>> ratchet (13,5): ours 42744 (record 42680) -> sweeping 42745..43144
    [dd_gpu] 601.89s  163 launches  4835704966 evals  8.03 Mevals/s  best f=0 at N=42900 (m=715 n=60 a=618)  hits=2
      N=42944     best_f=185      (m=10736 n=4 a=133)
      N=42942     best_f=36       (m=7157 n=6 a=5031)
      N=42940     best_f=312      (m=10735 n=4 a=8912)
      N=42938     best_f=102      (m=3067 n=14 a=818)
      N=42936     best_f=172      (m=3578 n=12 a=919)
      N=42930     best_f=578      (m=7155 n=6 a=1801)
      N=42924     best_f=2        (m=3577 n=12 a=998)
      N=42920     best_f=235      (m=10730 n=4 a=6321)
      N=42916     best_f=14245    (m=10729 n=4 a=6759)
      N=42912     best_f=240      (m=10728 n=4 a=10027)
      N=42904     best_f=272      (m=10726 n=4 a=8557)
      N=42900     best_f=0        (m=715 n=60 a=618)
      N=42894     best_f=548      (m=7149 n=6 a=6046)
      N=42882     best_f=134      (m=7147 n=6 a=2694)
      N=42880     best_f=619      (m=10720 n=4 a=6297)
      N=42876     best_f=3        (m=1191 n=36 a=41)

>>> ratchet (11,5): ours 20952 (record 20646) -> sweeping 20953..21352
    [dd_gpu] 600.04s  297 launches  8797364220 evals  14.66 Mevals/s  best f=3 at N=21210 (m=707 n=30 a=522)  hits=0
      N=21312     best_f=4        (m=592 n=36 a=91)
      N=21310     best_f=206      (m=2131 n=10 a=397)
      N=21308     best_f=719      (m=5327 n=4 a=1483)
      N=21306     best_f=40       (m=3551 n=6 a=2174)
      N=21300     best_f=13       (m=2130 n=10 a=1829)
      N=21296     best_f=38       (m=968 n=22 a=593)
      N=21294     best_f=69       (m=3549 n=6 a=2389)
      N=21284     best_f=217      (m=5321 n=4 a=3418)
      N=21282     best_f=2492     (m=3547 n=6 a=2385)
      N=21280     best_f=497      (m=5320 n=4 a=2547)
      N=21276     best_f=30       (m=1773 n=12 a=14)
      N=21270     best_f=222      (m=3545 n=6 a=2354)
      N=21268     best_f=266      (m=5317 n=4 a=4356)
      N=21266     best_f=62       (m=1519 n=14 a=743)
      N=21260     best_f=9826     (m=5315 n=4 a=2127)
      N=21256     best_f=514      (m=2657 n=8 a=1991)
      N=21252     best_f=6        (m=322 n=66 a=11)
      N=21250     best_f=112      (m=2125 n=10 a=1174)
      N=21248     best_f=1868     (m=2656 n=8 a=1827)
      N=21246     best_f=2439     (m=3541 n=6 a=60)
      N=21244     best_f=169      (m=5311 n=4 a=3714)
      N=21240     best_f=895      (m=5310 n=4 a=1297)
      N=21236     best_f=7417     (m=5309 n=4 a=3505)
      N=21230     best_f=204      (m=2123 n=10 a=1929)
      N=21228     best_f=6        (m=1769 n=12 a=1694)
      N=21224     best_f=28       (m=1516 n=14 a=293)
      N=21222     best_f=460      (m=3537 n=6 a=2881)
      N=21220     best_f=43       (m=1061 n=20 a=14)
      N=21216     best_f=4        (m=442 n=48 a=37)
      N=21210     best_f=3        (m=707 n=30 a=522)
      N=21208     best_f=10       (m=2651 n=8 a=1695)
      N=21206     best_f=10       (m=461 n=46 a=113)
      N=21204     best_f=2432     (m=7068 n=3 a=1369)

>>> ratchet (9,5): ours 8802 (record 8760) -> sweeping 8803..9202
    [dd_gpu] 600.15s  686 launches  20277640373 evals  33.79 Mevals/s  best f=0 at N=8892 (m=494 n=18 a=251)  hits=2
      N=9200      best_f=131      (m=2300 n=4 a=507)
      N=9198      best_f=6        (m=511 n=18 a=109)
      N=9186      best_f=1314     (m=1531 n=6 a=647)
      N=9184      best_f=11       (m=1148 n=8 a=407)
      N=9180      best_f=22       (m=765 n=12 a=761)
      N=9176      best_f=418      (m=2294 n=4 a=1301)
      N=9174      best_f=44       (m=1529 n=6 a=1154)
      N=9170      best_f=12       (m=917 n=10 a=204)
      N=9164      best_f=202      (m=2291 n=4 a=2134)
      N=9160      best_f=3506     (m=2290 n=4 a=1023)
      N=9156      best_f=11       (m=763 n=12 a=41)
      N=9152      best_f=100      (m=2288 n=4 a=109)
      N=9150      best_f=10       (m=915 n=10 a=41)
      N=9144      best_f=17       (m=508 n=18 a=409)
      N=9140      best_f=490      (m=2285 n=4 a=1719)
      N=9132      best_f=866      (m=2283 n=4 a=1483)
      N=9130      best_f=76       (m=913 n=10 a=829)
      N=9126      best_f=42       (m=1521 n=6 a=1375)
      N=9120      best_f=17       (m=760 n=12 a=293)
      N=9116      best_f=119      (m=2279 n=4 a=818)
      N=9114      best_f=29       (m=1519 n=6 a=1489)
      N=9112      best_f=184      (m=1139 n=8 a=468)
      N=9110      best_f=374      (m=1822 n=5 a=1393)
      N=9108      best_f=14       (m=414 n=22 a=35)
      N=9104      best_f=1556     (m=2276 n=4 a=1621)
      N=9102      best_f=774      (m=1517 n=6 a=286)
      N=9100      best_f=98       (m=2275 n=4 a=2157)
      N=9096      best_f=740      (m=1516 n=6 a=431)
      N=9090      best_f=7        (m=909 n=10 a=721)
      N=9088      best_f=7112     (m=2272 n=4 a=1703)
      N=9084      best_f=804      (m=1514 n=6 a=785)
      N=9080      best_f=5276     (m=2270 n=4 a=907)
      N=9072      best_f=24       (m=1512 n=6 a=305)
      N=9060      best_f=18       (m=302 n=30 a=147)
      N=9052      best_f=267      (m=2263 n=4 a=1487)
      N=9050      best_f=22       (m=905 n=10 a=59)
      N=9048      best_f=7        (m=754 n=12 a=621)
      N=9044      best_f=104      (m=2261 n=4 a=1483)
      N=9040      best_f=6        (m=565 n=16 a=73)
      N=9032      best_f=246      (m=1129 n=8 a=437)
      N=9030      best_f=4        (m=645 n=14 a=434)
      N=9028      best_f=113      (m=2257 n=4 a=926)
      N=9024      best_f=4302     (m=2256 n=4 a=187)
      N=9020      best_f=2        (m=451 n=20 a=244)
      N=9018      best_f=1732     (m=1503 n=6 a=335)
      N=9012      best_f=2160     (m=3004 n=3 a=2325)
      N=9006      best_f=22       (m=1501 n=6 a=892)
      N=9000      best_f=15       (m=450 n=20 a=17)
      N=8996      best_f=126      (m=2249 n=4 a=599)
      N=8992      best_f=70       (m=1124 n=8 a=903)
      N=8990      best_f=44       (m=899 n=10 a=581)
      N=8988      best_f=708      (m=1498 n=6 a=641)
      N=8982      best_f=3328     (m=2994 n=3 a=1357)
      N=8980      best_f=434      (m=2245 n=4 a=1414)
      N=8976      best_f=10       (m=561 n=16 a=241)
      N=8970      best_f=32       (m=1495 n=6 a=666)
      N=8964      best_f=658      (m=1494 n=6 a=1327)
      N=8960      best_f=135      (m=2240 n=4 a=433)
      N=8952      best_f=1234     (m=2984 n=3 a=657)
      N=8940      best_f=107      (m=2235 n=4 a=2191)
      N=8934      best_f=3282     (m=2978 n=3 a=483)
      N=8932      best_f=4        (m=319 n=28 a=10)
      N=8928      best_f=23       (m=1488 n=6 a=1079)
      N=8920      best_f=5116     (m=2230 n=4 a=1337)
      N=8918      best_f=32       (m=637 n=14 a=428)
      N=8912      best_f=1437     (m=2228 n=4 a=675)
      N=8910      best_f=4        (m=297 n=30 a=152)
      N=8908      best_f=456      (m=2227 n=4 a=132)
      N=8904      best_f=9        (m=742 n=12 a=341)
      N=8900      best_f=195      (m=2225 n=4 a=924)
      N=8896      best_f=2792     (m=2224 n=4 a=1947)
      N=8892      best_f=0        (m=494 n=18 a=251)
      N=8890      best_f=5        (m=635 n=14 a=246)
      N=8888      best_f=258      (m=2222 n=4 a=2111)
      N=8880      best_f=10       (m=740 n=12 a=199)
      N=8876      best_f=306      (m=2219 n=4 a=1154)
      N=8872      best_f=3243     (m=2218 n=4 a=755)
      N=8868      best_f=756      (m=1478 n=6 a=419)
      N=8864      best_f=480      (m=2216 n=4 a=337)
      N=8862      best_f=7        (m=633 n=14 a=88)
      N=8860      best_f=4038     (m=2215 n=4 a=1773)
      N=8856      best_f=3        (m=369 n=24 a=284)
      N=8852      best_f=3258     (m=2213 n=4 a=1130)
      N=8844      best_f=8        (m=134 n=66 a=7)
      N=8840      best_f=6        (m=1105 n=8 a=824)
      N=8834      best_f=39       (m=631 n=14 a=190)
      N=8832      best_f=1292     (m=2208 n=4 a=1609)
      N=8826      best_f=3208     (m=2942 n=3 a=251)
      N=8820      best_f=20       (m=735 n=12 a=178)
      N=8816      best_f=94       (m=2204 n=4 a=191)
      N=8814      best_f=891      (m=1469 n=6 a=790)
      N=8810      best_f=298      (m=1762 n=5 a=1625)
      N=8808      best_f=634      (m=1468 n=6 a=451)

>>> ratchet (14,3): ours 1032 (record 979) -> sweeping 1033..1432
    [dd_gpu] 600.48s  953 launches  28232966757 evals  47.02 Mevals/s  best f=4 at N=1053 (m=351 n=3 a=100)  hits=0
      N=1431      best_f=226      (m=477 n=3 a=319)
      N=1430      best_f=89       (m=143 n=10 a=38)
      N=1428      best_f=87       (m=119 n=12 a=89)
      N=1425      best_f=78       (m=475 n=3 a=26)
      N=1424      best_f=144      (m=178 n=8 a=77)
      N=1422      best_f=88       (m=474 n=3 a=55)
      N=1421      best_f=84       (m=203 n=7 a=78)
      N=1420      best_f=81       (m=284 n=5 a=5)
      N=1408      best_f=108      (m=352 n=4 a=23)
      N=1407      best_f=98       (m=469 n=3 a=135)
      N=1405      best_f=80       (m=281 n=5 a=86)
      N=1404      best_f=76       (m=117 n=12 a=2)
      N=1400      best_f=103      (m=350 n=4 a=43)
      N=1396      best_f=309      (m=349 n=4 a=213)
      N=1395      best_f=72       (m=93 n=15 a=40)
      N=1392      best_f=111      (m=348 n=4 a=17)
      N=1389      best_f=102      (m=463 n=3 a=21)
      N=1386      best_f=83       (m=231 n=6 a=142)
      N=1384      best_f=283      (m=346 n=4 a=93)
      N=1380      best_f=79       (m=345 n=4 a=323)
      N=1379      best_f=64       (m=197 n=7 a=114)
      N=1378      best_f=65       (m=106 n=13 a=95)
      N=1377      best_f=194      (m=459 n=3 a=154)
      N=1375      best_f=60       (m=275 n=5 a=141)
      N=1374      best_f=173      (m=229 n=6 a=95)
      N=1372      best_f=89       (m=196 n=7 a=141)
      N=1368      best_f=62       (m=456 n=3 a=121)
      N=1365      best_f=56       (m=455 n=3 a=256)
      N=1360      best_f=60       (m=85 n=16 a=74)
      N=1356      best_f=128      (m=339 n=4 a=98)
      N=1355      best_f=60       (m=271 n=5 a=244)
      N=1352      best_f=269      (m=338 n=4 a=99)
      N=1350      best_f=79       (m=225 n=6 a=101)
      N=1348      best_f=282      (m=337 n=4 a=148)
      N=1344      best_f=52       (m=112 n=12 a=19)
      N=1340      best_f=116      (m=335 n=4 a=68)
      N=1338      best_f=62       (m=446 n=3 a=183)
      N=1332      best_f=54       (m=444 n=3 a=433)
      N=1331      best_f=62       (m=121 n=11 a=34)
      N=1326      best_f=63       (m=221 n=6 a=205)
      N=1323      best_f=50       (m=441 n=3 a=361)
      N=1320      best_f=51       (m=132 n=10 a=125)
      N=1317      best_f=64       (m=439 n=3 a=171)
      N=1314      best_f=50       (m=146 n=9 a=75)
      N=1312      best_f=75       (m=164 n=8 a=85)
      N=1311      best_f=46       (m=437 n=3 a=254)
      N=1310      best_f=51       (m=262 n=5 a=53)
      N=1308      best_f=91       (m=109 n=12 a=68)
      N=1302      best_f=52       (m=434 n=3 a=149)
      N=1300      best_f=62       (m=325 n=4 a=118)
      N=1296      best_f=63       (m=216 n=6 a=91)
      N=1292      best_f=70       (m=323 n=4 a=132)
      N=1290      best_f=40       (m=430 n=3 a=221)
      N=1281      best_f=38       (m=427 n=3 a=169)
      N=1280      best_f=42       (m=160 n=8 a=43)
      N=1276      best_f=57       (m=319 n=4 a=12)
      N=1272      best_f=98       (m=318 n=4 a=23)
      N=1268      best_f=231      (m=317 n=4 a=114)
      N=1266      best_f=40       (m=422 n=3 a=407)
      N=1265      best_f=38       (m=115 n=11 a=36)
      N=1263      best_f=60       (m=421 n=3 a=400)
      N=1260      best_f=37       (m=105 n=12 a=52)
      N=1255      best_f=36       (m=251 n=5 a=20)
      N=1254      best_f=36       (m=209 n=6 a=197)
      N=1252      best_f=221      (m=313 n=4 a=288)
      N=1251      best_f=60       (m=417 n=3 a=181)
      N=1250      best_f=82       (m=250 n=5 a=201)
      N=1248      best_f=41       (m=208 n=6 a=55)
      N=1242      best_f=57       (m=207 n=6 a=185)
      N=1240      best_f=33       (m=124 n=10 a=47)
      N=1239      best_f=50       (m=413 n=3 a=296)
      N=1236      best_f=112      (m=206 n=6 a=47)
      N=1230      best_f=37       (m=246 n=5 a=133)
      N=1227      best_f=48       (m=409 n=3 a=355)
      N=1224      best_f=32       (m=153 n=8 a=8)
      N=1221      best_f=28       (m=407 n=3 a=232)
      N=1220      best_f=32       (m=244 n=5 a=9)
      N=1218      best_f=28       (m=87 n=14 a=74)
      N=1216      best_f=57       (m=304 n=4 a=267)
      N=1215      best_f=34       (m=135 n=9 a=61)
      N=1212      best_f=86       (m=303 n=4 a=212)
      N=1210      best_f=24       (m=242 n=5 a=81)
      N=1209      best_f=24       (m=403 n=3 a=118)
      N=1206      best_f=42       (m=201 n=6 a=104)
      N=1205      best_f=26       (m=241 n=5 a=98)
      N=1204      best_f=23       (m=172 n=7 a=133)
      N=1200      best_f=49       (m=300 n=4 a=157)
      N=1197      best_f=24       (m=133 n=9 a=81)
      N=1196      best_f=39       (m=299 n=4 a=47)
      N=1194      best_f=22       (m=398 n=3 a=291)
      N=1192      best_f=177      (m=298 n=4 a=105)
      N=1191      best_f=38       (m=397 n=3 a=362)
      N=1188      best_f=44       (m=198 n=6 a=43)
      N=1184      best_f=54       (m=296 n=4 a=117)
      N=1180      best_f=70       (m=295 n=4 a=58)
      N=1176      best_f=14       (m=392 n=3 a=177)
      N=1172      best_f=173      (m=293 n=4 a=138)
      N=1170      best_f=26       (m=390 n=3 a=61)
      N=1168      best_f=66       (m=146 n=8 a=51)
      N=1164      best_f=16       (m=388 n=3 a=61)
      N=1161      best_f=16       (m=387 n=3 a=337)
      N=1160      best_f=53       (m=290 n=4 a=233)
      N=1158      best_f=20       (m=386 n=3 a=277)
      N=1155      best_f=18       (m=77 n=15 a=25)
      N=1152      best_f=38       (m=288 n=4 a=199)
      N=1148      best_f=35       (m=287 n=4 a=132)
      N=1144      best_f=31       (m=286 n=4 a=177)
      N=1143      best_f=18       (m=127 n=9 a=103)
      N=1140      best_f=17       (m=95 n=12 a=83)
      N=1134      best_f=12       (m=378 n=3 a=361)
      N=1125      best_f=44       (m=225 n=5 a=181)
      N=1120      best_f=25       (m=280 n=4 a=237)
      N=1119      best_f=26       (m=373 n=3 a=88)
      N=1116      best_f=17       (m=186 n=6 a=149)
      N=1113      best_f=32       (m=371 n=3 a=107)
      N=1110      best_f=12       (m=370 n=3 a=211)
      N=1108      best_f=143      (m=277 n=4 a=217)
      N=1107      best_f=72       (m=369 n=3 a=247)
      N=1101      best_f=22       (m=367 n=3 a=283)
      N=1100      best_f=10       (m=55 n=20 a=7)
      N=1098      best_f=14       (m=366 n=3 a=169)
      N=1096      best_f=139      (m=274 n=4 a=37)
      N=1095      best_f=6        (m=365 n=3 a=81)
      N=1092      best_f=8        (m=364 n=3 a=165)
      N=1088      best_f=14       (m=136 n=8 a=15)
      N=1086      best_f=8        (m=362 n=3 a=313)
      N=1085      best_f=12       (m=217 n=5 a=78)
      N=1083      best_f=18       (m=361 n=3 a=292)
      N=1081      best_f=8        (m=47 n=23 a=4)
      N=1080      best_f=10       (m=90 n=12 a=67)
      N=1076      best_f=131      (m=269 n=4 a=82)
      N=1071      best_f=22       (m=357 n=3 a=205)
      N=1065      best_f=10       (m=213 n=5 a=25)
      N=1060      best_f=20       (m=265 n=4 a=136)
      N=1055      best_f=6        (m=211 n=5 a=55)
      N=1053      best_f=4        (m=351 n=3 a=100)
      N=1050      best_f=15       (m=175 n=6 a=149)
      N=1045      best_f=14       (m=209 n=5 a=20)
      N=1044      best_f=10       (m=261 n=4 a=46)
      N=1040      best_f=13       (m=260 n=4 a=151)
      N=1036      best_f=13       (m=259 n=4 a=43)

########## ratchet round 5 -- 23:58:15 ##########

>>> ratchet (14,5): ours 60680 (record 60390) -> sweeping 60681..61080
    [dd_gpu] 600.86s  114 launches  3375887551 evals  5.62 Mevals/s  best f=0 at N=61008 (m=2542 n=24 a=1421)  hits=1
      N=61040     best_f=840      (m=15260 n=4 a=687)
      N=61038     best_f=326      (m=10173 n=6 a=9617)
      N=61035     best_f=2        (m=1565 n=39 a=1371)
      N=61029     best_f=6206     (m=20343 n=3 a=2926)
      N=61028     best_f=571      (m=15257 n=4 a=6689)
      N=61026     best_f=68       (m=10171 n=6 a=7958)
      N=61023     best_f=6116     (m=20341 n=3 a=2356)
      N=61020     best_f=34       (m=5085 n=12 a=2471)
      N=61019     best_f=20       (m=8717 n=7 a=7775)
      N=61017     best_f=1824     (m=20339 n=3 a=13366)
      N=61016     best_f=1684     (m=15254 n=4 a=2105)
      N=61010     best_f=76       (m=12202 n=5 a=5061)
      N=61008     best_f=0        (m=2542 n=24 a=1421)
      N=61004     best_f=490      (m=15251 n=4 a=12534)
      N=61000     best_f=4        (m=3050 n=20 a=1613)
      N=60996     best_f=433      (m=15249 n=4 a=8419)

>>> ratchet (13,5): ours 42744 (record 42680) -> sweeping 42745..43144
    [dd_gpu] 602.01s  163 launches  4835704966 evals  8.03 Mevals/s  best f=0 at N=42900 (m=715 n=60 a=618)  hits=2
      N=42944     best_f=185      (m=10736 n=4 a=133)
      N=42942     best_f=36       (m=7157 n=6 a=5031)
      N=42940     best_f=312      (m=10735 n=4 a=8912)
      N=42938     best_f=102      (m=3067 n=14 a=818)
      N=42936     best_f=172      (m=3578 n=12 a=919)
      N=42930     best_f=578      (m=7155 n=6 a=1801)
      N=42924     best_f=2        (m=3577 n=12 a=998)
      N=42920     best_f=235      (m=10730 n=4 a=6321)
      N=42916     best_f=14245    (m=10729 n=4 a=6759)
      N=42912     best_f=240      (m=10728 n=4 a=10027)
      N=42904     best_f=272      (m=10726 n=4 a=8557)
      N=42900     best_f=0        (m=715 n=60 a=618)
      N=42894     best_f=548      (m=7149 n=6 a=6046)
      N=42882     best_f=134      (m=7147 n=6 a=2694)
      N=42880     best_f=619      (m=10720 n=4 a=6297)
      N=42876     best_f=3        (m=1191 n=36 a=41)

>>> ratchet (11,5): ours 20952 (record 20646) -> sweeping 20953..21352
    [dd_gpu] 600.03s  297 launches  8797364220 evals  14.66 Mevals/s  best f=3 at N=21210 (m=707 n=30 a=522)  hits=0
      N=21312     best_f=4        (m=592 n=36 a=91)
      N=21310     best_f=206      (m=2131 n=10 a=397)
      N=21308     best_f=719      (m=5327 n=4 a=1483)
      N=21306     best_f=40       (m=3551 n=6 a=2174)
      N=21300     best_f=13       (m=2130 n=10 a=1829)
      N=21296     best_f=38       (m=968 n=22 a=593)
      N=21294     best_f=69       (m=3549 n=6 a=2389)
      N=21284     best_f=217      (m=5321 n=4 a=3418)
      N=21282     best_f=2492     (m=3547 n=6 a=2385)
      N=21280     best_f=497      (m=5320 n=4 a=2547)
      N=21276     best_f=30       (m=1773 n=12 a=14)
      N=21270     best_f=222      (m=3545 n=6 a=2354)
      N=21268     best_f=266      (m=5317 n=4 a=4356)
      N=21266     best_f=62       (m=1519 n=14 a=743)
      N=21260     best_f=9826     (m=5315 n=4 a=2127)
      N=21256     best_f=514      (m=2657 n=8 a=1991)
      N=21252     best_f=6        (m=322 n=66 a=11)
      N=21250     best_f=112      (m=2125 n=10 a=1174)
      N=21248     best_f=1868     (m=2656 n=8 a=1827)
      N=21246     best_f=2439     (m=3541 n=6 a=60)
      N=21244     best_f=169      (m=5311 n=4 a=3714)
      N=21240     best_f=895      (m=5310 n=4 a=1297)
      N=21236     best_f=7417     (m=5309 n=4 a=3505)
      N=21230     best_f=204      (m=2123 n=10 a=1929)
      N=21228     best_f=6        (m=1769 n=12 a=1694)
      N=21224     best_f=28       (m=1516 n=14 a=293)
      N=21222     best_f=460      (m=3537 n=6 a=2881)
      N=21220     best_f=43       (m=1061 n=20 a=14)
      N=21216     best_f=4        (m=442 n=48 a=37)
      N=21210     best_f=3        (m=707 n=30 a=522)
      N=21208     best_f=10       (m=2651 n=8 a=1695)
      N=21206     best_f=10       (m=461 n=46 a=113)
      N=21204     best_f=2432     (m=7068 n=3 a=1369)

>>> ratchet (9,5): ours 8802 (record 8760) -> sweeping 8803..9202
    [dd_gpu] 600.20s  686 launches  20277640373 evals  33.79 Mevals/s  best f=0 at N=8892 (m=494 n=18 a=251)  hits=2
      N=9200      best_f=131      (m=2300 n=4 a=507)
      N=9198      best_f=6        (m=511 n=18 a=109)
      N=9186      best_f=1314     (m=1531 n=6 a=647)
      N=9184      best_f=11       (m=1148 n=8 a=407)
      N=9180      best_f=22       (m=765 n=12 a=761)
      N=9176      best_f=418      (m=2294 n=4 a=1301)
      N=9174      best_f=44       (m=1529 n=6 a=1154)
      N=9170      best_f=12       (m=917 n=10 a=204)
      N=9164      best_f=202      (m=2291 n=4 a=2134)
      N=9160      best_f=3506     (m=2290 n=4 a=1023)
      N=9156      best_f=11       (m=763 n=12 a=41)
      N=9152      best_f=100      (m=2288 n=4 a=109)
      N=9150      best_f=10       (m=915 n=10 a=41)
      N=9144      best_f=17       (m=508 n=18 a=409)
      N=9140      best_f=490      (m=2285 n=4 a=1719)
      N=9132      best_f=866      (m=2283 n=4 a=1483)
      N=9130      best_f=76       (m=913 n=10 a=829)
      N=9126      best_f=42       (m=1521 n=6 a=1375)
      N=9120      best_f=17       (m=760 n=12 a=293)
      N=9116      best_f=119      (m=2279 n=4 a=818)
      N=9114      best_f=29       (m=1519 n=6 a=1489)
      N=9112      best_f=184      (m=1139 n=8 a=468)
      N=9110      best_f=374      (m=1822 n=5 a=1393)
      N=9108      best_f=14       (m=414 n=22 a=35)
      N=9104      best_f=1556     (m=2276 n=4 a=1621)
      N=9102      best_f=774      (m=1517 n=6 a=286)
      N=9100      best_f=98       (m=2275 n=4 a=2157)
      N=9096      best_f=740      (m=1516 n=6 a=431)
      N=9090      best_f=7        (m=909 n=10 a=721)
      N=9088      best_f=7112     (m=2272 n=4 a=1703)
      N=9084      best_f=804      (m=1514 n=6 a=785)
      N=9080      best_f=5276     (m=2270 n=4 a=907)
      N=9072      best_f=24       (m=1512 n=6 a=305)
      N=9060      best_f=18       (m=302 n=30 a=147)
      N=9052      best_f=267      (m=2263 n=4 a=1487)
      N=9050      best_f=22       (m=905 n=10 a=59)
      N=9048      best_f=7        (m=754 n=12 a=621)
      N=9044      best_f=104      (m=2261 n=4 a=1483)
      N=9040      best_f=6        (m=565 n=16 a=73)
      N=9032      best_f=246      (m=1129 n=8 a=437)
      N=9030      best_f=4        (m=645 n=14 a=434)
      N=9028      best_f=113      (m=2257 n=4 a=926)
      N=9024      best_f=4302     (m=2256 n=4 a=187)
      N=9020      best_f=2        (m=451 n=20 a=244)
      N=9018      best_f=1732     (m=1503 n=6 a=335)
      N=9012      best_f=2160     (m=3004 n=3 a=2325)
      N=9006      best_f=22       (m=1501 n=6 a=892)
      N=9000      best_f=15       (m=450 n=20 a=17)
      N=8996      best_f=126      (m=2249 n=4 a=599)
      N=8992      best_f=70       (m=1124 n=8 a=903)
      N=8990      best_f=44       (m=899 n=10 a=581)
      N=8988      best_f=708      (m=1498 n=6 a=641)
      N=8982      best_f=3328     (m=2994 n=3 a=1357)
      N=8980      best_f=434      (m=2245 n=4 a=1414)
      N=8976      best_f=10       (m=561 n=16 a=241)
      N=8970      best_f=32       (m=1495 n=6 a=666)
      N=8964      best_f=658      (m=1494 n=6 a=1327)
      N=8960      best_f=135      (m=2240 n=4 a=433)
      N=8952      best_f=1234     (m=2984 n=3 a=657)
      N=8940      best_f=107      (m=2235 n=4 a=2191)
      N=8934      best_f=3282     (m=2978 n=3 a=483)
      N=8932      best_f=4        (m=319 n=28 a=10)
      N=8928      best_f=23       (m=1488 n=6 a=1079)
      N=8920      best_f=5116     (m=2230 n=4 a=1337)
      N=8918      best_f=32       (m=637 n=14 a=428)
      N=8912      best_f=1437     (m=2228 n=4 a=675)
      N=8910      best_f=4        (m=297 n=30 a=152)
      N=8908      best_f=456      (m=2227 n=4 a=132)
      N=8904      best_f=9        (m=742 n=12 a=341)
      N=8900      best_f=195      (m=2225 n=4 a=924)
      N=8896      best_f=2792     (m=2224 n=4 a=1947)
      N=8892      best_f=0        (m=494 n=18 a=251)
      N=8890      best_f=5        (m=635 n=14 a=246)
      N=8888      best_f=258      (m=2222 n=4 a=2111)
      N=8880      best_f=10       (m=740 n=12 a=199)
      N=8876      best_f=306      (m=2219 n=4 a=1154)
      N=8872      best_f=3243     (m=2218 n=4 a=755)
      N=8868      best_f=756      (m=1478 n=6 a=419)
      N=8864      best_f=480      (m=2216 n=4 a=337)
      N=8862      best_f=7        (m=633 n=14 a=88)
      N=8860      best_f=4038     (m=2215 n=4 a=1773)
      N=8856      best_f=3        (m=369 n=24 a=284)
      N=8852      best_f=3258     (m=2213 n=4 a=1130)
      N=8844      best_f=8        (m=134 n=66 a=7)
      N=8840      best_f=6        (m=1105 n=8 a=824)
      N=8834      best_f=39       (m=631 n=14 a=190)
      N=8832      best_f=1292     (m=2208 n=4 a=1609)
      N=8826      best_f=3208     (m=2942 n=3 a=251)
      N=8820      best_f=20       (m=735 n=12 a=178)
      N=8816      best_f=94       (m=2204 n=4 a=191)
      N=8814      best_f=891      (m=1469 n=6 a=790)
      N=8810      best_f=298      (m=1762 n=5 a=1625)
      N=8808      best_f=634      (m=1468 n=6 a=451)

>>> ratchet (14,3): ours 1032 (record 979) -> sweeping 1033..1432
    [dd_gpu] 600.55s  953 launches  28232966757 evals  47.01 Mevals/s  best f=4 at N=1053 (m=351 n=3 a=100)  hits=0
      N=1431      best_f=226      (m=477 n=3 a=319)
      N=1430      best_f=89       (m=143 n=10 a=38)
      N=1428      best_f=87       (m=119 n=12 a=89)
      N=1425      best_f=78       (m=475 n=3 a=26)
      N=1424      best_f=144      (m=178 n=8 a=77)
      N=1422      best_f=88       (m=474 n=3 a=55)
      N=1421      best_f=84       (m=203 n=7 a=78)
      N=1420      best_f=81       (m=284 n=5 a=5)
      N=1408      best_f=108      (m=352 n=4 a=23)
      N=1407      best_f=98       (m=469 n=3 a=135)
      N=1405      best_f=80       (m=281 n=5 a=86)
      N=1404      best_f=76       (m=117 n=12 a=2)
      N=1400      best_f=103      (m=350 n=4 a=43)
      N=1396      best_f=309      (m=349 n=4 a=213)
      N=1395      best_f=72       (m=93 n=15 a=40)
      N=1392      best_f=111      (m=348 n=4 a=17)
      N=1389      best_f=102      (m=463 n=3 a=21)
      N=1386      best_f=83       (m=231 n=6 a=142)
      N=1384      best_f=283      (m=346 n=4 a=93)
      N=1380      best_f=79       (m=345 n=4 a=323)
      N=1379      best_f=64       (m=197 n=7 a=114)
      N=1378      best_f=65       (m=106 n=13 a=95)
      N=1377      best_f=194      (m=459 n=3 a=154)
      N=1375      best_f=60       (m=275 n=5 a=141)
      N=1374      best_f=173      (m=229 n=6 a=95)
      N=1372      best_f=89       (m=196 n=7 a=141)
      N=1368      best_f=62       (m=456 n=3 a=121)
      N=1365      best_f=56       (m=455 n=3 a=256)
      N=1360      best_f=60       (m=85 n=16 a=74)
      N=1356      best_f=128      (m=339 n=4 a=98)
      N=1355      best_f=60       (m=271 n=5 a=244)
      N=1352      best_f=269      (m=338 n=4 a=99)
      N=1350      best_f=79       (m=225 n=6 a=101)
      N=1348      best_f=282      (m=337 n=4 a=148)
      N=1344      best_f=52       (m=112 n=12 a=19)
      N=1340      best_f=116      (m=335 n=4 a=68)
      N=1338      best_f=62       (m=446 n=3 a=183)
      N=1332      best_f=54       (m=444 n=3 a=433)
      N=1331      best_f=62       (m=121 n=11 a=34)
      N=1326      best_f=63       (m=221 n=6 a=205)
      N=1323      best_f=50       (m=441 n=3 a=361)
      N=1320      best_f=51       (m=132 n=10 a=125)
      N=1317      best_f=64       (m=439 n=3 a=171)
      N=1314      best_f=50       (m=146 n=9 a=75)
      N=1312      best_f=75       (m=164 n=8 a=85)
      N=1311      best_f=46       (m=437 n=3 a=254)
      N=1310      best_f=51       (m=262 n=5 a=53)
      N=1308      best_f=91       (m=109 n=12 a=68)
      N=1302      best_f=52       (m=434 n=3 a=149)
      N=1300      best_f=62       (m=325 n=4 a=118)
      N=1296      best_f=63       (m=216 n=6 a=91)
      N=1292      best_f=70       (m=323 n=4 a=132)
      N=1290      best_f=40       (m=430 n=3 a=221)
      N=1281      best_f=38       (m=427 n=3 a=169)
      N=1280      best_f=42       (m=160 n=8 a=43)
      N=1276      best_f=57       (m=319 n=4 a=12)
      N=1272      best_f=98       (m=318 n=4 a=23)
      N=1268      best_f=231      (m=317 n=4 a=114)
      N=1266      best_f=40       (m=422 n=3 a=407)
      N=1265      best_f=38       (m=115 n=11 a=36)
      N=1263      best_f=60       (m=421 n=3 a=400)
      N=1260      best_f=37       (m=105 n=12 a=52)
      N=1255      best_f=36       (m=251 n=5 a=20)
      N=1254      best_f=36       (m=209 n=6 a=197)
      N=1252      best_f=221      (m=313 n=4 a=288)
      N=1251      best_f=60       (m=417 n=3 a=181)
      N=1250      best_f=82       (m=250 n=5 a=201)
      N=1248      best_f=41       (m=208 n=6 a=55)
      N=1242      best_f=57       (m=207 n=6 a=185)
      N=1240      best_f=33       (m=124 n=10 a=47)
      N=1239      best_f=50       (m=413 n=3 a=296)
      N=1236      best_f=112      (m=206 n=6 a=47)
      N=1230      best_f=37       (m=246 n=5 a=133)
      N=1227      best_f=48       (m=409 n=3 a=355)
      N=1224      best_f=32       (m=153 n=8 a=8)
      N=1221      best_f=28       (m=407 n=3 a=232)
      N=1220      best_f=32       (m=244 n=5 a=9)
      N=1218      best_f=28       (m=87 n=14 a=74)
      N=1216      best_f=57       (m=304 n=4 a=267)
      N=1215      best_f=34       (m=135 n=9 a=61)
      N=1212      best_f=86       (m=303 n=4 a=212)
      N=1210      best_f=24       (m=242 n=5 a=81)
      N=1209      best_f=24       (m=403 n=3 a=118)
      N=1206      best_f=42       (m=201 n=6 a=104)
      N=1205      best_f=26       (m=241 n=5 a=98)
      N=1204      best_f=23       (m=172 n=7 a=133)
      N=1200      best_f=49       (m=300 n=4 a=157)
      N=1197      best_f=24       (m=133 n=9 a=81)
      N=1196      best_f=39       (m=299 n=4 a=47)
      N=1194      best_f=22       (m=398 n=3 a=291)
      N=1192      best_f=177      (m=298 n=4 a=105)
      N=1191      best_f=38       (m=397 n=3 a=362)
      N=1188      best_f=44       (m=198 n=6 a=43)
      N=1184      best_f=54       (m=296 n=4 a=117)
      N=1180      best_f=70       (m=295 n=4 a=58)
      N=1176      best_f=14       (m=392 n=3 a=177)
      N=1172      best_f=173      (m=293 n=4 a=138)
      N=1170      best_f=26       (m=390 n=3 a=61)
      N=1168      best_f=66       (m=146 n=8 a=51)
      N=1164      best_f=16       (m=388 n=3 a=61)
      N=1161      best_f=16       (m=387 n=3 a=337)
      N=1160      best_f=53       (m=290 n=4 a=233)
      N=1158      best_f=20       (m=386 n=3 a=277)
      N=1155      best_f=18       (m=77 n=15 a=25)
      N=1152      best_f=38       (m=288 n=4 a=199)
      N=1148      best_f=35       (m=287 n=4 a=132)
      N=1144      best_f=31       (m=286 n=4 a=177)
      N=1143      best_f=18       (m=127 n=9 a=103)
      N=1140      best_f=17       (m=95 n=12 a=83)
      N=1134      best_f=12       (m=378 n=3 a=361)
      N=1125      best_f=44       (m=225 n=5 a=181)
      N=1120      best_f=25       (m=280 n=4 a=237)
      N=1119      best_f=26       (m=373 n=3 a=88)
      N=1116      best_f=17       (m=186 n=6 a=149)
      N=1113      best_f=32       (m=371 n=3 a=107)
      N=1110      best_f=12       (m=370 n=3 a=211)
      N=1108      best_f=143      (m=277 n=4 a=217)
      N=1107      best_f=72       (m=369 n=3 a=247)
      N=1101      best_f=22       (m=367 n=3 a=283)
      N=1100      best_f=10       (m=55 n=20 a=7)
      N=1098      best_f=14       (m=366 n=3 a=169)
      N=1096      best_f=139      (m=274 n=4 a=37)
      N=1095      best_f=6        (m=365 n=3 a=81)
      N=1092      best_f=8        (m=364 n=3 a=165)
      N=1088      best_f=14       (m=136 n=8 a=15)
      N=1086      best_f=8        (m=362 n=3 a=313)
      N=1085      best_f=12       (m=217 n=5 a=78)
      N=1083      best_f=18       (m=361 n=3 a=292)
      N=1081      best_f=8        (m=47 n=23 a=4)
      N=1080      best_f=10       (m=90 n=12 a=67)
      N=1076      best_f=131      (m=269 n=4 a=82)
      N=1071      best_f=22       (m=357 n=3 a=205)
      N=1065      best_f=10       (m=213 n=5 a=25)
      N=1060      best_f=20       (m=265 n=4 a=136)
      N=1055      best_f=6        (m=211 n=5 a=55)
      N=1053      best_f=4        (m=351 n=3 a=100)
      N=1050      best_f=15       (m=175 n=6 a=149)
      N=1045      best_f=14       (m=209 n=5 a=20)
      N=1044      best_f=10       (m=261 n=4 a=46)
      N=1040      best_f=13       (m=260 n=4 a=151)
      N=1036      best_f=13       (m=259 n=4 a=43)

########## ratchet round 6 -- 00:48:31 ##########

>>> ratchet (14,5): ours 60680 (record 60390) -> sweeping 60681..61080
    [dd_gpu] 600.98s  114 launches  3375887551 evals  5.62 Mevals/s  best f=0 at N=61008 (m=2542 n=24 a=1421)  hits=1
      N=61040     best_f=840      (m=15260 n=4 a=687)
      N=61038     best_f=326      (m=10173 n=6 a=9617)
      N=61035     best_f=2        (m=1565 n=39 a=1371)
      N=61029     best_f=6206     (m=20343 n=3 a=2926)
      N=61028     best_f=571      (m=15257 n=4 a=6689)
      N=61026     best_f=68       (m=10171 n=6 a=7958)
      N=61023     best_f=6116     (m=20341 n=3 a=2356)
      N=61020     best_f=34       (m=5085 n=12 a=2471)
      N=61019     best_f=20       (m=8717 n=7 a=7775)
      N=61017     best_f=1824     (m=20339 n=3 a=13366)
      N=61016     best_f=1684     (m=15254 n=4 a=2105)
      N=61010     best_f=76       (m=12202 n=5 a=5061)
      N=61008     best_f=0        (m=2542 n=24 a=1421)
      N=61004     best_f=490      (m=15251 n=4 a=12534)
      N=61000     best_f=4        (m=3050 n=20 a=1613)
      N=60996     best_f=433      (m=15249 n=4 a=8419)

>>> ratchet (13,5): ours 42744 (record 42680) -> sweeping 42745..43144
    [dd_gpu] 601.89s  163 launches  4835704966 evals  8.03 Mevals/s  best f=0 at N=42900 (m=715 n=60 a=618)  hits=2
      N=42944     best_f=185      (m=10736 n=4 a=133)
      N=42942     best_f=36       (m=7157 n=6 a=5031)
      N=42940     best_f=312      (m=10735 n=4 a=8912)
      N=42938     best_f=102      (m=3067 n=14 a=818)
      N=42936     best_f=172      (m=3578 n=12 a=919)
      N=42930     best_f=578      (m=7155 n=6 a=1801)
      N=42924     best_f=2        (m=3577 n=12 a=998)
      N=42920     best_f=235      (m=10730 n=4 a=6321)
      N=42916     best_f=14245    (m=10729 n=4 a=6759)
      N=42912     best_f=240      (m=10728 n=4 a=10027)
      N=42904     best_f=272      (m=10726 n=4 a=8557)
      N=42900     best_f=0        (m=715 n=60 a=618)
      N=42894     best_f=548      (m=7149 n=6 a=6046)
      N=42882     best_f=134      (m=7147 n=6 a=2694)
      N=42880     best_f=619      (m=10720 n=4 a=6297)
      N=42876     best_f=3        (m=1191 n=36 a=41)

>>> ratchet (11,5): ours 20952 (record 20646) -> sweeping 20953..21352
    [dd_gpu] 600.05s  297 launches  8797364220 evals  14.66 Mevals/s  best f=3 at N=21210 (m=707 n=30 a=522)  hits=0
      N=21312     best_f=4        (m=592 n=36 a=91)
      N=21310     best_f=206      (m=2131 n=10 a=397)
      N=21308     best_f=719      (m=5327 n=4 a=1483)
      N=21306     best_f=40       (m=3551 n=6 a=2174)
      N=21300     best_f=13       (m=2130 n=10 a=1829)
      N=21296     best_f=38       (m=968 n=22 a=593)
      N=21294     best_f=69       (m=3549 n=6 a=2389)
      N=21284     best_f=217      (m=5321 n=4 a=3418)
      N=21282     best_f=2492     (m=3547 n=6 a=2385)
      N=21280     best_f=497      (m=5320 n=4 a=2547)
      N=21276     best_f=30       (m=1773 n=12 a=14)
      N=21270     best_f=222      (m=3545 n=6 a=2354)
      N=21268     best_f=266      (m=5317 n=4 a=4356)
      N=21266     best_f=62       (m=1519 n=14 a=743)
      N=21260     best_f=9826     (m=5315 n=4 a=2127)
      N=21256     best_f=514      (m=2657 n=8 a=1991)
      N=21252     best_f=6        (m=322 n=66 a=11)
      N=21250     best_f=112      (m=2125 n=10 a=1174)
      N=21248     best_f=1868     (m=2656 n=8 a=1827)
      N=21246     best_f=2439     (m=3541 n=6 a=60)
      N=21244     best_f=169      (m=5311 n=4 a=3714)
      N=21240     best_f=895      (m=5310 n=4 a=1297)
      N=21236     best_f=7417     (m=5309 n=4 a=3505)
      N=21230     best_f=204      (m=2123 n=10 a=1929)
      N=21228     best_f=6        (m=1769 n=12 a=1694)
      N=21224     best_f=28       (m=1516 n=14 a=293)
      N=21222     best_f=460      (m=3537 n=6 a=2881)
      N=21220     best_f=43       (m=1061 n=20 a=14)
      N=21216     best_f=4        (m=442 n=48 a=37)
      N=21210     best_f=3        (m=707 n=30 a=522)
      N=21208     best_f=10       (m=2651 n=8 a=1695)
      N=21206     best_f=10       (m=461 n=46 a=113)
      N=21204     best_f=2432     (m=7068 n=3 a=1369)

>>> ratchet (9,5): ours 8802 (record 8760) -> sweeping 8803..9202
    [dd_gpu] 600.20s  686 launches  20277640373 evals  33.78 Mevals/s  best f=0 at N=8892 (m=494 n=18 a=251)  hits=2
      N=9200      best_f=131      (m=2300 n=4 a=507)
      N=9198      best_f=6        (m=511 n=18 a=109)
      N=9186      best_f=1314     (m=1531 n=6 a=647)
      N=9184      best_f=11       (m=1148 n=8 a=407)
      N=9180      best_f=22       (m=765 n=12 a=761)
      N=9176      best_f=418      (m=2294 n=4 a=1301)
      N=9174      best_f=44       (m=1529 n=6 a=1154)
      N=9170      best_f=12       (m=917 n=10 a=204)
      N=9164      best_f=202      (m=2291 n=4 a=2134)
      N=9160      best_f=3506     (m=2290 n=4 a=1023)
      N=9156      best_f=11       (m=763 n=12 a=41)
      N=9152      best_f=100      (m=2288 n=4 a=109)
      N=9150      best_f=10       (m=915 n=10 a=41)
      N=9144      best_f=17       (m=508 n=18 a=409)
      N=9140      best_f=490      (m=2285 n=4 a=1719)
      N=9132      best_f=866      (m=2283 n=4 a=1483)
      N=9130      best_f=76       (m=913 n=10 a=829)
      N=9126      best_f=42       (m=1521 n=6 a=1375)
      N=9120      best_f=17       (m=760 n=12 a=293)
      N=9116      best_f=119      (m=2279 n=4 a=818)
      N=9114      best_f=29       (m=1519 n=6 a=1489)
      N=9112      best_f=184      (m=1139 n=8 a=468)
      N=9110      best_f=374      (m=1822 n=5 a=1393)
      N=9108      best_f=14       (m=414 n=22 a=35)
      N=9104      best_f=1556     (m=2276 n=4 a=1621)
      N=9102      best_f=774      (m=1517 n=6 a=286)
      N=9100      best_f=98       (m=2275 n=4 a=2157)
      N=9096      best_f=740      (m=1516 n=6 a=431)
      N=9090      best_f=7        (m=909 n=10 a=721)
      N=9088      best_f=7112     (m=2272 n=4 a=1703)
      N=9084      best_f=804      (m=1514 n=6 a=785)
      N=9080      best_f=5276     (m=2270 n=4 a=907)
      N=9072      best_f=24       (m=1512 n=6 a=305)
      N=9060      best_f=18       (m=302 n=30 a=147)
      N=9052      best_f=267      (m=2263 n=4 a=1487)
      N=9050      best_f=22       (m=905 n=10 a=59)
      N=9048      best_f=7        (m=754 n=12 a=621)
      N=9044      best_f=104      (m=2261 n=4 a=1483)
      N=9040      best_f=6        (m=565 n=16 a=73)
      N=9032      best_f=246      (m=1129 n=8 a=437)
      N=9030      best_f=4        (m=645 n=14 a=434)
      N=9028      best_f=113      (m=2257 n=4 a=926)
      N=9024      best_f=4302     (m=2256 n=4 a=187)
      N=9020      best_f=2        (m=451 n=20 a=244)
      N=9018      best_f=1732     (m=1503 n=6 a=335)
      N=9012      best_f=2160     (m=3004 n=3 a=2325)
      N=9006      best_f=22       (m=1501 n=6 a=892)
      N=9000      best_f=15       (m=450 n=20 a=17)
      N=8996      best_f=126      (m=2249 n=4 a=599)
      N=8992      best_f=70       (m=1124 n=8 a=903)
      N=8990      best_f=44       (m=899 n=10 a=581)
      N=8988      best_f=708      (m=1498 n=6 a=641)
      N=8982      best_f=3328     (m=2994 n=3 a=1357)
      N=8980      best_f=434      (m=2245 n=4 a=1414)
      N=8976      best_f=10       (m=561 n=16 a=241)
      N=8970      best_f=32       (m=1495 n=6 a=666)
      N=8964      best_f=658      (m=1494 n=6 a=1327)
      N=8960      best_f=135      (m=2240 n=4 a=433)
      N=8952      best_f=1234     (m=2984 n=3 a=657)
      N=8940      best_f=107      (m=2235 n=4 a=2191)
      N=8934      best_f=3282     (m=2978 n=3 a=483)
      N=8932      best_f=4        (m=319 n=28 a=10)
      N=8928      best_f=23       (m=1488 n=6 a=1079)
      N=8920      best_f=5116     (m=2230 n=4 a=1337)
      N=8918      best_f=32       (m=637 n=14 a=428)
      N=8912      best_f=1437     (m=2228 n=4 a=675)
      N=8910      best_f=4        (m=297 n=30 a=152)
      N=8908      best_f=456      (m=2227 n=4 a=132)
      N=8904      best_f=9        (m=742 n=12 a=341)
      N=8900      best_f=195      (m=2225 n=4 a=924)
      N=8896      best_f=2792     (m=2224 n=4 a=1947)
      N=8892      best_f=0        (m=494 n=18 a=251)
      N=8890      best_f=5        (m=635 n=14 a=246)
      N=8888      best_f=258      (m=2222 n=4 a=2111)
      N=8880      best_f=10       (m=740 n=12 a=199)
      N=8876      best_f=306      (m=2219 n=4 a=1154)
      N=8872      best_f=3243     (m=2218 n=4 a=755)
      N=8868      best_f=756      (m=1478 n=6 a=419)
      N=8864      best_f=480      (m=2216 n=4 a=337)
      N=8862      best_f=7        (m=633 n=14 a=88)
      N=8860      best_f=4038     (m=2215 n=4 a=1773)
      N=8856      best_f=3        (m=369 n=24 a=284)
      N=8852      best_f=3258     (m=2213 n=4 a=1130)
      N=8844      best_f=8        (m=134 n=66 a=7)
      N=8840      best_f=6        (m=1105 n=8 a=824)
      N=8834      best_f=39       (m=631 n=14 a=190)
      N=8832      best_f=1292     (m=2208 n=4 a=1609)
      N=8826      best_f=3208     (m=2942 n=3 a=251)
      N=8820      best_f=20       (m=735 n=12 a=178)
      N=8816      best_f=94       (m=2204 n=4 a=191)
      N=8814      best_f=891      (m=1469 n=6 a=790)
      N=8810      best_f=298      (m=1762 n=5 a=1625)
      N=8808      best_f=634      (m=1468 n=6 a=451)

>>> ratchet (14,3): ours 1032 (record 979) -> sweeping 1033..1432
    [dd_gpu] 600.54s  953 launches  28232966757 evals  47.01 Mevals/s  best f=4 at N=1053 (m=351 n=3 a=100)  hits=0
      N=1431      best_f=226      (m=477 n=3 a=319)
      N=1430      best_f=89       (m=143 n=10 a=38)
      N=1428      best_f=87       (m=119 n=12 a=89)
      N=1425      best_f=78       (m=475 n=3 a=26)
      N=1424      best_f=144      (m=178 n=8 a=77)
      N=1422      best_f=88       (m=474 n=3 a=55)
      N=1421      best_f=84       (m=203 n=7 a=78)
      N=1420      best_f=81       (m=284 n=5 a=5)
      N=1408      best_f=108      (m=352 n=4 a=23)
      N=1407      best_f=98       (m=469 n=3 a=135)
      N=1405      best_f=80       (m=281 n=5 a=86)
      N=1404      best_f=76       (m=117 n=12 a=2)
      N=1400      best_f=103      (m=350 n=4 a=43)
      N=1396      best_f=309      (m=349 n=4 a=213)
      N=1395      best_f=72       (m=93 n=15 a=40)
      N=1392      best_f=111      (m=348 n=4 a=17)
      N=1389      best_f=102      (m=463 n=3 a=21)
      N=1386      best_f=83       (m=231 n=6 a=142)
      N=1384      best_f=283      (m=346 n=4 a=93)
      N=1380      best_f=79       (m=345 n=4 a=323)
      N=1379      best_f=64       (m=197 n=7 a=114)
      N=1378      best_f=65       (m=106 n=13 a=95)
      N=1377      best_f=194      (m=459 n=3 a=154)
      N=1375      best_f=60       (m=275 n=5 a=141)
      N=1374      best_f=173      (m=229 n=6 a=95)
      N=1372      best_f=89       (m=196 n=7 a=141)
      N=1368      best_f=62       (m=456 n=3 a=121)
      N=1365      best_f=56       (m=455 n=3 a=256)
      N=1360      best_f=60       (m=85 n=16 a=74)
      N=1356      best_f=128      (m=339 n=4 a=98)
      N=1355      best_f=60       (m=271 n=5 a=244)
      N=1352      best_f=269      (m=338 n=4 a=99)
      N=1350      best_f=79       (m=225 n=6 a=101)
      N=1348      best_f=282      (m=337 n=4 a=148)
      N=1344      best_f=52       (m=112 n=12 a=19)
      N=1340      best_f=116      (m=335 n=4 a=68)
      N=1338      best_f=62       (m=446 n=3 a=183)
      N=1332      best_f=54       (m=444 n=3 a=433)
      N=1331      best_f=62       (m=121 n=11 a=34)
      N=1326      best_f=63       (m=221 n=6 a=205)
      N=1323      best_f=50       (m=441 n=3 a=361)
      N=1320      best_f=51       (m=132 n=10 a=125)
      N=1317      best_f=64       (m=439 n=3 a=171)
      N=1314      best_f=50       (m=146 n=9 a=75)
      N=1312      best_f=75       (m=164 n=8 a=85)
      N=1311      best_f=46       (m=437 n=3 a=254)
      N=1310      best_f=51       (m=262 n=5 a=53)
      N=1308      best_f=91       (m=109 n=12 a=68)
      N=1302      best_f=52       (m=434 n=3 a=149)
      N=1300      best_f=62       (m=325 n=4 a=118)
      N=1296      best_f=63       (m=216 n=6 a=91)
      N=1292      best_f=70       (m=323 n=4 a=132)
      N=1290      best_f=40       (m=430 n=3 a=221)
      N=1281      best_f=38       (m=427 n=3 a=169)
      N=1280      best_f=42       (m=160 n=8 a=43)
      N=1276      best_f=57       (m=319 n=4 a=12)
      N=1272      best_f=98       (m=318 n=4 a=23)
      N=1268      best_f=231      (m=317 n=4 a=114)
      N=1266      best_f=40       (m=422 n=3 a=407)
      N=1265      best_f=38       (m=115 n=11 a=36)
      N=1263      best_f=60       (m=421 n=3 a=400)
      N=1260      best_f=37       (m=105 n=12 a=52)
      N=1255      best_f=36       (m=251 n=5 a=20)
      N=1254      best_f=36       (m=209 n=6 a=197)
      N=1252      best_f=221      (m=313 n=4 a=288)
      N=1251      best_f=60       (m=417 n=3 a=181)
      N=1250      best_f=82       (m=250 n=5 a=201)
      N=1248      best_f=41       (m=208 n=6 a=55)
      N=1242      best_f=57       (m=207 n=6 a=185)
      N=1240      best_f=33       (m=124 n=10 a=47)
      N=1239      best_f=50       (m=413 n=3 a=296)
      N=1236      best_f=112      (m=206 n=6 a=47)
      N=1230      best_f=37       (m=246 n=5 a=133)
      N=1227      best_f=48       (m=409 n=3 a=355)
      N=1224      best_f=32       (m=153 n=8 a=8)
      N=1221      best_f=28       (m=407 n=3 a=232)
      N=1220      best_f=32       (m=244 n=5 a=9)
      N=1218      best_f=28       (m=87 n=14 a=74)
      N=1216      best_f=57       (m=304 n=4 a=267)
      N=1215      best_f=34       (m=135 n=9 a=61)
      N=1212      best_f=86       (m=303 n=4 a=212)
      N=1210      best_f=24       (m=242 n=5 a=81)
      N=1209      best_f=24       (m=403 n=3 a=118)
      N=1206      best_f=42       (m=201 n=6 a=104)
      N=1205      best_f=26       (m=241 n=5 a=98)
      N=1204      best_f=23       (m=172 n=7 a=133)
      N=1200      best_f=49       (m=300 n=4 a=157)
      N=1197      best_f=24       (m=133 n=9 a=81)
      N=1196      best_f=39       (m=299 n=4 a=47)
      N=1194      best_f=22       (m=398 n=3 a=291)
      N=1192      best_f=177      (m=298 n=4 a=105)
      N=1191      best_f=38       (m=397 n=3 a=362)
      N=1188      best_f=44       (m=198 n=6 a=43)
      N=1184      best_f=54       (m=296 n=4 a=117)
      N=1180      best_f=70       (m=295 n=4 a=58)
      N=1176      best_f=14       (m=392 n=3 a=177)
      N=1172      best_f=173      (m=293 n=4 a=138)
      N=1170      best_f=26       (m=390 n=3 a=61)
      N=1168      best_f=66       (m=146 n=8 a=51)
      N=1164      best_f=16       (m=388 n=3 a=61)
      N=1161      best_f=16       (m=387 n=3 a=337)
      N=1160      best_f=53       (m=290 n=4 a=233)
      N=1158      best_f=20       (m=386 n=3 a=277)
      N=1155      best_f=18       (m=77 n=15 a=25)
      N=1152      best_f=38       (m=288 n=4 a=199)
      N=1148      best_f=35       (m=287 n=4 a=132)
      N=1144      best_f=31       (m=286 n=4 a=177)
      N=1143      best_f=18       (m=127 n=9 a=103)
      N=1140      best_f=17       (m=95 n=12 a=83)
      N=1134      best_f=12       (m=378 n=3 a=361)
      N=1125      best_f=44       (m=225 n=5 a=181)
      N=1120      best_f=25       (m=280 n=4 a=237)
      N=1119      best_f=26       (m=373 n=3 a=88)
      N=1116      best_f=17       (m=186 n=6 a=149)
      N=1113      best_f=32       (m=371 n=3 a=107)
      N=1110      best_f=12       (m=370 n=3 a=211)
      N=1108      best_f=143      (m=277 n=4 a=217)
      N=1107      best_f=72       (m=369 n=3 a=247)
      N=1101      best_f=22       (m=367 n=3 a=283)
      N=1100      best_f=10       (m=55 n=20 a=7)
      N=1098      best_f=14       (m=366 n=3 a=169)
      N=1096      best_f=139      (m=274 n=4 a=37)
      N=1095      best_f=6        (m=365 n=3 a=81)
      N=1092      best_f=8        (m=364 n=3 a=165)
      N=1088      best_f=14       (m=136 n=8 a=15)
      N=1086      best_f=8        (m=362 n=3 a=313)
      N=1085      best_f=12       (m=217 n=5 a=78)
      N=1083      best_f=18       (m=361 n=3 a=292)
      N=1081      best_f=8        (m=47 n=23 a=4)
      N=1080      best_f=10       (m=90 n=12 a=67)
      N=1076      best_f=131      (m=269 n=4 a=82)
      N=1071      best_f=22       (m=357 n=3 a=205)
      N=1065      best_f=10       (m=213 n=5 a=25)
      N=1060      best_f=20       (m=265 n=4 a=136)
      N=1055      best_f=6        (m=211 n=5 a=55)
      N=1053      best_f=4        (m=351 n=3 a=100)
      N=1050      best_f=15       (m=175 n=6 a=149)
      N=1045      best_f=14       (m=209 n=5 a=20)
      N=1044      best_f=10       (m=261 n=4 a=46)
      N=1040      best_f=13       (m=260 n=4 a=151)
      N=1036      best_f=13       (m=259 n=4 a=43)

########## ratchet round 7 -- 01:38:49 ##########

>>> ratchet (14,5): ours 60680 (record 60390) -> sweeping 60681..61080
    [dd_gpu] 600.98s  114 launches  3375887551 evals  5.62 Mevals/s  best f=0 at N=61008 (m=2542 n=24 a=1421)  hits=1
      N=61040     best_f=840      (m=15260 n=4 a=687)
      N=61038     best_f=326      (m=10173 n=6 a=9617)
      N=61035     best_f=2        (m=1565 n=39 a=1371)
      N=61029     best_f=6206     (m=20343 n=3 a=2926)
      N=61028     best_f=571      (m=15257 n=4 a=6689)
      N=61026     best_f=68       (m=10171 n=6 a=7958)
      N=61023     best_f=6116     (m=20341 n=3 a=2356)
      N=61020     best_f=34       (m=5085 n=12 a=2471)
      N=61019     best_f=20       (m=8717 n=7 a=7775)
      N=61017     best_f=1824     (m=20339 n=3 a=13366)
      N=61016     best_f=1684     (m=15254 n=4 a=2105)
      N=61010     best_f=76       (m=12202 n=5 a=5061)
      N=61008     best_f=0        (m=2542 n=24 a=1421)
      N=61004     best_f=490      (m=15251 n=4 a=12534)
      N=61000     best_f=4        (m=3050 n=20 a=1613)
      N=60996     best_f=433      (m=15249 n=4 a=8419)

>>> ratchet (13,5): ours 42744 (record 42680) -> sweeping 42745..43144
    [dd_gpu] 601.91s  163 launches  4835704966 evals  8.03 Mevals/s  best f=0 at N=42900 (m=715 n=60 a=618)  hits=2
      N=42944     best_f=185      (m=10736 n=4 a=133)
      N=42942     best_f=36       (m=7157 n=6 a=5031)
      N=42940     best_f=312      (m=10735 n=4 a=8912)
      N=42938     best_f=102      (m=3067 n=14 a=818)
      N=42936     best_f=172      (m=3578 n=12 a=919)
      N=42930     best_f=578      (m=7155 n=6 a=1801)
      N=42924     best_f=2        (m=3577 n=12 a=998)
      N=42920     best_f=235      (m=10730 n=4 a=6321)
      N=42916     best_f=14245    (m=10729 n=4 a=6759)
      N=42912     best_f=240      (m=10728 n=4 a=10027)
      N=42904     best_f=272      (m=10726 n=4 a=8557)
      N=42900     best_f=0        (m=715 n=60 a=618)
      N=42894     best_f=548      (m=7149 n=6 a=6046)
      N=42882     best_f=134      (m=7147 n=6 a=2694)
      N=42880     best_f=619      (m=10720 n=4 a=6297)
      N=42876     best_f=3        (m=1191 n=36 a=41)

>>> ratchet (11,5): ours 20952 (record 20646) -> sweeping 20953..21352
    [dd_gpu] 600.18s  297 launches  8797364220 evals  14.66 Mevals/s  best f=3 at N=21210 (m=707 n=30 a=522)  hits=0
      N=21312     best_f=4        (m=592 n=36 a=91)
      N=21310     best_f=206      (m=2131 n=10 a=397)
      N=21308     best_f=719      (m=5327 n=4 a=1483)
      N=21306     best_f=40       (m=3551 n=6 a=2174)
      N=21300     best_f=13       (m=2130 n=10 a=1829)
      N=21296     best_f=38       (m=968 n=22 a=593)
      N=21294     best_f=69       (m=3549 n=6 a=2389)
      N=21284     best_f=217      (m=5321 n=4 a=3418)
      N=21282     best_f=2492     (m=3547 n=6 a=2385)
      N=21280     best_f=497      (m=5320 n=4 a=2547)
      N=21276     best_f=30       (m=1773 n=12 a=14)
      N=21270     best_f=222      (m=3545 n=6 a=2354)
      N=21268     best_f=266      (m=5317 n=4 a=4356)
      N=21266     best_f=62       (m=1519 n=14 a=743)
      N=21260     best_f=9826     (m=5315 n=4 a=2127)
      N=21256     best_f=514      (m=2657 n=8 a=1991)
      N=21252     best_f=6        (m=322 n=66 a=11)
      N=21250     best_f=112      (m=2125 n=10 a=1174)
      N=21248     best_f=1868     (m=2656 n=8 a=1827)
      N=21246     best_f=2439     (m=3541 n=6 a=60)
      N=21244     best_f=169      (m=5311 n=4 a=3714)
      N=21240     best_f=895      (m=5310 n=4 a=1297)
      N=21236     best_f=7417     (m=5309 n=4 a=3505)
      N=21230     best_f=204      (m=2123 n=10 a=1929)
      N=21228     best_f=6        (m=1769 n=12 a=1694)
      N=21224     best_f=28       (m=1516 n=14 a=293)
      N=21222     best_f=460      (m=3537 n=6 a=2881)
      N=21220     best_f=43       (m=1061 n=20 a=14)
      N=21216     best_f=4        (m=442 n=48 a=37)
      N=21210     best_f=3        (m=707 n=30 a=522)
      N=21208     best_f=10       (m=2651 n=8 a=1695)
      N=21206     best_f=10       (m=461 n=46 a=113)
      N=21204     best_f=2432     (m=7068 n=3 a=1369)

>>> ratchet (9,5): ours 8802 (record 8760) -> sweeping 8803..9202
    [dd_gpu] 600.25s  686 launches  20277640373 evals  33.78 Mevals/s  best f=0 at N=8892 (m=494 n=18 a=251)  hits=2
      N=9200      best_f=131      (m=2300 n=4 a=507)
      N=9198      best_f=6        (m=511 n=18 a=109)
      N=9186      best_f=1314     (m=1531 n=6 a=647)
      N=9184      best_f=11       (m=1148 n=8 a=407)
      N=9180      best_f=22       (m=765 n=12 a=761)
      N=9176      best_f=418      (m=2294 n=4 a=1301)
      N=9174      best_f=44       (m=1529 n=6 a=1154)
      N=9170      best_f=12       (m=917 n=10 a=204)
      N=9164      best_f=202      (m=2291 n=4 a=2134)
      N=9160      best_f=3506     (m=2290 n=4 a=1023)
      N=9156      best_f=11       (m=763 n=12 a=41)
      N=9152      best_f=100      (m=2288 n=4 a=109)
      N=9150      best_f=10       (m=915 n=10 a=41)
      N=9144      best_f=17       (m=508 n=18 a=409)
      N=9140      best_f=490      (m=2285 n=4 a=1719)
      N=9132      best_f=866      (m=2283 n=4 a=1483)
      N=9130      best_f=76       (m=913 n=10 a=829)
      N=9126      best_f=42       (m=1521 n=6 a=1375)
      N=9120      best_f=17       (m=760 n=12 a=293)
      N=9116      best_f=119      (m=2279 n=4 a=818)
      N=9114      best_f=29       (m=1519 n=6 a=1489)
      N=9112      best_f=184      (m=1139 n=8 a=468)
      N=9110      best_f=374      (m=1822 n=5 a=1393)
      N=9108      best_f=14       (m=414 n=22 a=35)
      N=9104      best_f=1556     (m=2276 n=4 a=1621)
      N=9102      best_f=774      (m=1517 n=6 a=286)
      N=9100      best_f=98       (m=2275 n=4 a=2157)
      N=9096      best_f=740      (m=1516 n=6 a=431)
      N=9090      best_f=7        (m=909 n=10 a=721)
      N=9088      best_f=7112     (m=2272 n=4 a=1703)
      N=9084      best_f=804      (m=1514 n=6 a=785)
      N=9080      best_f=5276     (m=2270 n=4 a=907)
      N=9072      best_f=24       (m=1512 n=6 a=305)
      N=9060      best_f=18       (m=302 n=30 a=147)
      N=9052      best_f=267      (m=2263 n=4 a=1487)
      N=9050      best_f=22       (m=905 n=10 a=59)
      N=9048      best_f=7        (m=754 n=12 a=621)
      N=9044      best_f=104      (m=2261 n=4 a=1483)
      N=9040      best_f=6        (m=565 n=16 a=73)
      N=9032      best_f=246      (m=1129 n=8 a=437)
      N=9030      best_f=4        (m=645 n=14 a=434)
      N=9028      best_f=113      (m=2257 n=4 a=926)
      N=9024      best_f=4302     (m=2256 n=4 a=187)
      N=9020      best_f=2        (m=451 n=20 a=244)
      N=9018      best_f=1732     (m=1503 n=6 a=335)
      N=9012      best_f=2160     (m=3004 n=3 a=2325)
      N=9006      best_f=22       (m=1501 n=6 a=892)
      N=9000      best_f=15       (m=450 n=20 a=17)
      N=8996      best_f=126      (m=2249 n=4 a=599)
      N=8992      best_f=70       (m=1124 n=8 a=903)
      N=8990      best_f=44       (m=899 n=10 a=581)
      N=8988      best_f=708      (m=1498 n=6 a=641)
      N=8982      best_f=3328     (m=2994 n=3 a=1357)
      N=8980      best_f=434      (m=2245 n=4 a=1414)
      N=8976      best_f=10       (m=561 n=16 a=241)
      N=8970      best_f=32       (m=1495 n=6 a=666)
      N=8964      best_f=658      (m=1494 n=6 a=1327)
      N=8960      best_f=135      (m=2240 n=4 a=433)
      N=8952      best_f=1234     (m=2984 n=3 a=657)
      N=8940      best_f=107      (m=2235 n=4 a=2191)
      N=8934      best_f=3282     (m=2978 n=3 a=483)
      N=8932      best_f=4        (m=319 n=28 a=10)
      N=8928      best_f=23       (m=1488 n=6 a=1079)
      N=8920      best_f=5116     (m=2230 n=4 a=1337)
      N=8918      best_f=32       (m=637 n=14 a=428)
      N=8912      best_f=1437     (m=2228 n=4 a=675)
      N=8910      best_f=4        (m=297 n=30 a=152)
      N=8908      best_f=456      (m=2227 n=4 a=132)
      N=8904      best_f=9        (m=742 n=12 a=341)
      N=8900      best_f=195      (m=2225 n=4 a=924)
      N=8896      best_f=2792     (m=2224 n=4 a=1947)
      N=8892      best_f=0        (m=494 n=18 a=251)
      N=8890      best_f=5        (m=635 n=14 a=246)
      N=8888      best_f=258      (m=2222 n=4 a=2111)
      N=8880      best_f=10       (m=740 n=12 a=199)
      N=8876      best_f=306      (m=2219 n=4 a=1154)
      N=8872      best_f=3243     (m=2218 n=4 a=755)
      N=8868      best_f=756      (m=1478 n=6 a=419)
      N=8864      best_f=480      (m=2216 n=4 a=337)
      N=8862      best_f=7        (m=633 n=14 a=88)
      N=8860      best_f=4038     (m=2215 n=4 a=1773)
      N=8856      best_f=3        (m=369 n=24 a=284)
      N=8852      best_f=3258     (m=2213 n=4 a=1130)
      N=8844      best_f=8        (m=134 n=66 a=7)
      N=8840      best_f=6        (m=1105 n=8 a=824)
      N=8834      best_f=39       (m=631 n=14 a=190)
      N=8832      best_f=1292     (m=2208 n=4 a=1609)
      N=8826      best_f=3208     (m=2942 n=3 a=251)
      N=8820      best_f=20       (m=735 n=12 a=178)
      N=8816      best_f=94       (m=2204 n=4 a=191)
      N=8814      best_f=891      (m=1469 n=6 a=790)
      N=8810      best_f=298      (m=1762 n=5 a=1625)
      N=8808      best_f=634      (m=1468 n=6 a=451)

>>> ratchet (14,3): ours 1032 (record 979) -> sweeping 1033..1432
    [dd_gpu] 600.54s  953 launches  28232966757 evals  47.01 Mevals/s  best f=4 at N=1053 (m=351 n=3 a=100)  hits=0
      N=1431      best_f=226      (m=477 n=3 a=319)
      N=1430      best_f=89       (m=143 n=10 a=38)
      N=1428      best_f=87       (m=119 n=12 a=89)
      N=1425      best_f=78       (m=475 n=3 a=26)
      N=1424      best_f=144      (m=178 n=8 a=77)
      N=1422      best_f=88       (m=474 n=3 a=55)
      N=1421      best_f=84       (m=203 n=7 a=78)
      N=1420      best_f=81       (m=284 n=5 a=5)
      N=1408      best_f=108      (m=352 n=4 a=23)
      N=1407      best_f=98       (m=469 n=3 a=135)
      N=1405      best_f=80       (m=281 n=5 a=86)
      N=1404      best_f=76       (m=117 n=12 a=2)
      N=1400      best_f=103      (m=350 n=4 a=43)
      N=1396      best_f=309      (m=349 n=4 a=213)
      N=1395      best_f=72       (m=93 n=15 a=40)
      N=1392      best_f=111      (m=348 n=4 a=17)
      N=1389      best_f=102      (m=463 n=3 a=21)
      N=1386      best_f=83       (m=231 n=6 a=142)
      N=1384      best_f=283      (m=346 n=4 a=93)
      N=1380      best_f=79       (m=345 n=4 a=323)
      N=1379      best_f=64       (m=197 n=7 a=114)
      N=1378      best_f=65       (m=106 n=13 a=95)
      N=1377      best_f=194      (m=459 n=3 a=154)
      N=1375      best_f=60       (m=275 n=5 a=141)
      N=1374      best_f=173      (m=229 n=6 a=95)
      N=1372      best_f=89       (m=196 n=7 a=141)
      N=1368      best_f=62       (m=456 n=3 a=121)
      N=1365      best_f=56       (m=455 n=3 a=256)
      N=1360      best_f=60       (m=85 n=16 a=74)
      N=1356      best_f=128      (m=339 n=4 a=98)
      N=1355      best_f=60       (m=271 n=5 a=244)
      N=1352      best_f=269      (m=338 n=4 a=99)
      N=1350      best_f=79       (m=225 n=6 a=101)
      N=1348      best_f=282      (m=337 n=4 a=148)
      N=1344      best_f=52       (m=112 n=12 a=19)
      N=1340      best_f=116      (m=335 n=4 a=68)
      N=1338      best_f=62       (m=446 n=3 a=183)
      N=1332      best_f=54       (m=444 n=3 a=433)
      N=1331      best_f=62       (m=121 n=11 a=34)
      N=1326      best_f=63       (m=221 n=6 a=205)
      N=1323      best_f=50       (m=441 n=3 a=361)
      N=1320      best_f=51       (m=132 n=10 a=125)
      N=1317      best_f=64       (m=439 n=3 a=171)
      N=1314      best_f=50       (m=146 n=9 a=75)
      N=1312      best_f=75       (m=164 n=8 a=85)
      N=1311      best_f=46       (m=437 n=3 a=254)
      N=1310      best_f=51       (m=262 n=5 a=53)
      N=1308      best_f=91       (m=109 n=12 a=68)
      N=1302      best_f=52       (m=434 n=3 a=149)
      N=1300      best_f=62       (m=325 n=4 a=118)
      N=1296      best_f=63       (m=216 n=6 a=91)
      N=1292      best_f=70       (m=323 n=4 a=132)
      N=1290      best_f=40       (m=430 n=3 a=221)
      N=1281      best_f=38       (m=427 n=3 a=169)
      N=1280      best_f=42       (m=160 n=8 a=43)
      N=1276      best_f=57       (m=319 n=4 a=12)
      N=1272      best_f=98       (m=318 n=4 a=23)
      N=1268      best_f=231      (m=317 n=4 a=114)
      N=1266      best_f=40       (m=422 n=3 a=407)
      N=1265      best_f=38       (m=115 n=11 a=36)
      N=1263      best_f=60       (m=421 n=3 a=400)
      N=1260      best_f=37       (m=105 n=12 a=52)
      N=1255      best_f=36       (m=251 n=5 a=20)
      N=1254      best_f=36       (m=209 n=6 a=197)
      N=1252      best_f=221      (m=313 n=4 a=288)
      N=1251      best_f=60       (m=417 n=3 a=181)
      N=1250      best_f=82       (m=250 n=5 a=201)
      N=1248      best_f=41       (m=208 n=6 a=55)
      N=1242      best_f=57       (m=207 n=6 a=185)
      N=1240      best_f=33       (m=124 n=10 a=47)
      N=1239      best_f=50       (m=413 n=3 a=296)
      N=1236      best_f=112      (m=206 n=6 a=47)
      N=1230      best_f=37       (m=246 n=5 a=133)
      N=1227      best_f=48       (m=409 n=3 a=355)
      N=1224      best_f=32       (m=153 n=8 a=8)
      N=1221      best_f=28       (m=407 n=3 a=232)
      N=1220      best_f=32       (m=244 n=5 a=9)
      N=1218      best_f=28       (m=87 n=14 a=74)
      N=1216      best_f=57       (m=304 n=4 a=267)
      N=1215      best_f=34       (m=135 n=9 a=61)
      N=1212      best_f=86       (m=303 n=4 a=212)
      N=1210      best_f=24       (m=242 n=5 a=81)
      N=1209      best_f=24       (m=403 n=3 a=118)
      N=1206      best_f=42       (m=201 n=6 a=104)
      N=1205      best_f=26       (m=241 n=5 a=98)
      N=1204      best_f=23       (m=172 n=7 a=133)
      N=1200      best_f=49       (m=300 n=4 a=157)
      N=1197      best_f=24       (m=133 n=9 a=81)
      N=1196      best_f=39       (m=299 n=4 a=47)
      N=1194      best_f=22       (m=398 n=3 a=291)
      N=1192      best_f=177      (m=298 n=4 a=105)
      N=1191      best_f=38       (m=397 n=3 a=362)
      N=1188      best_f=44       (m=198 n=6 a=43)
      N=1184      best_f=54       (m=296 n=4 a=117)
      N=1180      best_f=70       (m=295 n=4 a=58)
      N=1176      best_f=14       (m=392 n=3 a=177)
      N=1172      best_f=173      (m=293 n=4 a=138)
      N=1170      best_f=26       (m=390 n=3 a=61)
      N=1168      best_f=66       (m=146 n=8 a=51)
      N=1164      best_f=16       (m=388 n=3 a=61)
      N=1161      best_f=16       (m=387 n=3 a=337)
      N=1160      best_f=53       (m=290 n=4 a=233)
      N=1158      best_f=20       (m=386 n=3 a=277)
      N=1155      best_f=18       (m=77 n=15 a=25)
      N=1152      best_f=38       (m=288 n=4 a=199)
      N=1148      best_f=35       (m=287 n=4 a=132)
      N=1144      best_f=31       (m=286 n=4 a=177)
      N=1143      best_f=18       (m=127 n=9 a=103)
      N=1140      best_f=17       (m=95 n=12 a=83)
      N=1134      best_f=12       (m=378 n=3 a=361)
      N=1125      best_f=44       (m=225 n=5 a=181)
      N=1120      best_f=25       (m=280 n=4 a=237)
      N=1119      best_f=26       (m=373 n=3 a=88)
      N=1116      best_f=17       (m=186 n=6 a=149)
      N=1113      best_f=32       (m=371 n=3 a=107)
      N=1110      best_f=12       (m=370 n=3 a=211)
      N=1108      best_f=143      (m=277 n=4 a=217)
      N=1107      best_f=72       (m=369 n=3 a=247)
      N=1101      best_f=22       (m=367 n=3 a=283)
      N=1100      best_f=10       (m=55 n=20 a=7)
      N=1098      best_f=14       (m=366 n=3 a=169)
      N=1096      best_f=139      (m=274 n=4 a=37)
      N=1095      best_f=6        (m=365 n=3 a=81)
      N=1092      best_f=8        (m=364 n=3 a=165)
      N=1088      best_f=14       (m=136 n=8 a=15)
      N=1086      best_f=8        (m=362 n=3 a=313)
      N=1085      best_f=12       (m=217 n=5 a=78)
      N=1083      best_f=18       (m=361 n=3 a=292)
      N=1081      best_f=8        (m=47 n=23 a=4)
      N=1080      best_f=10       (m=90 n=12 a=67)
      N=1076      best_f=131      (m=269 n=4 a=82)
      N=1071      best_f=22       (m=357 n=3 a=205)
      N=1065      best_f=10       (m=213 n=5 a=25)
      N=1060      best_f=20       (m=265 n=4 a=136)
      N=1055      best_f=6        (m=211 n=5 a=55)
      N=1053      best_f=4        (m=351 n=3 a=100)
      N=1050      best_f=15       (m=175 n=6 a=149)
      N=1045      best_f=14       (m=209 n=5 a=20)
      N=1044      best_f=10       (m=261 n=4 a=46)
      N=1040      best_f=13       (m=260 n=4 a=151)
      N=1036      best_f=13       (m=259 n=4 a=43)

########## ratchet round 8 -- 02:29:06 ##########

>>> ratchet (14,5): ours 60680 (record 60390) -> sweeping 60681..61080
    [dd_gpu] 600.84s  114 launches  3375887551 evals  5.62 Mevals/s  best f=0 at N=61008 (m=2542 n=24 a=1421)  hits=1
      N=61040     best_f=840      (m=15260 n=4 a=687)
      N=61038     best_f=326      (m=10173 n=6 a=9617)
      N=61035     best_f=2        (m=1565 n=39 a=1371)
      N=61029     best_f=6206     (m=20343 n=3 a=2926)
      N=61028     best_f=571      (m=15257 n=4 a=6689)
      N=61026     best_f=68       (m=10171 n=6 a=7958)
      N=61023     best_f=6116     (m=20341 n=3 a=2356)
      N=61020     best_f=34       (m=5085 n=12 a=2471)
      N=61019     best_f=20       (m=8717 n=7 a=7775)
      N=61017     best_f=1824     (m=20339 n=3 a=13366)
      N=61016     best_f=1684     (m=15254 n=4 a=2105)
      N=61010     best_f=76       (m=12202 n=5 a=5061)
      N=61008     best_f=0        (m=2542 n=24 a=1421)
      N=61004     best_f=490      (m=15251 n=4 a=12534)
      N=61000     best_f=4        (m=3050 n=20 a=1613)
      N=60996     best_f=433      (m=15249 n=4 a=8419)

>>> ratchet (13,5): ours 42744 (record 42680) -> sweeping 42745..43144
    [dd_gpu] 601.98s  163 launches  4835704966 evals  8.03 Mevals/s  best f=0 at N=42900 (m=715 n=60 a=618)  hits=2
      N=42944     best_f=185      (m=10736 n=4 a=133)
      N=42942     best_f=36       (m=7157 n=6 a=5031)
      N=42940     best_f=312      (m=10735 n=4 a=8912)
      N=42938     best_f=102      (m=3067 n=14 a=818)
      N=42936     best_f=172      (m=3578 n=12 a=919)
      N=42930     best_f=578      (m=7155 n=6 a=1801)
      N=42924     best_f=2        (m=3577 n=12 a=998)
      N=42920     best_f=235      (m=10730 n=4 a=6321)
      N=42916     best_f=14245    (m=10729 n=4 a=6759)
      N=42912     best_f=240      (m=10728 n=4 a=10027)
      N=42904     best_f=272      (m=10726 n=4 a=8557)
      N=42900     best_f=0        (m=715 n=60 a=618)
      N=42894     best_f=548      (m=7149 n=6 a=6046)
      N=42882     best_f=134      (m=7147 n=6 a=2694)
      N=42880     best_f=619      (m=10720 n=4 a=6297)
      N=42876     best_f=3        (m=1191 n=36 a=41)

>>> ratchet (11,5): ours 20952 (record 20646) -> sweeping 20953..21352
    [dd_gpu] 600.10s  297 launches  8797364220 evals  14.66 Mevals/s  best f=3 at N=21210 (m=707 n=30 a=522)  hits=0
      N=21312     best_f=4        (m=592 n=36 a=91)
      N=21310     best_f=206      (m=2131 n=10 a=397)
      N=21308     best_f=719      (m=5327 n=4 a=1483)
      N=21306     best_f=40       (m=3551 n=6 a=2174)
      N=21300     best_f=13       (m=2130 n=10 a=1829)
      N=21296     best_f=38       (m=968 n=22 a=593)
      N=21294     best_f=69       (m=3549 n=6 a=2389)
      N=21284     best_f=217      (m=5321 n=4 a=3418)
      N=21282     best_f=2492     (m=3547 n=6 a=2385)
      N=21280     best_f=497      (m=5320 n=4 a=2547)
      N=21276     best_f=30       (m=1773 n=12 a=14)
      N=21270     best_f=222      (m=3545 n=6 a=2354)
      N=21268     best_f=266      (m=5317 n=4 a=4356)
      N=21266     best_f=62       (m=1519 n=14 a=743)
      N=21260     best_f=9826     (m=5315 n=4 a=2127)
      N=21256     best_f=514      (m=2657 n=8 a=1991)
      N=21252     best_f=6        (m=322 n=66 a=11)
      N=21250     best_f=112      (m=2125 n=10 a=1174)
      N=21248     best_f=1868     (m=2656 n=8 a=1827)
      N=21246     best_f=2439     (m=3541 n=6 a=60)
      N=21244     best_f=169      (m=5311 n=4 a=3714)
      N=21240     best_f=895      (m=5310 n=4 a=1297)
      N=21236     best_f=7417     (m=5309 n=4 a=3505)
      N=21230     best_f=204      (m=2123 n=10 a=1929)
      N=21228     best_f=6        (m=1769 n=12 a=1694)
      N=21224     best_f=28       (m=1516 n=14 a=293)
      N=21222     best_f=460      (m=3537 n=6 a=2881)
      N=21220     best_f=43       (m=1061 n=20 a=14)
      N=21216     best_f=4        (m=442 n=48 a=37)
      N=21210     best_f=3        (m=707 n=30 a=522)
      N=21208     best_f=10       (m=2651 n=8 a=1695)
      N=21206     best_f=10       (m=461 n=46 a=113)
      N=21204     best_f=2432     (m=7068 n=3 a=1369)

>>> ratchet (9,5): ours 8802 (record 8760) -> sweeping 8803..9202
    [dd_gpu] 600.19s  686 launches  20277640373 evals  33.79 Mevals/s  best f=0 at N=8892 (m=494 n=18 a=251)  hits=2
      N=9200      best_f=131      (m=2300 n=4 a=507)
      N=9198      best_f=6        (m=511 n=18 a=109)
      N=9186      best_f=1314     (m=1531 n=6 a=647)
      N=9184      best_f=11       (m=1148 n=8 a=407)
      N=9180      best_f=22       (m=765 n=12 a=761)
      N=9176      best_f=418      (m=2294 n=4 a=1301)
      N=9174      best_f=44       (m=1529 n=6 a=1154)
      N=9170      best_f=12       (m=917 n=10 a=204)
      N=9164      best_f=202      (m=2291 n=4 a=2134)
      N=9160      best_f=3506     (m=2290 n=4 a=1023)
      N=9156      best_f=11       (m=763 n=12 a=41)
      N=9152      best_f=100      (m=2288 n=4 a=109)
      N=9150      best_f=10       (m=915 n=10 a=41)
      N=9144      best_f=17       (m=508 n=18 a=409)
      N=9140      best_f=490      (m=2285 n=4 a=1719)
      N=9132      best_f=866      (m=2283 n=4 a=1483)
      N=9130      best_f=76       (m=913 n=10 a=829)
      N=9126      best_f=42       (m=1521 n=6 a=1375)
      N=9120      best_f=17       (m=760 n=12 a=293)
      N=9116      best_f=119      (m=2279 n=4 a=818)
      N=9114      best_f=29       (m=1519 n=6 a=1489)
      N=9112      best_f=184      (m=1139 n=8 a=468)
      N=9110      best_f=374      (m=1822 n=5 a=1393)
      N=9108      best_f=14       (m=414 n=22 a=35)
      N=9104      best_f=1556     (m=2276 n=4 a=1621)
      N=9102      best_f=774      (m=1517 n=6 a=286)
      N=9100      best_f=98       (m=2275 n=4 a=2157)
      N=9096      best_f=740      (m=1516 n=6 a=431)
      N=9090      best_f=7        (m=909 n=10 a=721)
      N=9088      best_f=7112     (m=2272 n=4 a=1703)
      N=9084      best_f=804      (m=1514 n=6 a=785)
      N=9080      best_f=5276     (m=2270 n=4 a=907)
      N=9072      best_f=24       (m=1512 n=6 a=305)
      N=9060      best_f=18       (m=302 n=30 a=147)
      N=9052      best_f=267      (m=2263 n=4 a=1487)
      N=9050      best_f=22       (m=905 n=10 a=59)
      N=9048      best_f=7        (m=754 n=12 a=621)
      N=9044      best_f=104      (m=2261 n=4 a=1483)
      N=9040      best_f=6        (m=565 n=16 a=73)
      N=9032      best_f=246      (m=1129 n=8 a=437)
      N=9030      best_f=4        (m=645 n=14 a=434)
      N=9028      best_f=113      (m=2257 n=4 a=926)
      N=9024      best_f=4302     (m=2256 n=4 a=187)
      N=9020      best_f=2        (m=451 n=20 a=244)
      N=9018      best_f=1732     (m=1503 n=6 a=335)
      N=9012      best_f=2160     (m=3004 n=3 a=2325)
      N=9006      best_f=22       (m=1501 n=6 a=892)
      N=9000      best_f=15       (m=450 n=20 a=17)
      N=8996      best_f=126      (m=2249 n=4 a=599)
      N=8992      best_f=70       (m=1124 n=8 a=903)
      N=8990      best_f=44       (m=899 n=10 a=581)
      N=8988      best_f=708      (m=1498 n=6 a=641)
      N=8982      best_f=3328     (m=2994 n=3 a=1357)
      N=8980      best_f=434      (m=2245 n=4 a=1414)
      N=8976      best_f=10       (m=561 n=16 a=241)
      N=8970      best_f=32       (m=1495 n=6 a=666)
      N=8964      best_f=658      (m=1494 n=6 a=1327)
      N=8960      best_f=135      (m=2240 n=4 a=433)
      N=8952      best_f=1234     (m=2984 n=3 a=657)
      N=8940      best_f=107      (m=2235 n=4 a=2191)
      N=8934      best_f=3282     (m=2978 n=3 a=483)
      N=8932      best_f=4        (m=319 n=28 a=10)
      N=8928      best_f=23       (m=1488 n=6 a=1079)
      N=8920      best_f=5116     (m=2230 n=4 a=1337)
      N=8918      best_f=32       (m=637 n=14 a=428)
      N=8912      best_f=1437     (m=2228 n=4 a=675)
      N=8910      best_f=4        (m=297 n=30 a=152)
      N=8908      best_f=456      (m=2227 n=4 a=132)
      N=8904      best_f=9        (m=742 n=12 a=341)
      N=8900      best_f=195      (m=2225 n=4 a=924)
      N=8896      best_f=2792     (m=2224 n=4 a=1947)
      N=8892      best_f=0        (m=494 n=18 a=251)
      N=8890      best_f=5        (m=635 n=14 a=246)
      N=8888      best_f=258      (m=2222 n=4 a=2111)
      N=8880      best_f=10       (m=740 n=12 a=199)
      N=8876      best_f=306      (m=2219 n=4 a=1154)
      N=8872      best_f=3243     (m=2218 n=4 a=755)
      N=8868      best_f=756      (m=1478 n=6 a=419)
      N=8864      best_f=480      (m=2216 n=4 a=337)
      N=8862      best_f=7        (m=633 n=14 a=88)
      N=8860      best_f=4038     (m=2215 n=4 a=1773)
      N=8856      best_f=3        (m=369 n=24 a=284)
      N=8852      best_f=3258     (m=2213 n=4 a=1130)
      N=8844      best_f=8        (m=134 n=66 a=7)
      N=8840      best_f=6        (m=1105 n=8 a=824)
      N=8834      best_f=39       (m=631 n=14 a=190)
      N=8832      best_f=1292     (m=2208 n=4 a=1609)
      N=8826      best_f=3208     (m=2942 n=3 a=251)
      N=8820      best_f=20       (m=735 n=12 a=178)
      N=8816      best_f=94       (m=2204 n=4 a=191)
      N=8814      best_f=891      (m=1469 n=6 a=790)
      N=8810      best_f=298      (m=1762 n=5 a=1625)
      N=8808      best_f=634      (m=1468 n=6 a=451)

>>> ratchet (14,3): ours 1032 (record 979) -> sweeping 1033..1432
    [dd_gpu] 600.55s  953 launches  28232966757 evals  47.01 Mevals/s  best f=4 at N=1053 (m=351 n=3 a=100)  hits=0
      N=1431      best_f=226      (m=477 n=3 a=319)
      N=1430      best_f=89       (m=143 n=10 a=38)
      N=1428      best_f=87       (m=119 n=12 a=89)
      N=1425      best_f=78       (m=475 n=3 a=26)
      N=1424      best_f=144      (m=178 n=8 a=77)
      N=1422      best_f=88       (m=474 n=3 a=55)
      N=1421      best_f=84       (m=203 n=7 a=78)
      N=1420      best_f=81       (m=284 n=5 a=5)
      N=1408      best_f=108      (m=352 n=4 a=23)
      N=1407      best_f=98       (m=469 n=3 a=135)
      N=1405      best_f=80       (m=281 n=5 a=86)
      N=1404      best_f=76       (m=117 n=12 a=2)
      N=1400      best_f=103      (m=350 n=4 a=43)
      N=1396      best_f=309      (m=349 n=4 a=213)
      N=1395      best_f=72       (m=93 n=15 a=40)
      N=1392      best_f=111      (m=348 n=4 a=17)
      N=1389      best_f=102      (m=463 n=3 a=21)
      N=1386      best_f=83       (m=231 n=6 a=142)
      N=1384      best_f=283      (m=346 n=4 a=93)
      N=1380      best_f=79       (m=345 n=4 a=323)
      N=1379      best_f=64       (m=197 n=7 a=114)
      N=1378      best_f=65       (m=106 n=13 a=95)
      N=1377      best_f=194      (m=459 n=3 a=154)
      N=1375      best_f=60       (m=275 n=5 a=141)
      N=1374      best_f=173      (m=229 n=6 a=95)
      N=1372      best_f=89       (m=196 n=7 a=141)
      N=1368      best_f=62       (m=456 n=3 a=121)
      N=1365      best_f=56       (m=455 n=3 a=256)
      N=1360      best_f=60       (m=85 n=16 a=74)
      N=1356      best_f=128      (m=339 n=4 a=98)
      N=1355      best_f=60       (m=271 n=5 a=244)
      N=1352      best_f=269      (m=338 n=4 a=99)
      N=1350      best_f=79       (m=225 n=6 a=101)
      N=1348      best_f=282      (m=337 n=4 a=148)
      N=1344      best_f=52       (m=112 n=12 a=19)
      N=1340      best_f=116      (m=335 n=4 a=68)
      N=1338      best_f=62       (m=446 n=3 a=183)
      N=1332      best_f=54       (m=444 n=3 a=433)
      N=1331      best_f=62       (m=121 n=11 a=34)
      N=1326      best_f=63       (m=221 n=6 a=205)
      N=1323      best_f=50       (m=441 n=3 a=361)
      N=1320      best_f=51       (m=132 n=10 a=125)
      N=1317      best_f=64       (m=439 n=3 a=171)
      N=1314      best_f=50       (m=146 n=9 a=75)
      N=1312      best_f=75       (m=164 n=8 a=85)
      N=1311      best_f=46       (m=437 n=3 a=254)
      N=1310      best_f=51       (m=262 n=5 a=53)
      N=1308      best_f=91       (m=109 n=12 a=68)
      N=1302      best_f=52       (m=434 n=3 a=149)
      N=1300      best_f=62       (m=325 n=4 a=118)
      N=1296      best_f=63       (m=216 n=6 a=91)
      N=1292      best_f=70       (m=323 n=4 a=132)
      N=1290      best_f=40       (m=430 n=3 a=221)
      N=1281      best_f=38       (m=427 n=3 a=169)
      N=1280      best_f=42       (m=160 n=8 a=43)
      N=1276      best_f=57       (m=319 n=4 a=12)
      N=1272      best_f=98       (m=318 n=4 a=23)
      N=1268      best_f=231      (m=317 n=4 a=114)
      N=1266      best_f=40       (m=422 n=3 a=407)
      N=1265      best_f=38       (m=115 n=11 a=36)
      N=1263      best_f=60       (m=421 n=3 a=400)
      N=1260      best_f=37       (m=105 n=12 a=52)
      N=1255      best_f=36       (m=251 n=5 a=20)
      N=1254      best_f=36       (m=209 n=6 a=197)
      N=1252      best_f=221      (m=313 n=4 a=288)
      N=1251      best_f=60       (m=417 n=3 a=181)
      N=1250      best_f=82       (m=250 n=5 a=201)
      N=1248      best_f=41       (m=208 n=6 a=55)
      N=1242      best_f=57       (m=207 n=6 a=185)
      N=1240      best_f=33       (m=124 n=10 a=47)
      N=1239      best_f=50       (m=413 n=3 a=296)
      N=1236      best_f=112      (m=206 n=6 a=47)
      N=1230      best_f=37       (m=246 n=5 a=133)
      N=1227      best_f=48       (m=409 n=3 a=355)
      N=1224      best_f=32       (m=153 n=8 a=8)
      N=1221      best_f=28       (m=407 n=3 a=232)
      N=1220      best_f=32       (m=244 n=5 a=9)
      N=1218      best_f=28       (m=87 n=14 a=74)
      N=1216      best_f=57       (m=304 n=4 a=267)
      N=1215      best_f=34       (m=135 n=9 a=61)
      N=1212      best_f=86       (m=303 n=4 a=212)
      N=1210      best_f=24       (m=242 n=5 a=81)
      N=1209      best_f=24       (m=403 n=3 a=118)
      N=1206      best_f=42       (m=201 n=6 a=104)
      N=1205      best_f=26       (m=241 n=5 a=98)
      N=1204      best_f=23       (m=172 n=7 a=133)
      N=1200      best_f=49       (m=300 n=4 a=157)
      N=1197      best_f=24       (m=133 n=9 a=81)
      N=1196      best_f=39       (m=299 n=4 a=47)
      N=1194      best_f=22       (m=398 n=3 a=291)
      N=1192      best_f=177      (m=298 n=4 a=105)
      N=1191      best_f=38       (m=397 n=3 a=362)
      N=1188      best_f=44       (m=198 n=6 a=43)
      N=1184      best_f=54       (m=296 n=4 a=117)
      N=1180      best_f=70       (m=295 n=4 a=58)
      N=1176      best_f=14       (m=392 n=3 a=177)
      N=1172      best_f=173      (m=293 n=4 a=138)
      N=1170      best_f=26       (m=390 n=3 a=61)
      N=1168      best_f=66       (m=146 n=8 a=51)
      N=1164      best_f=16       (m=388 n=3 a=61)
      N=1161      best_f=16       (m=387 n=3 a=337)
      N=1160      best_f=53       (m=290 n=4 a=233)
      N=1158      best_f=20       (m=386 n=3 a=277)
      N=1155      best_f=18       (m=77 n=15 a=25)
      N=1152      best_f=38       (m=288 n=4 a=199)
      N=1148      best_f=35       (m=287 n=4 a=132)
      N=1144      best_f=31       (m=286 n=4 a=177)
      N=1143      best_f=18       (m=127 n=9 a=103)
      N=1140      best_f=17       (m=95 n=12 a=83)
      N=1134      best_f=12       (m=378 n=3 a=361)
      N=1125      best_f=44       (m=225 n=5 a=181)
      N=1120      best_f=25       (m=280 n=4 a=237)
      N=1119      best_f=26       (m=373 n=3 a=88)
      N=1116      best_f=17       (m=186 n=6 a=149)
      N=1113      best_f=32       (m=371 n=3 a=107)
      N=1110      best_f=12       (m=370 n=3 a=211)
      N=1108      best_f=143      (m=277 n=4 a=217)
      N=1107      best_f=72       (m=369 n=3 a=247)
      N=1101      best_f=22       (m=367 n=3 a=283)
      N=1100      best_f=10       (m=55 n=20 a=7)
      N=1098      best_f=14       (m=366 n=3 a=169)
      N=1096      best_f=139      (m=274 n=4 a=37)
      N=1095      best_f=6        (m=365 n=3 a=81)
      N=1092      best_f=8        (m=364 n=3 a=165)
      N=1088      best_f=14       (m=136 n=8 a=15)
      N=1086      best_f=8        (m=362 n=3 a=313)
      N=1085      best_f=12       (m=217 n=5 a=78)
      N=1083      best_f=18       (m=361 n=3 a=292)
      N=1081      best_f=8        (m=47 n=23 a=4)
      N=1080      best_f=10       (m=90 n=12 a=67)
      N=1076      best_f=131      (m=269 n=4 a=82)
      N=1071      best_f=22       (m=357 n=3 a=205)
      N=1065      best_f=10       (m=213 n=5 a=25)
      N=1060      best_f=20       (m=265 n=4 a=136)
      N=1055      best_f=6        (m=211 n=5 a=55)
      N=1053      best_f=4        (m=351 n=3 a=100)
      N=1050      best_f=15       (m=175 n=6 a=149)
      N=1045      best_f=14       (m=209 n=5 a=20)
      N=1044      best_f=10       (m=261 n=4 a=46)
      N=1040      best_f=13       (m=260 n=4 a=151)
      N=1036      best_f=13       (m=259 n=4 a=43)

########## ratchet round 9 -- 03:19:23 ##########

>>> ratchet (14,5): ours 60680 (record 60390) -> sweeping 60681..61080
    [dd_gpu] 600.73s  114 launches  3375887551 evals  5.62 Mevals/s  best f=0 at N=61008 (m=2542 n=24 a=1421)  hits=1
      N=61040     best_f=840      (m=15260 n=4 a=687)
      N=61038     best_f=326      (m=10173 n=6 a=9617)
      N=61035     best_f=2        (m=1565 n=39 a=1371)
      N=61029     best_f=6206     (m=20343 n=3 a=2926)
      N=61028     best_f=571      (m=15257 n=4 a=6689)
      N=61026     best_f=68       (m=10171 n=6 a=7958)
      N=61023     best_f=6116     (m=20341 n=3 a=2356)
      N=61020     best_f=34       (m=5085 n=12 a=2471)
      N=61019     best_f=20       (m=8717 n=7 a=7775)
      N=61017     best_f=1824     (m=20339 n=3 a=13366)
      N=61016     best_f=1684     (m=15254 n=4 a=2105)
      N=61010     best_f=76       (m=12202 n=5 a=5061)
      N=61008     best_f=0        (m=2542 n=24 a=1421)
      N=61004     best_f=490      (m=15251 n=4 a=12534)
      N=61000     best_f=4        (m=3050 n=20 a=1613)
      N=60996     best_f=433      (m=15249 n=4 a=8419)

>>> ratchet (13,5): ours 42744 (record 42680) -> sweeping 42745..43144
    [dd_gpu] 602.07s  163 launches  4835704966 evals  8.03 Mevals/s  best f=0 at N=42900 (m=715 n=60 a=618)  hits=2
      N=42944     best_f=185      (m=10736 n=4 a=133)
      N=42942     best_f=36       (m=7157 n=6 a=5031)
      N=42940     best_f=312      (m=10735 n=4 a=8912)
      N=42938     best_f=102      (m=3067 n=14 a=818)
      N=42936     best_f=172      (m=3578 n=12 a=919)
      N=42930     best_f=578      (m=7155 n=6 a=1801)
      N=42924     best_f=2        (m=3577 n=12 a=998)
      N=42920     best_f=235      (m=10730 n=4 a=6321)
      N=42916     best_f=14245    (m=10729 n=4 a=6759)
      N=42912     best_f=240      (m=10728 n=4 a=10027)
      N=42904     best_f=272      (m=10726 n=4 a=8557)
      N=42900     best_f=0        (m=715 n=60 a=618)
      N=42894     best_f=548      (m=7149 n=6 a=6046)
      N=42882     best_f=134      (m=7147 n=6 a=2694)
      N=42880     best_f=619      (m=10720 n=4 a=6297)
      N=42876     best_f=3        (m=1191 n=36 a=41)

>>> ratchet (11,5): ours 20952 (record 20646) -> sweeping 20953..21352
    [dd_gpu] 600.07s  297 launches  8797364220 evals  14.66 Mevals/s  best f=3 at N=21210 (m=707 n=30 a=522)  hits=0
      N=21312     best_f=4        (m=592 n=36 a=91)
      N=21310     best_f=206      (m=2131 n=10 a=397)
      N=21308     best_f=719      (m=5327 n=4 a=1483)
      N=21306     best_f=40       (m=3551 n=6 a=2174)
      N=21300     best_f=13       (m=2130 n=10 a=1829)
      N=21296     best_f=38       (m=968 n=22 a=593)
      N=21294     best_f=69       (m=3549 n=6 a=2389)
      N=21284     best_f=217      (m=5321 n=4 a=3418)
      N=21282     best_f=2492     (m=3547 n=6 a=2385)
      N=21280     best_f=497      (m=5320 n=4 a=2547)
      N=21276     best_f=30       (m=1773 n=12 a=14)
      N=21270     best_f=222      (m=3545 n=6 a=2354)
      N=21268     best_f=266      (m=5317 n=4 a=4356)
      N=21266     best_f=62       (m=1519 n=14 a=743)
      N=21260     best_f=9826     (m=5315 n=4 a=2127)
      N=21256     best_f=514      (m=2657 n=8 a=1991)
      N=21252     best_f=6        (m=322 n=66 a=11)
      N=21250     best_f=112      (m=2125 n=10 a=1174)
      N=21248     best_f=1868     (m=2656 n=8 a=1827)
      N=21246     best_f=2439     (m=3541 n=6 a=60)
      N=21244     best_f=169      (m=5311 n=4 a=3714)
      N=21240     best_f=895      (m=5310 n=4 a=1297)
      N=21236     best_f=7417     (m=5309 n=4 a=3505)
      N=21230     best_f=204      (m=2123 n=10 a=1929)
      N=21228     best_f=6        (m=1769 n=12 a=1694)
      N=21224     best_f=28       (m=1516 n=14 a=293)
      N=21222     best_f=460      (m=3537 n=6 a=2881)
      N=21220     best_f=43       (m=1061 n=20 a=14)
      N=21216     best_f=4        (m=442 n=48 a=37)
      N=21210     best_f=3        (m=707 n=30 a=522)
      N=21208     best_f=10       (m=2651 n=8 a=1695)
      N=21206     best_f=10       (m=461 n=46 a=113)
      N=21204     best_f=2432     (m=7068 n=3 a=1369)

>>> ratchet (9,5): ours 8802 (record 8760) -> sweeping 8803..9202
    [dd_gpu] 600.20s  686 launches  20277640373 evals  33.78 Mevals/s  best f=0 at N=8892 (m=494 n=18 a=251)  hits=2
      N=9200      best_f=131      (m=2300 n=4 a=507)
      N=9198      best_f=6        (m=511 n=18 a=109)
      N=9186      best_f=1314     (m=1531 n=6 a=647)
      N=9184      best_f=11       (m=1148 n=8 a=407)
      N=9180      best_f=22       (m=765 n=12 a=761)
      N=9176      best_f=418      (m=2294 n=4 a=1301)
      N=9174      best_f=44       (m=1529 n=6 a=1154)
      N=9170      best_f=12       (m=917 n=10 a=204)
      N=9164      best_f=202      (m=2291 n=4 a=2134)
      N=9160      best_f=3506     (m=2290 n=4 a=1023)
      N=9156      best_f=11       (m=763 n=12 a=41)
      N=9152      best_f=100      (m=2288 n=4 a=109)
      N=9150      best_f=10       (m=915 n=10 a=41)
      N=9144      best_f=17       (m=508 n=18 a=409)
      N=9140      best_f=490      (m=2285 n=4 a=1719)
      N=9132      best_f=866      (m=2283 n=4 a=1483)
      N=9130      best_f=76       (m=913 n=10 a=829)
      N=9126      best_f=42       (m=1521 n=6 a=1375)
      N=9120      best_f=17       (m=760 n=12 a=293)
      N=9116      best_f=119      (m=2279 n=4 a=818)
      N=9114      best_f=29       (m=1519 n=6 a=1489)
      N=9112      best_f=184      (m=1139 n=8 a=468)
      N=9110      best_f=374      (m=1822 n=5 a=1393)
      N=9108      best_f=14       (m=414 n=22 a=35)
      N=9104      best_f=1556     (m=2276 n=4 a=1621)
      N=9102      best_f=774      (m=1517 n=6 a=286)
      N=9100      best_f=98       (m=2275 n=4 a=2157)
      N=9096      best_f=740      (m=1516 n=6 a=431)
      N=9090      best_f=7        (m=909 n=10 a=721)
      N=9088      best_f=7112     (m=2272 n=4 a=1703)
      N=9084      best_f=804      (m=1514 n=6 a=785)
      N=9080      best_f=5276     (m=2270 n=4 a=907)
      N=9072      best_f=24       (m=1512 n=6 a=305)
      N=9060      best_f=18       (m=302 n=30 a=147)
      N=9052      best_f=267      (m=2263 n=4 a=1487)
      N=9050      best_f=22       (m=905 n=10 a=59)
      N=9048      best_f=7        (m=754 n=12 a=621)
      N=9044      best_f=104      (m=2261 n=4 a=1483)
      N=9040      best_f=6        (m=565 n=16 a=73)
      N=9032      best_f=246      (m=1129 n=8 a=437)
      N=9030      best_f=4        (m=645 n=14 a=434)
      N=9028      best_f=113      (m=2257 n=4 a=926)
      N=9024      best_f=4302     (m=2256 n=4 a=187)
      N=9020      best_f=2        (m=451 n=20 a=244)
      N=9018      best_f=1732     (m=1503 n=6 a=335)
      N=9012      best_f=2160     (m=3004 n=3 a=2325)
      N=9006      best_f=22       (m=1501 n=6 a=892)
      N=9000      best_f=15       (m=450 n=20 a=17)
      N=8996      best_f=126      (m=2249 n=4 a=599)
      N=8992      best_f=70       (m=1124 n=8 a=903)
      N=8990      best_f=44       (m=899 n=10 a=581)
      N=8988      best_f=708      (m=1498 n=6 a=641)
      N=8982      best_f=3328     (m=2994 n=3 a=1357)
      N=8980      best_f=434      (m=2245 n=4 a=1414)
      N=8976      best_f=10       (m=561 n=16 a=241)
      N=8970      best_f=32       (m=1495 n=6 a=666)
      N=8964      best_f=658      (m=1494 n=6 a=1327)
      N=8960      best_f=135      (m=2240 n=4 a=433)
      N=8952      best_f=1234     (m=2984 n=3 a=657)
      N=8940      best_f=107      (m=2235 n=4 a=2191)
      N=8934      best_f=3282     (m=2978 n=3 a=483)
      N=8932      best_f=4        (m=319 n=28 a=10)
      N=8928      best_f=23       (m=1488 n=6 a=1079)
      N=8920      best_f=5116     (m=2230 n=4 a=1337)
      N=8918      best_f=32       (m=637 n=14 a=428)
      N=8912      best_f=1437     (m=2228 n=4 a=675)
      N=8910      best_f=4        (m=297 n=30 a=152)
      N=8908      best_f=456      (m=2227 n=4 a=132)
      N=8904      best_f=9        (m=742 n=12 a=341)
      N=8900      best_f=195      (m=2225 n=4 a=924)
      N=8896      best_f=2792     (m=2224 n=4 a=1947)
      N=8892      best_f=0        (m=494 n=18 a=251)
      N=8890      best_f=5        (m=635 n=14 a=246)
      N=8888      best_f=258      (m=2222 n=4 a=2111)
      N=8880      best_f=10       (m=740 n=12 a=199)
      N=8876      best_f=306      (m=2219 n=4 a=1154)
      N=8872      best_f=3243     (m=2218 n=4 a=755)
      N=8868      best_f=756      (m=1478 n=6 a=419)
      N=8864      best_f=480      (m=2216 n=4 a=337)
      N=8862      best_f=7        (m=633 n=14 a=88)
      N=8860      best_f=4038     (m=2215 n=4 a=1773)
      N=8856      best_f=3        (m=369 n=24 a=284)
      N=8852      best_f=3258     (m=2213 n=4 a=1130)
      N=8844      best_f=8        (m=134 n=66 a=7)
      N=8840      best_f=6        (m=1105 n=8 a=824)
      N=8834      best_f=39       (m=631 n=14 a=190)
      N=8832      best_f=1292     (m=2208 n=4 a=1609)
      N=8826      best_f=3208     (m=2942 n=3 a=251)
      N=8820      best_f=20       (m=735 n=12 a=178)
      N=8816      best_f=94       (m=2204 n=4 a=191)
      N=8814      best_f=891      (m=1469 n=6 a=790)
      N=8810      best_f=298      (m=1762 n=5 a=1625)
      N=8808      best_f=634      (m=1468 n=6 a=451)

>>> ratchet (14,3): ours 1032 (record 979) -> sweeping 1033..1432
    [dd_gpu] 600.52s  953 launches  28232966757 evals  47.01 Mevals/s  best f=4 at N=1053 (m=351 n=3 a=100)  hits=0
      N=1431      best_f=226      (m=477 n=3 a=319)
      N=1430      best_f=89       (m=143 n=10 a=38)
      N=1428      best_f=87       (m=119 n=12 a=89)
      N=1425      best_f=78       (m=475 n=3 a=26)
      N=1424      best_f=144      (m=178 n=8 a=77)
      N=1422      best_f=88       (m=474 n=3 a=55)
      N=1421      best_f=84       (m=203 n=7 a=78)
      N=1420      best_f=81       (m=284 n=5 a=5)
      N=1408      best_f=108      (m=352 n=4 a=23)
      N=1407      best_f=98       (m=469 n=3 a=135)
      N=1405      best_f=80       (m=281 n=5 a=86)
      N=1404      best_f=76       (m=117 n=12 a=2)
      N=1400      best_f=103      (m=350 n=4 a=43)
      N=1396      best_f=309      (m=349 n=4 a=213)
      N=1395      best_f=72       (m=93 n=15 a=40)
      N=1392      best_f=111      (m=348 n=4 a=17)
      N=1389      best_f=102      (m=463 n=3 a=21)
      N=1386      best_f=83       (m=231 n=6 a=142)
      N=1384      best_f=283      (m=346 n=4 a=93)
      N=1380      best_f=79       (m=345 n=4 a=323)
      N=1379      best_f=64       (m=197 n=7 a=114)
      N=1378      best_f=65       (m=106 n=13 a=95)
      N=1377      best_f=194      (m=459 n=3 a=154)
      N=1375      best_f=60       (m=275 n=5 a=141)
      N=1374      best_f=173      (m=229 n=6 a=95)
      N=1372      best_f=89       (m=196 n=7 a=141)
      N=1368      best_f=62       (m=456 n=3 a=121)
      N=1365      best_f=56       (m=455 n=3 a=256)
      N=1360      best_f=60       (m=85 n=16 a=74)
      N=1356      best_f=128      (m=339 n=4 a=98)
      N=1355      best_f=60       (m=271 n=5 a=244)
      N=1352      best_f=269      (m=338 n=4 a=99)
      N=1350      best_f=79       (m=225 n=6 a=101)
      N=1348      best_f=282      (m=337 n=4 a=148)
      N=1344      best_f=52       (m=112 n=12 a=19)
      N=1340      best_f=116      (m=335 n=4 a=68)
      N=1338      best_f=62       (m=446 n=3 a=183)
      N=1332      best_f=54       (m=444 n=3 a=433)
      N=1331      best_f=62       (m=121 n=11 a=34)
      N=1326      best_f=63       (m=221 n=6 a=205)
      N=1323      best_f=50       (m=441 n=3 a=361)
      N=1320      best_f=51       (m=132 n=10 a=125)
      N=1317      best_f=64       (m=439 n=3 a=171)
      N=1314      best_f=50       (m=146 n=9 a=75)
      N=1312      best_f=75       (m=164 n=8 a=85)
      N=1311      best_f=46       (m=437 n=3 a=254)
      N=1310      best_f=51       (m=262 n=5 a=53)
      N=1308      best_f=91       (m=109 n=12 a=68)
      N=1302      best_f=52       (m=434 n=3 a=149)
      N=1300      best_f=62       (m=325 n=4 a=118)
      N=1296      best_f=63       (m=216 n=6 a=91)
      N=1292      best_f=70       (m=323 n=4 a=132)
      N=1290      best_f=40       (m=430 n=3 a=221)
      N=1281      best_f=38       (m=427 n=3 a=169)
      N=1280      best_f=42       (m=160 n=8 a=43)
      N=1276      best_f=57       (m=319 n=4 a=12)
      N=1272      best_f=98       (m=318 n=4 a=23)
      N=1268      best_f=231      (m=317 n=4 a=114)
      N=1266      best_f=40       (m=422 n=3 a=407)
      N=1265      best_f=38       (m=115 n=11 a=36)
      N=1263      best_f=60       (m=421 n=3 a=400)
      N=1260      best_f=37       (m=105 n=12 a=52)
      N=1255      best_f=36       (m=251 n=5 a=20)
      N=1254      best_f=36       (m=209 n=6 a=197)
      N=1252      best_f=221      (m=313 n=4 a=288)
      N=1251      best_f=60       (m=417 n=3 a=181)
      N=1250      best_f=82       (m=250 n=5 a=201)
      N=1248      best_f=41       (m=208 n=6 a=55)
      N=1242      best_f=57       (m=207 n=6 a=185)
      N=1240      best_f=33       (m=124 n=10 a=47)
      N=1239      best_f=50       (m=413 n=3 a=296)
      N=1236      best_f=112      (m=206 n=6 a=47)
      N=1230      best_f=37       (m=246 n=5 a=133)
      N=1227      best_f=48       (m=409 n=3 a=355)
      N=1224      best_f=32       (m=153 n=8 a=8)
      N=1221      best_f=28       (m=407 n=3 a=232)
      N=1220      best_f=32       (m=244 n=5 a=9)
      N=1218      best_f=28       (m=87 n=14 a=74)
      N=1216      best_f=57       (m=304 n=4 a=267)
      N=1215      best_f=34       (m=135 n=9 a=61)
      N=1212      best_f=86       (m=303 n=4 a=212)
      N=1210      best_f=24       (m=242 n=5 a=81)
      N=1209      best_f=24       (m=403 n=3 a=118)
      N=1206      best_f=42       (m=201 n=6 a=104)
      N=1205      best_f=26       (m=241 n=5 a=98)
      N=1204      best_f=23       (m=172 n=7 a=133)
      N=1200      best_f=49       (m=300 n=4 a=157)
      N=1197      best_f=24       (m=133 n=9 a=81)
      N=1196      best_f=39       (m=299 n=4 a=47)
      N=1194      best_f=22       (m=398 n=3 a=291)
      N=1192      best_f=177      (m=298 n=4 a=105)
      N=1191      best_f=38       (m=397 n=3 a=362)
      N=1188      best_f=44       (m=198 n=6 a=43)
      N=1184      best_f=54       (m=296 n=4 a=117)
      N=1180      best_f=70       (m=295 n=4 a=58)
      N=1176      best_f=14       (m=392 n=3 a=177)
      N=1172      best_f=173      (m=293 n=4 a=138)
      N=1170      best_f=26       (m=390 n=3 a=61)
      N=1168      best_f=66       (m=146 n=8 a=51)
      N=1164      best_f=16       (m=388 n=3 a=61)
      N=1161      best_f=16       (m=387 n=3 a=337)
      N=1160      best_f=53       (m=290 n=4 a=233)
      N=1158      best_f=20       (m=386 n=3 a=277)
      N=1155      best_f=18       (m=77 n=15 a=25)
      N=1152      best_f=38       (m=288 n=4 a=199)
      N=1148      best_f=35       (m=287 n=4 a=132)
      N=1144      best_f=31       (m=286 n=4 a=177)
      N=1143      best_f=18       (m=127 n=9 a=103)
      N=1140      best_f=17       (m=95 n=12 a=83)
      N=1134      best_f=12       (m=378 n=3 a=361)
      N=1125      best_f=44       (m=225 n=5 a=181)
      N=1120      best_f=25       (m=280 n=4 a=237)
      N=1119      best_f=26       (m=373 n=3 a=88)
      N=1116      best_f=17       (m=186 n=6 a=149)
      N=1113      best_f=32       (m=371 n=3 a=107)
      N=1110      best_f=12       (m=370 n=3 a=211)
      N=1108      best_f=143      (m=277 n=4 a=217)
      N=1107      best_f=72       (m=369 n=3 a=247)
      N=1101      best_f=22       (m=367 n=3 a=283)
      N=1100      best_f=10       (m=55 n=20 a=7)
      N=1098      best_f=14       (m=366 n=3 a=169)
      N=1096      best_f=139      (m=274 n=4 a=37)
      N=1095      best_f=6        (m=365 n=3 a=81)
      N=1092      best_f=8        (m=364 n=3 a=165)
      N=1088      best_f=14       (m=136 n=8 a=15)
      N=1086      best_f=8        (m=362 n=3 a=313)
      N=1085      best_f=12       (m=217 n=5 a=78)
      N=1083      best_f=18       (m=361 n=3 a=292)
      N=1081      best_f=8        (m=47 n=23 a=4)
      N=1080      best_f=10       (m=90 n=12 a=67)
      N=1076      best_f=131      (m=269 n=4 a=82)
      N=1071      best_f=22       (m=357 n=3 a=205)
      N=1065      best_f=10       (m=213 n=5 a=25)
      N=1060      best_f=20       (m=265 n=4 a=136)
      N=1055      best_f=6        (m=211 n=5 a=55)
      N=1053      best_f=4        (m=351 n=3 a=100)
      N=1050      best_f=15       (m=175 n=6 a=149)
      N=1045      best_f=14       (m=209 n=5 a=20)
      N=1044      best_f=10       (m=261 n=4 a=46)
      N=1040      best_f=13       (m=260 n=4 a=151)
      N=1036      best_f=13       (m=259 n=4 a=43)

########## ratchet round 10 -- 04:09:41 ##########

>>> ratchet (14,5): ours 60680 (record 60390) -> sweeping 60681..61080
    [dd_gpu] 600.79s  114 launches  3375887551 evals  5.62 Mevals/s  best f=0 at N=61008 (m=2542 n=24 a=1421)  hits=1
      N=61040     best_f=840      (m=15260 n=4 a=687)
      N=61038     best_f=326      (m=10173 n=6 a=9617)
      N=61035     best_f=2        (m=1565 n=39 a=1371)
      N=61029     best_f=6206     (m=20343 n=3 a=2926)
      N=61028     best_f=571      (m=15257 n=4 a=6689)
      N=61026     best_f=68       (m=10171 n=6 a=7958)
      N=61023     best_f=6116     (m=20341 n=3 a=2356)
      N=61020     best_f=34       (m=5085 n=12 a=2471)
      N=61019     best_f=20       (m=8717 n=7 a=7775)
      N=61017     best_f=1824     (m=20339 n=3 a=13366)
      N=61016     best_f=1684     (m=15254 n=4 a=2105)
      N=61010     best_f=76       (m=12202 n=5 a=5061)
      N=61008     best_f=0        (m=2542 n=24 a=1421)
      N=61004     best_f=490      (m=15251 n=4 a=12534)
      N=61000     best_f=4        (m=3050 n=20 a=1613)
      N=60996     best_f=433      (m=15249 n=4 a=8419)

>>> ratchet (13,5): ours 42744 (record 42680) -> sweeping 42745..43144
    [dd_gpu] 601.86s  163 launches  4835704966 evals  8.03 Mevals/s  best f=0 at N=42900 (m=715 n=60 a=618)  hits=2
      N=42944     best_f=185      (m=10736 n=4 a=133)
      N=42942     best_f=36       (m=7157 n=6 a=5031)
      N=42940     best_f=312      (m=10735 n=4 a=8912)
      N=42938     best_f=102      (m=3067 n=14 a=818)
      N=42936     best_f=172      (m=3578 n=12 a=919)
      N=42930     best_f=578      (m=7155 n=6 a=1801)
      N=42924     best_f=2        (m=3577 n=12 a=998)
      N=42920     best_f=235      (m=10730 n=4 a=6321)
      N=42916     best_f=14245    (m=10729 n=4 a=6759)
      N=42912     best_f=240      (m=10728 n=4 a=10027)
      N=42904     best_f=272      (m=10726 n=4 a=8557)
      N=42900     best_f=0        (m=715 n=60 a=618)
      N=42894     best_f=548      (m=7149 n=6 a=6046)
      N=42882     best_f=134      (m=7147 n=6 a=2694)
      N=42880     best_f=619      (m=10720 n=4 a=6297)
      N=42876     best_f=3        (m=1191 n=36 a=41)

>>> ratchet (11,5): ours 20952 (record 20646) -> sweeping 20953..21352
    [dd_gpu] 600.09s  297 launches  8797364220 evals  14.66 Mevals/s  best f=3 at N=21210 (m=707 n=30 a=522)  hits=0
      N=21312     best_f=4        (m=592 n=36 a=91)
      N=21310     best_f=206      (m=2131 n=10 a=397)
      N=21308     best_f=719      (m=5327 n=4 a=1483)
      N=21306     best_f=40       (m=3551 n=6 a=2174)
      N=21300     best_f=13       (m=2130 n=10 a=1829)
      N=21296     best_f=38       (m=968 n=22 a=593)
      N=21294     best_f=69       (m=3549 n=6 a=2389)
      N=21284     best_f=217      (m=5321 n=4 a=3418)
      N=21282     best_f=2492     (m=3547 n=6 a=2385)
      N=21280     best_f=497      (m=5320 n=4 a=2547)
      N=21276     best_f=30       (m=1773 n=12 a=14)
      N=21270     best_f=222      (m=3545 n=6 a=2354)
      N=21268     best_f=266      (m=5317 n=4 a=4356)
      N=21266     best_f=62       (m=1519 n=14 a=743)
      N=21260     best_f=9826     (m=5315 n=4 a=2127)
      N=21256     best_f=514      (m=2657 n=8 a=1991)
      N=21252     best_f=6        (m=322 n=66 a=11)
      N=21250     best_f=112      (m=2125 n=10 a=1174)
      N=21248     best_f=1868     (m=2656 n=8 a=1827)
      N=21246     best_f=2439     (m=3541 n=6 a=60)
      N=21244     best_f=169      (m=5311 n=4 a=3714)
      N=21240     best_f=895      (m=5310 n=4 a=1297)
      N=21236     best_f=7417     (m=5309 n=4 a=3505)
      N=21230     best_f=204      (m=2123 n=10 a=1929)
      N=21228     best_f=6        (m=1769 n=12 a=1694)
      N=21224     best_f=28       (m=1516 n=14 a=293)
      N=21222     best_f=460      (m=3537 n=6 a=2881)
      N=21220     best_f=43       (m=1061 n=20 a=14)
      N=21216     best_f=4        (m=442 n=48 a=37)
      N=21210     best_f=3        (m=707 n=30 a=522)
      N=21208     best_f=10       (m=2651 n=8 a=1695)
      N=21206     best_f=10       (m=461 n=46 a=113)
      N=21204     best_f=2432     (m=7068 n=3 a=1369)

>>> ratchet (9,5): ours 8802 (record 8760) -> sweeping 8803..9202
    [dd_gpu] 600.15s  686 launches  20277640373 evals  33.79 Mevals/s  best f=0 at N=8892 (m=494 n=18 a=251)  hits=2
      N=9200      best_f=131      (m=2300 n=4 a=507)
      N=9198      best_f=6        (m=511 n=18 a=109)
      N=9186      best_f=1314     (m=1531 n=6 a=647)
      N=9184      best_f=11       (m=1148 n=8 a=407)
      N=9180      best_f=22       (m=765 n=12 a=761)
      N=9176      best_f=418      (m=2294 n=4 a=1301)
      N=9174      best_f=44       (m=1529 n=6 a=1154)
      N=9170      best_f=12       (m=917 n=10 a=204)
      N=9164      best_f=202      (m=2291 n=4 a=2134)
      N=9160      best_f=3506     (m=2290 n=4 a=1023)
      N=9156      best_f=11       (m=763 n=12 a=41)
      N=9152      best_f=100      (m=2288 n=4 a=109)
      N=9150      best_f=10       (m=915 n=10 a=41)
      N=9144      best_f=17       (m=508 n=18 a=409)
      N=9140      best_f=490      (m=2285 n=4 a=1719)
      N=9132      best_f=866      (m=2283 n=4 a=1483)
      N=9130      best_f=76       (m=913 n=10 a=829)
      N=9126      best_f=42       (m=1521 n=6 a=1375)
      N=9120      best_f=17       (m=760 n=12 a=293)
      N=9116      best_f=119      (m=2279 n=4 a=818)
      N=9114      best_f=29       (m=1519 n=6 a=1489)
      N=9112      best_f=184      (m=1139 n=8 a=468)
      N=9110      best_f=374      (m=1822 n=5 a=1393)
      N=9108      best_f=14       (m=414 n=22 a=35)
      N=9104      best_f=1556     (m=2276 n=4 a=1621)
      N=9102      best_f=774      (m=1517 n=6 a=286)
      N=9100      best_f=98       (m=2275 n=4 a=2157)
      N=9096      best_f=740      (m=1516 n=6 a=431)
      N=9090      best_f=7        (m=909 n=10 a=721)
      N=9088      best_f=7112     (m=2272 n=4 a=1703)
      N=9084      best_f=804      (m=1514 n=6 a=785)
      N=9080      best_f=5276     (m=2270 n=4 a=907)
      N=9072      best_f=24       (m=1512 n=6 a=305)
      N=9060      best_f=18       (m=302 n=30 a=147)
      N=9052      best_f=267      (m=2263 n=4 a=1487)
      N=9050      best_f=22       (m=905 n=10 a=59)
      N=9048      best_f=7        (m=754 n=12 a=621)
      N=9044      best_f=104      (m=2261 n=4 a=1483)
      N=9040      best_f=6        (m=565 n=16 a=73)
      N=9032      best_f=246      (m=1129 n=8 a=437)
      N=9030      best_f=4        (m=645 n=14 a=434)
      N=9028      best_f=113      (m=2257 n=4 a=926)
      N=9024      best_f=4302     (m=2256 n=4 a=187)
      N=9020      best_f=2        (m=451 n=20 a=244)
      N=9018      best_f=1732     (m=1503 n=6 a=335)
      N=9012      best_f=2160     (m=3004 n=3 a=2325)
      N=9006      best_f=22       (m=1501 n=6 a=892)
      N=9000      best_f=15       (m=450 n=20 a=17)
      N=8996      best_f=126      (m=2249 n=4 a=599)
      N=8992      best_f=70       (m=1124 n=8 a=903)
      N=8990      best_f=44       (m=899 n=10 a=581)
      N=8988      best_f=708      (m=1498 n=6 a=641)
      N=8982      best_f=3328     (m=2994 n=3 a=1357)
      N=8980      best_f=434      (m=2245 n=4 a=1414)
      N=8976      best_f=10       (m=561 n=16 a=241)
      N=8970      best_f=32       (m=1495 n=6 a=666)
      N=8964      best_f=658      (m=1494 n=6 a=1327)
      N=8960      best_f=135      (m=2240 n=4 a=433)
      N=8952      best_f=1234     (m=2984 n=3 a=657)
      N=8940      best_f=107      (m=2235 n=4 a=2191)
      N=8934      best_f=3282     (m=2978 n=3 a=483)
      N=8932      best_f=4        (m=319 n=28 a=10)
      N=8928      best_f=23       (m=1488 n=6 a=1079)
      N=8920      best_f=5116     (m=2230 n=4 a=1337)
      N=8918      best_f=32       (m=637 n=14 a=428)
      N=8912      best_f=1437     (m=2228 n=4 a=675)
      N=8910      best_f=4        (m=297 n=30 a=152)
      N=8908      best_f=456      (m=2227 n=4 a=132)
      N=8904      best_f=9        (m=742 n=12 a=341)
      N=8900      best_f=195      (m=2225 n=4 a=924)
      N=8896      best_f=2792     (m=2224 n=4 a=1947)
      N=8892      best_f=0        (m=494 n=18 a=251)
      N=8890      best_f=5        (m=635 n=14 a=246)
      N=8888      best_f=258      (m=2222 n=4 a=2111)
      N=8880      best_f=10       (m=740 n=12 a=199)
      N=8876      best_f=306      (m=2219 n=4 a=1154)
      N=8872      best_f=3243     (m=2218 n=4 a=755)
      N=8868      best_f=756      (m=1478 n=6 a=419)
      N=8864      best_f=480      (m=2216 n=4 a=337)
      N=8862      best_f=7        (m=633 n=14 a=88)
      N=8860      best_f=4038     (m=2215 n=4 a=1773)
      N=8856      best_f=3        (m=369 n=24 a=284)
      N=8852      best_f=3258     (m=2213 n=4 a=1130)
      N=8844      best_f=8        (m=134 n=66 a=7)
      N=8840      best_f=6        (m=1105 n=8 a=824)
      N=8834      best_f=39       (m=631 n=14 a=190)
      N=8832      best_f=1292     (m=2208 n=4 a=1609)
      N=8826      best_f=3208     (m=2942 n=3 a=251)
      N=8820      best_f=20       (m=735 n=12 a=178)
      N=8816      best_f=94       (m=2204 n=4 a=191)
      N=8814      best_f=891      (m=1469 n=6 a=790)
      N=8810      best_f=298      (m=1762 n=5 a=1625)
      N=8808      best_f=634      (m=1468 n=6 a=451)

>>> ratchet (14,3): ours 1032 (record 979) -> sweeping 1033..1432
    [dd_gpu] 600.53s  953 launches  28232966757 evals  47.01 Mevals/s  best f=4 at N=1053 (m=351 n=3 a=100)  hits=0
      N=1431      best_f=226      (m=477 n=3 a=319)
      N=1430      best_f=89       (m=143 n=10 a=38)
      N=1428      best_f=87       (m=119 n=12 a=89)
      N=1425      best_f=78       (m=475 n=3 a=26)
      N=1424      best_f=144      (m=178 n=8 a=77)
      N=1422      best_f=88       (m=474 n=3 a=55)
      N=1421      best_f=84       (m=203 n=7 a=78)
      N=1420      best_f=81       (m=284 n=5 a=5)
      N=1408      best_f=108      (m=352 n=4 a=23)
      N=1407      best_f=98       (m=469 n=3 a=135)
      N=1405      best_f=80       (m=281 n=5 a=86)
      N=1404      best_f=76       (m=117 n=12 a=2)
      N=1400      best_f=103      (m=350 n=4 a=43)
      N=1396      best_f=309      (m=349 n=4 a=213)
      N=1395      best_f=72       (m=93 n=15 a=40)
      N=1392      best_f=111      (m=348 n=4 a=17)
      N=1389      best_f=102      (m=463 n=3 a=21)
      N=1386      best_f=83       (m=231 n=6 a=142)
      N=1384      best_f=283      (m=346 n=4 a=93)
      N=1380      best_f=79       (m=345 n=4 a=323)
      N=1379      best_f=64       (m=197 n=7 a=114)
      N=1378      best_f=65       (m=106 n=13 a=95)
      N=1377      best_f=194      (m=459 n=3 a=154)
      N=1375      best_f=60       (m=275 n=5 a=141)
      N=1374      best_f=173      (m=229 n=6 a=95)
      N=1372      best_f=89       (m=196 n=7 a=141)
      N=1368      best_f=62       (m=456 n=3 a=121)
      N=1365      best_f=56       (m=455 n=3 a=256)
      N=1360      best_f=60       (m=85 n=16 a=74)
      N=1356      best_f=128      (m=339 n=4 a=98)
      N=1355      best_f=60       (m=271 n=5 a=244)
      N=1352      best_f=269      (m=338 n=4 a=99)
      N=1350      best_f=79       (m=225 n=6 a=101)
      N=1348      best_f=282      (m=337 n=4 a=148)
      N=1344      best_f=52       (m=112 n=12 a=19)
      N=1340      best_f=116      (m=335 n=4 a=68)
      N=1338      best_f=62       (m=446 n=3 a=183)
      N=1332      best_f=54       (m=444 n=3 a=433)
      N=1331      best_f=62       (m=121 n=11 a=34)
      N=1326      best_f=63       (m=221 n=6 a=205)
      N=1323      best_f=50       (m=441 n=3 a=361)
      N=1320      best_f=51       (m=132 n=10 a=125)
      N=1317      best_f=64       (m=439 n=3 a=171)
      N=1314      best_f=50       (m=146 n=9 a=75)
      N=1312      best_f=75       (m=164 n=8 a=85)
      N=1311      best_f=46       (m=437 n=3 a=254)
      N=1310      best_f=51       (m=262 n=5 a=53)
      N=1308      best_f=91       (m=109 n=12 a=68)
      N=1302      best_f=52       (m=434 n=3 a=149)
      N=1300      best_f=62       (m=325 n=4 a=118)
      N=1296      best_f=63       (m=216 n=6 a=91)
      N=1292      best_f=70       (m=323 n=4 a=132)
      N=1290      best_f=40       (m=430 n=3 a=221)
      N=1281      best_f=38       (m=427 n=3 a=169)
      N=1280      best_f=42       (m=160 n=8 a=43)
      N=1276      best_f=57       (m=319 n=4 a=12)
      N=1272      best_f=98       (m=318 n=4 a=23)
      N=1268      best_f=231      (m=317 n=4 a=114)
      N=1266      best_f=40       (m=422 n=3 a=407)
      N=1265      best_f=38       (m=115 n=11 a=36)
      N=1263      best_f=60       (m=421 n=3 a=400)
      N=1260      best_f=37       (m=105 n=12 a=52)
      N=1255      best_f=36       (m=251 n=5 a=20)
      N=1254      best_f=36       (m=209 n=6 a=197)
      N=1252      best_f=221      (m=313 n=4 a=288)
      N=1251      best_f=60       (m=417 n=3 a=181)
      N=1250      best_f=82       (m=250 n=5 a=201)
      N=1248      best_f=41       (m=208 n=6 a=55)
      N=1242      best_f=57       (m=207 n=6 a=185)
      N=1240      best_f=33       (m=124 n=10 a=47)
      N=1239      best_f=50       (m=413 n=3 a=296)
      N=1236      best_f=112      (m=206 n=6 a=47)
      N=1230      best_f=37       (m=246 n=5 a=133)
      N=1227      best_f=48       (m=409 n=3 a=355)
      N=1224      best_f=32       (m=153 n=8 a=8)
      N=1221      best_f=28       (m=407 n=3 a=232)
      N=1220      best_f=32       (m=244 n=5 a=9)
      N=1218      best_f=28       (m=87 n=14 a=74)
      N=1216      best_f=57       (m=304 n=4 a=267)
      N=1215      best_f=34       (m=135 n=9 a=61)
      N=1212      best_f=86       (m=303 n=4 a=212)
      N=1210      best_f=24       (m=242 n=5 a=81)
      N=1209      best_f=24       (m=403 n=3 a=118)
      N=1206      best_f=42       (m=201 n=6 a=104)
      N=1205      best_f=26       (m=241 n=5 a=98)
      N=1204      best_f=23       (m=172 n=7 a=133)
      N=1200      best_f=49       (m=300 n=4 a=157)
      N=1197      best_f=24       (m=133 n=9 a=81)
      N=1196      best_f=39       (m=299 n=4 a=47)
      N=1194      best_f=22       (m=398 n=3 a=291)
      N=1192      best_f=177      (m=298 n=4 a=105)
      N=1191      best_f=38       (m=397 n=3 a=362)
      N=1188      best_f=44       (m=198 n=6 a=43)
      N=1184      best_f=54       (m=296 n=4 a=117)
      N=1180      best_f=70       (m=295 n=4 a=58)
      N=1176      best_f=14       (m=392 n=3 a=177)
      N=1172      best_f=173      (m=293 n=4 a=138)
      N=1170      best_f=26       (m=390 n=3 a=61)
      N=1168      best_f=66       (m=146 n=8 a=51)
      N=1164      best_f=16       (m=388 n=3 a=61)
      N=1161      best_f=16       (m=387 n=3 a=337)
      N=1160      best_f=53       (m=290 n=4 a=233)
      N=1158      best_f=20       (m=386 n=3 a=277)
      N=1155      best_f=18       (m=77 n=15 a=25)
      N=1152      best_f=38       (m=288 n=4 a=199)
      N=1148      best_f=35       (m=287 n=4 a=132)
      N=1144      best_f=31       (m=286 n=4 a=177)
      N=1143      best_f=18       (m=127 n=9 a=103)
      N=1140      best_f=17       (m=95 n=12 a=83)
      N=1134      best_f=12       (m=378 n=3 a=361)
      N=1125      best_f=44       (m=225 n=5 a=181)
      N=1120      best_f=25       (m=280 n=4 a=237)
      N=1119      best_f=26       (m=373 n=3 a=88)
      N=1116      best_f=17       (m=186 n=6 a=149)
      N=1113      best_f=32       (m=371 n=3 a=107)
      N=1110      best_f=12       (m=370 n=3 a=211)
      N=1108      best_f=143      (m=277 n=4 a=217)
      N=1107      best_f=72       (m=369 n=3 a=247)
      N=1101      best_f=22       (m=367 n=3 a=283)
      N=1100      best_f=10       (m=55 n=20 a=7)
      N=1098      best_f=14       (m=366 n=3 a=169)
      N=1096      best_f=139      (m=274 n=4 a=37)
      N=1095      best_f=6        (m=365 n=3 a=81)
      N=1092      best_f=8        (m=364 n=3 a=165)
      N=1088      best_f=14       (m=136 n=8 a=15)
      N=1086      best_f=8        (m=362 n=3 a=313)
      N=1085      best_f=12       (m=217 n=5 a=78)
      N=1083      best_f=18       (m=361 n=3 a=292)
      N=1081      best_f=8        (m=47 n=23 a=4)
      N=1080      best_f=10       (m=90 n=12 a=67)
      N=1076      best_f=131      (m=269 n=4 a=82)
      N=1071      best_f=22       (m=357 n=3 a=205)
      N=1065      best_f=10       (m=213 n=5 a=25)
      N=1060      best_f=20       (m=265 n=4 a=136)
      N=1055      best_f=6        (m=211 n=5 a=55)
      N=1053      best_f=4        (m=351 n=3 a=100)
      N=1050      best_f=15       (m=175 n=6 a=149)
      N=1045      best_f=14       (m=209 n=5 a=20)
      N=1044      best_f=10       (m=261 n=4 a=46)
      N=1040      best_f=13       (m=260 n=4 a=151)
      N=1036      best_f=13       (m=259 n=4 a=43)

########## ratchet round 11 -- 04:59:57 ##########

>>> ratchet (14,5): ours 60680 (record 60390) -> sweeping 60681..61080
    [dd_gpu] 600.96s  114 launches  3375887551 evals  5.62 Mevals/s  best f=0 at N=61008 (m=2542 n=24 a=1421)  hits=1
      N=61040     best_f=840      (m=15260 n=4 a=687)
      N=61038     best_f=326      (m=10173 n=6 a=9617)
      N=61035     best_f=2        (m=1565 n=39 a=1371)
      N=61029     best_f=6206     (m=20343 n=3 a=2926)
      N=61028     best_f=571      (m=15257 n=4 a=6689)
      N=61026     best_f=68       (m=10171 n=6 a=7958)
      N=61023     best_f=6116     (m=20341 n=3 a=2356)
      N=61020     best_f=34       (m=5085 n=12 a=2471)
      N=61019     best_f=20       (m=8717 n=7 a=7775)
      N=61017     best_f=1824     (m=20339 n=3 a=13366)
      N=61016     best_f=1684     (m=15254 n=4 a=2105)
      N=61010     best_f=76       (m=12202 n=5 a=5061)
      N=61008     best_f=0        (m=2542 n=24 a=1421)
      N=61004     best_f=490      (m=15251 n=4 a=12534)
      N=61000     best_f=4        (m=3050 n=20 a=1613)
      N=60996     best_f=433      (m=15249 n=4 a=8419)

>>> ratchet (13,5): ours 42744 (record 42680) -> sweeping 42745..43144
    [dd_gpu] 602.06s  163 launches  4835704966 evals  8.03 Mevals/s  best f=0 at N=42900 (m=715 n=60 a=618)  hits=2
      N=42944     best_f=185      (m=10736 n=4 a=133)
      N=42942     best_f=36       (m=7157 n=6 a=5031)
      N=42940     best_f=312      (m=10735 n=4 a=8912)
      N=42938     best_f=102      (m=3067 n=14 a=818)
      N=42936     best_f=172      (m=3578 n=12 a=919)
      N=42930     best_f=578      (m=7155 n=6 a=1801)
      N=42924     best_f=2        (m=3577 n=12 a=998)
      N=42920     best_f=235      (m=10730 n=4 a=6321)
      N=42916     best_f=14245    (m=10729 n=4 a=6759)
      N=42912     best_f=240      (m=10728 n=4 a=10027)
      N=42904     best_f=272      (m=10726 n=4 a=8557)
      N=42900     best_f=0        (m=715 n=60 a=618)
      N=42894     best_f=548      (m=7149 n=6 a=6046)
      N=42882     best_f=134      (m=7147 n=6 a=2694)
      N=42880     best_f=619      (m=10720 n=4 a=6297)
      N=42876     best_f=3        (m=1191 n=36 a=41)

>>> ratchet (11,5): ours 20952 (record 20646) -> sweeping 20953..21352
    [dd_gpu] 600.03s  297 launches  8797364220 evals  14.66 Mevals/s  best f=3 at N=21210 (m=707 n=30 a=522)  hits=0
      N=21312     best_f=4        (m=592 n=36 a=91)
      N=21310     best_f=206      (m=2131 n=10 a=397)
      N=21308     best_f=719      (m=5327 n=4 a=1483)
      N=21306     best_f=40       (m=3551 n=6 a=2174)
      N=21300     best_f=13       (m=2130 n=10 a=1829)
      N=21296     best_f=38       (m=968 n=22 a=593)
      N=21294     best_f=69       (m=3549 n=6 a=2389)
      N=21284     best_f=217      (m=5321 n=4 a=3418)
      N=21282     best_f=2492     (m=3547 n=6 a=2385)
      N=21280     best_f=497      (m=5320 n=4 a=2547)
      N=21276     best_f=30       (m=1773 n=12 a=14)
      N=21270     best_f=222      (m=3545 n=6 a=2354)
      N=21268     best_f=266      (m=5317 n=4 a=4356)
      N=21266     best_f=62       (m=1519 n=14 a=743)
      N=21260     best_f=9826     (m=5315 n=4 a=2127)
      N=21256     best_f=514      (m=2657 n=8 a=1991)
      N=21252     best_f=6        (m=322 n=66 a=11)
      N=21250     best_f=112      (m=2125 n=10 a=1174)
      N=21248     best_f=1868     (m=2656 n=8 a=1827)
      N=21246     best_f=2439     (m=3541 n=6 a=60)
      N=21244     best_f=169      (m=5311 n=4 a=3714)
      N=21240     best_f=895      (m=5310 n=4 a=1297)
      N=21236     best_f=7417     (m=5309 n=4 a=3505)
      N=21230     best_f=204      (m=2123 n=10 a=1929)
      N=21228     best_f=6        (m=1769 n=12 a=1694)
      N=21224     best_f=28       (m=1516 n=14 a=293)
      N=21222     best_f=460      (m=3537 n=6 a=2881)
      N=21220     best_f=43       (m=1061 n=20 a=14)
      N=21216     best_f=4        (m=442 n=48 a=37)
      N=21210     best_f=3        (m=707 n=30 a=522)
      N=21208     best_f=10       (m=2651 n=8 a=1695)
      N=21206     best_f=10       (m=461 n=46 a=113)
      N=21204     best_f=2432     (m=7068 n=3 a=1369)

>>> ratchet (9,5): ours 8802 (record 8760) -> sweeping 8803..9202
    [dd_gpu] 600.21s  686 launches  20277640373 evals  33.78 Mevals/s  best f=0 at N=8892 (m=494 n=18 a=251)  hits=2
      N=9200      best_f=131      (m=2300 n=4 a=507)
      N=9198      best_f=6        (m=511 n=18 a=109)
      N=9186      best_f=1314     (m=1531 n=6 a=647)
      N=9184      best_f=11       (m=1148 n=8 a=407)
      N=9180      best_f=22       (m=765 n=12 a=761)
      N=9176      best_f=418      (m=2294 n=4 a=1301)
      N=9174      best_f=44       (m=1529 n=6 a=1154)
      N=9170      best_f=12       (m=917 n=10 a=204)
      N=9164      best_f=202      (m=2291 n=4 a=2134)
      N=9160      best_f=3506     (m=2290 n=4 a=1023)
      N=9156      best_f=11       (m=763 n=12 a=41)
      N=9152      best_f=100      (m=2288 n=4 a=109)
      N=9150      best_f=10       (m=915 n=10 a=41)
      N=9144      best_f=17       (m=508 n=18 a=409)
      N=9140      best_f=490      (m=2285 n=4 a=1719)
      N=9132      best_f=866      (m=2283 n=4 a=1483)
      N=9130      best_f=76       (m=913 n=10 a=829)
      N=9126      best_f=42       (m=1521 n=6 a=1375)
      N=9120      best_f=17       (m=760 n=12 a=293)
      N=9116      best_f=119      (m=2279 n=4 a=818)
      N=9114      best_f=29       (m=1519 n=6 a=1489)
      N=9112      best_f=184      (m=1139 n=8 a=468)
      N=9110      best_f=374      (m=1822 n=5 a=1393)
      N=9108      best_f=14       (m=414 n=22 a=35)
      N=9104      best_f=1556     (m=2276 n=4 a=1621)
      N=9102      best_f=774      (m=1517 n=6 a=286)
      N=9100      best_f=98       (m=2275 n=4 a=2157)
      N=9096      best_f=740      (m=1516 n=6 a=431)
      N=9090      best_f=7        (m=909 n=10 a=721)
      N=9088      best_f=7112     (m=2272 n=4 a=1703)
      N=9084      best_f=804      (m=1514 n=6 a=785)
      N=9080      best_f=5276     (m=2270 n=4 a=907)
      N=9072      best_f=24       (m=1512 n=6 a=305)
      N=9060      best_f=18       (m=302 n=30 a=147)
      N=9052      best_f=267      (m=2263 n=4 a=1487)
      N=9050      best_f=22       (m=905 n=10 a=59)
      N=9048      best_f=7        (m=754 n=12 a=621)
      N=9044      best_f=104      (m=2261 n=4 a=1483)
      N=9040      best_f=6        (m=565 n=16 a=73)
      N=9032      best_f=246      (m=1129 n=8 a=437)
      N=9030      best_f=4        (m=645 n=14 a=434)
      N=9028      best_f=113      (m=2257 n=4 a=926)
      N=9024      best_f=4302     (m=2256 n=4 a=187)
      N=9020      best_f=2        (m=451 n=20 a=244)
      N=9018      best_f=1732     (m=1503 n=6 a=335)
      N=9012      best_f=2160     (m=3004 n=3 a=2325)
      N=9006      best_f=22       (m=1501 n=6 a=892)
      N=9000      best_f=15       (m=450 n=20 a=17)
      N=8996      best_f=126      (m=2249 n=4 a=599)
      N=8992      best_f=70       (m=1124 n=8 a=903)
      N=8990      best_f=44       (m=899 n=10 a=581)
      N=8988      best_f=708      (m=1498 n=6 a=641)
      N=8982      best_f=3328     (m=2994 n=3 a=1357)
      N=8980      best_f=434      (m=2245 n=4 a=1414)
      N=8976      best_f=10       (m=561 n=16 a=241)
      N=8970      best_f=32       (m=1495 n=6 a=666)
      N=8964      best_f=658      (m=1494 n=6 a=1327)
      N=8960      best_f=135      (m=2240 n=4 a=433)
      N=8952      best_f=1234     (m=2984 n=3 a=657)
      N=8940      best_f=107      (m=2235 n=4 a=2191)
      N=8934      best_f=3282     (m=2978 n=3 a=483)
      N=8932      best_f=4        (m=319 n=28 a=10)
      N=8928      best_f=23       (m=1488 n=6 a=1079)
      N=8920      best_f=5116     (m=2230 n=4 a=1337)
      N=8918      best_f=32       (m=637 n=14 a=428)
      N=8912      best_f=1437     (m=2228 n=4 a=675)
      N=8910      best_f=4        (m=297 n=30 a=152)
      N=8908      best_f=456      (m=2227 n=4 a=132)
      N=8904      best_f=9        (m=742 n=12 a=341)
      N=8900      best_f=195      (m=2225 n=4 a=924)
      N=8896      best_f=2792     (m=2224 n=4 a=1947)
      N=8892      best_f=0        (m=494 n=18 a=251)
      N=8890      best_f=5        (m=635 n=14 a=246)
      N=8888      best_f=258      (m=2222 n=4 a=2111)
      N=8880      best_f=10       (m=740 n=12 a=199)
      N=8876      best_f=306      (m=2219 n=4 a=1154)
      N=8872      best_f=3243     (m=2218 n=4 a=755)
      N=8868      best_f=756      (m=1478 n=6 a=419)
      N=8864      best_f=480      (m=2216 n=4 a=337)
      N=8862      best_f=7        (m=633 n=14 a=88)
      N=8860      best_f=4038     (m=2215 n=4 a=1773)
      N=8856      best_f=3        (m=369 n=24 a=284)
      N=8852      best_f=3258     (m=2213 n=4 a=1130)
      N=8844      best_f=8        (m=134 n=66 a=7)
      N=8840      best_f=6        (m=1105 n=8 a=824)
      N=8834      best_f=39       (m=631 n=14 a=190)
      N=8832      best_f=1292     (m=2208 n=4 a=1609)
      N=8826      best_f=3208     (m=2942 n=3 a=251)
      N=8820      best_f=20       (m=735 n=12 a=178)
      N=8816      best_f=94       (m=2204 n=4 a=191)
      N=8814      best_f=891      (m=1469 n=6 a=790)
      N=8810      best_f=298      (m=1762 n=5 a=1625)
      N=8808      best_f=634      (m=1468 n=6 a=451)

>>> ratchet (14,3): ours 1032 (record 979) -> sweeping 1033..1432
    [dd_gpu] 600.52s  953 launches  28232966757 evals  47.01 Mevals/s  best f=4 at N=1053 (m=351 n=3 a=100)  hits=0
      N=1431      best_f=226      (m=477 n=3 a=319)
      N=1430      best_f=89       (m=143 n=10 a=38)
      N=1428      best_f=87       (m=119 n=12 a=89)
      N=1425      best_f=78       (m=475 n=3 a=26)
      N=1424      best_f=144      (m=178 n=8 a=77)
      N=1422      best_f=88       (m=474 n=3 a=55)
      N=1421      best_f=84       (m=203 n=7 a=78)
      N=1420      best_f=81       (m=284 n=5 a=5)
      N=1408      best_f=108      (m=352 n=4 a=23)
      N=1407      best_f=98       (m=469 n=3 a=135)
      N=1405      best_f=80       (m=281 n=5 a=86)
      N=1404      best_f=76       (m=117 n=12 a=2)
      N=1400      best_f=103      (m=350 n=4 a=43)
      N=1396      best_f=309      (m=349 n=4 a=213)
      N=1395      best_f=72       (m=93 n=15 a=40)
      N=1392      best_f=111      (m=348 n=4 a=17)
      N=1389      best_f=102      (m=463 n=3 a=21)
      N=1386      best_f=83       (m=231 n=6 a=142)
      N=1384      best_f=283      (m=346 n=4 a=93)
      N=1380      best_f=79       (m=345 n=4 a=323)
      N=1379      best_f=64       (m=197 n=7 a=114)
      N=1378      best_f=65       (m=106 n=13 a=95)
      N=1377      best_f=194      (m=459 n=3 a=154)
      N=1375      best_f=60       (m=275 n=5 a=141)
      N=1374      best_f=173      (m=229 n=6 a=95)
      N=1372      best_f=89       (m=196 n=7 a=141)
      N=1368      best_f=62       (m=456 n=3 a=121)
      N=1365      best_f=56       (m=455 n=3 a=256)
      N=1360      best_f=60       (m=85 n=16 a=74)
      N=1356      best_f=128      (m=339 n=4 a=98)
      N=1355      best_f=60       (m=271 n=5 a=244)
      N=1352      best_f=269      (m=338 n=4 a=99)
      N=1350      best_f=79       (m=225 n=6 a=101)
      N=1348      best_f=282      (m=337 n=4 a=148)
      N=1344      best_f=52       (m=112 n=12 a=19)
      N=1340      best_f=116      (m=335 n=4 a=68)
      N=1338      best_f=62       (m=446 n=3 a=183)
      N=1332      best_f=54       (m=444 n=3 a=433)
      N=1331      best_f=62       (m=121 n=11 a=34)
      N=1326      best_f=63       (m=221 n=6 a=205)
      N=1323      best_f=50       (m=441 n=3 a=361)
      N=1320      best_f=51       (m=132 n=10 a=125)
      N=1317      best_f=64       (m=439 n=3 a=171)
      N=1314      best_f=50       (m=146 n=9 a=75)
      N=1312      best_f=75       (m=164 n=8 a=85)
      N=1311      best_f=46       (m=437 n=3 a=254)
      N=1310      best_f=51       (m=262 n=5 a=53)
      N=1308      best_f=91       (m=109 n=12 a=68)
      N=1302      best_f=52       (m=434 n=3 a=149)
      N=1300      best_f=62       (m=325 n=4 a=118)
      N=1296      best_f=63       (m=216 n=6 a=91)
      N=1292      best_f=70       (m=323 n=4 a=132)
      N=1290      best_f=40       (m=430 n=3 a=221)
      N=1281      best_f=38       (m=427 n=3 a=169)
      N=1280      best_f=42       (m=160 n=8 a=43)
      N=1276      best_f=57       (m=319 n=4 a=12)
      N=1272      best_f=98       (m=318 n=4 a=23)
      N=1268      best_f=231      (m=317 n=4 a=114)
      N=1266      best_f=40       (m=422 n=3 a=407)
      N=1265      best_f=38       (m=115 n=11 a=36)
      N=1263      best_f=60       (m=421 n=3 a=400)
      N=1260      best_f=37       (m=105 n=12 a=52)
      N=1255      best_f=36       (m=251 n=5 a=20)
      N=1254      best_f=36       (m=209 n=6 a=197)
      N=1252      best_f=221      (m=313 n=4 a=288)
      N=1251      best_f=60       (m=417 n=3 a=181)
      N=1250      best_f=82       (m=250 n=5 a=201)
      N=1248      best_f=41       (m=208 n=6 a=55)
      N=1242      best_f=57       (m=207 n=6 a=185)
      N=1240      best_f=33       (m=124 n=10 a=47)
      N=1239      best_f=50       (m=413 n=3 a=296)
      N=1236      best_f=112      (m=206 n=6 a=47)
      N=1230      best_f=37       (m=246 n=5 a=133)
      N=1227      best_f=48       (m=409 n=3 a=355)
      N=1224      best_f=32       (m=153 n=8 a=8)
      N=1221      best_f=28       (m=407 n=3 a=232)
      N=1220      best_f=32       (m=244 n=5 a=9)
      N=1218      best_f=28       (m=87 n=14 a=74)
      N=1216      best_f=57       (m=304 n=4 a=267)
      N=1215      best_f=34       (m=135 n=9 a=61)
      N=1212      best_f=86       (m=303 n=4 a=212)
      N=1210      best_f=24       (m=242 n=5 a=81)
      N=1209      best_f=24       (m=403 n=3 a=118)
      N=1206      best_f=42       (m=201 n=6 a=104)
      N=1205      best_f=26       (m=241 n=5 a=98)
      N=1204      best_f=23       (m=172 n=7 a=133)
      N=1200      best_f=49       (m=300 n=4 a=157)
      N=1197      best_f=24       (m=133 n=9 a=81)
      N=1196      best_f=39       (m=299 n=4 a=47)
      N=1194      best_f=22       (m=398 n=3 a=291)
      N=1192      best_f=177      (m=298 n=4 a=105)
      N=1191      best_f=38       (m=397 n=3 a=362)
      N=1188      best_f=44       (m=198 n=6 a=43)
      N=1184      best_f=54       (m=296 n=4 a=117)
      N=1180      best_f=70       (m=295 n=4 a=58)
      N=1176      best_f=14       (m=392 n=3 a=177)
      N=1172      best_f=173      (m=293 n=4 a=138)
      N=1170      best_f=26       (m=390 n=3 a=61)
      N=1168      best_f=66       (m=146 n=8 a=51)
      N=1164      best_f=16       (m=388 n=3 a=61)
      N=1161      best_f=16       (m=387 n=3 a=337)
      N=1160      best_f=53       (m=290 n=4 a=233)
      N=1158      best_f=20       (m=386 n=3 a=277)
      N=1155      best_f=18       (m=77 n=15 a=25)
      N=1152      best_f=38       (m=288 n=4 a=199)
      N=1148      best_f=35       (m=287 n=4 a=132)
      N=1144      best_f=31       (m=286 n=4 a=177)
      N=1143      best_f=18       (m=127 n=9 a=103)
      N=1140      best_f=17       (m=95 n=12 a=83)
      N=1134      best_f=12       (m=378 n=3 a=361)
      N=1125      best_f=44       (m=225 n=5 a=181)
      N=1120      best_f=25       (m=280 n=4 a=237)
      N=1119      best_f=26       (m=373 n=3 a=88)
      N=1116      best_f=17       (m=186 n=6 a=149)
      N=1113      best_f=32       (m=371 n=3 a=107)
      N=1110      best_f=12       (m=370 n=3 a=211)
      N=1108      best_f=143      (m=277 n=4 a=217)
      N=1107      best_f=72       (m=369 n=3 a=247)
      N=1101      best_f=22       (m=367 n=3 a=283)
      N=1100      best_f=10       (m=55 n=20 a=7)
      N=1098      best_f=14       (m=366 n=3 a=169)
      N=1096      best_f=139      (m=274 n=4 a=37)
      N=1095      best_f=6        (m=365 n=3 a=81)
      N=1092      best_f=8        (m=364 n=3 a=165)
      N=1088      best_f=14       (m=136 n=8 a=15)
      N=1086      best_f=8        (m=362 n=3 a=313)
      N=1085      best_f=12       (m=217 n=5 a=78)
      N=1083      best_f=18       (m=361 n=3 a=292)
      N=1081      best_f=8        (m=47 n=23 a=4)
      N=1080      best_f=10       (m=90 n=12 a=67)
      N=1076      best_f=131      (m=269 n=4 a=82)
      N=1071      best_f=22       (m=357 n=3 a=205)
      N=1065      best_f=10       (m=213 n=5 a=25)
      N=1060      best_f=20       (m=265 n=4 a=136)
      N=1055      best_f=6        (m=211 n=5 a=55)
      N=1053      best_f=4        (m=351 n=3 a=100)
      N=1050      best_f=15       (m=175 n=6 a=149)
      N=1045      best_f=14       (m=209 n=5 a=20)
      N=1044      best_f=10       (m=261 n=4 a=46)
      N=1040      best_f=13       (m=260 n=4 a=151)
      N=1036      best_f=13       (m=259 n=4 a=43)

########## ratchet round 12 -- 05:50:12 ##########

>>> ratchet (14,5): ours 60680 (record 60390) -> sweeping 60681..61080
    [dd_gpu] 600.86s  114 launches  3375887551 evals  5.62 Mevals/s  best f=0 at N=61008 (m=2542 n=24 a=1421)  hits=1
      N=61040     best_f=840      (m=15260 n=4 a=687)
      N=61038     best_f=326      (m=10173 n=6 a=9617)
      N=61035     best_f=2        (m=1565 n=39 a=1371)
      N=61029     best_f=6206     (m=20343 n=3 a=2926)
      N=61028     best_f=571      (m=15257 n=4 a=6689)
      N=61026     best_f=68       (m=10171 n=6 a=7958)
      N=61023     best_f=6116     (m=20341 n=3 a=2356)
      N=61020     best_f=34       (m=5085 n=12 a=2471)
      N=61019     best_f=20       (m=8717 n=7 a=7775)
      N=61017     best_f=1824     (m=20339 n=3 a=13366)
      N=61016     best_f=1684     (m=15254 n=4 a=2105)
      N=61010     best_f=76       (m=12202 n=5 a=5061)
      N=61008     best_f=0        (m=2542 n=24 a=1421)
      N=61004     best_f=490      (m=15251 n=4 a=12534)
      N=61000     best_f=4        (m=3050 n=20 a=1613)
      N=60996     best_f=433      (m=15249 n=4 a=8419)

>>> ratchet (13,5): ours 42744 (record 42680) -> sweeping 42745..43144
    [dd_gpu] 602.10s  163 launches  4835704966 evals  8.03 Mevals/s  best f=0 at N=42900 (m=715 n=60 a=618)  hits=2
      N=42944     best_f=185      (m=10736 n=4 a=133)
      N=42942     best_f=36       (m=7157 n=6 a=5031)
      N=42940     best_f=312      (m=10735 n=4 a=8912)
      N=42938     best_f=102      (m=3067 n=14 a=818)
      N=42936     best_f=172      (m=3578 n=12 a=919)
      N=42930     best_f=578      (m=7155 n=6 a=1801)
      N=42924     best_f=2        (m=3577 n=12 a=998)
      N=42920     best_f=235      (m=10730 n=4 a=6321)
      N=42916     best_f=14245    (m=10729 n=4 a=6759)
      N=42912     best_f=240      (m=10728 n=4 a=10027)
      N=42904     best_f=272      (m=10726 n=4 a=8557)
      N=42900     best_f=0        (m=715 n=60 a=618)
      N=42894     best_f=548      (m=7149 n=6 a=6046)
      N=42882     best_f=134      (m=7147 n=6 a=2694)
      N=42880     best_f=619      (m=10720 n=4 a=6297)
      N=42876     best_f=3        (m=1191 n=36 a=41)

>>> ratchet (11,5): ours 20952 (record 20646) -> sweeping 20953..21352
    [dd_gpu] 600.07s  297 launches  8797364220 evals  14.66 Mevals/s  best f=3 at N=21210 (m=707 n=30 a=522)  hits=0
      N=21312     best_f=4        (m=592 n=36 a=91)
      N=21310     best_f=206      (m=2131 n=10 a=397)
      N=21308     best_f=719      (m=5327 n=4 a=1483)
      N=21306     best_f=40       (m=3551 n=6 a=2174)
      N=21300     best_f=13       (m=2130 n=10 a=1829)
      N=21296     best_f=38       (m=968 n=22 a=593)
      N=21294     best_f=69       (m=3549 n=6 a=2389)
      N=21284     best_f=217      (m=5321 n=4 a=3418)
      N=21282     best_f=2492     (m=3547 n=6 a=2385)
      N=21280     best_f=497      (m=5320 n=4 a=2547)
      N=21276     best_f=30       (m=1773 n=12 a=14)
      N=21270     best_f=222      (m=3545 n=6 a=2354)
      N=21268     best_f=266      (m=5317 n=4 a=4356)
      N=21266     best_f=62       (m=1519 n=14 a=743)
      N=21260     best_f=9826     (m=5315 n=4 a=2127)
      N=21256     best_f=514      (m=2657 n=8 a=1991)
      N=21252     best_f=6        (m=322 n=66 a=11)
      N=21250     best_f=112      (m=2125 n=10 a=1174)
      N=21248     best_f=1868     (m=2656 n=8 a=1827)
      N=21246     best_f=2439     (m=3541 n=6 a=60)
      N=21244     best_f=169      (m=5311 n=4 a=3714)
      N=21240     best_f=895      (m=5310 n=4 a=1297)
      N=21236     best_f=7417     (m=5309 n=4 a=3505)
      N=21230     best_f=204      (m=2123 n=10 a=1929)
      N=21228     best_f=6        (m=1769 n=12 a=1694)
      N=21224     best_f=28       (m=1516 n=14 a=293)
      N=21222     best_f=460      (m=3537 n=6 a=2881)
      N=21220     best_f=43       (m=1061 n=20 a=14)
      N=21216     best_f=4        (m=442 n=48 a=37)
      N=21210     best_f=3        (m=707 n=30 a=522)
      N=21208     best_f=10       (m=2651 n=8 a=1695)
      N=21206     best_f=10       (m=461 n=46 a=113)
      N=21204     best_f=2432     (m=7068 n=3 a=1369)

>>> ratchet (9,5): ours 8802 (record 8760) -> sweeping 8803..9202
    [dd_gpu] 600.24s  686 launches  20277640373 evals  33.78 Mevals/s  best f=0 at N=8892 (m=494 n=18 a=251)  hits=2
      N=9200      best_f=131      (m=2300 n=4 a=507)
      N=9198      best_f=6        (m=511 n=18 a=109)
      N=9186      best_f=1314     (m=1531 n=6 a=647)
      N=9184      best_f=11       (m=1148 n=8 a=407)
      N=9180      best_f=22       (m=765 n=12 a=761)
      N=9176      best_f=418      (m=2294 n=4 a=1301)
      N=9174      best_f=44       (m=1529 n=6 a=1154)
      N=9170      best_f=12       (m=917 n=10 a=204)
      N=9164      best_f=202      (m=2291 n=4 a=2134)
      N=9160      best_f=3506     (m=2290 n=4 a=1023)
      N=9156      best_f=11       (m=763 n=12 a=41)
      N=9152      best_f=100      (m=2288 n=4 a=109)
      N=9150      best_f=10       (m=915 n=10 a=41)
      N=9144      best_f=17       (m=508 n=18 a=409)
      N=9140      best_f=490      (m=2285 n=4 a=1719)
      N=9132      best_f=866      (m=2283 n=4 a=1483)
      N=9130      best_f=76       (m=913 n=10 a=829)
      N=9126      best_f=42       (m=1521 n=6 a=1375)
      N=9120      best_f=17       (m=760 n=12 a=293)
      N=9116      best_f=119      (m=2279 n=4 a=818)
      N=9114      best_f=29       (m=1519 n=6 a=1489)
      N=9112      best_f=184      (m=1139 n=8 a=468)
      N=9110      best_f=374      (m=1822 n=5 a=1393)
      N=9108      best_f=14       (m=414 n=22 a=35)
      N=9104      best_f=1556     (m=2276 n=4 a=1621)
      N=9102      best_f=774      (m=1517 n=6 a=286)
      N=9100      best_f=98       (m=2275 n=4 a=2157)
      N=9096      best_f=740      (m=1516 n=6 a=431)
      N=9090      best_f=7        (m=909 n=10 a=721)
      N=9088      best_f=7112     (m=2272 n=4 a=1703)
      N=9084      best_f=804      (m=1514 n=6 a=785)
      N=9080      best_f=5276     (m=2270 n=4 a=907)
      N=9072      best_f=24       (m=1512 n=6 a=305)
      N=9060      best_f=18       (m=302 n=30 a=147)
      N=9052      best_f=267      (m=2263 n=4 a=1487)
      N=9050      best_f=22       (m=905 n=10 a=59)
      N=9048      best_f=7        (m=754 n=12 a=621)
      N=9044      best_f=104      (m=2261 n=4 a=1483)
      N=9040      best_f=6        (m=565 n=16 a=73)
      N=9032      best_f=246      (m=1129 n=8 a=437)
      N=9030      best_f=4        (m=645 n=14 a=434)
      N=9028      best_f=113      (m=2257 n=4 a=926)
      N=9024      best_f=4302     (m=2256 n=4 a=187)
      N=9020      best_f=2        (m=451 n=20 a=244)
      N=9018      best_f=1732     (m=1503 n=6 a=335)
      N=9012      best_f=2160     (m=3004 n=3 a=2325)
      N=9006      best_f=22       (m=1501 n=6 a=892)
      N=9000      best_f=15       (m=450 n=20 a=17)
      N=8996      best_f=126      (m=2249 n=4 a=599)
      N=8992      best_f=70       (m=1124 n=8 a=903)
      N=8990      best_f=44       (m=899 n=10 a=581)
      N=8988      best_f=708      (m=1498 n=6 a=641)
      N=8982      best_f=3328     (m=2994 n=3 a=1357)
      N=8980      best_f=434      (m=2245 n=4 a=1414)
      N=8976      best_f=10       (m=561 n=16 a=241)
      N=8970      best_f=32       (m=1495 n=6 a=666)
      N=8964      best_f=658      (m=1494 n=6 a=1327)
      N=8960      best_f=135      (m=2240 n=4 a=433)
      N=8952      best_f=1234     (m=2984 n=3 a=657)
      N=8940      best_f=107      (m=2235 n=4 a=2191)
      N=8934      best_f=3282     (m=2978 n=3 a=483)
      N=8932      best_f=4        (m=319 n=28 a=10)
      N=8928      best_f=23       (m=1488 n=6 a=1079)
      N=8920      best_f=5116     (m=2230 n=4 a=1337)
      N=8918      best_f=32       (m=637 n=14 a=428)
      N=8912      best_f=1437     (m=2228 n=4 a=675)
      N=8910      best_f=4        (m=297 n=30 a=152)
      N=8908      best_f=456      (m=2227 n=4 a=132)
      N=8904      best_f=9        (m=742 n=12 a=341)
      N=8900      best_f=195      (m=2225 n=4 a=924)
      N=8896      best_f=2792     (m=2224 n=4 a=1947)
      N=8892      best_f=0        (m=494 n=18 a=251)
      N=8890      best_f=5        (m=635 n=14 a=246)
      N=8888      best_f=258      (m=2222 n=4 a=2111)
      N=8880      best_f=10       (m=740 n=12 a=199)
      N=8876      best_f=306      (m=2219 n=4 a=1154)
      N=8872      best_f=3243     (m=2218 n=4 a=755)
      N=8868      best_f=756      (m=1478 n=6 a=419)
      N=8864      best_f=480      (m=2216 n=4 a=337)
      N=8862      best_f=7        (m=633 n=14 a=88)
      N=8860      best_f=4038     (m=2215 n=4 a=1773)
      N=8856      best_f=3        (m=369 n=24 a=284)
      N=8852      best_f=3258     (m=2213 n=4 a=1130)
      N=8844      best_f=8        (m=134 n=66 a=7)
      N=8840      best_f=6        (m=1105 n=8 a=824)
      N=8834      best_f=39       (m=631 n=14 a=190)
      N=8832      best_f=1292     (m=2208 n=4 a=1609)
      N=8826      best_f=3208     (m=2942 n=3 a=251)
      N=8820      best_f=20       (m=735 n=12 a=178)
      N=8816      best_f=94       (m=2204 n=4 a=191)
      N=8814      best_f=891      (m=1469 n=6 a=790)
      N=8810      best_f=298      (m=1762 n=5 a=1625)
      N=8808      best_f=634      (m=1468 n=6 a=451)

>>> ratchet (14,3): ours 1032 (record 979) -> sweeping 1033..1432
    [dd_gpu] 600.53s  953 launches  28232966757 evals  47.01 Mevals/s  best f=4 at N=1053 (m=351 n=3 a=100)  hits=0
      N=1431      best_f=226      (m=477 n=3 a=319)
      N=1430      best_f=89       (m=143 n=10 a=38)
      N=1428      best_f=87       (m=119 n=12 a=89)
      N=1425      best_f=78       (m=475 n=3 a=26)
      N=1424      best_f=144      (m=178 n=8 a=77)
      N=1422      best_f=88       (m=474 n=3 a=55)
      N=1421      best_f=84       (m=203 n=7 a=78)
      N=1420      best_f=81       (m=284 n=5 a=5)
      N=1408      best_f=108      (m=352 n=4 a=23)
      N=1407      best_f=98       (m=469 n=3 a=135)
      N=1405      best_f=80       (m=281 n=5 a=86)
      N=1404      best_f=76       (m=117 n=12 a=2)
      N=1400      best_f=103      (m=350 n=4 a=43)
      N=1396      best_f=309      (m=349 n=4 a=213)
      N=1395      best_f=72       (m=93 n=15 a=40)
      N=1392      best_f=111      (m=348 n=4 a=17)
      N=1389      best_f=102      (m=463 n=3 a=21)
      N=1386      best_f=83       (m=231 n=6 a=142)
      N=1384      best_f=283      (m=346 n=4 a=93)
      N=1380      best_f=79       (m=345 n=4 a=323)
      N=1379      best_f=64       (m=197 n=7 a=114)
      N=1378      best_f=65       (m=106 n=13 a=95)
      N=1377      best_f=194      (m=459 n=3 a=154)
      N=1375      best_f=60       (m=275 n=5 a=141)
      N=1374      best_f=173      (m=229 n=6 a=95)
      N=1372      best_f=89       (m=196 n=7 a=141)
      N=1368      best_f=62       (m=456 n=3 a=121)
      N=1365      best_f=56       (m=455 n=3 a=256)
      N=1360      best_f=60       (m=85 n=16 a=74)
      N=1356      best_f=128      (m=339 n=4 a=98)
      N=1355      best_f=60       (m=271 n=5 a=244)
      N=1352      best_f=269      (m=338 n=4 a=99)
      N=1350      best_f=79       (m=225 n=6 a=101)
      N=1348      best_f=282      (m=337 n=4 a=148)
      N=1344      best_f=52       (m=112 n=12 a=19)
      N=1340      best_f=116      (m=335 n=4 a=68)
      N=1338      best_f=62       (m=446 n=3 a=183)
      N=1332      best_f=54       (m=444 n=3 a=433)
      N=1331      best_f=62       (m=121 n=11 a=34)
      N=1326      best_f=63       (m=221 n=6 a=205)
      N=1323      best_f=50       (m=441 n=3 a=361)
      N=1320      best_f=51       (m=132 n=10 a=125)
      N=1317      best_f=64       (m=439 n=3 a=171)
      N=1314      best_f=50       (m=146 n=9 a=75)
      N=1312      best_f=75       (m=164 n=8 a=85)
      N=1311      best_f=46       (m=437 n=3 a=254)
      N=1310      best_f=51       (m=262 n=5 a=53)
      N=1308      best_f=91       (m=109 n=12 a=68)
      N=1302      best_f=52       (m=434 n=3 a=149)
      N=1300      best_f=62       (m=325 n=4 a=118)
      N=1296      best_f=63       (m=216 n=6 a=91)
      N=1292      best_f=70       (m=323 n=4 a=132)
      N=1290      best_f=40       (m=430 n=3 a=221)
      N=1281      best_f=38       (m=427 n=3 a=169)
      N=1280      best_f=42       (m=160 n=8 a=43)
      N=1276      best_f=57       (m=319 n=4 a=12)
      N=1272      best_f=98       (m=318 n=4 a=23)
      N=1268      best_f=231      (m=317 n=4 a=114)
      N=1266      best_f=40       (m=422 n=3 a=407)
      N=1265      best_f=38       (m=115 n=11 a=36)
      N=1263      best_f=60       (m=421 n=3 a=400)
      N=1260      best_f=37       (m=105 n=12 a=52)
      N=1255      best_f=36       (m=251 n=5 a=20)
      N=1254      best_f=36       (m=209 n=6 a=197)
      N=1252      best_f=221      (m=313 n=4 a=288)
      N=1251      best_f=60       (m=417 n=3 a=181)
      N=1250      best_f=82       (m=250 n=5 a=201)
      N=1248      best_f=41       (m=208 n=6 a=55)
      N=1242      best_f=57       (m=207 n=6 a=185)
      N=1240      best_f=33       (m=124 n=10 a=47)
      N=1239      best_f=50       (m=413 n=3 a=296)
      N=1236      best_f=112      (m=206 n=6 a=47)
      N=1230      best_f=37       (m=246 n=5 a=133)
      N=1227      best_f=48       (m=409 n=3 a=355)
      N=1224      best_f=32       (m=153 n=8 a=8)
      N=1221      best_f=28       (m=407 n=3 a=232)
      N=1220      best_f=32       (m=244 n=5 a=9)
      N=1218      best_f=28       (m=87 n=14 a=74)
      N=1216      best_f=57       (m=304 n=4 a=267)
      N=1215      best_f=34       (m=135 n=9 a=61)
      N=1212      best_f=86       (m=303 n=4 a=212)
      N=1210      best_f=24       (m=242 n=5 a=81)
      N=1209      best_f=24       (m=403 n=3 a=118)
      N=1206      best_f=42       (m=201 n=6 a=104)
      N=1205      best_f=26       (m=241 n=5 a=98)
      N=1204      best_f=23       (m=172 n=7 a=133)
      N=1200      best_f=49       (m=300 n=4 a=157)
      N=1197      best_f=24       (m=133 n=9 a=81)
      N=1196      best_f=39       (m=299 n=4 a=47)
      N=1194      best_f=22       (m=398 n=3 a=291)
      N=1192      best_f=177      (m=298 n=4 a=105)
      N=1191      best_f=38       (m=397 n=3 a=362)
      N=1188      best_f=44       (m=198 n=6 a=43)
      N=1184      best_f=54       (m=296 n=4 a=117)
      N=1180      best_f=70       (m=295 n=4 a=58)
      N=1176      best_f=14       (m=392 n=3 a=177)
      N=1172      best_f=173      (m=293 n=4 a=138)
      N=1170      best_f=26       (m=390 n=3 a=61)
      N=1168      best_f=66       (m=146 n=8 a=51)
      N=1164      best_f=16       (m=388 n=3 a=61)
      N=1161      best_f=16       (m=387 n=3 a=337)
      N=1160      best_f=53       (m=290 n=4 a=233)
      N=1158      best_f=20       (m=386 n=3 a=277)
      N=1155      best_f=18       (m=77 n=15 a=25)
      N=1152      best_f=38       (m=288 n=4 a=199)
      N=1148      best_f=35       (m=287 n=4 a=132)
      N=1144      best_f=31       (m=286 n=4 a=177)
      N=1143      best_f=18       (m=127 n=9 a=103)
      N=1140      best_f=17       (m=95 n=12 a=83)
      N=1134      best_f=12       (m=378 n=3 a=361)
      N=1125      best_f=44       (m=225 n=5 a=181)
      N=1120      best_f=25       (m=280 n=4 a=237)
      N=1119      best_f=26       (m=373 n=3 a=88)
      N=1116      best_f=17       (m=186 n=6 a=149)
      N=1113      best_f=32       (m=371 n=3 a=107)
      N=1110      best_f=12       (m=370 n=3 a=211)
      N=1108      best_f=143      (m=277 n=4 a=217)
      N=1107      best_f=72       (m=369 n=3 a=247)
      N=1101      best_f=22       (m=367 n=3 a=283)
      N=1100      best_f=10       (m=55 n=20 a=7)
      N=1098      best_f=14       (m=366 n=3 a=169)
      N=1096      best_f=139      (m=274 n=4 a=37)
      N=1095      best_f=6        (m=365 n=3 a=81)
      N=1092      best_f=8        (m=364 n=3 a=165)
      N=1088      best_f=14       (m=136 n=8 a=15)
      N=1086      best_f=8        (m=362 n=3 a=313)
      N=1085      best_f=12       (m=217 n=5 a=78)
      N=1083      best_f=18       (m=361 n=3 a=292)
      N=1081      best_f=8        (m=47 n=23 a=4)
      N=1080      best_f=10       (m=90 n=12 a=67)
      N=1076      best_f=131      (m=269 n=4 a=82)
      N=1071      best_f=22       (m=357 n=3 a=205)
      N=1065      best_f=10       (m=213 n=5 a=25)
      N=1060      best_f=20       (m=265 n=4 a=136)
      N=1055      best_f=6        (m=211 n=5 a=55)
      N=1053      best_f=4        (m=351 n=3 a=100)
      N=1050      best_f=15       (m=175 n=6 a=149)
      N=1045      best_f=14       (m=209 n=5 a=20)
      N=1044      best_f=10       (m=261 n=4 a=46)
      N=1040      best_f=13       (m=260 n=4 a=151)
      N=1036      best_f=13       (m=259 n=4 a=43)

########## ratchet round 13 -- 06:40:27 ##########

>>> ratchet (14,5): ours 60680 (record 60390) -> sweeping 60681..61080
    [dd_gpu] 601.07s  114 launches  3375887551 evals  5.62 Mevals/s  best f=0 at N=61008 (m=2542 n=24 a=1421)  hits=1
      N=61040     best_f=840      (m=15260 n=4 a=687)
      N=61038     best_f=326      (m=10173 n=6 a=9617)
      N=61035     best_f=2        (m=1565 n=39 a=1371)
      N=61029     best_f=6206     (m=20343 n=3 a=2926)
      N=61028     best_f=571      (m=15257 n=4 a=6689)
      N=61026     best_f=68       (m=10171 n=6 a=7958)
      N=61023     best_f=6116     (m=20341 n=3 a=2356)
      N=61020     best_f=34       (m=5085 n=12 a=2471)
      N=61019     best_f=20       (m=8717 n=7 a=7775)
      N=61017     best_f=1824     (m=20339 n=3 a=13366)
      N=61016     best_f=1684     (m=15254 n=4 a=2105)
      N=61010     best_f=76       (m=12202 n=5 a=5061)
      N=61008     best_f=0        (m=2542 n=24 a=1421)
      N=61004     best_f=490      (m=15251 n=4 a=12534)
      N=61000     best_f=4        (m=3050 n=20 a=1613)
      N=60996     best_f=433      (m=15249 n=4 a=8419)

>>> ratchet (13,5): ours 42744 (record 42680) -> sweeping 42745..43144
    [dd_gpu] 602.02s  163 launches  4835704966 evals  8.03 Mevals/s  best f=0 at N=42900 (m=715 n=60 a=618)  hits=2
      N=42944     best_f=185      (m=10736 n=4 a=133)
      N=42942     best_f=36       (m=7157 n=6 a=5031)
      N=42940     best_f=312      (m=10735 n=4 a=8912)
      N=42938     best_f=102      (m=3067 n=14 a=818)
      N=42936     best_f=172      (m=3578 n=12 a=919)
      N=42930     best_f=578      (m=7155 n=6 a=1801)
      N=42924     best_f=2        (m=3577 n=12 a=998)
      N=42920     best_f=235      (m=10730 n=4 a=6321)
      N=42916     best_f=14245    (m=10729 n=4 a=6759)
      N=42912     best_f=240      (m=10728 n=4 a=10027)
      N=42904     best_f=272      (m=10726 n=4 a=8557)
      N=42900     best_f=0        (m=715 n=60 a=618)
      N=42894     best_f=548      (m=7149 n=6 a=6046)
      N=42882     best_f=134      (m=7147 n=6 a=2694)
      N=42880     best_f=619      (m=10720 n=4 a=6297)
      N=42876     best_f=3        (m=1191 n=36 a=41)

>>> ratchet (11,5): ours 20952 (record 20646) -> sweeping 20953..21352
    [dd_gpu] 600.07s  297 launches  8797364220 evals  14.66 Mevals/s  best f=3 at N=21210 (m=707 n=30 a=522)  hits=0
      N=21312     best_f=4        (m=592 n=36 a=91)
      N=21310     best_f=206      (m=2131 n=10 a=397)
      N=21308     best_f=719      (m=5327 n=4 a=1483)
      N=21306     best_f=40       (m=3551 n=6 a=2174)
      N=21300     best_f=13       (m=2130 n=10 a=1829)
      N=21296     best_f=38       (m=968 n=22 a=593)
      N=21294     best_f=69       (m=3549 n=6 a=2389)
      N=21284     best_f=217      (m=5321 n=4 a=3418)
      N=21282     best_f=2492     (m=3547 n=6 a=2385)
      N=21280     best_f=497      (m=5320 n=4 a=2547)
      N=21276     best_f=30       (m=1773 n=12 a=14)
      N=21270     best_f=222      (m=3545 n=6 a=2354)
      N=21268     best_f=266      (m=5317 n=4 a=4356)
      N=21266     best_f=62       (m=1519 n=14 a=743)
      N=21260     best_f=9826     (m=5315 n=4 a=2127)
      N=21256     best_f=514      (m=2657 n=8 a=1991)
      N=21252     best_f=6        (m=322 n=66 a=11)
      N=21250     best_f=112      (m=2125 n=10 a=1174)
      N=21248     best_f=1868     (m=2656 n=8 a=1827)
      N=21246     best_f=2439     (m=3541 n=6 a=60)
      N=21244     best_f=169      (m=5311 n=4 a=3714)
      N=21240     best_f=895      (m=5310 n=4 a=1297)
      N=21236     best_f=7417     (m=5309 n=4 a=3505)
      N=21230     best_f=204      (m=2123 n=10 a=1929)
      N=21228     best_f=6        (m=1769 n=12 a=1694)
      N=21224     best_f=28       (m=1516 n=14 a=293)
      N=21222     best_f=460      (m=3537 n=6 a=2881)
      N=21220     best_f=43       (m=1061 n=20 a=14)
      N=21216     best_f=4        (m=442 n=48 a=37)
      N=21210     best_f=3        (m=707 n=30 a=522)
      N=21208     best_f=10       (m=2651 n=8 a=1695)
      N=21206     best_f=10       (m=461 n=46 a=113)
      N=21204     best_f=2432     (m=7068 n=3 a=1369)

>>> ratchet (9,5): ours 8802 (record 8760) -> sweeping 8803..9202
    [dd_gpu] 600.19s  686 launches  20277640373 evals  33.79 Mevals/s  best f=0 at N=8892 (m=494 n=18 a=251)  hits=2
      N=9200      best_f=131      (m=2300 n=4 a=507)
      N=9198      best_f=6        (m=511 n=18 a=109)
      N=9186      best_f=1314     (m=1531 n=6 a=647)
      N=9184      best_f=11       (m=1148 n=8 a=407)
      N=9180      best_f=22       (m=765 n=12 a=761)
      N=9176      best_f=418      (m=2294 n=4 a=1301)
      N=9174      best_f=44       (m=1529 n=6 a=1154)
      N=9170      best_f=12       (m=917 n=10 a=204)
      N=9164      best_f=202      (m=2291 n=4 a=2134)
      N=9160      best_f=3506     (m=2290 n=4 a=1023)
      N=9156      best_f=11       (m=763 n=12 a=41)
      N=9152      best_f=100      (m=2288 n=4 a=109)
      N=9150      best_f=10       (m=915 n=10 a=41)
      N=9144      best_f=17       (m=508 n=18 a=409)
      N=9140      best_f=490      (m=2285 n=4 a=1719)
      N=9132      best_f=866      (m=2283 n=4 a=1483)
      N=9130      best_f=76       (m=913 n=10 a=829)
      N=9126      best_f=42       (m=1521 n=6 a=1375)
      N=9120      best_f=17       (m=760 n=12 a=293)
      N=9116      best_f=119      (m=2279 n=4 a=818)
      N=9114      best_f=29       (m=1519 n=6 a=1489)
      N=9112      best_f=184      (m=1139 n=8 a=468)
      N=9110      best_f=374      (m=1822 n=5 a=1393)
      N=9108      best_f=14       (m=414 n=22 a=35)
      N=9104      best_f=1556     (m=2276 n=4 a=1621)
      N=9102      best_f=774      (m=1517 n=6 a=286)
      N=9100      best_f=98       (m=2275 n=4 a=2157)
      N=9096      best_f=740      (m=1516 n=6 a=431)
      N=9090      best_f=7        (m=909 n=10 a=721)
      N=9088      best_f=7112     (m=2272 n=4 a=1703)
      N=9084      best_f=804      (m=1514 n=6 a=785)
      N=9080      best_f=5276     (m=2270 n=4 a=907)
      N=9072      best_f=24       (m=1512 n=6 a=305)
      N=9060      best_f=18       (m=302 n=30 a=147)
      N=9052      best_f=267      (m=2263 n=4 a=1487)
      N=9050      best_f=22       (m=905 n=10 a=59)
      N=9048      best_f=7        (m=754 n=12 a=621)
      N=9044      best_f=104      (m=2261 n=4 a=1483)
      N=9040      best_f=6        (m=565 n=16 a=73)
      N=9032      best_f=246      (m=1129 n=8 a=437)
      N=9030      best_f=4        (m=645 n=14 a=434)
      N=9028      best_f=113      (m=2257 n=4 a=926)
      N=9024      best_f=4302     (m=2256 n=4 a=187)
      N=9020      best_f=2        (m=451 n=20 a=244)
      N=9018      best_f=1732     (m=1503 n=6 a=335)
      N=9012      best_f=2160     (m=3004 n=3 a=2325)
      N=9006      best_f=22       (m=1501 n=6 a=892)
      N=9000      best_f=15       (m=450 n=20 a=17)
      N=8996      best_f=126      (m=2249 n=4 a=599)
      N=8992      best_f=70       (m=1124 n=8 a=903)
      N=8990      best_f=44       (m=899 n=10 a=581)
      N=8988      best_f=708      (m=1498 n=6 a=641)
      N=8982      best_f=3328     (m=2994 n=3 a=1357)
      N=8980      best_f=434      (m=2245 n=4 a=1414)
      N=8976      best_f=10       (m=561 n=16 a=241)
      N=8970      best_f=32       (m=1495 n=6 a=666)
      N=8964      best_f=658      (m=1494 n=6 a=1327)
      N=8960      best_f=135      (m=2240 n=4 a=433)
      N=8952      best_f=1234     (m=2984 n=3 a=657)
      N=8940      best_f=107      (m=2235 n=4 a=2191)
      N=8934      best_f=3282     (m=2978 n=3 a=483)
      N=8932      best_f=4        (m=319 n=28 a=10)
      N=8928      best_f=23       (m=1488 n=6 a=1079)
      N=8920      best_f=5116     (m=2230 n=4 a=1337)
      N=8918      best_f=32       (m=637 n=14 a=428)
      N=8912      best_f=1437     (m=2228 n=4 a=675)
      N=8910      best_f=4        (m=297 n=30 a=152)
      N=8908      best_f=456      (m=2227 n=4 a=132)
      N=8904      best_f=9        (m=742 n=12 a=341)
      N=8900      best_f=195      (m=2225 n=4 a=924)
      N=8896      best_f=2792     (m=2224 n=4 a=1947)
      N=8892      best_f=0        (m=494 n=18 a=251)
      N=8890      best_f=5        (m=635 n=14 a=246)
      N=8888      best_f=258      (m=2222 n=4 a=2111)
      N=8880      best_f=10       (m=740 n=12 a=199)
      N=8876      best_f=306      (m=2219 n=4 a=1154)
      N=8872      best_f=3243     (m=2218 n=4 a=755)
      N=8868      best_f=756      (m=1478 n=6 a=419)
      N=8864      best_f=480      (m=2216 n=4 a=337)
      N=8862      best_f=7        (m=633 n=14 a=88)
      N=8860      best_f=4038     (m=2215 n=4 a=1773)
      N=8856      best_f=3        (m=369 n=24 a=284)
      N=8852      best_f=3258     (m=2213 n=4 a=1130)
      N=8844      best_f=8        (m=134 n=66 a=7)
      N=8840      best_f=6        (m=1105 n=8 a=824)
      N=8834      best_f=39       (m=631 n=14 a=190)
      N=8832      best_f=1292     (m=2208 n=4 a=1609)
      N=8826      best_f=3208     (m=2942 n=3 a=251)
      N=8820      best_f=20       (m=735 n=12 a=178)
      N=8816      best_f=94       (m=2204 n=4 a=191)
      N=8814      best_f=891      (m=1469 n=6 a=790)
      N=8810      best_f=298      (m=1762 n=5 a=1625)
      N=8808      best_f=634      (m=1468 n=6 a=451)

>>> ratchet (14,3): ours 1032 (record 979) -> sweeping 1033..1432
    [dd_gpu] 600.52s  953 launches  28232966757 evals  47.01 Mevals/s  best f=4 at N=1053 (m=351 n=3 a=100)  hits=0
      N=1431      best_f=226      (m=477 n=3 a=319)
      N=1430      best_f=89       (m=143 n=10 a=38)
      N=1428      best_f=87       (m=119 n=12 a=89)
      N=1425      best_f=78       (m=475 n=3 a=26)
      N=1424      best_f=144      (m=178 n=8 a=77)
      N=1422      best_f=88       (m=474 n=3 a=55)
      N=1421      best_f=84       (m=203 n=7 a=78)
      N=1420      best_f=81       (m=284 n=5 a=5)
      N=1408      best_f=108      (m=352 n=4 a=23)
      N=1407      best_f=98       (m=469 n=3 a=135)
      N=1405      best_f=80       (m=281 n=5 a=86)
      N=1404      best_f=76       (m=117 n=12 a=2)
      N=1400      best_f=103      (m=350 n=4 a=43)
      N=1396      best_f=309      (m=349 n=4 a=213)
      N=1395      best_f=72       (m=93 n=15 a=40)
      N=1392      best_f=111      (m=348 n=4 a=17)
      N=1389      best_f=102      (m=463 n=3 a=21)
      N=1386      best_f=83       (m=231 n=6 a=142)
      N=1384      best_f=283      (m=346 n=4 a=93)
      N=1380      best_f=79       (m=345 n=4 a=323)
      N=1379      best_f=64       (m=197 n=7 a=114)
      N=1378      best_f=65       (m=106 n=13 a=95)
      N=1377      best_f=194      (m=459 n=3 a=154)
      N=1375      best_f=60       (m=275 n=5 a=141)
      N=1374      best_f=173      (m=229 n=6 a=95)
      N=1372      best_f=89       (m=196 n=7 a=141)
      N=1368      best_f=62       (m=456 n=3 a=121)
      N=1365      best_f=56       (m=455 n=3 a=256)
      N=1360      best_f=60       (m=85 n=16 a=74)
      N=1356      best_f=128      (m=339 n=4 a=98)
      N=1355      best_f=60       (m=271 n=5 a=244)
      N=1352      best_f=269      (m=338 n=4 a=99)
      N=1350      best_f=79       (m=225 n=6 a=101)
      N=1348      best_f=282      (m=337 n=4 a=148)
      N=1344      best_f=52       (m=112 n=12 a=19)
      N=1340      best_f=116      (m=335 n=4 a=68)
      N=1338      best_f=62       (m=446 n=3 a=183)
      N=1332      best_f=54       (m=444 n=3 a=433)
      N=1331      best_f=62       (m=121 n=11 a=34)
      N=1326      best_f=63       (m=221 n=6 a=205)
      N=1323      best_f=50       (m=441 n=3 a=361)
      N=1320      best_f=51       (m=132 n=10 a=125)
      N=1317      best_f=64       (m=439 n=3 a=171)
      N=1314      best_f=50       (m=146 n=9 a=75)
      N=1312      best_f=75       (m=164 n=8 a=85)
      N=1311      best_f=46       (m=437 n=3 a=254)
      N=1310      best_f=51       (m=262 n=5 a=53)
      N=1308      best_f=91       (m=109 n=12 a=68)
      N=1302      best_f=52       (m=434 n=3 a=149)
      N=1300      best_f=62       (m=325 n=4 a=118)
      N=1296      best_f=63       (m=216 n=6 a=91)
      N=1292      best_f=70       (m=323 n=4 a=132)
      N=1290      best_f=40       (m=430 n=3 a=221)
      N=1281      best_f=38       (m=427 n=3 a=169)
      N=1280      best_f=42       (m=160 n=8 a=43)
      N=1276      best_f=57       (m=319 n=4 a=12)
      N=1272      best_f=98       (m=318 n=4 a=23)
      N=1268      best_f=231      (m=317 n=4 a=114)
      N=1266      best_f=40       (m=422 n=3 a=407)
      N=1265      best_f=38       (m=115 n=11 a=36)
      N=1263      best_f=60       (m=421 n=3 a=400)
      N=1260      best_f=37       (m=105 n=12 a=52)
      N=1255      best_f=36       (m=251 n=5 a=20)
      N=1254      best_f=36       (m=209 n=6 a=197)
      N=1252      best_f=221      (m=313 n=4 a=288)
      N=1251      best_f=60       (m=417 n=3 a=181)
      N=1250      best_f=82       (m=250 n=5 a=201)
      N=1248      best_f=41       (m=208 n=6 a=55)
      N=1242      best_f=57       (m=207 n=6 a=185)
      N=1240      best_f=33       (m=124 n=10 a=47)
      N=1239      best_f=50       (m=413 n=3 a=296)
      N=1236      best_f=112      (m=206 n=6 a=47)
      N=1230      best_f=37       (m=246 n=5 a=133)
      N=1227      best_f=48       (m=409 n=3 a=355)
      N=1224      best_f=32       (m=153 n=8 a=8)
      N=1221      best_f=28       (m=407 n=3 a=232)
      N=1220      best_f=32       (m=244 n=5 a=9)
      N=1218      best_f=28       (m=87 n=14 a=74)
      N=1216      best_f=57       (m=304 n=4 a=267)
      N=1215      best_f=34       (m=135 n=9 a=61)
      N=1212      best_f=86       (m=303 n=4 a=212)
      N=1210      best_f=24       (m=242 n=5 a=81)
      N=1209      best_f=24       (m=403 n=3 a=118)
      N=1206      best_f=42       (m=201 n=6 a=104)
      N=1205      best_f=26       (m=241 n=5 a=98)
      N=1204      best_f=23       (m=172 n=7 a=133)
      N=1200      best_f=49       (m=300 n=4 a=157)
      N=1197      best_f=24       (m=133 n=9 a=81)
      N=1196      best_f=39       (m=299 n=4 a=47)
      N=1194      best_f=22       (m=398 n=3 a=291)
      N=1192      best_f=177      (m=298 n=4 a=105)
      N=1191      best_f=38       (m=397 n=3 a=362)
      N=1188      best_f=44       (m=198 n=6 a=43)
      N=1184      best_f=54       (m=296 n=4 a=117)
      N=1180      best_f=70       (m=295 n=4 a=58)
      N=1176      best_f=14       (m=392 n=3 a=177)
      N=1172      best_f=173      (m=293 n=4 a=138)
      N=1170      best_f=26       (m=390 n=3 a=61)
      N=1168      best_f=66       (m=146 n=8 a=51)
      N=1164      best_f=16       (m=388 n=3 a=61)
      N=1161      best_f=16       (m=387 n=3 a=337)
      N=1160      best_f=53       (m=290 n=4 a=233)
      N=1158      best_f=20       (m=386 n=3 a=277)
      N=1155      best_f=18       (m=77 n=15 a=25)
      N=1152      best_f=38       (m=288 n=4 a=199)
      N=1148      best_f=35       (m=287 n=4 a=132)
      N=1144      best_f=31       (m=286 n=4 a=177)
      N=1143      best_f=18       (m=127 n=9 a=103)
      N=1140      best_f=17       (m=95 n=12 a=83)
      N=1134      best_f=12       (m=378 n=3 a=361)
      N=1125      best_f=44       (m=225 n=5 a=181)
      N=1120      best_f=25       (m=280 n=4 a=237)
      N=1119      best_f=26       (m=373 n=3 a=88)
      N=1116      best_f=17       (m=186 n=6 a=149)
      N=1113      best_f=32       (m=371 n=3 a=107)
      N=1110      best_f=12       (m=370 n=3 a=211)
      N=1108      best_f=143      (m=277 n=4 a=217)
      N=1107      best_f=72       (m=369 n=3 a=247)
      N=1101      best_f=22       (m=367 n=3 a=283)
      N=1100      best_f=10       (m=55 n=20 a=7)
      N=1098      best_f=14       (m=366 n=3 a=169)
      N=1096      best_f=139      (m=274 n=4 a=37)
      N=1095      best_f=6        (m=365 n=3 a=81)
      N=1092      best_f=8        (m=364 n=3 a=165)
      N=1088      best_f=14       (m=136 n=8 a=15)
      N=1086      best_f=8        (m=362 n=3 a=313)
      N=1085      best_f=12       (m=217 n=5 a=78)
      N=1083      best_f=18       (m=361 n=3 a=292)
      N=1081      best_f=8        (m=47 n=23 a=4)
      N=1080      best_f=10       (m=90 n=12 a=67)
      N=1076      best_f=131      (m=269 n=4 a=82)
      N=1071      best_f=22       (m=357 n=3 a=205)
      N=1065      best_f=10       (m=213 n=5 a=25)
      N=1060      best_f=20       (m=265 n=4 a=136)
      N=1055      best_f=6        (m=211 n=5 a=55)
      N=1053      best_f=4        (m=351 n=3 a=100)
      N=1050      best_f=15       (m=175 n=6 a=149)
      N=1045      best_f=14       (m=209 n=5 a=20)
      N=1044      best_f=10       (m=261 n=4 a=46)
      N=1040      best_f=13       (m=260 n=4 a=151)
      N=1036      best_f=13       (m=259 n=4 a=43)

########## ratchet round 14 -- 07:30:36 ##########

>>> ratchet (14,5): ours 60680 (record 60390) -> sweeping 60681..61080
    [dd_gpu] 600.93s  114 launches  3375887551 evals  5.62 Mevals/s  best f=0 at N=61008 (m=2542 n=24 a=1421)  hits=1
      N=61040     best_f=840      (m=15260 n=4 a=687)
      N=61038     best_f=326      (m=10173 n=6 a=9617)
      N=61035     best_f=2        (m=1565 n=39 a=1371)
      N=61029     best_f=6206     (m=20343 n=3 a=2926)
      N=61028     best_f=571      (m=15257 n=4 a=6689)
      N=61026     best_f=68       (m=10171 n=6 a=7958)
      N=61023     best_f=6116     (m=20341 n=3 a=2356)
      N=61020     best_f=34       (m=5085 n=12 a=2471)
      N=61019     best_f=20       (m=8717 n=7 a=7775)
      N=61017     best_f=1824     (m=20339 n=3 a=13366)
      N=61016     best_f=1684     (m=15254 n=4 a=2105)
      N=61010     best_f=76       (m=12202 n=5 a=5061)
      N=61008     best_f=0        (m=2542 n=24 a=1421)
      N=61004     best_f=490      (m=15251 n=4 a=12534)
      N=61000     best_f=4        (m=3050 n=20 a=1613)
      N=60996     best_f=433      (m=15249 n=4 a=8419)

>>> ratchet (13,5): ours 42744 (record 42680) -> sweeping 42745..43144
    [dd_gpu] 602.05s  163 launches  4835704966 evals  8.03 Mevals/s  best f=0 at N=42900 (m=715 n=60 a=618)  hits=2
      N=42944     best_f=185      (m=10736 n=4 a=133)
      N=42942     best_f=36       (m=7157 n=6 a=5031)
      N=42940     best_f=312      (m=10735 n=4 a=8912)
      N=42938     best_f=102      (m=3067 n=14 a=818)
      N=42936     best_f=172      (m=3578 n=12 a=919)
      N=42930     best_f=578      (m=7155 n=6 a=1801)
      N=42924     best_f=2        (m=3577 n=12 a=998)
      N=42920     best_f=235      (m=10730 n=4 a=6321)
      N=42916     best_f=14245    (m=10729 n=4 a=6759)
      N=42912     best_f=240      (m=10728 n=4 a=10027)
      N=42904     best_f=272      (m=10726 n=4 a=8557)
      N=42900     best_f=0        (m=715 n=60 a=618)
      N=42894     best_f=548      (m=7149 n=6 a=6046)
      N=42882     best_f=134      (m=7147 n=6 a=2694)
      N=42880     best_f=619      (m=10720 n=4 a=6297)
      N=42876     best_f=3        (m=1191 n=36 a=41)

>>> ratchet (11,5): ours 20952 (record 20646) -> sweeping 20953..21352
    [dd_gpu] 600.13s  297 launches  8797364220 evals  14.66 Mevals/s  best f=3 at N=21210 (m=707 n=30 a=522)  hits=0
      N=21312     best_f=4        (m=592 n=36 a=91)
      N=21310     best_f=206      (m=2131 n=10 a=397)
      N=21308     best_f=719      (m=5327 n=4 a=1483)
      N=21306     best_f=40       (m=3551 n=6 a=2174)
      N=21300     best_f=13       (m=2130 n=10 a=1829)
      N=21296     best_f=38       (m=968 n=22 a=593)
      N=21294     best_f=69       (m=3549 n=6 a=2389)
      N=21284     best_f=217      (m=5321 n=4 a=3418)
      N=21282     best_f=2492     (m=3547 n=6 a=2385)
      N=21280     best_f=497      (m=5320 n=4 a=2547)
      N=21276     best_f=30       (m=1773 n=12 a=14)
      N=21270     best_f=222      (m=3545 n=6 a=2354)
      N=21268     best_f=266      (m=5317 n=4 a=4356)
      N=21266     best_f=62       (m=1519 n=14 a=743)
      N=21260     best_f=9826     (m=5315 n=4 a=2127)
      N=21256     best_f=514      (m=2657 n=8 a=1991)
      N=21252     best_f=6        (m=322 n=66 a=11)
      N=21250     best_f=112      (m=2125 n=10 a=1174)
      N=21248     best_f=1868     (m=2656 n=8 a=1827)
      N=21246     best_f=2439     (m=3541 n=6 a=60)
      N=21244     best_f=169      (m=5311 n=4 a=3714)
      N=21240     best_f=895      (m=5310 n=4 a=1297)
      N=21236     best_f=7417     (m=5309 n=4 a=3505)
      N=21230     best_f=204      (m=2123 n=10 a=1929)
      N=21228     best_f=6        (m=1769 n=12 a=1694)
      N=21224     best_f=28       (m=1516 n=14 a=293)
      N=21222     best_f=460      (m=3537 n=6 a=2881)
      N=21220     best_f=43       (m=1061 n=20 a=14)
      N=21216     best_f=4        (m=442 n=48 a=37)
      N=21210     best_f=3        (m=707 n=30 a=522)
      N=21208     best_f=10       (m=2651 n=8 a=1695)
      N=21206     best_f=10       (m=461 n=46 a=113)
      N=21204     best_f=2432     (m=7068 n=3 a=1369)

>>> ratchet (9,5): ours 8802 (record 8760) -> sweeping 8803..9202
    [dd_gpu] 600.17s  686 launches  20277640373 evals  33.79 Mevals/s  best f=0 at N=8892 (m=494 n=18 a=251)  hits=2
      N=9200      best_f=131      (m=2300 n=4 a=507)
      N=9198      best_f=6        (m=511 n=18 a=109)
      N=9186      best_f=1314     (m=1531 n=6 a=647)
      N=9184      best_f=11       (m=1148 n=8 a=407)
      N=9180      best_f=22       (m=765 n=12 a=761)
      N=9176      best_f=418      (m=2294 n=4 a=1301)
      N=9174      best_f=44       (m=1529 n=6 a=1154)
      N=9170      best_f=12       (m=917 n=10 a=204)
      N=9164      best_f=202      (m=2291 n=4 a=2134)
      N=9160      best_f=3506     (m=2290 n=4 a=1023)
      N=9156      best_f=11       (m=763 n=12 a=41)
      N=9152      best_f=100      (m=2288 n=4 a=109)
      N=9150      best_f=10       (m=915 n=10 a=41)
      N=9144      best_f=17       (m=508 n=18 a=409)
      N=9140      best_f=490      (m=2285 n=4 a=1719)
      N=9132      best_f=866      (m=2283 n=4 a=1483)
      N=9130      best_f=76       (m=913 n=10 a=829)
      N=9126      best_f=42       (m=1521 n=6 a=1375)
      N=9120      best_f=17       (m=760 n=12 a=293)
      N=9116      best_f=119      (m=2279 n=4 a=818)
      N=9114      best_f=29       (m=1519 n=6 a=1489)
      N=9112      best_f=184      (m=1139 n=8 a=468)
      N=9110      best_f=374      (m=1822 n=5 a=1393)
      N=9108      best_f=14       (m=414 n=22 a=35)
      N=9104      best_f=1556     (m=2276 n=4 a=1621)
      N=9102      best_f=774      (m=1517 n=6 a=286)
      N=9100      best_f=98       (m=2275 n=4 a=2157)
      N=9096      best_f=740      (m=1516 n=6 a=431)
      N=9090      best_f=7        (m=909 n=10 a=721)
      N=9088      best_f=7112     (m=2272 n=4 a=1703)
      N=9084      best_f=804      (m=1514 n=6 a=785)
      N=9080      best_f=5276     (m=2270 n=4 a=907)
      N=9072      best_f=24       (m=1512 n=6 a=305)
      N=9060      best_f=18       (m=302 n=30 a=147)
      N=9052      best_f=267      (m=2263 n=4 a=1487)
      N=9050      best_f=22       (m=905 n=10 a=59)
      N=9048      best_f=7        (m=754 n=12 a=621)
      N=9044      best_f=104      (m=2261 n=4 a=1483)
      N=9040      best_f=6        (m=565 n=16 a=73)
      N=9032      best_f=246      (m=1129 n=8 a=437)
      N=9030      best_f=4        (m=645 n=14 a=434)
      N=9028      best_f=113      (m=2257 n=4 a=926)
      N=9024      best_f=4302     (m=2256 n=4 a=187)
      N=9020      best_f=2        (m=451 n=20 a=244)
      N=9018      best_f=1732     (m=1503 n=6 a=335)
      N=9012      best_f=2160     (m=3004 n=3 a=2325)
      N=9006      best_f=22       (m=1501 n=6 a=892)
      N=9000      best_f=15       (m=450 n=20 a=17)
      N=8996      best_f=126      (m=2249 n=4 a=599)
      N=8992      best_f=70       (m=1124 n=8 a=903)
      N=8990      best_f=44       (m=899 n=10 a=581)
      N=8988      best_f=708      (m=1498 n=6 a=641)
      N=8982      best_f=3328     (m=2994 n=3 a=1357)
      N=8980      best_f=434      (m=2245 n=4 a=1414)
      N=8976      best_f=10       (m=561 n=16 a=241)
      N=8970      best_f=32       (m=1495 n=6 a=666)
      N=8964      best_f=658      (m=1494 n=6 a=1327)
      N=8960      best_f=135      (m=2240 n=4 a=433)
      N=8952      best_f=1234     (m=2984 n=3 a=657)
      N=8940      best_f=107      (m=2235 n=4 a=2191)
      N=8934      best_f=3282     (m=2978 n=3 a=483)
      N=8932      best_f=4        (m=319 n=28 a=10)
      N=8928      best_f=23       (m=1488 n=6 a=1079)
      N=8920      best_f=5116     (m=2230 n=4 a=1337)
      N=8918      best_f=32       (m=637 n=14 a=428)
      N=8912      best_f=1437     (m=2228 n=4 a=675)
      N=8910      best_f=4        (m=297 n=30 a=152)
      N=8908      best_f=456      (m=2227 n=4 a=132)
      N=8904      best_f=9        (m=742 n=12 a=341)
      N=8900      best_f=195      (m=2225 n=4 a=924)
      N=8896      best_f=2792     (m=2224 n=4 a=1947)
      N=8892      best_f=0        (m=494 n=18 a=251)
      N=8890      best_f=5        (m=635 n=14 a=246)
      N=8888      best_f=258      (m=2222 n=4 a=2111)
      N=8880      best_f=10       (m=740 n=12 a=199)
      N=8876      best_f=306      (m=2219 n=4 a=1154)
      N=8872      best_f=3243     (m=2218 n=4 a=755)
      N=8868      best_f=756      (m=1478 n=6 a=419)
      N=8864      best_f=480      (m=2216 n=4 a=337)
      N=8862      best_f=7        (m=633 n=14 a=88)
      N=8860      best_f=4038     (m=2215 n=4 a=1773)
      N=8856      best_f=3        (m=369 n=24 a=284)
      N=8852      best_f=3258     (m=2213 n=4 a=1130)
      N=8844      best_f=8        (m=134 n=66 a=7)
      N=8840      best_f=6        (m=1105 n=8 a=824)
      N=8834      best_f=39       (m=631 n=14 a=190)
      N=8832      best_f=1292     (m=2208 n=4 a=1609)
      N=8826      best_f=3208     (m=2942 n=3 a=251)
      N=8820      best_f=20       (m=735 n=12 a=178)
      N=8816      best_f=94       (m=2204 n=4 a=191)
      N=8814      best_f=891      (m=1469 n=6 a=790)
      N=8810      best_f=298      (m=1762 n=5 a=1625)
      N=8808      best_f=634      (m=1468 n=6 a=451)

>>> ratchet (14,3): ours 1032 (record 979) -> sweeping 1033..1432
    [dd_gpu] 600.49s  953 launches  28232966757 evals  47.02 Mevals/s  best f=4 at N=1053 (m=351 n=3 a=100)  hits=0
      N=1431      best_f=226      (m=477 n=3 a=319)
      N=1430      best_f=89       (m=143 n=10 a=38)
      N=1428      best_f=87       (m=119 n=12 a=89)
      N=1425      best_f=78       (m=475 n=3 a=26)
      N=1424      best_f=144      (m=178 n=8 a=77)
      N=1422      best_f=88       (m=474 n=3 a=55)
      N=1421      best_f=84       (m=203 n=7 a=78)
      N=1420      best_f=81       (m=284 n=5 a=5)
      N=1408      best_f=108      (m=352 n=4 a=23)
      N=1407      best_f=98       (m=469 n=3 a=135)
      N=1405      best_f=80       (m=281 n=5 a=86)
      N=1404      best_f=76       (m=117 n=12 a=2)
      N=1400      best_f=103      (m=350 n=4 a=43)
      N=1396      best_f=309      (m=349 n=4 a=213)
      N=1395      best_f=72       (m=93 n=15 a=40)
      N=1392      best_f=111      (m=348 n=4 a=17)
      N=1389      best_f=102      (m=463 n=3 a=21)
      N=1386      best_f=83       (m=231 n=6 a=142)
      N=1384      best_f=283      (m=346 n=4 a=93)
      N=1380      best_f=79       (m=345 n=4 a=323)
      N=1379      best_f=64       (m=197 n=7 a=114)
      N=1378      best_f=65       (m=106 n=13 a=95)
      N=1377      best_f=194      (m=459 n=3 a=154)
      N=1375      best_f=60       (m=275 n=5 a=141)
      N=1374      best_f=173      (m=229 n=6 a=95)
      N=1372      best_f=89       (m=196 n=7 a=141)
      N=1368      best_f=62       (m=456 n=3 a=121)
      N=1365      best_f=56       (m=455 n=3 a=256)
      N=1360      best_f=60       (m=85 n=16 a=74)
      N=1356      best_f=128      (m=339 n=4 a=98)
      N=1355      best_f=60       (m=271 n=5 a=244)
      N=1352      best_f=269      (m=338 n=4 a=99)
      N=1350      best_f=79       (m=225 n=6 a=101)
      N=1348      best_f=282      (m=337 n=4 a=148)
      N=1344      best_f=52       (m=112 n=12 a=19)
      N=1340      best_f=116      (m=335 n=4 a=68)
      N=1338      best_f=62       (m=446 n=3 a=183)
      N=1332      best_f=54       (m=444 n=3 a=433)
      N=1331      best_f=62       (m=121 n=11 a=34)
      N=1326      best_f=63       (m=221 n=6 a=205)
      N=1323      best_f=50       (m=441 n=3 a=361)
      N=1320      best_f=51       (m=132 n=10 a=125)
      N=1317      best_f=64       (m=439 n=3 a=171)
      N=1314      best_f=50       (m=146 n=9 a=75)
      N=1312      best_f=75       (m=164 n=8 a=85)
      N=1311      best_f=46       (m=437 n=3 a=254)
      N=1310      best_f=51       (m=262 n=5 a=53)
      N=1308      best_f=91       (m=109 n=12 a=68)
      N=1302      best_f=52       (m=434 n=3 a=149)
      N=1300      best_f=62       (m=325 n=4 a=118)
      N=1296      best_f=63       (m=216 n=6 a=91)
      N=1292      best_f=70       (m=323 n=4 a=132)
      N=1290      best_f=40       (m=430 n=3 a=221)
      N=1281      best_f=38       (m=427 n=3 a=169)
      N=1280      best_f=42       (m=160 n=8 a=43)
      N=1276      best_f=57       (m=319 n=4 a=12)
      N=1272      best_f=98       (m=318 n=4 a=23)
      N=1268      best_f=231      (m=317 n=4 a=114)
      N=1266      best_f=40       (m=422 n=3 a=407)
      N=1265      best_f=38       (m=115 n=11 a=36)
      N=1263      best_f=60       (m=421 n=3 a=400)
      N=1260      best_f=37       (m=105 n=12 a=52)
      N=1255      best_f=36       (m=251 n=5 a=20)
      N=1254      best_f=36       (m=209 n=6 a=197)
      N=1252      best_f=221      (m=313 n=4 a=288)
      N=1251      best_f=60       (m=417 n=3 a=181)
      N=1250      best_f=82       (m=250 n=5 a=201)
      N=1248      best_f=41       (m=208 n=6 a=55)
      N=1242      best_f=57       (m=207 n=6 a=185)
      N=1240      best_f=33       (m=124 n=10 a=47)
      N=1239      best_f=50       (m=413 n=3 a=296)
      N=1236      best_f=112      (m=206 n=6 a=47)
      N=1230      best_f=37       (m=246 n=5 a=133)
      N=1227      best_f=48       (m=409 n=3 a=355)
      N=1224      best_f=32       (m=153 n=8 a=8)
      N=1221      best_f=28       (m=407 n=3 a=232)
      N=1220      best_f=32       (m=244 n=5 a=9)
      N=1218      best_f=28       (m=87 n=14 a=74)
      N=1216      best_f=57       (m=304 n=4 a=267)
      N=1215      best_f=34       (m=135 n=9 a=61)
      N=1212      best_f=86       (m=303 n=4 a=212)
      N=1210      best_f=24       (m=242 n=5 a=81)
      N=1209      best_f=24       (m=403 n=3 a=118)
      N=1206      best_f=42       (m=201 n=6 a=104)
      N=1205      best_f=26       (m=241 n=5 a=98)
      N=1204      best_f=23       (m=172 n=7 a=133)
      N=1200      best_f=49       (m=300 n=4 a=157)
      N=1197      best_f=24       (m=133 n=9 a=81)
      N=1196      best_f=39       (m=299 n=4 a=47)
      N=1194      best_f=22       (m=398 n=3 a=291)
      N=1192      best_f=177      (m=298 n=4 a=105)
      N=1191      best_f=38       (m=397 n=3 a=362)
      N=1188      best_f=44       (m=198 n=6 a=43)
      N=1184      best_f=54       (m=296 n=4 a=117)
      N=1180      best_f=70       (m=295 n=4 a=58)
      N=1176      best_f=14       (m=392 n=3 a=177)
      N=1172      best_f=173      (m=293 n=4 a=138)
      N=1170      best_f=26       (m=390 n=3 a=61)
      N=1168      best_f=66       (m=146 n=8 a=51)
      N=1164      best_f=16       (m=388 n=3 a=61)
      N=1161      best_f=16       (m=387 n=3 a=337)
      N=1160      best_f=53       (m=290 n=4 a=233)
      N=1158      best_f=20       (m=386 n=3 a=277)
      N=1155      best_f=18       (m=77 n=15 a=25)
      N=1152      best_f=38       (m=288 n=4 a=199)
      N=1148      best_f=35       (m=287 n=4 a=132)
      N=1144      best_f=31       (m=286 n=4 a=177)
      N=1143      best_f=18       (m=127 n=9 a=103)
      N=1140      best_f=17       (m=95 n=12 a=83)
      N=1134      best_f=12       (m=378 n=3 a=361)
      N=1125      best_f=44       (m=225 n=5 a=181)
      N=1120      best_f=25       (m=280 n=4 a=237)
      N=1119      best_f=26       (m=373 n=3 a=88)
      N=1116      best_f=17       (m=186 n=6 a=149)
      N=1113      best_f=32       (m=371 n=3 a=107)
      N=1110      best_f=12       (m=370 n=3 a=211)
      N=1108      best_f=143      (m=277 n=4 a=217)
      N=1107      best_f=72       (m=369 n=3 a=247)
      N=1101      best_f=22       (m=367 n=3 a=283)
      N=1100      best_f=10       (m=55 n=20 a=7)
      N=1098      best_f=14       (m=366 n=3 a=169)
      N=1096      best_f=139      (m=274 n=4 a=37)
      N=1095      best_f=6        (m=365 n=3 a=81)
      N=1092      best_f=8        (m=364 n=3 a=165)
      N=1088      best_f=14       (m=136 n=8 a=15)
      N=1086      best_f=8        (m=362 n=3 a=313)
      N=1085      best_f=12       (m=217 n=5 a=78)
      N=1083      best_f=18       (m=361 n=3 a=292)
      N=1081      best_f=8        (m=47 n=23 a=4)
      N=1080      best_f=10       (m=90 n=12 a=67)
      N=1076      best_f=131      (m=269 n=4 a=82)
      N=1071      best_f=22       (m=357 n=3 a=205)
      N=1065      best_f=10       (m=213 n=5 a=25)
      N=1060      best_f=20       (m=265 n=4 a=136)
      N=1055      best_f=6        (m=211 n=5 a=55)
      N=1053      best_f=4        (m=351 n=3 a=100)
      N=1050      best_f=15       (m=175 n=6 a=149)
      N=1045      best_f=14       (m=209 n=5 a=20)
      N=1044      best_f=10       (m=261 n=4 a=46)
      N=1040      best_f=13       (m=260 n=4 a=151)
      N=1036      best_f=13       (m=259 n=4 a=43)

########## ratchet round 15 -- 08:20:45 ##########

>>> ratchet (14,5): ours 60680 (record 60390) -> sweeping 60681..61080
    [dd_gpu] 600.91s  114 launches  3375887551 evals  5.62 Mevals/s  best f=0 at N=61008 (m=2542 n=24 a=1421)  hits=1
      N=61040     best_f=840      (m=15260 n=4 a=687)
      N=61038     best_f=326      (m=10173 n=6 a=9617)
      N=61035     best_f=2        (m=1565 n=39 a=1371)
      N=61029     best_f=6206     (m=20343 n=3 a=2926)
      N=61028     best_f=571      (m=15257 n=4 a=6689)
      N=61026     best_f=68       (m=10171 n=6 a=7958)
      N=61023     best_f=6116     (m=20341 n=3 a=2356)
      N=61020     best_f=34       (m=5085 n=12 a=2471)
      N=61019     best_f=20       (m=8717 n=7 a=7775)
      N=61017     best_f=1824     (m=20339 n=3 a=13366)
      N=61016     best_f=1684     (m=15254 n=4 a=2105)
      N=61010     best_f=76       (m=12202 n=5 a=5061)
      N=61008     best_f=0        (m=2542 n=24 a=1421)
      N=61004     best_f=490      (m=15251 n=4 a=12534)
      N=61000     best_f=4        (m=3050 n=20 a=1613)
      N=60996     best_f=433      (m=15249 n=4 a=8419)

>>> ratchet (13,5): ours 42744 (record 42680) -> sweeping 42745..43144
    [dd_gpu] 601.96s  163 launches  4835704966 evals  8.03 Mevals/s  best f=0 at N=42900 (m=715 n=60 a=618)  hits=2
      N=42944     best_f=185      (m=10736 n=4 a=133)
      N=42942     best_f=36       (m=7157 n=6 a=5031)
      N=42940     best_f=312      (m=10735 n=4 a=8912)
      N=42938     best_f=102      (m=3067 n=14 a=818)
      N=42936     best_f=172      (m=3578 n=12 a=919)
      N=42930     best_f=578      (m=7155 n=6 a=1801)
      N=42924     best_f=2        (m=3577 n=12 a=998)
      N=42920     best_f=235      (m=10730 n=4 a=6321)
      N=42916     best_f=14245    (m=10729 n=4 a=6759)
      N=42912     best_f=240      (m=10728 n=4 a=10027)
      N=42904     best_f=272      (m=10726 n=4 a=8557)
      N=42900     best_f=0        (m=715 n=60 a=618)
      N=42894     best_f=548      (m=7149 n=6 a=6046)
      N=42882     best_f=134      (m=7147 n=6 a=2694)
      N=42880     best_f=619      (m=10720 n=4 a=6297)
      N=42876     best_f=3        (m=1191 n=36 a=41)

>>> ratchet (11,5): ours 20952 (record 20646) -> sweeping 20953..21352
    [dd_gpu] 600.10s  297 launches  8797364220 evals  14.66 Mevals/s  best f=3 at N=21210 (m=707 n=30 a=522)  hits=0
      N=21312     best_f=4        (m=592 n=36 a=91)
      N=21310     best_f=206      (m=2131 n=10 a=397)
      N=21308     best_f=719      (m=5327 n=4 a=1483)
      N=21306     best_f=40       (m=3551 n=6 a=2174)
      N=21300     best_f=13       (m=2130 n=10 a=1829)
      N=21296     best_f=38       (m=968 n=22 a=593)
      N=21294     best_f=69       (m=3549 n=6 a=2389)
      N=21284     best_f=217      (m=5321 n=4 a=3418)
      N=21282     best_f=2492     (m=3547 n=6 a=2385)
      N=21280     best_f=497      (m=5320 n=4 a=2547)
      N=21276     best_f=30       (m=1773 n=12 a=14)
      N=21270     best_f=222      (m=3545 n=6 a=2354)
      N=21268     best_f=266      (m=5317 n=4 a=4356)
      N=21266     best_f=62       (m=1519 n=14 a=743)
      N=21260     best_f=9826     (m=5315 n=4 a=2127)
      N=21256     best_f=514      (m=2657 n=8 a=1991)
      N=21252     best_f=6        (m=322 n=66 a=11)
      N=21250     best_f=112      (m=2125 n=10 a=1174)
      N=21248     best_f=1868     (m=2656 n=8 a=1827)
      N=21246     best_f=2439     (m=3541 n=6 a=60)
      N=21244     best_f=169      (m=5311 n=4 a=3714)
      N=21240     best_f=895      (m=5310 n=4 a=1297)
      N=21236     best_f=7417     (m=5309 n=4 a=3505)
      N=21230     best_f=204      (m=2123 n=10 a=1929)
      N=21228     best_f=6        (m=1769 n=12 a=1694)
      N=21224     best_f=28       (m=1516 n=14 a=293)
      N=21222     best_f=460      (m=3537 n=6 a=2881)
      N=21220     best_f=43       (m=1061 n=20 a=14)
      N=21216     best_f=4        (m=442 n=48 a=37)
      N=21210     best_f=3        (m=707 n=30 a=522)
      N=21208     best_f=10       (m=2651 n=8 a=1695)
      N=21206     best_f=10       (m=461 n=46 a=113)
      N=21204     best_f=2432     (m=7068 n=3 a=1369)

>>> ratchet (9,5): ours 8802 (record 8760) -> sweeping 8803..9202
    [dd_gpu] 600.19s  686 launches  20277640373 evals  33.79 Mevals/s  best f=0 at N=8892 (m=494 n=18 a=251)  hits=2
      N=9200      best_f=131      (m=2300 n=4 a=507)
      N=9198      best_f=6        (m=511 n=18 a=109)
      N=9186      best_f=1314     (m=1531 n=6 a=647)
      N=9184      best_f=11       (m=1148 n=8 a=407)
      N=9180      best_f=22       (m=765 n=12 a=761)
      N=9176      best_f=418      (m=2294 n=4 a=1301)
      N=9174      best_f=44       (m=1529 n=6 a=1154)
      N=9170      best_f=12       (m=917 n=10 a=204)
      N=9164      best_f=202      (m=2291 n=4 a=2134)
      N=9160      best_f=3506     (m=2290 n=4 a=1023)
      N=9156      best_f=11       (m=763 n=12 a=41)
      N=9152      best_f=100      (m=2288 n=4 a=109)
      N=9150      best_f=10       (m=915 n=10 a=41)
      N=9144      best_f=17       (m=508 n=18 a=409)
      N=9140      best_f=490      (m=2285 n=4 a=1719)
      N=9132      best_f=866      (m=2283 n=4 a=1483)
      N=9130      best_f=76       (m=913 n=10 a=829)
      N=9126      best_f=42       (m=1521 n=6 a=1375)
      N=9120      best_f=17       (m=760 n=12 a=293)
      N=9116      best_f=119      (m=2279 n=4 a=818)
      N=9114      best_f=29       (m=1519 n=6 a=1489)
      N=9112      best_f=184      (m=1139 n=8 a=468)
      N=9110      best_f=374      (m=1822 n=5 a=1393)
      N=9108      best_f=14       (m=414 n=22 a=35)
      N=9104      best_f=1556     (m=2276 n=4 a=1621)
      N=9102      best_f=774      (m=1517 n=6 a=286)
      N=9100      best_f=98       (m=2275 n=4 a=2157)
      N=9096      best_f=740      (m=1516 n=6 a=431)
      N=9090      best_f=7        (m=909 n=10 a=721)
      N=9088      best_f=7112     (m=2272 n=4 a=1703)
      N=9084      best_f=804      (m=1514 n=6 a=785)
      N=9080      best_f=5276     (m=2270 n=4 a=907)
      N=9072      best_f=24       (m=1512 n=6 a=305)
      N=9060      best_f=18       (m=302 n=30 a=147)
      N=9052      best_f=267      (m=2263 n=4 a=1487)
      N=9050      best_f=22       (m=905 n=10 a=59)
      N=9048      best_f=7        (m=754 n=12 a=621)
      N=9044      best_f=104      (m=2261 n=4 a=1483)
      N=9040      best_f=6        (m=565 n=16 a=73)
      N=9032      best_f=246      (m=1129 n=8 a=437)
      N=9030      best_f=4        (m=645 n=14 a=434)
      N=9028      best_f=113      (m=2257 n=4 a=926)
      N=9024      best_f=4302     (m=2256 n=4 a=187)
      N=9020      best_f=2        (m=451 n=20 a=244)
      N=9018      best_f=1732     (m=1503 n=6 a=335)
      N=9012      best_f=2160     (m=3004 n=3 a=2325)
      N=9006      best_f=22       (m=1501 n=6 a=892)
      N=9000      best_f=15       (m=450 n=20 a=17)
      N=8996      best_f=126      (m=2249 n=4 a=599)
      N=8992      best_f=70       (m=1124 n=8 a=903)
      N=8990      best_f=44       (m=899 n=10 a=581)
      N=8988      best_f=708      (m=1498 n=6 a=641)
      N=8982      best_f=3328     (m=2994 n=3 a=1357)
      N=8980      best_f=434      (m=2245 n=4 a=1414)
      N=8976      best_f=10       (m=561 n=16 a=241)
      N=8970      best_f=32       (m=1495 n=6 a=666)
      N=8964      best_f=658      (m=1494 n=6 a=1327)
      N=8960      best_f=135      (m=2240 n=4 a=433)
      N=8952      best_f=1234     (m=2984 n=3 a=657)
      N=8940      best_f=107      (m=2235 n=4 a=2191)
      N=8934      best_f=3282     (m=2978 n=3 a=483)
      N=8932      best_f=4        (m=319 n=28 a=10)
      N=8928      best_f=23       (m=1488 n=6 a=1079)
      N=8920      best_f=5116     (m=2230 n=4 a=1337)
      N=8918      best_f=32       (m=637 n=14 a=428)
      N=8912      best_f=1437     (m=2228 n=4 a=675)
      N=8910      best_f=4        (m=297 n=30 a=152)
      N=8908      best_f=456      (m=2227 n=4 a=132)
      N=8904      best_f=9        (m=742 n=12 a=341)
      N=8900      best_f=195      (m=2225 n=4 a=924)
      N=8896      best_f=2792     (m=2224 n=4 a=1947)
      N=8892      best_f=0        (m=494 n=18 a=251)
      N=8890      best_f=5        (m=635 n=14 a=246)
      N=8888      best_f=258      (m=2222 n=4 a=2111)
      N=8880      best_f=10       (m=740 n=12 a=199)
      N=8876      best_f=306      (m=2219 n=4 a=1154)
      N=8872      best_f=3243     (m=2218 n=4 a=755)
      N=8868      best_f=756      (m=1478 n=6 a=419)
      N=8864      best_f=480      (m=2216 n=4 a=337)
      N=8862      best_f=7        (m=633 n=14 a=88)
      N=8860      best_f=4038     (m=2215 n=4 a=1773)
      N=8856      best_f=3        (m=369 n=24 a=284)
      N=8852      best_f=3258     (m=2213 n=4 a=1130)
      N=8844      best_f=8        (m=134 n=66 a=7)
      N=8840      best_f=6        (m=1105 n=8 a=824)
      N=8834      best_f=39       (m=631 n=14 a=190)
      N=8832      best_f=1292     (m=2208 n=4 a=1609)
      N=8826      best_f=3208     (m=2942 n=3 a=251)
      N=8820      best_f=20       (m=735 n=12 a=178)
      N=8816      best_f=94       (m=2204 n=4 a=191)
      N=8814      best_f=891      (m=1469 n=6 a=790)
      N=8810      best_f=298      (m=1762 n=5 a=1625)
      N=8808      best_f=634      (m=1468 n=6 a=451)

>>> ratchet (14,3): ours 1032 (record 979) -> sweeping 1033..1432
    [dd_gpu] 600.47s  953 launches  28232966757 evals  47.02 Mevals/s  best f=4 at N=1053 (m=351 n=3 a=100)  hits=0
      N=1431      best_f=226      (m=477 n=3 a=319)
      N=1430      best_f=89       (m=143 n=10 a=38)
      N=1428      best_f=87       (m=119 n=12 a=89)
      N=1425      best_f=78       (m=475 n=3 a=26)
      N=1424      best_f=144      (m=178 n=8 a=77)
      N=1422      best_f=88       (m=474 n=3 a=55)
      N=1421      best_f=84       (m=203 n=7 a=78)
      N=1420      best_f=81       (m=284 n=5 a=5)
      N=1408      best_f=108      (m=352 n=4 a=23)
      N=1407      best_f=98       (m=469 n=3 a=135)
      N=1405      best_f=80       (m=281 n=5 a=86)
      N=1404      best_f=76       (m=117 n=12 a=2)
      N=1400      best_f=103      (m=350 n=4 a=43)
      N=1396      best_f=309      (m=349 n=4 a=213)
      N=1395      best_f=72       (m=93 n=15 a=40)
      N=1392      best_f=111      (m=348 n=4 a=17)
      N=1389      best_f=102      (m=463 n=3 a=21)
      N=1386      best_f=83       (m=231 n=6 a=142)
      N=1384      best_f=283      (m=346 n=4 a=93)
      N=1380      best_f=79       (m=345 n=4 a=323)
      N=1379      best_f=64       (m=197 n=7 a=114)
      N=1378      best_f=65       (m=106 n=13 a=95)
      N=1377      best_f=194      (m=459 n=3 a=154)
      N=1375      best_f=60       (m=275 n=5 a=141)
      N=1374      best_f=173      (m=229 n=6 a=95)
      N=1372      best_f=89       (m=196 n=7 a=141)
      N=1368      best_f=62       (m=456 n=3 a=121)
      N=1365      best_f=56       (m=455 n=3 a=256)
      N=1360      best_f=60       (m=85 n=16 a=74)
      N=1356      best_f=128      (m=339 n=4 a=98)
      N=1355      best_f=60       (m=271 n=5 a=244)
      N=1352      best_f=269      (m=338 n=4 a=99)
      N=1350      best_f=79       (m=225 n=6 a=101)
      N=1348      best_f=282      (m=337 n=4 a=148)
      N=1344      best_f=52       (m=112 n=12 a=19)
      N=1340      best_f=116      (m=335 n=4 a=68)
      N=1338      best_f=62       (m=446 n=3 a=183)
      N=1332      best_f=54       (m=444 n=3 a=433)
      N=1331      best_f=62       (m=121 n=11 a=34)
      N=1326      best_f=63       (m=221 n=6 a=205)
      N=1323      best_f=50       (m=441 n=3 a=361)
      N=1320      best_f=51       (m=132 n=10 a=125)
      N=1317      best_f=64       (m=439 n=3 a=171)
      N=1314      best_f=50       (m=146 n=9 a=75)
      N=1312      best_f=75       (m=164 n=8 a=85)
      N=1311      best_f=46       (m=437 n=3 a=254)
      N=1310      best_f=51       (m=262 n=5 a=53)
      N=1308      best_f=91       (m=109 n=12 a=68)
      N=1302      best_f=52       (m=434 n=3 a=149)
      N=1300      best_f=62       (m=325 n=4 a=118)
      N=1296      best_f=63       (m=216 n=6 a=91)
      N=1292      best_f=70       (m=323 n=4 a=132)
      N=1290      best_f=40       (m=430 n=3 a=221)
      N=1281      best_f=38       (m=427 n=3 a=169)
      N=1280      best_f=42       (m=160 n=8 a=43)
      N=1276      best_f=57       (m=319 n=4 a=12)
      N=1272      best_f=98       (m=318 n=4 a=23)
      N=1268      best_f=231      (m=317 n=4 a=114)
      N=1266      best_f=40       (m=422 n=3 a=407)
      N=1265      best_f=38       (m=115 n=11 a=36)
      N=1263      best_f=60       (m=421 n=3 a=400)
      N=1260      best_f=37       (m=105 n=12 a=52)
      N=1255      best_f=36       (m=251 n=5 a=20)
      N=1254      best_f=36       (m=209 n=6 a=197)
      N=1252      best_f=221      (m=313 n=4 a=288)
      N=1251      best_f=60       (m=417 n=3 a=181)
      N=1250      best_f=82       (m=250 n=5 a=201)
      N=1248      best_f=41       (m=208 n=6 a=55)
      N=1242      best_f=57       (m=207 n=6 a=185)
      N=1240      best_f=33       (m=124 n=10 a=47)
      N=1239      best_f=50       (m=413 n=3 a=296)
      N=1236      best_f=112      (m=206 n=6 a=47)
      N=1230      best_f=37       (m=246 n=5 a=133)
      N=1227      best_f=48       (m=409 n=3 a=355)
      N=1224      best_f=32       (m=153 n=8 a=8)
      N=1221      best_f=28       (m=407 n=3 a=232)
      N=1220      best_f=32       (m=244 n=5 a=9)
      N=1218      best_f=28       (m=87 n=14 a=74)
      N=1216      best_f=57       (m=304 n=4 a=267)
      N=1215      best_f=34       (m=135 n=9 a=61)
      N=1212      best_f=86       (m=303 n=4 a=212)
      N=1210      best_f=24       (m=242 n=5 a=81)
      N=1209      best_f=24       (m=403 n=3 a=118)
      N=1206      best_f=42       (m=201 n=6 a=104)
      N=1205      best_f=26       (m=241 n=5 a=98)
      N=1204      best_f=23       (m=172 n=7 a=133)
      N=1200      best_f=49       (m=300 n=4 a=157)
      N=1197      best_f=24       (m=133 n=9 a=81)
      N=1196      best_f=39       (m=299 n=4 a=47)
      N=1194      best_f=22       (m=398 n=3 a=291)
      N=1192      best_f=177      (m=298 n=4 a=105)
      N=1191      best_f=38       (m=397 n=3 a=362)
      N=1188      best_f=44       (m=198 n=6 a=43)
      N=1184      best_f=54       (m=296 n=4 a=117)
      N=1180      best_f=70       (m=295 n=4 a=58)
      N=1176      best_f=14       (m=392 n=3 a=177)
      N=1172      best_f=173      (m=293 n=4 a=138)
      N=1170      best_f=26       (m=390 n=3 a=61)
      N=1168      best_f=66       (m=146 n=8 a=51)
      N=1164      best_f=16       (m=388 n=3 a=61)
      N=1161      best_f=16       (m=387 n=3 a=337)
      N=1160      best_f=53       (m=290 n=4 a=233)
      N=1158      best_f=20       (m=386 n=3 a=277)
      N=1155      best_f=18       (m=77 n=15 a=25)
      N=1152      best_f=38       (m=288 n=4 a=199)
      N=1148      best_f=35       (m=287 n=4 a=132)
      N=1144      best_f=31       (m=286 n=4 a=177)
      N=1143      best_f=18       (m=127 n=9 a=103)
      N=1140      best_f=17       (m=95 n=12 a=83)
      N=1134      best_f=12       (m=378 n=3 a=361)
      N=1125      best_f=44       (m=225 n=5 a=181)
      N=1120      best_f=25       (m=280 n=4 a=237)
      N=1119      best_f=26       (m=373 n=3 a=88)
      N=1116      best_f=17       (m=186 n=6 a=149)
      N=1113      best_f=32       (m=371 n=3 a=107)
      N=1110      best_f=12       (m=370 n=3 a=211)
      N=1108      best_f=143      (m=277 n=4 a=217)
      N=1107      best_f=72       (m=369 n=3 a=247)
      N=1101      best_f=22       (m=367 n=3 a=283)
      N=1100      best_f=10       (m=55 n=20 a=7)
      N=1098      best_f=14       (m=366 n=3 a=169)
      N=1096      best_f=139      (m=274 n=4 a=37)
      N=1095      best_f=6        (m=365 n=3 a=81)
      N=1092      best_f=8        (m=364 n=3 a=165)
      N=1088      best_f=14       (m=136 n=8 a=15)
      N=1086      best_f=8        (m=362 n=3 a=313)
      N=1085      best_f=12       (m=217 n=5 a=78)
      N=1083      best_f=18       (m=361 n=3 a=292)
      N=1081      best_f=8        (m=47 n=23 a=4)
      N=1080      best_f=10       (m=90 n=12 a=67)
      N=1076      best_f=131      (m=269 n=4 a=82)
      N=1071      best_f=22       (m=357 n=3 a=205)
      N=1065      best_f=10       (m=213 n=5 a=25)
      N=1060      best_f=20       (m=265 n=4 a=136)
      N=1055      best_f=6        (m=211 n=5 a=55)
      N=1053      best_f=4        (m=351 n=3 a=100)
      N=1050      best_f=15       (m=175 n=6 a=149)
      N=1045      best_f=14       (m=209 n=5 a=20)
      N=1044      best_f=10       (m=261 n=4 a=46)
      N=1040      best_f=13       (m=260 n=4 a=151)
      N=1036      best_f=13       (m=259 n=4 a=43)

########## ratchet round 16 -- 09:10:51 ##########

>>> ratchet (14,5): ours 60680 (record 60390) -> sweeping 60681..61080
    [dd_gpu] 600.86s  114 launches  3375887551 evals  5.62 Mevals/s  best f=0 at N=61008 (m=2542 n=24 a=1421)  hits=1
      N=61040     best_f=840      (m=15260 n=4 a=687)
      N=61038     best_f=326      (m=10173 n=6 a=9617)
      N=61035     best_f=2        (m=1565 n=39 a=1371)
      N=61029     best_f=6206     (m=20343 n=3 a=2926)
      N=61028     best_f=571      (m=15257 n=4 a=6689)
      N=61026     best_f=68       (m=10171 n=6 a=7958)
      N=61023     best_f=6116     (m=20341 n=3 a=2356)
      N=61020     best_f=34       (m=5085 n=12 a=2471)
      N=61019     best_f=20       (m=8717 n=7 a=7775)
      N=61017     best_f=1824     (m=20339 n=3 a=13366)
      N=61016     best_f=1684     (m=15254 n=4 a=2105)
      N=61010     best_f=76       (m=12202 n=5 a=5061)
      N=61008     best_f=0        (m=2542 n=24 a=1421)
      N=61004     best_f=490      (m=15251 n=4 a=12534)
      N=61000     best_f=4        (m=3050 n=20 a=1613)
      N=60996     best_f=433      (m=15249 n=4 a=8419)

>>> ratchet (13,5): ours 42744 (record 42680) -> sweeping 42745..43144
    [dd_gpu] 601.86s  163 launches  4835704966 evals  8.03 Mevals/s  best f=0 at N=42900 (m=715 n=60 a=618)  hits=2
      N=42944     best_f=185      (m=10736 n=4 a=133)
      N=42942     best_f=36       (m=7157 n=6 a=5031)
      N=42940     best_f=312      (m=10735 n=4 a=8912)
      N=42938     best_f=102      (m=3067 n=14 a=818)
      N=42936     best_f=172      (m=3578 n=12 a=919)
      N=42930     best_f=578      (m=7155 n=6 a=1801)
      N=42924     best_f=2        (m=3577 n=12 a=998)
      N=42920     best_f=235      (m=10730 n=4 a=6321)
      N=42916     best_f=14245    (m=10729 n=4 a=6759)
      N=42912     best_f=240      (m=10728 n=4 a=10027)
      N=42904     best_f=272      (m=10726 n=4 a=8557)
      N=42900     best_f=0        (m=715 n=60 a=618)
      N=42894     best_f=548      (m=7149 n=6 a=6046)
      N=42882     best_f=134      (m=7147 n=6 a=2694)
      N=42880     best_f=619      (m=10720 n=4 a=6297)
      N=42876     best_f=3        (m=1191 n=36 a=41)

>>> ratchet (11,5): ours 20952 (record 20646) -> sweeping 20953..21352
    [dd_gpu] 600.12s  297 launches  8797364220 evals  14.66 Mevals/s  best f=3 at N=21210 (m=707 n=30 a=522)  hits=0
      N=21312     best_f=4        (m=592 n=36 a=91)
      N=21310     best_f=206      (m=2131 n=10 a=397)
      N=21308     best_f=719      (m=5327 n=4 a=1483)
      N=21306     best_f=40       (m=3551 n=6 a=2174)
      N=21300     best_f=13       (m=2130 n=10 a=1829)
      N=21296     best_f=38       (m=968 n=22 a=593)
      N=21294     best_f=69       (m=3549 n=6 a=2389)
      N=21284     best_f=217      (m=5321 n=4 a=3418)
      N=21282     best_f=2492     (m=3547 n=6 a=2385)
      N=21280     best_f=497      (m=5320 n=4 a=2547)
      N=21276     best_f=30       (m=1773 n=12 a=14)
      N=21270     best_f=222      (m=3545 n=6 a=2354)
      N=21268     best_f=266      (m=5317 n=4 a=4356)
      N=21266     best_f=62       (m=1519 n=14 a=743)
      N=21260     best_f=9826     (m=5315 n=4 a=2127)
      N=21256     best_f=514      (m=2657 n=8 a=1991)
      N=21252     best_f=6        (m=322 n=66 a=11)
      N=21250     best_f=112      (m=2125 n=10 a=1174)
      N=21248     best_f=1868     (m=2656 n=8 a=1827)
      N=21246     best_f=2439     (m=3541 n=6 a=60)
      N=21244     best_f=169      (m=5311 n=4 a=3714)
      N=21240     best_f=895      (m=5310 n=4 a=1297)
      N=21236     best_f=7417     (m=5309 n=4 a=3505)
      N=21230     best_f=204      (m=2123 n=10 a=1929)
      N=21228     best_f=6        (m=1769 n=12 a=1694)
      N=21224     best_f=28       (m=1516 n=14 a=293)
      N=21222     best_f=460      (m=3537 n=6 a=2881)
      N=21220     best_f=43       (m=1061 n=20 a=14)
      N=21216     best_f=4        (m=442 n=48 a=37)
      N=21210     best_f=3        (m=707 n=30 a=522)
      N=21208     best_f=10       (m=2651 n=8 a=1695)
      N=21206     best_f=10       (m=461 n=46 a=113)
      N=21204     best_f=2432     (m=7068 n=3 a=1369)

>>> ratchet (9,5): ours 8802 (record 8760) -> sweeping 8803..9202
    [dd_gpu] 600.21s  686 launches  20277640373 evals  33.78 Mevals/s  best f=0 at N=8892 (m=494 n=18 a=251)  hits=2
      N=9200      best_f=131      (m=2300 n=4 a=507)
      N=9198      best_f=6        (m=511 n=18 a=109)
      N=9186      best_f=1314     (m=1531 n=6 a=647)
      N=9184      best_f=11       (m=1148 n=8 a=407)
      N=9180      best_f=22       (m=765 n=12 a=761)
      N=9176      best_f=418      (m=2294 n=4 a=1301)
      N=9174      best_f=44       (m=1529 n=6 a=1154)
      N=9170      best_f=12       (m=917 n=10 a=204)
      N=9164      best_f=202      (m=2291 n=4 a=2134)
      N=9160      best_f=3506     (m=2290 n=4 a=1023)
      N=9156      best_f=11       (m=763 n=12 a=41)
      N=9152      best_f=100      (m=2288 n=4 a=109)
      N=9150      best_f=10       (m=915 n=10 a=41)
      N=9144      best_f=17       (m=508 n=18 a=409)
      N=9140      best_f=490      (m=2285 n=4 a=1719)
      N=9132      best_f=866      (m=2283 n=4 a=1483)
      N=9130      best_f=76       (m=913 n=10 a=829)
      N=9126      best_f=42       (m=1521 n=6 a=1375)
      N=9120      best_f=17       (m=760 n=12 a=293)
      N=9116      best_f=119      (m=2279 n=4 a=818)
      N=9114      best_f=29       (m=1519 n=6 a=1489)
      N=9112      best_f=184      (m=1139 n=8 a=468)
      N=9110      best_f=374      (m=1822 n=5 a=1393)
      N=9108      best_f=14       (m=414 n=22 a=35)
      N=9104      best_f=1556     (m=2276 n=4 a=1621)
      N=9102      best_f=774      (m=1517 n=6 a=286)
      N=9100      best_f=98       (m=2275 n=4 a=2157)
      N=9096      best_f=740      (m=1516 n=6 a=431)
      N=9090      best_f=7        (m=909 n=10 a=721)
      N=9088      best_f=7112     (m=2272 n=4 a=1703)
      N=9084      best_f=804      (m=1514 n=6 a=785)
      N=9080      best_f=5276     (m=2270 n=4 a=907)
      N=9072      best_f=24       (m=1512 n=6 a=305)
      N=9060      best_f=18       (m=302 n=30 a=147)
      N=9052      best_f=267      (m=2263 n=4 a=1487)
      N=9050      best_f=22       (m=905 n=10 a=59)
      N=9048      best_f=7        (m=754 n=12 a=621)
      N=9044      best_f=104      (m=2261 n=4 a=1483)
      N=9040      best_f=6        (m=565 n=16 a=73)
      N=9032      best_f=246      (m=1129 n=8 a=437)
      N=9030      best_f=4        (m=645 n=14 a=434)
      N=9028      best_f=113      (m=2257 n=4 a=926)
      N=9024      best_f=4302     (m=2256 n=4 a=187)
      N=9020      best_f=2        (m=451 n=20 a=244)
      N=9018      best_f=1732     (m=1503 n=6 a=335)
      N=9012      best_f=2160     (m=3004 n=3 a=2325)
      N=9006      best_f=22       (m=1501 n=6 a=892)
      N=9000      best_f=15       (m=450 n=20 a=17)
      N=8996      best_f=126      (m=2249 n=4 a=599)
      N=8992      best_f=70       (m=1124 n=8 a=903)
      N=8990      best_f=44       (m=899 n=10 a=581)
      N=8988      best_f=708      (m=1498 n=6 a=641)
      N=8982      best_f=3328     (m=2994 n=3 a=1357)
      N=8980      best_f=434      (m=2245 n=4 a=1414)
      N=8976      best_f=10       (m=561 n=16 a=241)
      N=8970      best_f=32       (m=1495 n=6 a=666)
      N=8964      best_f=658      (m=1494 n=6 a=1327)
      N=8960      best_f=135      (m=2240 n=4 a=433)
      N=8952      best_f=1234     (m=2984 n=3 a=657)
      N=8940      best_f=107      (m=2235 n=4 a=2191)
      N=8934      best_f=3282     (m=2978 n=3 a=483)
      N=8932      best_f=4        (m=319 n=28 a=10)
      N=8928      best_f=23       (m=1488 n=6 a=1079)
      N=8920      best_f=5116     (m=2230 n=4 a=1337)
      N=8918      best_f=32       (m=637 n=14 a=428)
      N=8912      best_f=1437     (m=2228 n=4 a=675)
      N=8910      best_f=4        (m=297 n=30 a=152)
      N=8908      best_f=456      (m=2227 n=4 a=132)
      N=8904      best_f=9        (m=742 n=12 a=341)
      N=8900      best_f=195      (m=2225 n=4 a=924)
      N=8896      best_f=2792     (m=2224 n=4 a=1947)
      N=8892      best_f=0        (m=494 n=18 a=251)
      N=8890      best_f=5        (m=635 n=14 a=246)
      N=8888      best_f=258      (m=2222 n=4 a=2111)
      N=8880      best_f=10       (m=740 n=12 a=199)
      N=8876      best_f=306      (m=2219 n=4 a=1154)
      N=8872      best_f=3243     (m=2218 n=4 a=755)
      N=8868      best_f=756      (m=1478 n=6 a=419)
      N=8864      best_f=480      (m=2216 n=4 a=337)
      N=8862      best_f=7        (m=633 n=14 a=88)
      N=8860      best_f=4038     (m=2215 n=4 a=1773)
      N=8856      best_f=3        (m=369 n=24 a=284)
      N=8852      best_f=3258     (m=2213 n=4 a=1130)
      N=8844      best_f=8        (m=134 n=66 a=7)
      N=8840      best_f=6        (m=1105 n=8 a=824)
      N=8834      best_f=39       (m=631 n=14 a=190)
      N=8832      best_f=1292     (m=2208 n=4 a=1609)
      N=8826      best_f=3208     (m=2942 n=3 a=251)
      N=8820      best_f=20       (m=735 n=12 a=178)
      N=8816      best_f=94       (m=2204 n=4 a=191)
      N=8814      best_f=891      (m=1469 n=6 a=790)
      N=8810      best_f=298      (m=1762 n=5 a=1625)
      N=8808      best_f=634      (m=1468 n=6 a=451)

>>> ratchet (14,3): ours 1032 (record 979) -> sweeping 1033..1432
    [dd_gpu] 600.49s  953 launches  28232966757 evals  47.02 Mevals/s  best f=4 at N=1053 (m=351 n=3 a=100)  hits=0
      N=1431      best_f=226      (m=477 n=3 a=319)
      N=1430      best_f=89       (m=143 n=10 a=38)
      N=1428      best_f=87       (m=119 n=12 a=89)
      N=1425      best_f=78       (m=475 n=3 a=26)
      N=1424      best_f=144      (m=178 n=8 a=77)
      N=1422      best_f=88       (m=474 n=3 a=55)
      N=1421      best_f=84       (m=203 n=7 a=78)
      N=1420      best_f=81       (m=284 n=5 a=5)
      N=1408      best_f=108      (m=352 n=4 a=23)
      N=1407      best_f=98       (m=469 n=3 a=135)
      N=1405      best_f=80       (m=281 n=5 a=86)
      N=1404      best_f=76       (m=117 n=12 a=2)
      N=1400      best_f=103      (m=350 n=4 a=43)
      N=1396      best_f=309      (m=349 n=4 a=213)
      N=1395      best_f=72       (m=93 n=15 a=40)
      N=1392      best_f=111      (m=348 n=4 a=17)
      N=1389      best_f=102      (m=463 n=3 a=21)
      N=1386      best_f=83       (m=231 n=6 a=142)
      N=1384      best_f=283      (m=346 n=4 a=93)
      N=1380      best_f=79       (m=345 n=4 a=323)
      N=1379      best_f=64       (m=197 n=7 a=114)
      N=1378      best_f=65       (m=106 n=13 a=95)
      N=1377      best_f=194      (m=459 n=3 a=154)
      N=1375      best_f=60       (m=275 n=5 a=141)
      N=1374      best_f=173      (m=229 n=6 a=95)
      N=1372      best_f=89       (m=196 n=7 a=141)
      N=1368      best_f=62       (m=456 n=3 a=121)
      N=1365      best_f=56       (m=455 n=3 a=256)
      N=1360      best_f=60       (m=85 n=16 a=74)
      N=1356      best_f=128      (m=339 n=4 a=98)
      N=1355      best_f=60       (m=271 n=5 a=244)
      N=1352      best_f=269      (m=338 n=4 a=99)
      N=1350      best_f=79       (m=225 n=6 a=101)
      N=1348      best_f=282      (m=337 n=4 a=148)
      N=1344      best_f=52       (m=112 n=12 a=19)
      N=1340      best_f=116      (m=335 n=4 a=68)
      N=1338      best_f=62       (m=446 n=3 a=183)
      N=1332      best_f=54       (m=444 n=3 a=433)
      N=1331      best_f=62       (m=121 n=11 a=34)
      N=1326      best_f=63       (m=221 n=6 a=205)
      N=1323      best_f=50       (m=441 n=3 a=361)
      N=1320      best_f=51       (m=132 n=10 a=125)
      N=1317      best_f=64       (m=439 n=3 a=171)
      N=1314      best_f=50       (m=146 n=9 a=75)
      N=1312      best_f=75       (m=164 n=8 a=85)
      N=1311      best_f=46       (m=437 n=3 a=254)
      N=1310      best_f=51       (m=262 n=5 a=53)
      N=1308      best_f=91       (m=109 n=12 a=68)
      N=1302      best_f=52       (m=434 n=3 a=149)
      N=1300      best_f=62       (m=325 n=4 a=118)
      N=1296      best_f=63       (m=216 n=6 a=91)
      N=1292      best_f=70       (m=323 n=4 a=132)
      N=1290      best_f=40       (m=430 n=3 a=221)
      N=1281      best_f=38       (m=427 n=3 a=169)
      N=1280      best_f=42       (m=160 n=8 a=43)
      N=1276      best_f=57       (m=319 n=4 a=12)
      N=1272      best_f=98       (m=318 n=4 a=23)
      N=1268      best_f=231      (m=317 n=4 a=114)
      N=1266      best_f=40       (m=422 n=3 a=407)
      N=1265      best_f=38       (m=115 n=11 a=36)
      N=1263      best_f=60       (m=421 n=3 a=400)
      N=1260      best_f=37       (m=105 n=12 a=52)
      N=1255      best_f=36       (m=251 n=5 a=20)
      N=1254      best_f=36       (m=209 n=6 a=197)
      N=1252      best_f=221      (m=313 n=4 a=288)
      N=1251      best_f=60       (m=417 n=3 a=181)
      N=1250      best_f=82       (m=250 n=5 a=201)
      N=1248      best_f=41       (m=208 n=6 a=55)
      N=1242      best_f=57       (m=207 n=6 a=185)
      N=1240      best_f=33       (m=124 n=10 a=47)
      N=1239      best_f=50       (m=413 n=3 a=296)
      N=1236      best_f=112      (m=206 n=6 a=47)
      N=1230      best_f=37       (m=246 n=5 a=133)
      N=1227      best_f=48       (m=409 n=3 a=355)
      N=1224      best_f=32       (m=153 n=8 a=8)
      N=1221      best_f=28       (m=407 n=3 a=232)
      N=1220      best_f=32       (m=244 n=5 a=9)
      N=1218      best_f=28       (m=87 n=14 a=74)
      N=1216      best_f=57       (m=304 n=4 a=267)
      N=1215      best_f=34       (m=135 n=9 a=61)
      N=1212      best_f=86       (m=303 n=4 a=212)
      N=1210      best_f=24       (m=242 n=5 a=81)
      N=1209      best_f=24       (m=403 n=3 a=118)
      N=1206      best_f=42       (m=201 n=6 a=104)
      N=1205      best_f=26       (m=241 n=5 a=98)
      N=1204      best_f=23       (m=172 n=7 a=133)
      N=1200      best_f=49       (m=300 n=4 a=157)
      N=1197      best_f=24       (m=133 n=9 a=81)
      N=1196      best_f=39       (m=299 n=4 a=47)
      N=1194      best_f=22       (m=398 n=3 a=291)
      N=1192      best_f=177      (m=298 n=4 a=105)
      N=1191      best_f=38       (m=397 n=3 a=362)
      N=1188      best_f=44       (m=198 n=6 a=43)
      N=1184      best_f=54       (m=296 n=4 a=117)
      N=1180      best_f=70       (m=295 n=4 a=58)
      N=1176      best_f=14       (m=392 n=3 a=177)
      N=1172      best_f=173      (m=293 n=4 a=138)
      N=1170      best_f=26       (m=390 n=3 a=61)
      N=1168      best_f=66       (m=146 n=8 a=51)
      N=1164      best_f=16       (m=388 n=3 a=61)
      N=1161      best_f=16       (m=387 n=3 a=337)
      N=1160      best_f=53       (m=290 n=4 a=233)
      N=1158      best_f=20       (m=386 n=3 a=277)
      N=1155      best_f=18       (m=77 n=15 a=25)
      N=1152      best_f=38       (m=288 n=4 a=199)
      N=1148      best_f=35       (m=287 n=4 a=132)
      N=1144      best_f=31       (m=286 n=4 a=177)
      N=1143      best_f=18       (m=127 n=9 a=103)
      N=1140      best_f=17       (m=95 n=12 a=83)
      N=1134      best_f=12       (m=378 n=3 a=361)
      N=1125      best_f=44       (m=225 n=5 a=181)
      N=1120      best_f=25       (m=280 n=4 a=237)
      N=1119      best_f=26       (m=373 n=3 a=88)
      N=1116      best_f=17       (m=186 n=6 a=149)
      N=1113      best_f=32       (m=371 n=3 a=107)
      N=1110      best_f=12       (m=370 n=3 a=211)
      N=1108      best_f=143      (m=277 n=4 a=217)
      N=1107      best_f=72       (m=369 n=3 a=247)
      N=1101      best_f=22       (m=367 n=3 a=283)
      N=1100      best_f=10       (m=55 n=20 a=7)
      N=1098      best_f=14       (m=366 n=3 a=169)
      N=1096      best_f=139      (m=274 n=4 a=37)
      N=1095      best_f=6        (m=365 n=3 a=81)
      N=1092      best_f=8        (m=364 n=3 a=165)
      N=1088      best_f=14       (m=136 n=8 a=15)
      N=1086      best_f=8        (m=362 n=3 a=313)
      N=1085      best_f=12       (m=217 n=5 a=78)
      N=1083      best_f=18       (m=361 n=3 a=292)
      N=1081      best_f=8        (m=47 n=23 a=4)
      N=1080      best_f=10       (m=90 n=12 a=67)
      N=1076      best_f=131      (m=269 n=4 a=82)
      N=1071      best_f=22       (m=357 n=3 a=205)
      N=1065      best_f=10       (m=213 n=5 a=25)
      N=1060      best_f=20       (m=265 n=4 a=136)
      N=1055      best_f=6        (m=211 n=5 a=55)
      N=1053      best_f=4        (m=351 n=3 a=100)
      N=1050      best_f=15       (m=175 n=6 a=149)
      N=1045      best_f=14       (m=209 n=5 a=20)
      N=1044      best_f=10       (m=261 n=4 a=46)
      N=1040      best_f=13       (m=260 n=4 a=151)
      N=1036      best_f=13       (m=259 n=4 a=43)

########## ratchet round 17 -- 10:00:56 ##########

>>> ratchet (14,5): ours 60680 (record 60390) -> sweeping 60681..61080
    [dd_gpu] 600.90s  114 launches  3375887551 evals  5.62 Mevals/s  best f=0 at N=61008 (m=2542 n=24 a=1421)  hits=1
      N=61040     best_f=840      (m=15260 n=4 a=687)
      N=61038     best_f=326      (m=10173 n=6 a=9617)
      N=61035     best_f=2        (m=1565 n=39 a=1371)
      N=61029     best_f=6206     (m=20343 n=3 a=2926)
      N=61028     best_f=571      (m=15257 n=4 a=6689)
      N=61026     best_f=68       (m=10171 n=6 a=7958)
      N=61023     best_f=6116     (m=20341 n=3 a=2356)
      N=61020     best_f=34       (m=5085 n=12 a=2471)
      N=61019     best_f=20       (m=8717 n=7 a=7775)
      N=61017     best_f=1824     (m=20339 n=3 a=13366)
      N=61016     best_f=1684     (m=15254 n=4 a=2105)
      N=61010     best_f=76       (m=12202 n=5 a=5061)
      N=61008     best_f=0        (m=2542 n=24 a=1421)
      N=61004     best_f=490      (m=15251 n=4 a=12534)
      N=61000     best_f=4        (m=3050 n=20 a=1613)
      N=60996     best_f=433      (m=15249 n=4 a=8419)

>>> ratchet (13,5): ours 42744 (record 42680) -> sweeping 42745..43144
    [dd_gpu] 601.80s  163 launches  4835704966 evals  8.04 Mevals/s  best f=0 at N=42900 (m=715 n=60 a=618)  hits=2
      N=42944     best_f=185      (m=10736 n=4 a=133)
      N=42942     best_f=36       (m=7157 n=6 a=5031)
      N=42940     best_f=312      (m=10735 n=4 a=8912)
      N=42938     best_f=102      (m=3067 n=14 a=818)
      N=42936     best_f=172      (m=3578 n=12 a=919)
      N=42930     best_f=578      (m=7155 n=6 a=1801)
      N=42924     best_f=2        (m=3577 n=12 a=998)
      N=42920     best_f=235      (m=10730 n=4 a=6321)
      N=42916     best_f=14245    (m=10729 n=4 a=6759)
      N=42912     best_f=240      (m=10728 n=4 a=10027)
      N=42904     best_f=272      (m=10726 n=4 a=8557)
      N=42900     best_f=0        (m=715 n=60 a=618)
      N=42894     best_f=548      (m=7149 n=6 a=6046)
      N=42882     best_f=134      (m=7147 n=6 a=2694)
      N=42880     best_f=619      (m=10720 n=4 a=6297)
      N=42876     best_f=3        (m=1191 n=36 a=41)

>>> ratchet (11,5): ours 20952 (record 20646) -> sweeping 20953..21352
    [dd_gpu] 600.15s  297 launches  8797364220 evals  14.66 Mevals/s  best f=3 at N=21210 (m=707 n=30 a=522)  hits=0
      N=21312     best_f=4        (m=592 n=36 a=91)
      N=21310     best_f=206      (m=2131 n=10 a=397)
      N=21308     best_f=719      (m=5327 n=4 a=1483)
      N=21306     best_f=40       (m=3551 n=6 a=2174)
      N=21300     best_f=13       (m=2130 n=10 a=1829)
      N=21296     best_f=38       (m=968 n=22 a=593)
      N=21294     best_f=69       (m=3549 n=6 a=2389)
      N=21284     best_f=217      (m=5321 n=4 a=3418)
      N=21282     best_f=2492     (m=3547 n=6 a=2385)
      N=21280     best_f=497      (m=5320 n=4 a=2547)
      N=21276     best_f=30       (m=1773 n=12 a=14)
      N=21270     best_f=222      (m=3545 n=6 a=2354)
      N=21268     best_f=266      (m=5317 n=4 a=4356)
      N=21266     best_f=62       (m=1519 n=14 a=743)
      N=21260     best_f=9826     (m=5315 n=4 a=2127)
      N=21256     best_f=514      (m=2657 n=8 a=1991)
      N=21252     best_f=6        (m=322 n=66 a=11)
      N=21250     best_f=112      (m=2125 n=10 a=1174)
      N=21248     best_f=1868     (m=2656 n=8 a=1827)
      N=21246     best_f=2439     (m=3541 n=6 a=60)
      N=21244     best_f=169      (m=5311 n=4 a=3714)
      N=21240     best_f=895      (m=5310 n=4 a=1297)
      N=21236     best_f=7417     (m=5309 n=4 a=3505)
      N=21230     best_f=204      (m=2123 n=10 a=1929)
      N=21228     best_f=6        (m=1769 n=12 a=1694)
      N=21224     best_f=28       (m=1516 n=14 a=293)
      N=21222     best_f=460      (m=3537 n=6 a=2881)
      N=21220     best_f=43       (m=1061 n=20 a=14)
      N=21216     best_f=4        (m=442 n=48 a=37)
      N=21210     best_f=3        (m=707 n=30 a=522)
      N=21208     best_f=10       (m=2651 n=8 a=1695)
      N=21206     best_f=10       (m=461 n=46 a=113)
      N=21204     best_f=2432     (m=7068 n=3 a=1369)

>>> ratchet (9,5): ours 8802 (record 8760) -> sweeping 8803..9202
    [dd_gpu] 600.24s  686 launches  20277640373 evals  33.78 Mevals/s  best f=0 at N=8892 (m=494 n=18 a=251)  hits=2
      N=9200      best_f=131      (m=2300 n=4 a=507)
      N=9198      best_f=6        (m=511 n=18 a=109)
      N=9186      best_f=1314     (m=1531 n=6 a=647)
      N=9184      best_f=11       (m=1148 n=8 a=407)
      N=9180      best_f=22       (m=765 n=12 a=761)
      N=9176      best_f=418      (m=2294 n=4 a=1301)
      N=9174      best_f=44       (m=1529 n=6 a=1154)
      N=9170      best_f=12       (m=917 n=10 a=204)
      N=9164      best_f=202      (m=2291 n=4 a=2134)
      N=9160      best_f=3506     (m=2290 n=4 a=1023)
      N=9156      best_f=11       (m=763 n=12 a=41)
      N=9152      best_f=100      (m=2288 n=4 a=109)
      N=9150      best_f=10       (m=915 n=10 a=41)
      N=9144      best_f=17       (m=508 n=18 a=409)
      N=9140      best_f=490      (m=2285 n=4 a=1719)
      N=9132      best_f=866      (m=2283 n=4 a=1483)
      N=9130      best_f=76       (m=913 n=10 a=829)
      N=9126      best_f=42       (m=1521 n=6 a=1375)
      N=9120      best_f=17       (m=760 n=12 a=293)
      N=9116      best_f=119      (m=2279 n=4 a=818)
      N=9114      best_f=29       (m=1519 n=6 a=1489)
      N=9112      best_f=184      (m=1139 n=8 a=468)
      N=9110      best_f=374      (m=1822 n=5 a=1393)
      N=9108      best_f=14       (m=414 n=22 a=35)
      N=9104      best_f=1556     (m=2276 n=4 a=1621)
      N=9102      best_f=774      (m=1517 n=6 a=286)
      N=9100      best_f=98       (m=2275 n=4 a=2157)
      N=9096      best_f=740      (m=1516 n=6 a=431)
      N=9090      best_f=7        (m=909 n=10 a=721)
      N=9088      best_f=7112     (m=2272 n=4 a=1703)
      N=9084      best_f=804      (m=1514 n=6 a=785)
      N=9080      best_f=5276     (m=2270 n=4 a=907)
      N=9072      best_f=24       (m=1512 n=6 a=305)
      N=9060      best_f=18       (m=302 n=30 a=147)
      N=9052      best_f=267      (m=2263 n=4 a=1487)
      N=9050      best_f=22       (m=905 n=10 a=59)
      N=9048      best_f=7        (m=754 n=12 a=621)
      N=9044      best_f=104      (m=2261 n=4 a=1483)
      N=9040      best_f=6        (m=565 n=16 a=73)
      N=9032      best_f=246      (m=1129 n=8 a=437)
      N=9030      best_f=4        (m=645 n=14 a=434)
      N=9028      best_f=113      (m=2257 n=4 a=926)
      N=9024      best_f=4302     (m=2256 n=4 a=187)
      N=9020      best_f=2        (m=451 n=20 a=244)
      N=9018      best_f=1732     (m=1503 n=6 a=335)
      N=9012      best_f=2160     (m=3004 n=3 a=2325)
      N=9006      best_f=22       (m=1501 n=6 a=892)
      N=9000      best_f=15       (m=450 n=20 a=17)
      N=8996      best_f=126      (m=2249 n=4 a=599)
      N=8992      best_f=70       (m=1124 n=8 a=903)
      N=8990      best_f=44       (m=899 n=10 a=581)
      N=8988      best_f=708      (m=1498 n=6 a=641)
      N=8982      best_f=3328     (m=2994 n=3 a=1357)
      N=8980      best_f=434      (m=2245 n=4 a=1414)
      N=8976      best_f=10       (m=561 n=16 a=241)
      N=8970      best_f=32       (m=1495 n=6 a=666)
      N=8964      best_f=658      (m=1494 n=6 a=1327)
      N=8960      best_f=135      (m=2240 n=4 a=433)
      N=8952      best_f=1234     (m=2984 n=3 a=657)
      N=8940      best_f=107      (m=2235 n=4 a=2191)
      N=8934      best_f=3282     (m=2978 n=3 a=483)
      N=8932      best_f=4        (m=319 n=28 a=10)
      N=8928      best_f=23       (m=1488 n=6 a=1079)
      N=8920      best_f=5116     (m=2230 n=4 a=1337)
      N=8918      best_f=32       (m=637 n=14 a=428)
      N=8912      best_f=1437     (m=2228 n=4 a=675)
      N=8910      best_f=4        (m=297 n=30 a=152)
      N=8908      best_f=456      (m=2227 n=4 a=132)
      N=8904      best_f=9        (m=742 n=12 a=341)
      N=8900      best_f=195      (m=2225 n=4 a=924)
      N=8896      best_f=2792     (m=2224 n=4 a=1947)
      N=8892      best_f=0        (m=494 n=18 a=251)
      N=8890      best_f=5        (m=635 n=14 a=246)
      N=8888      best_f=258      (m=2222 n=4 a=2111)
      N=8880      best_f=10       (m=740 n=12 a=199)
      N=8876      best_f=306      (m=2219 n=4 a=1154)
      N=8872      best_f=3243     (m=2218 n=4 a=755)
      N=8868      best_f=756      (m=1478 n=6 a=419)
      N=8864      best_f=480      (m=2216 n=4 a=337)
      N=8862      best_f=7        (m=633 n=14 a=88)
      N=8860      best_f=4038     (m=2215 n=4 a=1773)
      N=8856      best_f=3        (m=369 n=24 a=284)
      N=8852      best_f=3258     (m=2213 n=4 a=1130)
      N=8844      best_f=8        (m=134 n=66 a=7)
      N=8840      best_f=6        (m=1105 n=8 a=824)
      N=8834      best_f=39       (m=631 n=14 a=190)
      N=8832      best_f=1292     (m=2208 n=4 a=1609)
      N=8826      best_f=3208     (m=2942 n=3 a=251)
      N=8820      best_f=20       (m=735 n=12 a=178)
      N=8816      best_f=94       (m=2204 n=4 a=191)
      N=8814      best_f=891      (m=1469 n=6 a=790)
      N=8810      best_f=298      (m=1762 n=5 a=1625)
      N=8808      best_f=634      (m=1468 n=6 a=451)

>>> ratchet (14,3): ours 1032 (record 979) -> sweeping 1033..1432
    [dd_gpu] 600.52s  953 launches  28232966757 evals  47.01 Mevals/s  best f=4 at N=1053 (m=351 n=3 a=100)  hits=0
      N=1431      best_f=226      (m=477 n=3 a=319)
      N=1430      best_f=89       (m=143 n=10 a=38)
      N=1428      best_f=87       (m=119 n=12 a=89)
      N=1425      best_f=78       (m=475 n=3 a=26)
      N=1424      best_f=144      (m=178 n=8 a=77)
      N=1422      best_f=88       (m=474 n=3 a=55)
      N=1421      best_f=84       (m=203 n=7 a=78)
      N=1420      best_f=81       (m=284 n=5 a=5)
      N=1408      best_f=108      (m=352 n=4 a=23)
      N=1407      best_f=98       (m=469 n=3 a=135)
      N=1405      best_f=80       (m=281 n=5 a=86)
      N=1404      best_f=76       (m=117 n=12 a=2)
      N=1400      best_f=103      (m=350 n=4 a=43)
      N=1396      best_f=309      (m=349 n=4 a=213)
      N=1395      best_f=72       (m=93 n=15 a=40)
      N=1392      best_f=111      (m=348 n=4 a=17)
      N=1389      best_f=102      (m=463 n=3 a=21)
      N=1386      best_f=83       (m=231 n=6 a=142)
      N=1384      best_f=283      (m=346 n=4 a=93)
      N=1380      best_f=79       (m=345 n=4 a=323)
      N=1379      best_f=64       (m=197 n=7 a=114)
      N=1378      best_f=65       (m=106 n=13 a=95)
      N=1377      best_f=194      (m=459 n=3 a=154)
      N=1375      best_f=60       (m=275 n=5 a=141)
      N=1374      best_f=173      (m=229 n=6 a=95)
      N=1372      best_f=89       (m=196 n=7 a=141)
      N=1368      best_f=62       (m=456 n=3 a=121)
      N=1365      best_f=56       (m=455 n=3 a=256)
      N=1360      best_f=60       (m=85 n=16 a=74)
      N=1356      best_f=128      (m=339 n=4 a=98)
      N=1355      best_f=60       (m=271 n=5 a=244)
      N=1352      best_f=269      (m=338 n=4 a=99)
      N=1350      best_f=79       (m=225 n=6 a=101)
      N=1348      best_f=282      (m=337 n=4 a=148)
      N=1344      best_f=52       (m=112 n=12 a=19)
      N=1340      best_f=116      (m=335 n=4 a=68)
      N=1338      best_f=62       (m=446 n=3 a=183)
      N=1332      best_f=54       (m=444 n=3 a=433)
      N=1331      best_f=62       (m=121 n=11 a=34)
      N=1326      best_f=63       (m=221 n=6 a=205)
      N=1323      best_f=50       (m=441 n=3 a=361)
      N=1320      best_f=51       (m=132 n=10 a=125)
      N=1317      best_f=64       (m=439 n=3 a=171)
      N=1314      best_f=50       (m=146 n=9 a=75)
      N=1312      best_f=75       (m=164 n=8 a=85)
      N=1311      best_f=46       (m=437 n=3 a=254)
      N=1310      best_f=51       (m=262 n=5 a=53)
      N=1308      best_f=91       (m=109 n=12 a=68)
      N=1302      best_f=52       (m=434 n=3 a=149)
      N=1300      best_f=62       (m=325 n=4 a=118)
      N=1296      best_f=63       (m=216 n=6 a=91)
      N=1292      best_f=70       (m=323 n=4 a=132)
      N=1290      best_f=40       (m=430 n=3 a=221)
      N=1281      best_f=38       (m=427 n=3 a=169)
      N=1280      best_f=42       (m=160 n=8 a=43)
      N=1276      best_f=57       (m=319 n=4 a=12)
      N=1272      best_f=98       (m=318 n=4 a=23)
      N=1268      best_f=231      (m=317 n=4 a=114)
      N=1266      best_f=40       (m=422 n=3 a=407)
      N=1265      best_f=38       (m=115 n=11 a=36)
      N=1263      best_f=60       (m=421 n=3 a=400)
      N=1260      best_f=37       (m=105 n=12 a=52)
      N=1255      best_f=36       (m=251 n=5 a=20)
      N=1254      best_f=36       (m=209 n=6 a=197)
      N=1252      best_f=221      (m=313 n=4 a=288)
      N=1251      best_f=60       (m=417 n=3 a=181)
      N=1250      best_f=82       (m=250 n=5 a=201)
      N=1248      best_f=41       (m=208 n=6 a=55)
      N=1242      best_f=57       (m=207 n=6 a=185)
      N=1240      best_f=33       (m=124 n=10 a=47)
      N=1239      best_f=50       (m=413 n=3 a=296)
      N=1236      best_f=112      (m=206 n=6 a=47)
      N=1230      best_f=37       (m=246 n=5 a=133)
      N=1227      best_f=48       (m=409 n=3 a=355)
      N=1224      best_f=32       (m=153 n=8 a=8)
      N=1221      best_f=28       (m=407 n=3 a=232)
      N=1220      best_f=32       (m=244 n=5 a=9)
      N=1218      best_f=28       (m=87 n=14 a=74)
      N=1216      best_f=57       (m=304 n=4 a=267)
      N=1215      best_f=34       (m=135 n=9 a=61)
      N=1212      best_f=86       (m=303 n=4 a=212)
      N=1210      best_f=24       (m=242 n=5 a=81)
      N=1209      best_f=24       (m=403 n=3 a=118)
      N=1206      best_f=42       (m=201 n=6 a=104)
      N=1205      best_f=26       (m=241 n=5 a=98)
      N=1204      best_f=23       (m=172 n=7 a=133)
      N=1200      best_f=49       (m=300 n=4 a=157)
      N=1197      best_f=24       (m=133 n=9 a=81)
      N=1196      best_f=39       (m=299 n=4 a=47)
      N=1194      best_f=22       (m=398 n=3 a=291)
      N=1192      best_f=177      (m=298 n=4 a=105)
      N=1191      best_f=38       (m=397 n=3 a=362)
      N=1188      best_f=44       (m=198 n=6 a=43)
      N=1184      best_f=54       (m=296 n=4 a=117)
      N=1180      best_f=70       (m=295 n=4 a=58)
      N=1176      best_f=14       (m=392 n=3 a=177)
      N=1172      best_f=173      (m=293 n=4 a=138)
      N=1170      best_f=26       (m=390 n=3 a=61)
      N=1168      best_f=66       (m=146 n=8 a=51)
      N=1164      best_f=16       (m=388 n=3 a=61)
      N=1161      best_f=16       (m=387 n=3 a=337)
      N=1160      best_f=53       (m=290 n=4 a=233)
      N=1158      best_f=20       (m=386 n=3 a=277)
      N=1155      best_f=18       (m=77 n=15 a=25)
      N=1152      best_f=38       (m=288 n=4 a=199)
      N=1148      best_f=35       (m=287 n=4 a=132)
      N=1144      best_f=31       (m=286 n=4 a=177)
      N=1143      best_f=18       (m=127 n=9 a=103)
      N=1140      best_f=17       (m=95 n=12 a=83)
      N=1134      best_f=12       (m=378 n=3 a=361)
      N=1125      best_f=44       (m=225 n=5 a=181)
      N=1120      best_f=25       (m=280 n=4 a=237)
      N=1119      best_f=26       (m=373 n=3 a=88)
      N=1116      best_f=17       (m=186 n=6 a=149)
      N=1113      best_f=32       (m=371 n=3 a=107)
      N=1110      best_f=12       (m=370 n=3 a=211)
      N=1108      best_f=143      (m=277 n=4 a=217)
      N=1107      best_f=72       (m=369 n=3 a=247)
      N=1101      best_f=22       (m=367 n=3 a=283)
      N=1100      best_f=10       (m=55 n=20 a=7)
      N=1098      best_f=14       (m=366 n=3 a=169)
      N=1096      best_f=139      (m=274 n=4 a=37)
      N=1095      best_f=6        (m=365 n=3 a=81)
      N=1092      best_f=8        (m=364 n=3 a=165)
      N=1088      best_f=14       (m=136 n=8 a=15)
      N=1086      best_f=8        (m=362 n=3 a=313)
      N=1085      best_f=12       (m=217 n=5 a=78)
      N=1083      best_f=18       (m=361 n=3 a=292)
      N=1081      best_f=8        (m=47 n=23 a=4)
      N=1080      best_f=10       (m=90 n=12 a=67)
      N=1076      best_f=131      (m=269 n=4 a=82)
      N=1071      best_f=22       (m=357 n=3 a=205)
      N=1065      best_f=10       (m=213 n=5 a=25)
      N=1060      best_f=20       (m=265 n=4 a=136)
      N=1055      best_f=6        (m=211 n=5 a=55)
      N=1053      best_f=4        (m=351 n=3 a=100)
      N=1050      best_f=15       (m=175 n=6 a=149)
      N=1045      best_f=14       (m=209 n=5 a=20)
      N=1044      best_f=10       (m=261 n=4 a=46)
      N=1040      best_f=13       (m=260 n=4 a=151)
      N=1036      best_f=13       (m=259 n=4 a=43)

########## ratchet round 18 -- 10:51:02 ##########

>>> ratchet (14,5): ours 60680 (record 60390) -> sweeping 60681..61080
    [dd_gpu] 600.95s  114 launches  3375887551 evals  5.62 Mevals/s  best f=0 at N=61008 (m=2542 n=24 a=1421)  hits=1
      N=61040     best_f=840      (m=15260 n=4 a=687)
      N=61038     best_f=326      (m=10173 n=6 a=9617)
      N=61035     best_f=2        (m=1565 n=39 a=1371)
      N=61029     best_f=6206     (m=20343 n=3 a=2926)
      N=61028     best_f=571      (m=15257 n=4 a=6689)
      N=61026     best_f=68       (m=10171 n=6 a=7958)
      N=61023     best_f=6116     (m=20341 n=3 a=2356)
      N=61020     best_f=34       (m=5085 n=12 a=2471)
      N=61019     best_f=20       (m=8717 n=7 a=7775)
      N=61017     best_f=1824     (m=20339 n=3 a=13366)
      N=61016     best_f=1684     (m=15254 n=4 a=2105)
      N=61010     best_f=76       (m=12202 n=5 a=5061)
      N=61008     best_f=0        (m=2542 n=24 a=1421)
      N=61004     best_f=490      (m=15251 n=4 a=12534)
      N=61000     best_f=4        (m=3050 n=20 a=1613)
      N=60996     best_f=433      (m=15249 n=4 a=8419)

>>> ratchet (13,5): ours 42744 (record 42680) -> sweeping 42745..43144
    [dd_gpu] 601.75s  163 launches  4835704966 evals  8.04 Mevals/s  best f=0 at N=42900 (m=715 n=60 a=618)  hits=2
      N=42944     best_f=185      (m=10736 n=4 a=133)
      N=42942     best_f=36       (m=7157 n=6 a=5031)
      N=42940     best_f=312      (m=10735 n=4 a=8912)
      N=42938     best_f=102      (m=3067 n=14 a=818)
      N=42936     best_f=172      (m=3578 n=12 a=919)
      N=42930     best_f=578      (m=7155 n=6 a=1801)
      N=42924     best_f=2        (m=3577 n=12 a=998)
      N=42920     best_f=235      (m=10730 n=4 a=6321)
      N=42916     best_f=14245    (m=10729 n=4 a=6759)
      N=42912     best_f=240      (m=10728 n=4 a=10027)
      N=42904     best_f=272      (m=10726 n=4 a=8557)
      N=42900     best_f=0        (m=715 n=60 a=618)
      N=42894     best_f=548      (m=7149 n=6 a=6046)
      N=42882     best_f=134      (m=7147 n=6 a=2694)
      N=42880     best_f=619      (m=10720 n=4 a=6297)
      N=42876     best_f=3        (m=1191 n=36 a=41)

>>> ratchet (11,5): ours 20952 (record 20646) -> sweeping 20953..21352
    [dd_gpu] 600.08s  297 launches  8797364220 evals  14.66 Mevals/s  best f=3 at N=21210 (m=707 n=30 a=522)  hits=0
      N=21312     best_f=4        (m=592 n=36 a=91)
      N=21310     best_f=206      (m=2131 n=10 a=397)
      N=21308     best_f=719      (m=5327 n=4 a=1483)
      N=21306     best_f=40       (m=3551 n=6 a=2174)
      N=21300     best_f=13       (m=2130 n=10 a=1829)
      N=21296     best_f=38       (m=968 n=22 a=593)
      N=21294     best_f=69       (m=3549 n=6 a=2389)
      N=21284     best_f=217      (m=5321 n=4 a=3418)
      N=21282     best_f=2492     (m=3547 n=6 a=2385)
      N=21280     best_f=497      (m=5320 n=4 a=2547)
      N=21276     best_f=30       (m=1773 n=12 a=14)
      N=21270     best_f=222      (m=3545 n=6 a=2354)
      N=21268     best_f=266      (m=5317 n=4 a=4356)
      N=21266     best_f=62       (m=1519 n=14 a=743)
      N=21260     best_f=9826     (m=5315 n=4 a=2127)
      N=21256     best_f=514      (m=2657 n=8 a=1991)
      N=21252     best_f=6        (m=322 n=66 a=11)
      N=21250     best_f=112      (m=2125 n=10 a=1174)
      N=21248     best_f=1868     (m=2656 n=8 a=1827)
      N=21246     best_f=2439     (m=3541 n=6 a=60)
      N=21244     best_f=169      (m=5311 n=4 a=3714)
      N=21240     best_f=895      (m=5310 n=4 a=1297)
      N=21236     best_f=7417     (m=5309 n=4 a=3505)
      N=21230     best_f=204      (m=2123 n=10 a=1929)
      N=21228     best_f=6        (m=1769 n=12 a=1694)
      N=21224     best_f=28       (m=1516 n=14 a=293)
      N=21222     best_f=460      (m=3537 n=6 a=2881)
      N=21220     best_f=43       (m=1061 n=20 a=14)
      N=21216     best_f=4        (m=442 n=48 a=37)
      N=21210     best_f=3        (m=707 n=30 a=522)
      N=21208     best_f=10       (m=2651 n=8 a=1695)
      N=21206     best_f=10       (m=461 n=46 a=113)
      N=21204     best_f=2432     (m=7068 n=3 a=1369)

>>> ratchet (9,5): ours 8802 (record 8760) -> sweeping 8803..9202
    [dd_gpu] 600.23s  686 launches  20277640373 evals  33.78 Mevals/s  best f=0 at N=8892 (m=494 n=18 a=251)  hits=2
      N=9200      best_f=131      (m=2300 n=4 a=507)
      N=9198      best_f=6        (m=511 n=18 a=109)
      N=9186      best_f=1314     (m=1531 n=6 a=647)
      N=9184      best_f=11       (m=1148 n=8 a=407)
      N=9180      best_f=22       (m=765 n=12 a=761)
      N=9176      best_f=418      (m=2294 n=4 a=1301)
      N=9174      best_f=44       (m=1529 n=6 a=1154)
      N=9170      best_f=12       (m=917 n=10 a=204)
      N=9164      best_f=202      (m=2291 n=4 a=2134)
      N=9160      best_f=3506     (m=2290 n=4 a=1023)
      N=9156      best_f=11       (m=763 n=12 a=41)
      N=9152      best_f=100      (m=2288 n=4 a=109)
      N=9150      best_f=10       (m=915 n=10 a=41)
      N=9144      best_f=17       (m=508 n=18 a=409)
      N=9140      best_f=490      (m=2285 n=4 a=1719)
      N=9132      best_f=866      (m=2283 n=4 a=1483)
      N=9130      best_f=76       (m=913 n=10 a=829)
      N=9126      best_f=42       (m=1521 n=6 a=1375)
      N=9120      best_f=17       (m=760 n=12 a=293)
      N=9116      best_f=119      (m=2279 n=4 a=818)
      N=9114      best_f=29       (m=1519 n=6 a=1489)
      N=9112      best_f=184      (m=1139 n=8 a=468)
      N=9110      best_f=374      (m=1822 n=5 a=1393)
      N=9108      best_f=14       (m=414 n=22 a=35)
      N=9104      best_f=1556     (m=2276 n=4 a=1621)
      N=9102      best_f=774      (m=1517 n=6 a=286)
      N=9100      best_f=98       (m=2275 n=4 a=2157)
      N=9096      best_f=740      (m=1516 n=6 a=431)
      N=9090      best_f=7        (m=909 n=10 a=721)
      N=9088      best_f=7112     (m=2272 n=4 a=1703)
      N=9084      best_f=804      (m=1514 n=6 a=785)
      N=9080      best_f=5276     (m=2270 n=4 a=907)
      N=9072      best_f=24       (m=1512 n=6 a=305)
      N=9060      best_f=18       (m=302 n=30 a=147)
      N=9052      best_f=267      (m=2263 n=4 a=1487)
      N=9050      best_f=22       (m=905 n=10 a=59)
      N=9048      best_f=7        (m=754 n=12 a=621)
      N=9044      best_f=104      (m=2261 n=4 a=1483)
      N=9040      best_f=6        (m=565 n=16 a=73)
      N=9032      best_f=246      (m=1129 n=8 a=437)
      N=9030      best_f=4        (m=645 n=14 a=434)
      N=9028      best_f=113      (m=2257 n=4 a=926)
      N=9024      best_f=4302     (m=2256 n=4 a=187)
      N=9020      best_f=2        (m=451 n=20 a=244)
      N=9018      best_f=1732     (m=1503 n=6 a=335)
      N=9012      best_f=2160     (m=3004 n=3 a=2325)
      N=9006      best_f=22       (m=1501 n=6 a=892)
      N=9000      best_f=15       (m=450 n=20 a=17)
      N=8996      best_f=126      (m=2249 n=4 a=599)
      N=8992      best_f=70       (m=1124 n=8 a=903)
      N=8990      best_f=44       (m=899 n=10 a=581)
      N=8988      best_f=708      (m=1498 n=6 a=641)
      N=8982      best_f=3328     (m=2994 n=3 a=1357)
      N=8980      best_f=434      (m=2245 n=4 a=1414)
      N=8976      best_f=10       (m=561 n=16 a=241)
      N=8970      best_f=32       (m=1495 n=6 a=666)
      N=8964      best_f=658      (m=1494 n=6 a=1327)
      N=8960      best_f=135      (m=2240 n=4 a=433)
      N=8952      best_f=1234     (m=2984 n=3 a=657)
      N=8940      best_f=107      (m=2235 n=4 a=2191)
      N=8934      best_f=3282     (m=2978 n=3 a=483)
      N=8932      best_f=4        (m=319 n=28 a=10)
      N=8928      best_f=23       (m=1488 n=6 a=1079)
      N=8920      best_f=5116     (m=2230 n=4 a=1337)
      N=8918      best_f=32       (m=637 n=14 a=428)
      N=8912      best_f=1437     (m=2228 n=4 a=675)
      N=8910      best_f=4        (m=297 n=30 a=152)
      N=8908      best_f=456      (m=2227 n=4 a=132)
      N=8904      best_f=9        (m=742 n=12 a=341)
      N=8900      best_f=195      (m=2225 n=4 a=924)
      N=8896      best_f=2792     (m=2224 n=4 a=1947)
      N=8892      best_f=0        (m=494 n=18 a=251)
      N=8890      best_f=5        (m=635 n=14 a=246)
      N=8888      best_f=258      (m=2222 n=4 a=2111)
      N=8880      best_f=10       (m=740 n=12 a=199)
      N=8876      best_f=306      (m=2219 n=4 a=1154)
      N=8872      best_f=3243     (m=2218 n=4 a=755)
      N=8868      best_f=756      (m=1478 n=6 a=419)
      N=8864      best_f=480      (m=2216 n=4 a=337)
      N=8862      best_f=7        (m=633 n=14 a=88)
      N=8860      best_f=4038     (m=2215 n=4 a=1773)
      N=8856      best_f=3        (m=369 n=24 a=284)
      N=8852      best_f=3258     (m=2213 n=4 a=1130)
      N=8844      best_f=8        (m=134 n=66 a=7)
      N=8840      best_f=6        (m=1105 n=8 a=824)
      N=8834      best_f=39       (m=631 n=14 a=190)
      N=8832      best_f=1292     (m=2208 n=4 a=1609)
      N=8826      best_f=3208     (m=2942 n=3 a=251)
      N=8820      best_f=20       (m=735 n=12 a=178)
      N=8816      best_f=94       (m=2204 n=4 a=191)
      N=8814      best_f=891      (m=1469 n=6 a=790)
      N=8810      best_f=298      (m=1762 n=5 a=1625)
      N=8808      best_f=634      (m=1468 n=6 a=451)

>>> ratchet (14,3): ours 1032 (record 979) -> sweeping 1033..1432
    [dd_gpu] 600.54s  953 launches  28232966757 evals  47.01 Mevals/s  best f=4 at N=1053 (m=351 n=3 a=100)  hits=0
      N=1431      best_f=226      (m=477 n=3 a=319)
      N=1430      best_f=89       (m=143 n=10 a=38)
      N=1428      best_f=87       (m=119 n=12 a=89)
      N=1425      best_f=78       (m=475 n=3 a=26)
      N=1424      best_f=144      (m=178 n=8 a=77)
      N=1422      best_f=88       (m=474 n=3 a=55)
      N=1421      best_f=84       (m=203 n=7 a=78)
      N=1420      best_f=81       (m=284 n=5 a=5)
      N=1408      best_f=108      (m=352 n=4 a=23)
      N=1407      best_f=98       (m=469 n=3 a=135)
      N=1405      best_f=80       (m=281 n=5 a=86)
      N=1404      best_f=76       (m=117 n=12 a=2)
      N=1400      best_f=103      (m=350 n=4 a=43)
      N=1396      best_f=309      (m=349 n=4 a=213)
      N=1395      best_f=72       (m=93 n=15 a=40)
      N=1392      best_f=111      (m=348 n=4 a=17)
      N=1389      best_f=102      (m=463 n=3 a=21)
      N=1386      best_f=83       (m=231 n=6 a=142)
      N=1384      best_f=283      (m=346 n=4 a=93)
      N=1380      best_f=79       (m=345 n=4 a=323)
      N=1379      best_f=64       (m=197 n=7 a=114)
      N=1378      best_f=65       (m=106 n=13 a=95)
      N=1377      best_f=194      (m=459 n=3 a=154)
      N=1375      best_f=60       (m=275 n=5 a=141)
      N=1374      best_f=173      (m=229 n=6 a=95)
      N=1372      best_f=89       (m=196 n=7 a=141)
      N=1368      best_f=62       (m=456 n=3 a=121)
      N=1365      best_f=56       (m=455 n=3 a=256)
      N=1360      best_f=60       (m=85 n=16 a=74)
      N=1356      best_f=128      (m=339 n=4 a=98)
      N=1355      best_f=60       (m=271 n=5 a=244)
      N=1352      best_f=269      (m=338 n=4 a=99)
      N=1350      best_f=79       (m=225 n=6 a=101)
      N=1348      best_f=282      (m=337 n=4 a=148)
      N=1344      best_f=52       (m=112 n=12 a=19)
      N=1340      best_f=116      (m=335 n=4 a=68)
      N=1338      best_f=62       (m=446 n=3 a=183)
      N=1332      best_f=54       (m=444 n=3 a=433)
      N=1331      best_f=62       (m=121 n=11 a=34)
      N=1326      best_f=63       (m=221 n=6 a=205)
      N=1323      best_f=50       (m=441 n=3 a=361)
      N=1320      best_f=51       (m=132 n=10 a=125)
      N=1317      best_f=64       (m=439 n=3 a=171)
      N=1314      best_f=50       (m=146 n=9 a=75)
      N=1312      best_f=75       (m=164 n=8 a=85)
      N=1311      best_f=46       (m=437 n=3 a=254)
      N=1310      best_f=51       (m=262 n=5 a=53)
      N=1308      best_f=91       (m=109 n=12 a=68)
      N=1302      best_f=52       (m=434 n=3 a=149)
      N=1300      best_f=62       (m=325 n=4 a=118)
      N=1296      best_f=63       (m=216 n=6 a=91)
      N=1292      best_f=70       (m=323 n=4 a=132)
      N=1290      best_f=40       (m=430 n=3 a=221)
      N=1281      best_f=38       (m=427 n=3 a=169)
      N=1280      best_f=42       (m=160 n=8 a=43)
      N=1276      best_f=57       (m=319 n=4 a=12)
      N=1272      best_f=98       (m=318 n=4 a=23)
      N=1268      best_f=231      (m=317 n=4 a=114)
      N=1266      best_f=40       (m=422 n=3 a=407)
      N=1265      best_f=38       (m=115 n=11 a=36)
      N=1263      best_f=60       (m=421 n=3 a=400)
      N=1260      best_f=37       (m=105 n=12 a=52)
      N=1255      best_f=36       (m=251 n=5 a=20)
      N=1254      best_f=36       (m=209 n=6 a=197)
      N=1252      best_f=221      (m=313 n=4 a=288)
      N=1251      best_f=60       (m=417 n=3 a=181)
      N=1250      best_f=82       (m=250 n=5 a=201)
      N=1248      best_f=41       (m=208 n=6 a=55)
      N=1242      best_f=57       (m=207 n=6 a=185)
      N=1240      best_f=33       (m=124 n=10 a=47)
      N=1239      best_f=50       (m=413 n=3 a=296)
      N=1236      best_f=112      (m=206 n=6 a=47)
      N=1230      best_f=37       (m=246 n=5 a=133)
      N=1227      best_f=48       (m=409 n=3 a=355)
      N=1224      best_f=32       (m=153 n=8 a=8)
      N=1221      best_f=28       (m=407 n=3 a=232)
      N=1220      best_f=32       (m=244 n=5 a=9)
      N=1218      best_f=28       (m=87 n=14 a=74)
      N=1216      best_f=57       (m=304 n=4 a=267)
      N=1215      best_f=34       (m=135 n=9 a=61)
      N=1212      best_f=86       (m=303 n=4 a=212)
      N=1210      best_f=24       (m=242 n=5 a=81)
      N=1209      best_f=24       (m=403 n=3 a=118)
      N=1206      best_f=42       (m=201 n=6 a=104)
      N=1205      best_f=26       (m=241 n=5 a=98)
      N=1204      best_f=23       (m=172 n=7 a=133)
      N=1200      best_f=49       (m=300 n=4 a=157)
      N=1197      best_f=24       (m=133 n=9 a=81)
      N=1196      best_f=39       (m=299 n=4 a=47)
      N=1194      best_f=22       (m=398 n=3 a=291)
      N=1192      best_f=177      (m=298 n=4 a=105)
      N=1191      best_f=38       (m=397 n=3 a=362)
      N=1188      best_f=44       (m=198 n=6 a=43)
      N=1184      best_f=54       (m=296 n=4 a=117)
      N=1180      best_f=70       (m=295 n=4 a=58)
      N=1176      best_f=14       (m=392 n=3 a=177)
      N=1172      best_f=173      (m=293 n=4 a=138)
      N=1170      best_f=26       (m=390 n=3 a=61)
      N=1168      best_f=66       (m=146 n=8 a=51)
      N=1164      best_f=16       (m=388 n=3 a=61)
      N=1161      best_f=16       (m=387 n=3 a=337)
      N=1160      best_f=53       (m=290 n=4 a=233)
      N=1158      best_f=20       (m=386 n=3 a=277)
      N=1155      best_f=18       (m=77 n=15 a=25)
      N=1152      best_f=38       (m=288 n=4 a=199)
      N=1148      best_f=35       (m=287 n=4 a=132)
      N=1144      best_f=31       (m=286 n=4 a=177)
      N=1143      best_f=18       (m=127 n=9 a=103)
      N=1140      best_f=17       (m=95 n=12 a=83)
      N=1134      best_f=12       (m=378 n=3 a=361)
      N=1125      best_f=44       (m=225 n=5 a=181)
      N=1120      best_f=25       (m=280 n=4 a=237)
      N=1119      best_f=26       (m=373 n=3 a=88)
      N=1116      best_f=17       (m=186 n=6 a=149)
      N=1113      best_f=32       (m=371 n=3 a=107)
      N=1110      best_f=12       (m=370 n=3 a=211)
      N=1108      best_f=143      (m=277 n=4 a=217)
      N=1107      best_f=72       (m=369 n=3 a=247)
      N=1101      best_f=22       (m=367 n=3 a=283)
      N=1100      best_f=10       (m=55 n=20 a=7)
      N=1098      best_f=14       (m=366 n=3 a=169)
      N=1096      best_f=139      (m=274 n=4 a=37)
      N=1095      best_f=6        (m=365 n=3 a=81)
      N=1092      best_f=8        (m=364 n=3 a=165)
      N=1088      best_f=14       (m=136 n=8 a=15)
      N=1086      best_f=8        (m=362 n=3 a=313)
      N=1085      best_f=12       (m=217 n=5 a=78)
      N=1083      best_f=18       (m=361 n=3 a=292)
      N=1081      best_f=8        (m=47 n=23 a=4)
      N=1080      best_f=10       (m=90 n=12 a=67)
      N=1076      best_f=131      (m=269 n=4 a=82)
      N=1071      best_f=22       (m=357 n=3 a=205)
      N=1065      best_f=10       (m=213 n=5 a=25)
      N=1060      best_f=20       (m=265 n=4 a=136)
      N=1055      best_f=6        (m=211 n=5 a=55)
      N=1053      best_f=4        (m=351 n=3 a=100)
      N=1050      best_f=15       (m=175 n=6 a=149)
      N=1045      best_f=14       (m=209 n=5 a=20)
      N=1044      best_f=10       (m=261 n=4 a=46)
      N=1040      best_f=13       (m=260 n=4 a=151)
      N=1036      best_f=13       (m=259 n=4 a=43)

########## ratchet round 19 -- 11:41:10 ##########

>>> ratchet (14,5): ours 60680 (record 60390) -> sweeping 60681..61080
    [dd_gpu] 601.03s  114 launches  3375887551 evals  5.62 Mevals/s  best f=0 at N=61008 (m=2542 n=24 a=1421)  hits=1
      N=61040     best_f=840      (m=15260 n=4 a=687)
      N=61038     best_f=326      (m=10173 n=6 a=9617)
      N=61035     best_f=2        (m=1565 n=39 a=1371)
      N=61029     best_f=6206     (m=20343 n=3 a=2926)
      N=61028     best_f=571      (m=15257 n=4 a=6689)
      N=61026     best_f=68       (m=10171 n=6 a=7958)
      N=61023     best_f=6116     (m=20341 n=3 a=2356)
      N=61020     best_f=34       (m=5085 n=12 a=2471)
      N=61019     best_f=20       (m=8717 n=7 a=7775)
      N=61017     best_f=1824     (m=20339 n=3 a=13366)
      N=61016     best_f=1684     (m=15254 n=4 a=2105)
      N=61010     best_f=76       (m=12202 n=5 a=5061)
      N=61008     best_f=0        (m=2542 n=24 a=1421)
      N=61004     best_f=490      (m=15251 n=4 a=12534)
      N=61000     best_f=4        (m=3050 n=20 a=1613)
      N=60996     best_f=433      (m=15249 n=4 a=8419)

>>> ratchet (13,5): ours 42744 (record 42680) -> sweeping 42745..43144
    [dd_gpu] 602.05s  163 launches  4835704966 evals  8.03 Mevals/s  best f=0 at N=42900 (m=715 n=60 a=618)  hits=2
      N=42944     best_f=185      (m=10736 n=4 a=133)
      N=42942     best_f=36       (m=7157 n=6 a=5031)
      N=42940     best_f=312      (m=10735 n=4 a=8912)
      N=42938     best_f=102      (m=3067 n=14 a=818)
      N=42936     best_f=172      (m=3578 n=12 a=919)
      N=42930     best_f=578      (m=7155 n=6 a=1801)
      N=42924     best_f=2        (m=3577 n=12 a=998)
      N=42920     best_f=235      (m=10730 n=4 a=6321)
      N=42916     best_f=14245    (m=10729 n=4 a=6759)
      N=42912     best_f=240      (m=10728 n=4 a=10027)
      N=42904     best_f=272      (m=10726 n=4 a=8557)
      N=42900     best_f=0        (m=715 n=60 a=618)
      N=42894     best_f=548      (m=7149 n=6 a=6046)
      N=42882     best_f=134      (m=7147 n=6 a=2694)
      N=42880     best_f=619      (m=10720 n=4 a=6297)
      N=42876     best_f=3        (m=1191 n=36 a=41)

>>> ratchet (11,5): ours 20952 (record 20646) -> sweeping 20953..21352
    [dd_gpu] 600.11s  297 launches  8797364220 evals  14.66 Mevals/s  best f=3 at N=21210 (m=707 n=30 a=522)  hits=0
      N=21312     best_f=4        (m=592 n=36 a=91)
      N=21310     best_f=206      (m=2131 n=10 a=397)
      N=21308     best_f=719      (m=5327 n=4 a=1483)
      N=21306     best_f=40       (m=3551 n=6 a=2174)
      N=21300     best_f=13       (m=2130 n=10 a=1829)
      N=21296     best_f=38       (m=968 n=22 a=593)
      N=21294     best_f=69       (m=3549 n=6 a=2389)
      N=21284     best_f=217      (m=5321 n=4 a=3418)
      N=21282     best_f=2492     (m=3547 n=6 a=2385)
      N=21280     best_f=497      (m=5320 n=4 a=2547)
      N=21276     best_f=30       (m=1773 n=12 a=14)
      N=21270     best_f=222      (m=3545 n=6 a=2354)
      N=21268     best_f=266      (m=5317 n=4 a=4356)
      N=21266     best_f=62       (m=1519 n=14 a=743)
      N=21260     best_f=9826     (m=5315 n=4 a=2127)
      N=21256     best_f=514      (m=2657 n=8 a=1991)
      N=21252     best_f=6        (m=322 n=66 a=11)
      N=21250     best_f=112      (m=2125 n=10 a=1174)
      N=21248     best_f=1868     (m=2656 n=8 a=1827)
      N=21246     best_f=2439     (m=3541 n=6 a=60)
      N=21244     best_f=169      (m=5311 n=4 a=3714)
      N=21240     best_f=895      (m=5310 n=4 a=1297)
      N=21236     best_f=7417     (m=5309 n=4 a=3505)
      N=21230     best_f=204      (m=2123 n=10 a=1929)
      N=21228     best_f=6        (m=1769 n=12 a=1694)
      N=21224     best_f=28       (m=1516 n=14 a=293)
      N=21222     best_f=460      (m=3537 n=6 a=2881)
      N=21220     best_f=43       (m=1061 n=20 a=14)
      N=21216     best_f=4        (m=442 n=48 a=37)
      N=21210     best_f=3        (m=707 n=30 a=522)
      N=21208     best_f=10       (m=2651 n=8 a=1695)
      N=21206     best_f=10       (m=461 n=46 a=113)
      N=21204     best_f=2432     (m=7068 n=3 a=1369)

>>> ratchet (9,5): ours 8802 (record 8760) -> sweeping 8803..9202
    [dd_gpu] 600.28s  686 launches  20277640373 evals  33.78 Mevals/s  best f=0 at N=8892 (m=494 n=18 a=251)  hits=2
      N=9200      best_f=131      (m=2300 n=4 a=507)
      N=9198      best_f=6        (m=511 n=18 a=109)
      N=9186      best_f=1314     (m=1531 n=6 a=647)
      N=9184      best_f=11       (m=1148 n=8 a=407)
      N=9180      best_f=22       (m=765 n=12 a=761)
      N=9176      best_f=418      (m=2294 n=4 a=1301)
      N=9174      best_f=44       (m=1529 n=6 a=1154)
      N=9170      best_f=12       (m=917 n=10 a=204)
      N=9164      best_f=202      (m=2291 n=4 a=2134)
      N=9160      best_f=3506     (m=2290 n=4 a=1023)
      N=9156      best_f=11       (m=763 n=12 a=41)
      N=9152      best_f=100      (m=2288 n=4 a=109)
      N=9150      best_f=10       (m=915 n=10 a=41)
      N=9144      best_f=17       (m=508 n=18 a=409)
      N=9140      best_f=490      (m=2285 n=4 a=1719)
      N=9132      best_f=866      (m=2283 n=4 a=1483)
      N=9130      best_f=76       (m=913 n=10 a=829)
      N=9126      best_f=42       (m=1521 n=6 a=1375)
      N=9120      best_f=17       (m=760 n=12 a=293)
      N=9116      best_f=119      (m=2279 n=4 a=818)
      N=9114      best_f=29       (m=1519 n=6 a=1489)
      N=9112      best_f=184      (m=1139 n=8 a=468)
      N=9110      best_f=374      (m=1822 n=5 a=1393)
      N=9108      best_f=14       (m=414 n=22 a=35)
      N=9104      best_f=1556     (m=2276 n=4 a=1621)
      N=9102      best_f=774      (m=1517 n=6 a=286)
      N=9100      best_f=98       (m=2275 n=4 a=2157)
      N=9096      best_f=740      (m=1516 n=6 a=431)
      N=9090      best_f=7        (m=909 n=10 a=721)
      N=9088      best_f=7112     (m=2272 n=4 a=1703)
      N=9084      best_f=804      (m=1514 n=6 a=785)
      N=9080      best_f=5276     (m=2270 n=4 a=907)
      N=9072      best_f=24       (m=1512 n=6 a=305)
      N=9060      best_f=18       (m=302 n=30 a=147)
      N=9052      best_f=267      (m=2263 n=4 a=1487)
      N=9050      best_f=22       (m=905 n=10 a=59)
      N=9048      best_f=7        (m=754 n=12 a=621)
      N=9044      best_f=104      (m=2261 n=4 a=1483)
      N=9040      best_f=6        (m=565 n=16 a=73)
      N=9032      best_f=246      (m=1129 n=8 a=437)
      N=9030      best_f=4        (m=645 n=14 a=434)
      N=9028      best_f=113      (m=2257 n=4 a=926)
      N=9024      best_f=4302     (m=2256 n=4 a=187)
      N=9020      best_f=2        (m=451 n=20 a=244)
      N=9018      best_f=1732     (m=1503 n=6 a=335)
      N=9012      best_f=2160     (m=3004 n=3 a=2325)
      N=9006      best_f=22       (m=1501 n=6 a=892)
      N=9000      best_f=15       (m=450 n=20 a=17)
      N=8996      best_f=126      (m=2249 n=4 a=599)
      N=8992      best_f=70       (m=1124 n=8 a=903)
      N=8990      best_f=44       (m=899 n=10 a=581)
      N=8988      best_f=708      (m=1498 n=6 a=641)
      N=8982      best_f=3328     (m=2994 n=3 a=1357)
      N=8980      best_f=434      (m=2245 n=4 a=1414)
      N=8976      best_f=10       (m=561 n=16 a=241)
      N=8970      best_f=32       (m=1495 n=6 a=666)
      N=8964      best_f=658      (m=1494 n=6 a=1327)
      N=8960      best_f=135      (m=2240 n=4 a=433)
      N=8952      best_f=1234     (m=2984 n=3 a=657)
      N=8940      best_f=107      (m=2235 n=4 a=2191)
      N=8934      best_f=3282     (m=2978 n=3 a=483)
      N=8932      best_f=4        (m=319 n=28 a=10)
      N=8928      best_f=23       (m=1488 n=6 a=1079)
      N=8920      best_f=5116     (m=2230 n=4 a=1337)
      N=8918      best_f=32       (m=637 n=14 a=428)
      N=8912      best_f=1437     (m=2228 n=4 a=675)
      N=8910      best_f=4        (m=297 n=30 a=152)
      N=8908      best_f=456      (m=2227 n=4 a=132)
      N=8904      best_f=9        (m=742 n=12 a=341)
      N=8900      best_f=195      (m=2225 n=4 a=924)
      N=8896      best_f=2792     (m=2224 n=4 a=1947)
      N=8892      best_f=0        (m=494 n=18 a=251)
      N=8890      best_f=5        (m=635 n=14 a=246)
      N=8888      best_f=258      (m=2222 n=4 a=2111)
      N=8880      best_f=10       (m=740 n=12 a=199)
      N=8876      best_f=306      (m=2219 n=4 a=1154)
      N=8872      best_f=3243     (m=2218 n=4 a=755)
      N=8868      best_f=756      (m=1478 n=6 a=419)
      N=8864      best_f=480      (m=2216 n=4 a=337)
      N=8862      best_f=7        (m=633 n=14 a=88)
      N=8860      best_f=4038     (m=2215 n=4 a=1773)
      N=8856      best_f=3        (m=369 n=24 a=284)
      N=8852      best_f=3258     (m=2213 n=4 a=1130)
      N=8844      best_f=8        (m=134 n=66 a=7)
      N=8840      best_f=6        (m=1105 n=8 a=824)
      N=8834      best_f=39       (m=631 n=14 a=190)
      N=8832      best_f=1292     (m=2208 n=4 a=1609)
      N=8826      best_f=3208     (m=2942 n=3 a=251)
      N=8820      best_f=20       (m=735 n=12 a=178)
      N=8816      best_f=94       (m=2204 n=4 a=191)
      N=8814      best_f=891      (m=1469 n=6 a=790)
      N=8810      best_f=298      (m=1762 n=5 a=1625)
      N=8808      best_f=634      (m=1468 n=6 a=451)

>>> ratchet (14,3): ours 1032 (record 979) -> sweeping 1033..1432
